\W

/*
	Creates the database and adds a user with global privileges on the database.
*/
DROP DATABASE HMS_DB;
CREATE DATABASE HMS_DB;

/*
	Add user with all privileges for the db.
	Ideally, we would create users for different services and grant only privileges they require.
*/
CREATE USER IF NOT EXISTS 'hms_owner'@'localhost' IDENTIFIED WITH mysql_native_password BY 'password123';
GRANT ALL ON HMS_DB.* TO 'hms_owner'@'localhost';

USE HMS_DB;

CREATE TABLE USER (
                      username VARCHAR(25) NOT NULL,
                      password VARCHAR(80) NOT NULL,
                      firstname VARCHAR(30) NOT NULL,
                      lastname VARCHAR(30) NOT NULL,
                      role VARCHAR(15) NOT NULL,
                      PRIMARY KEY (username)
);


CREATE TABLE ROOMTYPE (
                          type_id VARCHAR(2) NOT NULL,
                          type_name VARCHAR(50) NOT NULL,
                          type_description VARCHAR(255),
                          type_base_price DECIMAL(6,2) NOT NULL,
                          type_num_beds INT(2),
                          type_max_occupancy INT(3),
                          image_path VARCHAR(50),
                          PRIMARY KEY (type_id)
);


CREATE TABLE ROOM (
                      room_id INT(4) NOT NULL,
                      room_in_service BOOLEAN NOT NULL,
                      roomtype VARCHAR(2) NOT NULL,
                      isVacant BOOLEAN NOT NULL,
                      PRIMARY KEY (room_id),
                      FOREIGN KEY (roomtype) REFERENCES ROOMTYPE(type_id)
);


CREATE TABLE GUEST (
                       guest_id INT(10) AUTO_INCREMENT,
                       guest_firstname VARCHAR(30) NOT NULL,
                       guest_lastname VARCHAR(30) NOT NULL,
                       guest_email VARCHAR(50) NOT NULL,
                       guest_street VARCHAR(60) NOT NULL,
                       guest_city VARCHAR(30) NOT NULL,
                       guest_state VARCHAR(2) NOT NULL,
                       guest_zip VARCHAR(10) NOT NULL,
                       guest_phone VARCHAR(20) NOT NULL,
                       PRIMARY KEY (guest_id)
);

ALTER TABLE GUEST AUTO_INCREMENT=1000;


CREATE TABLE RESERVATION (
                             reservation_id VARCHAR(40) NOT NULL,
                             guest_id INT(10) NOT NULL,
                             room_id INT(4),
                             roomtype_id VARCHAR(2) NOT NULL,
                             check_in_date DATE NOT NULL,
                             check_out_date DATE NOT NULL,
                             comments VARCHAR(255),
                             status VARCHAR(20) NOT NULL,
                             PRIMARY KEY (reservation_id),
                             FOREIGN KEY (guest_id) REFERENCES GUEST(guest_id),
                             FOREIGN KEY (room_id) REFERENCES ROOM(room_id),
                             FOREIGN KEY (roomtype_id) REFERENCES ROOMTYPE(type_id)
);


CREATE TABLE INVOICE (
                         invoice_id VARCHAR(40) NOT NULL,
                         total_amount DECIMAL(6,2) NOT NULL,
                         amount_paid DECIMAL(6,2) NOT NULL,
                         PRIMARY KEY (invoice_id),
                         FOREIGN KEY (invoice_id) REFERENCES RESERVATION(reservation_id)
);


CREATE TABLE PAYMENT (
                         payment_id VARCHAR(45) NOT NULL,
                         invoice_id VARCHAR(40) NOT NULL,
                         payment_date DATE NOT NULL,
                         payment_type VARCHAR(2) NOT NULL,
                         payment_amount DECIMAL(6,2) NOT NULL,
                         accountholder_name VARCHAR(50),
                         account_number VARCHAR(20),
                         expiration_month INT(2),
                         expiration_year YEAR,
                         card_cvv INT(5),
                         card_network VARCHAR(20),
                         PRIMARY KEY (payment_id),
                         FOREIGN KEY (invoice_id) REFERENCES INVOICE(invoice_id)
);


CREATE TABLE INVOICECHARGE (
                               charge_id VARCHAR(45) NOT NULL,
                               invoice_id VARCHAR(40) NOT NULL,
                               date_applied DATE NOT NULL,
                               charge_amount DECIMAL(6,2) NOT NULL,
                               charge_reason VARCHAR(100) NOT NULL,
                               PRIMARY KEY (charge_id),
                               FOREIGN KEY (invoice_id) REFERENCES INVOICE(invoice_id)
);


CREATE TABLE AVAILABILITY (
                              date DATE NOT NULL,
                              roomtype VARCHAR(2) NOT NULL,
                              num_reserved INT(3) NOT NULL,
                              isAvailable BOOLEAN NOT NULL,
                              PRIMARY KEY (date, roomtype),
                              FOREIGN KEY (roomtype) REFERENCES ROOMTYPE(type_id)
);


-- USER DATA
INSERT INTO USER VALUES ('admin', '$2b$10$hf2WwnBkhwjXNwturHMPTuasjCipC3R3GbB9ERtkSCmMRDy.OcpZe','bill','nye','admin');
INSERT INTO USER VALUES ('user', '$2b$10$hf2WwnBkhwjXNwturHMPTuasjCipC3R3GbB9ERtkSCmMRDy.OcpZe','john','doe','user');
INSERT INTO USER VALUES ('lhershberger', '$2b$10$hf2WwnBkhwjXNwturHMPTuasjCipC3R3GbB9ERtkSCmMRDy.OcpZe','logan','hershberger','admin');
INSERT INTO USER VALUES ('nbaqibillah', '$2b$10$hf2WwnBkhwjXNwturHMPTuasjCipC3R3GbB9ERtkSCmMRDy.OcpZe','nusaiba','baqibillah','admin');
INSERT INTO USER VALUES ('aszelestey', '$2b$10$hf2WwnBkhwjXNwturHMPTuasjCipC3R3GbB9ERtkSCmMRDy.OcpZe','alex','szelestey','admin');
INSERT INTO USER VALUES ('zmarvin', '$2b$10$hf2WwnBkhwjXNwturHMPTuasjCipC3R3GbB9ERtkSCmMRDy.OcpZe','zac','marvin','admin');
INSERT INTO USER VALUES ('kelinkowski', '$2b$10$hf2WwnBkhwjXNwturHMPTuasjCipC3R3GbB9ERtkSCmMRDy.OcpZe','keith','elinkowski','admin');
INSERT INTO USER VALUES ('emusk', '$2b$10$hf2WwnBkhwjXNwturHMPTuasjCipC3R3GbB9ERtkSCmMRDy.OcpZe','elon','musk','user');

-- ROOMTYPE DATA
INSERT INTO ROOMTYPE VALUES ('KI', 'King','Non-smoking room with king-size bed', 79.99, 1, 3, '/photos/kingRoom.jpg');
INSERT INTO ROOMTYPE VALUES ('QD', 'Double Queen', 'Non-smoking room with two queen-size beds', 89.99, 2, 5, '/photos/queen-bed.jpg');
INSERT INTO ROOMTYPE VALUES ('KS', 'King Suite', 'Non-smoking suite with king-size bed and pull-out couch', 99.99, 2, 5, '/photos/king.jpg');
INSERT INTO ROOMTYPE VALUES ('QS', 'Double Queen Suite', 'Non-smoking room with two queen-size beds and a pull-out couch', 109.99, 3, 7, '/photos/queen-suite.jpg');
INSERT INTO ROOMTYPE VALUES ('KJ', 'King Jacuzzi Suite', 'Non-smoking room with a king-size bed and a jacuzzi tub', 129.99, 1, 3, '/photos/jacuzzi.jpg');



DELIMITER $$

-- Adds a row in the availability table for each room type
DROP PROCEDURE IF EXISTS day_avail_fill $$
CREATE PROCEDURE day_avail_fill(d DATE)
BEGIN
    DECLARE done BOOLEAN DEFAULT FALSE;
    DECLARE type VARCHAR(2);
    DECLARE roomtype_cursor CURSOR FOR SELECT type_id FROM ROOMTYPE;
    DECLARE CONTINUE HANDLER FOR NOT FOUND SET done = TRUE;

    OPEN roomtype_cursor;
    row_loop: LOOP
        FETCH roomtype_cursor INTO type;
        IF done THEN
            LEAVE row_loop;
        END IF;

        INSERT INTO AVAILABILITY VALUES(d, type, 0, true);
    END LOOP;
END $$


-- Pre-populates the availability table
DROP PROCEDURE IF EXISTS avail_table_fill $$
CREATE PROCEDURE avail_table_fill()
BEGIN
    DECLARE d DATE;
    DECLARE n INT;
    SET d = CURRENT_DATE();
    SET n = 0;

    WHILE n < 365 DO
            CALL day_avail_fill(d);
            SET d = DATE_ADD(d, INTERVAL 1 DAY);
            SET n = n + 1;
        END WHILE;
END $$


-- Updates isAvailable based on current total number of rooms for given type
DROP PROCEDURE IF EXISTS check_isAvail_after_upd $$
CREATE PROCEDURE check_isAvail_after_upd(type VARCHAR(2), num_reserved INT, d DATE)
BEGIN
    DECLARE num_rooms INT;
    SET num_rooms = (SELECT COUNT(room_id) FROM ROOM WHERE roomtype=type AND room_in_service=true);
    IF (num_rooms > num_reserved) THEN
        UPDATE AVAILABILITY
        SET isAvailable = true
        WHERE date=d AND roomtype=type;
    ELSE
        UPDATE AVAILABILITY
        SET isAvailable = false
        WHERE date=d AND roomtype=type;
    END IF ;
END $$


DELIMITER ;


CALL avail_table_fill();


DELIMITER $$


-- Create invoice after new reservation
CREATE TRIGGER ins_invoice_after_reservation AFTER INSERT ON RESERVATION
    FOR EACH ROW
BEGIN
    INSERT INTO INVOICE VALUES (new.reservation_id, 0, 0);
END $$


-- Updates num_reserved on availability table when a reservation is created
CREATE TRIGGER upd_avail_after_ins AFTER INSERT ON RESERVATION
    FOR EACH ROW
BEGIN
    DECLARE x INT;
    DECLARE num_days INT;
    DECLARE num_res INT;
    DECLARE curr_date DATE;
    SET x = 0;
    SET num_days = DATEDIFF(new.check_out_date, new.check_in_date);
    WHILE x < num_days DO
            SET curr_date = DATE_ADD(new.check_in_date, INTERVAL x DAY);
            UPDATE AVAILABILITY
            SET num_reserved = (num_reserved + 1)
            WHERE ((date = curr_date) AND
                   (roomtype = new.roomtype_id));
            SET x = x + 1;

            SELECT num_reserved INTO num_res FROM AVAILABILITY WHERE date=curr_date AND roomtype=new.roomtype_id;
            CALL check_isAvail_after_upd(new.roomtype_id, num_res, curr_date);

        END WHILE;
END $$

-- Updates num_reserved on availability table when a reservation is cancelled
CREATE TRIGGER upd_avail_after_cancel AFTER UPDATE ON RESERVATION
    FOR EACH ROW
BEGIN
    DECLARE x INT;
    DECLARE num_days INT;
    DECLARE num_res INT;
    DECLARE curr_date DATE;
    SET x = 0;
    SET num_days = DATEDIFF(old.check_out_date, old.check_in_date);

    IF (new.status LIKE 'cancelled' AND old.status NOT LIKE 'cancelled') THEN

        WHILE x < num_days DO
                SET curr_date = DATE_ADD(old.check_in_date, INTERVAL x DAY);
                UPDATE AVAILABILITY
                SET num_reserved = (num_reserved - 1)
                WHERE ((date = curr_date) AND
                       (roomtype = old.roomtype_id));
                SET x = x + 1;

                SELECT num_reserved INTO num_res FROM AVAILABILITY WHERE date=curr_date AND roomtype=old.roomtype_id;
                CALL check_isAvail_after_upd(old.roomtype_id, num_res, curr_date);

            END WHILE;

    END IF ;
END $$


-- Updates num_reserved on availability table when a reservation's dates are updated
CREATE TRIGGER upd_avail_after_update AFTER UPDATE ON RESERVATION
    FOR EACH ROW
BEGIN
    DECLARE x INT;
    DECLARE num_days INT;
    DECLARE num_res INT;
    DECLARE curr_date DATE;
    SET x = 0;
    SET num_days = DATEDIFF(old.check_out_date, old.check_in_date);

    IF ((new.check_in_date != old.check_in_date) OR (new.check_out_date != old.check_out_date)) THEN
        -- remove old reservation
        WHILE x < num_days DO
                UPDATE AVAILABILITY
                SET num_reserved = (num_reserved - 1)
                WHERE ((date = DATE_ADD(old.check_in_date, INTERVAL x DAY)) AND
                       (roomtype = old.roomtype_id));
                SET x = x + 1;
            END WHILE;

        -- add new reservation
        WHILE x < num_days DO
                SET curr_date = DATE_ADD(old.check_in_date, INTERVAL x DAY);
                UPDATE AVAILABILITY
                SET num_reserved = (num_reserved + 1)
                WHERE ((date = curr_date) AND
                       (roomtype = new.roomtype_id));
                SET x = x + 1;

                SELECT num_reserved INTO num_res FROM AVAILABILITY WHERE date=curr_date AND roomtype=new.roomtype_id;
                CALL check_isAvail_after_upd(new.roomtype_id, num_res, curr_date);

            END WHILE;
    END IF;
END $$


-- Updates amount paid on invoice when a payment is inserted
CREATE TRIGGER upd_invoice_after_payment AFTER INSERT ON PAYMENT
    FOR EACH ROW
BEGIN
    UPDATE INVOICE
    SET amount_paid = amount_paid + new.payment_amount
    WHERE invoice_id = new.invoice_id;
END $$


-- Updates invoice total when a new invoice charge is inserted
CREATE TRIGGER upd_invoice_after_charge AFTER INSERT ON INVOICECHARGE
    FOR EACH ROW
BEGIN
    UPDATE INVOICE
    SET total_amount = total_amount + new.charge_amount
    WHERE invoice_id = new.invoice_id;
END $$


DELIMITER ;

USE HMS_DB;

INSERT INTO ROOM VALUES (101,true,'QD',true);
INSERT INTO ROOM VALUES (102,false,'KS',true);
INSERT INTO ROOM VALUES (103,true,'QS',true);
INSERT INTO ROOM VALUES (104,true,'KJ',true);
INSERT INTO ROOM VALUES (105,true,'KI',true);
INSERT INTO ROOM VALUES (106,true,'QD',true);
INSERT INTO ROOM VALUES (107,true,'KS',true);
INSERT INTO ROOM VALUES (108,false,'QS',true);
INSERT INTO ROOM VALUES (109,false,'KJ',true);
INSERT INTO ROOM VALUES (110,true,'KI',true);
INSERT INTO ROOM VALUES (111,true,'QD',true);
INSERT INTO ROOM VALUES (112,true,'KS',true);
INSERT INTO ROOM VALUES (113,false,'QS',true);
INSERT INTO ROOM VALUES (114,true,'KJ',true);
INSERT INTO ROOM VALUES (115,false,'KI',true);
INSERT INTO ROOM VALUES (116,true,'QD',true);
INSERT INTO ROOM VALUES (117,true,'KS',true);
INSERT INTO ROOM VALUES (118,true,'QS',true);
INSERT INTO ROOM VALUES (119,true,'KJ',true);
INSERT INTO ROOM VALUES (120,true,'KI',true);
INSERT INTO ROOM VALUES (200,true,'QD',true);
INSERT INTO ROOM VALUES (201,true,'KS',true);
INSERT INTO ROOM VALUES (202,true,'QS',true);
INSERT INTO ROOM VALUES (203,true,'KJ',true);
INSERT INTO ROOM VALUES (204,true,'KI',true);
INSERT INTO ROOM VALUES (205,false,'QD',true);
INSERT INTO ROOM VALUES (206,true,'KS',true);
INSERT INTO ROOM VALUES (207,true,'QS',true);
INSERT INTO ROOM VALUES (208,false,'KJ',true);
INSERT INTO ROOM VALUES (209,true,'KI',true);
-- ------- SAMPLE 0 ----------
INSERT INTO GUEST VALUES(1000,'Serafina','Singh','SSingh@yahoo.com','1234 DaWrong Lane','Flonkerton','MD','12345','012-881-2113');
INSERT INTO RESERVATION VALUES ('20210310KS5001403909119',1000,null,'KS','2021-03-10','2021-03-12',null,'active');
INSERT INTO INVOICECHARGE VALUES ('20210310KS5001403909119-ch00001','20210310KS5001403909119','2021-03-10',213.23,'Base room charge');
INSERT INTO PAYMENT VALUES ('20210310KS5001403909119-p00001','20210310KS5001403909119','2021-03-12','CC',195,'Serafina Singh','2909016548132643',7,2024,156,'Mastercard');
-- ------- SAMPLE 1 ----------
INSERT INTO GUEST VALUES(1001,'Theodora','Trickey','TTrickey@gmail.com','1234 DaWrong Lane','Flonkerton','MD','12345','165-001-7836');
INSERT INTO RESERVATION VALUES ('20181117QS9098137639744',1001,103,'QS','2018-11-17','2018-11-18',null,'cancelled');
INSERT INTO INVOICECHARGE VALUES ('20181117QS9098137639744-ch00001','20181117QS9098137639744','2018-11-17',117.28,'Base room charge');
INSERT INTO PAYMENT (payment_id,invoice_id,payment_date,payment_type,payment_amount) VALUES ('20181117QS9098137639744-p00001','20181117QS9098137639744','2018-11-19','CA',117.28);
-- ------- SAMPLE 2 ----------
INSERT INTO GUEST VALUES(1002,'Shaneka','Stribling','SStribling@yahoo.com','1234 DaWrong Lane','Flonkerton','MD','12345','005-577-9098');
INSERT INTO RESERVATION VALUES ('20201112QD1444148925196',1002,null,'QD','2020-11-12','2020-11-13',null,'active');
-- ------- SAMPLE 3 ----------
INSERT INTO GUEST VALUES(1003,'Rosemarie','Roeser','RRoeser@yahoo.com','1234 DaWrong Lane','Flonkerton','MD','12345','300-937-1715');
INSERT INTO RESERVATION VALUES ('20210506KI6658596702026',1003,null,'KI','2021-05-06','2021-05-11',null,'active');
INSERT INTO INVOICECHARGE VALUES ('20210506KI6658596702026-ch00001','20210506KI6658596702026','2021-05-06',281.46,'Base room charge');
INSERT INTO INVOICECHARGE VALUES ('20210506KI6658596702026-ch00002','20210506KI6658596702026','2021-05-06',144.99,'Room Service');
INSERT INTO PAYMENT VALUES ('20210506KI6658596702026-p00001','20210506KI6658596702026','2021-05-08','CC',426.45,'Rosemarie Roeser','3420603645552650',11,2026,998,'Mastercard');
-- ------- SAMPLE 4 ----------
INSERT INTO GUEST VALUES(1004,'Stan','Schnell','SSchnell@yahoo.com','1234 DaWrong Lane','Flonkerton','MD','12345','790-224-6706');
INSERT INTO RESERVATION VALUES ('20190306KS4837384056725',1004,107,'KS','2019-03-06','2019-03-11',null,'complete');
INSERT INTO INVOICECHARGE VALUES ('20190306KS4837384056725-ch00001','20190306KS4837384056725','2019-03-06',426.46,'Base room charge');
INSERT INTO PAYMENT VALUES ('20190306KS4837384056725-p00001','20190306KS4837384056725','2019-03-08','CC',426.46,'Stan Schnell','8508676072318832',5,2025,207,'Mastercard');
-- ------- SAMPLE 5 ----------
INSERT INTO GUEST VALUES(1005,'Jammie','Jo','JJo@gmail.com','1234 DaWrong Lane','Flonkerton','MD','12345','374-901-7689');
INSERT INTO RESERVATION VALUES ('20181130KJ4138425126551',1005,104,'KJ','2018-11-30','2018-12-04',null,'complete');
INSERT INTO INVOICECHARGE VALUES ('20181130KJ4138425126551-ch00001','20181130KJ4138425126551','2018-11-30',365.91,'Base room charge');
INSERT INTO INVOICECHARGE VALUES ('20181130KJ4138425126551-ch00002','20181130KJ4138425126551','2018-11-30',188.5,'Cleaning fee');
INSERT INTO PAYMENT (payment_id,invoice_id,payment_date,payment_type,payment_amount) VALUES ('20181130KJ4138425126551-p00001','20181130KJ4138425126551','2018-12-02','CA',554.41);
-- ------- SAMPLE 6 ----------
INSERT INTO GUEST VALUES(1006,'Antwan','Albury','AAlbury@gmail.com','1234 DaWrong Lane','Flonkerton','MD','12345','516-892-4661');
INSERT INTO RESERVATION VALUES ('20200907KJ1199394466395',1006,null,'KJ','2020-09-07','2020-09-10',null,'active');
INSERT INTO INVOICECHARGE VALUES ('20200907KJ1199394466395-ch00001','20200907KJ1199394466395','2020-09-07',415.81,'Base room charge');
INSERT INTO PAYMENT VALUES ('20200907KJ1199394466395-p00001','20200907KJ1199394466395','2020-09-09','CC',415.81,'Antwan Albury','3857338513214760',4,2026,523,'Mastercard');
-- ------- SAMPLE 7 ----------
INSERT INTO GUEST VALUES(1007,'Sherrie','Stultz','SStultz@hotmail.com','1234 DaWrong Lane','Flonkerton','MD','12345','973-108-4730');
INSERT INTO RESERVATION VALUES ('20210218KI2417323042772',1007,null,'KI','2021-02-18','2021-02-20',null,'active');
INSERT INTO INVOICECHARGE VALUES ('20210218KI2417323042772-ch00001','20210218KI2417323042772','2021-02-18',112.58,'Base room charge');
INSERT INTO INVOICECHARGE VALUES ('20210218KI2417323042772-ch00002','20210218KI2417323042772','2021-02-18',58,'Room Service');
INSERT INTO PAYMENT VALUES ('20210218KI2417323042772-p00001','20210218KI2417323042772','2021-02-20','CC',170.58,'Sherrie Stultz','1986270607393506',1,2026,104,'Mastercard');
-- ------- SAMPLE 8 ----------
INSERT INTO GUEST VALUES(1008,'Lucius','Liles','LLiles@gmail.com','1234 DaWrong Lane','Flonkerton','MD','12345','493-613-5067');
INSERT INTO RESERVATION VALUES ('20200127KS6968623429518',1008,117,'KS','2020-01-27','2020-01-29',null,'complete');
INSERT INTO INVOICECHARGE VALUES ('20200127KS6968623429518-ch00001','20200127KS6968623429518','2020-01-27',140.73,'Base room charge');
INSERT INTO INVOICECHARGE VALUES ('20200127KS6968623429518-ch00002','20200127KS6968623429518','2020-01-27',72.5,'Cleaning fee');
INSERT INTO PAYMENT VALUES ('20200127KS6968623429518-p00001','20200127KS6968623429518','2020-01-29','CC',213.23,'Lucius Liles','1923363134401730',12,2022,436,'Mastercard');
-- ------- SAMPLE 9 ----------
INSERT INTO GUEST VALUES(1009,'Raven','Rybicki','RRybicki@gmail.com','1234 DaWrong Lane','Flonkerton','MD','12345','500-958-0520');
INSERT INTO RESERVATION VALUES ('20200902KJ1886858178128',1009,null,'KJ','2020-09-02','2020-09-03',null,'active');
INSERT INTO INVOICECHARGE VALUES ('20200902KJ1886858178128-ch00001','20200902KJ1886858178128','2020-09-02',138.6,'Base room charge');
INSERT INTO PAYMENT VALUES ('20200902KJ1886858178128-p00001','20200902KJ1886858178128','2020-09-04','CC',138.6,'Raven Rybicki','1627830923773763',1,2026,18,'Mastercard');
-- ------- SAMPLE 10 ----------
INSERT INTO GUEST VALUES(1010,'Dewey','Dye','DDye@yahoo.com','1234 DaWrong Lane','Flonkerton','MD','12345','562-165-8260');
INSERT INTO RESERVATION VALUES ('20201104KJ5583444895847',1010,null,'KJ','2020-11-04','2020-11-09',null,'active');
INSERT INTO INVOICECHARGE VALUES ('20201104KJ5583444895847-ch00001','20201104KJ5583444895847','2020-11-04',693.01,'Base room charge');
INSERT INTO PAYMENT VALUES ('20201104KJ5583444895847-p00001','20201104KJ5583444895847','2020-11-06','CC',659,'Dewey Dye','4447734607807733',4,2021,451,'Mastercard');
-- ------- SAMPLE 11 ----------
INSERT INTO GUEST VALUES(1011,'Leanora','Locke','LLocke@gmail.com','1234 DaWrong Lane','Flonkerton','MD','12345','096-800-6977');
INSERT INTO RESERVATION VALUES ('20210417QD2362202426325',1011,null,'QD','2021-04-17','2021-04-18',null,'active');
INSERT INTO INVOICECHARGE VALUES ('20210417QD2362202426325-ch00001','20210417QD2362202426325','2021-04-17',95.95,'Base room charge');
INSERT INTO PAYMENT (payment_id,invoice_id,payment_date,payment_type,payment_amount) VALUES ('20210417QD2362202426325-p00001','20210417QD2362202426325','2021-04-19','CA',95.95);
-- ------- SAMPLE 12 ----------
INSERT INTO GUEST VALUES(1012,'Ella','Evanoff','EEvanoff@yahoo.com','1234 DaWrong Lane','Flonkerton','MD','12345','669-936-3019');
INSERT INTO RESERVATION VALUES ('20181231KI8145428574077',1012,110,'KI','2018-12-31','2019-01-03',null,'complete');
INSERT INTO INVOICECHARGE VALUES ('20181231KI8145428574077-ch00001','20181231KI8145428574077','2018-12-31',168.87,'Base room charge');
INSERT INTO INVOICECHARGE VALUES ('20181231KI8145428574077-ch00002','20181231KI8145428574077','2018-12-31',87,'Room Service');
INSERT INTO PAYMENT VALUES ('20181231KI8145428574077-p00001','20181231KI8145428574077','2019-01-02','CC',255.87,'Ella Evanoff','4004021213635533',9,2022,465,'Mastercard');
-- ------- SAMPLE 13 ----------
INSERT INTO GUEST VALUES(1013,'Shaneka','Stribling','SStribling@hotmail.com','1234 DaWrong Lane','Flonkerton','MD','12345','905-102-6990');
INSERT INTO RESERVATION VALUES ('20190630KS1736536358216',1013,107,'KS','2019-06-30','2019-07-01',null,'complete');
INSERT INTO INVOICECHARGE VALUES ('20190630KS1736536358216-ch00001','20190630KS1736536358216','2019-06-30',106.61,'Base room charge');
INSERT INTO PAYMENT VALUES ('20190630KS1736536358216-p00001','20190630KS1736536358216','2019-07-02','CC',106.61,'Shaneka Stribling','2376368376581905',1,2026,964,'Mastercard');
-- ------- SAMPLE 14 ----------
INSERT INTO GUEST VALUES(1014,'Luella','Lundstrom','LLundstrom@gmail.com','1234 DaWrong Lane','Flonkerton','MD','12345','641-062-2996');
INSERT INTO RESERVATION VALUES ('20181109QS8831769209252',1014,103,'QS','2018-11-09','2018-11-12',null,'complete');
INSERT INTO INVOICECHARGE VALUES ('20181109QS8831769209252-ch00001','20181109QS8831769209252','2018-11-09',351.83,'Base room charge');
INSERT INTO PAYMENT VALUES ('20181109QS8831769209252-p00001','20181109QS8831769209252','2018-11-11','CC',351.83,'Luella Lundstrom','6659390568329243',10,2023,703,'Mastercard');
-- ------- SAMPLE 15 ----------
INSERT INTO GUEST VALUES(1015,'Linwood','Layden','LLayden@yahoo.com','1234 DaWrong Lane','Flonkerton','MD','12345','808-727-8863');
INSERT INTO RESERVATION VALUES ('20210322KS7871726939317',1015,null,'KS','2021-03-22','2021-03-23',null,'active');
-- ------- SAMPLE 16 ----------
INSERT INTO GUEST VALUES(1016,'Katerine','Kawakami','KKawakami@gmail.com','1234 DaWrong Lane','Flonkerton','MD','12345','047-524-1087');
INSERT INTO RESERVATION VALUES ('20200823KJ1704785034084',1016,null,'KJ','2020-08-23','2020-08-27',null,'active');
INSERT INTO INVOICECHARGE VALUES ('20200823KJ1704785034084-ch00001','20200823KJ1704785034084','2020-08-23',365.91,'Base room charge');
INSERT INTO INVOICECHARGE VALUES ('20200823KJ1704785034084-ch00002','20200823KJ1704785034084','2020-08-23',188.5,'Cleaning fee');
INSERT INTO PAYMENT VALUES ('20200823KJ1704785034084-p00001','20200823KJ1704785034084','2020-08-25','CC',309,'Katerine Kawakami','8965968603853633',3,2021,876,'Mastercard');
-- ------- SAMPLE 17 ----------
INSERT INTO GUEST VALUES(1017,'Florentino','Feth','FFeth@gmail.com','1234 DaWrong Lane','Flonkerton','MD','12345','697-789-3665');
INSERT INTO RESERVATION VALUES ('20190623KI1751683932368',1017,105,'KI','2019-06-23','2019-06-24',null,'complete');
INSERT INTO INVOICECHARGE VALUES ('20190623KI1751683932368-ch00001','20190623KI1751683932368','2019-06-23',56.29,'Base room charge');
INSERT INTO INVOICECHARGE VALUES ('20190623KI1751683932368-ch00002','20190623KI1751683932368','2019-06-23',29,'Cleaning fee');
INSERT INTO PAYMENT VALUES ('20190623KI1751683932368-p00001','20190623KI1751683932368','2019-06-25','CC',85.29,'Florentino Feth','4832874469749655',2,2023,832,'Mastercard');
-- ------- SAMPLE 18 ----------
INSERT INTO GUEST VALUES(1018,'Abel','Alire','AAlire@hotmail.com','1234 DaWrong Lane','Flonkerton','MD','12345','493-830-1973');
INSERT INTO RESERVATION VALUES ('20180627QS9655596552079',1018,108,'QS','2018-06-27','2018-06-29',null,'complete');
INSERT INTO INVOICECHARGE VALUES ('20180627QS9655596552079-ch00001','20180627QS9655596552079','2018-06-27',154.8,'Base room charge');
INSERT INTO INVOICECHARGE VALUES ('20180627QS9655596552079-ch00002','20180627QS9655596552079','2018-06-27',79.75,'Cleaning fee');
INSERT INTO PAYMENT VALUES ('20180627QS9655596552079-p00001','20180627QS9655596552079','2018-06-29','CC',234.55,'Abel Alire','3230026840045359',7,2023,579,'Mastercard');
-- ------- SAMPLE 19 ----------
INSERT INTO GUEST VALUES(1019,'Randal','Rohman','RRohman@yahoo.com','1234 DaWrong Lane','Flonkerton','MD','12345','728-233-1130');
INSERT INTO RESERVATION VALUES ('20200225KJ4615392954610',1019,119,'KJ','2020-02-25','2020-02-27',null,'complete');
INSERT INTO INVOICECHARGE VALUES ('20200225KJ4615392954610-ch00001','20200225KJ4615392954610','2020-02-25',182.95,'Base room charge');
INSERT INTO INVOICECHARGE VALUES ('20200225KJ4615392954610-ch00002','20200225KJ4615392954610','2020-02-25',94.25,'Room Service');
INSERT INTO PAYMENT (payment_id,invoice_id,payment_date,payment_type,payment_amount) VALUES ('20200225KJ4615392954610-p00001','20200225KJ4615392954610','2020-02-27','CA',277.2);
-- ------- SAMPLE 20 ----------
INSERT INTO GUEST VALUES(1020,'Ngan','Nalley','NNalley@yahoo.com','1234 DaWrong Lane','Flonkerton','MD','12345','982-744-6472');
INSERT INTO RESERVATION VALUES ('20210425KI4528170518243',1020,null,'KI','2021-04-25','2021-04-27',null,'active');
INSERT INTO INVOICECHARGE VALUES ('20210425KI4528170518243-ch00001','20210425KI4528170518243','2021-04-25',170.58,'Base room charge');
INSERT INTO PAYMENT VALUES ('20210425KI4528170518243-p00001','20210425KI4528170518243','2021-04-27','CC',170.58,'Ngan Nalley','3364777324838796',4,2026,953,'Mastercard');
-- ------- SAMPLE 21 ----------
INSERT INTO GUEST VALUES(1021,'Tai','Tookes','TTookes@gmail.com','1234 DaWrong Lane','Flonkerton','MD','12345','349-970-2841');
INSERT INTO RESERVATION VALUES ('20191112KI7892971370395',1021,110,'KI','2019-11-12','2019-11-13',null,'complete');
INSERT INTO INVOICECHARGE VALUES ('20191112KI7892971370395-ch00001','20191112KI7892971370395','2019-11-12',85.29,'Base room charge');
INSERT INTO PAYMENT VALUES ('20191112KI7892971370395-p00001','20191112KI7892971370395','2019-11-14','CC',85.29,'Tai Tookes','4725217562173282',9,2024,218,'Mastercard');
-- ------- SAMPLE 22 ----------
INSERT INTO GUEST VALUES(1022,'Piedad','Proctor','PProctor@gmail.com','1234 DaWrong Lane','Flonkerton','MD','12345','095-359-1012');
INSERT INTO RESERVATION VALUES ('20181008KJ8062138928328',1022,119,'KJ','2018-10-08','2018-10-10',null,'complete');
INSERT INTO INVOICECHARGE VALUES ('20181008KJ8062138928328-ch00001','20181008KJ8062138928328','2018-10-08',182.95,'Base room charge');
INSERT INTO INVOICECHARGE VALUES ('20181008KJ8062138928328-ch00002','20181008KJ8062138928328','2018-10-08',94.25,'Room Service');
INSERT INTO PAYMENT VALUES ('20181008KJ8062138928328-p00001','20181008KJ8062138928328','2018-10-10','CC',277.2,'Piedad Proctor','2097486774054346',10,2027,84,'Mastercard');
-- ------- SAMPLE 23 ----------
INSERT INTO GUEST VALUES(1023,'Demarcus','Dearborn','DDearborn@yahoo.com','1234 DaWrong Lane','Flonkerton','MD','12345','082-519-1032');
INSERT INTO RESERVATION VALUES ('20210209KS2147085976406',1023,null,'KS','2021-02-09','2021-02-11',null,'active');
-- ------- SAMPLE 24 ----------
INSERT INTO GUEST VALUES(1024,'Jeanene','Jacobo','JJacobo@gmail.com','1234 DaWrong Lane','Flonkerton','MD','12345','805-356-6562');
INSERT INTO RESERVATION VALUES ('20180901KJ3572387143604',1024,114,'KJ','2018-09-01','2018-09-04',null,'complete');
INSERT INTO INVOICECHARGE VALUES ('20180901KJ3572387143604-ch00001','20180901KJ3572387143604','2018-09-01',274.43,'Base room charge');
INSERT INTO INVOICECHARGE VALUES ('20180901KJ3572387143604-ch00002','20180901KJ3572387143604','2018-09-01',141.38,'Room Service');
INSERT INTO PAYMENT (payment_id,invoice_id,payment_date,payment_type,payment_amount) VALUES ('20180901KJ3572387143604-p00001','20180901KJ3572387143604','2018-09-03','CA',415.81);
-- ------- SAMPLE 25 ----------
INSERT INTO GUEST VALUES(1025,'Collin','Chaparro','CChaparro@yahoo.com','1234 DaWrong Lane','Flonkerton','MD','12345','425-568-9835');
INSERT INTO RESERVATION VALUES ('20190609KJ5612264315763',1025,208,'KJ','2019-06-09','2019-06-12',null,'complete');
INSERT INTO INVOICECHARGE VALUES ('20190609KJ5612264315763-ch00001','20190609KJ5612264315763','2019-06-09',274.43,'Base room charge');
INSERT INTO INVOICECHARGE VALUES ('20190609KJ5612264315763-ch00002','20190609KJ5612264315763','2019-06-09',141.38,'Room Service');
INSERT INTO PAYMENT VALUES ('20190609KJ5612264315763-p00001','20190609KJ5612264315763','2019-06-11','CC',415.81,'Collin Chaparro','3499002933443738',4,2026,914,'Mastercard');
-- ------- SAMPLE 26 ----------
INSERT INTO GUEST VALUES(1026,'Corene','Carmody','CCarmody@gmail.com','1234 DaWrong Lane','Flonkerton','MD','12345','281-880-9986');
INSERT INTO RESERVATION VALUES ('20200218QS5579561313234',1026,202,'QS','2020-02-18','2020-02-21',null,'complete');
INSERT INTO INVOICECHARGE VALUES ('20200218QS5579561313234-ch00001','20200218QS5579561313234','2020-02-18',351.83,'Base room charge');
INSERT INTO PAYMENT VALUES ('20200218QS5579561313234-p00001','20200218QS5579561313234','2020-02-20','CC',351.83,'Corene Carmody','6315931034619102',8,2025,758,'Mastercard');
-- ------- SAMPLE 27 ----------
INSERT INTO GUEST VALUES(1027,'Heather','Hartin','HHartin@gmail.com','1234 DaWrong Lane','Flonkerton','MD','12345','400-232-6321');
INSERT INTO RESERVATION VALUES ('20210327QS1264720215442',1027,null,'QS','2021-03-27','2021-03-28',null,'active');
-- ------- SAMPLE 28 ----------
INSERT INTO GUEST VALUES(1028,'Julene','Jahn','JJahn@yahoo.com','1234 DaWrong Lane','Flonkerton','MD','12345','694-089-5565');
INSERT INTO RESERVATION VALUES ('20191015QS5887691943377',1028,103,'QS','2019-10-15','2019-10-18',null,'complete');
INSERT INTO INVOICECHARGE VALUES ('20191015QS5887691943377-ch00001','20191015QS5887691943377','2019-10-15',351.83,'Base room charge');
INSERT INTO PAYMENT VALUES ('20191015QS5887691943377-p00001','20191015QS5887691943377','2019-10-17','CC',351.83,'Julene Jahn','7084584441327144',1,2027,865,'Mastercard');
-- ------- SAMPLE 29 ----------
INSERT INTO GUEST VALUES(1029,'Piedad','Proctor','PProctor@yahoo.com','1234 DaWrong Lane','Flonkerton','MD','12345','022-133-8015');
INSERT INTO RESERVATION VALUES ('20200209KJ6923409348315',1029,203,'KJ','2020-02-09','2020-02-11',null,'complete');
INSERT INTO INVOICECHARGE VALUES ('20200209KJ6923409348315-ch00001','20200209KJ6923409348315','2020-02-09',277.2,'Base room charge');
INSERT INTO PAYMENT VALUES ('20200209KJ6923409348315-p00001','20200209KJ6923409348315','2020-02-11','CC',277.2,'Piedad Proctor','2886646905071665',6,2025,760,'Mastercard');
-- ------- SAMPLE 30 ----------
INSERT INTO GUEST VALUES(1030,'Stacie','Schupp','SSchupp@hotmail.com','1234 DaWrong Lane','Flonkerton','MD','12345','431-403-0251');
INSERT INTO RESERVATION VALUES ('20200417KI1853405620625',1030,204,'KI','2020-04-17','2020-04-21',null,'complete');
INSERT INTO INVOICECHARGE VALUES ('20200417KI1853405620625-ch00001','20200417KI1853405620625','2020-04-17',225.17,'Base room charge');
INSERT INTO INVOICECHARGE VALUES ('20200417KI1853405620625-ch00002','20200417KI1853405620625','2020-04-17',115.99,'Cleaning fee');
INSERT INTO PAYMENT (payment_id,invoice_id,payment_date,payment_type,payment_amount) VALUES ('20200417KI1853405620625-p00001','20200417KI1853405620625','2020-04-19','CA',341.16);
-- ------- SAMPLE 31 ----------
INSERT INTO GUEST VALUES(1031,'Abram','Adolph','AAdolph@hotmail.com','1234 DaWrong Lane','Flonkerton','MD','12345','253-350-0794');
INSERT INTO RESERVATION VALUES ('20180608KS7287358788004',1031,107,'KS','2018-06-08','2018-06-11',null,'complete');
INSERT INTO INVOICECHARGE VALUES ('20180608KS7287358788004-ch00001','20180608KS7287358788004','2018-06-08',211.09,'Base room charge');
INSERT INTO INVOICECHARGE VALUES ('20180608KS7287358788004-ch00002','20180608KS7287358788004','2018-06-08',108.75,'Cleaning fee');
INSERT INTO PAYMENT VALUES ('20180608KS7287358788004-p00001','20180608KS7287358788004','2018-06-10','CC',319.84,'Abram Adolph','9418580649775091',11,2023,969,'Mastercard');
-- ------- SAMPLE 32 ----------
INSERT INTO GUEST VALUES(1032,'Stan','Schnell','SSchnell@gmail.com','1234 DaWrong Lane','Flonkerton','MD','12345','603-464-2792');
INSERT INTO RESERVATION VALUES ('20190408KI6790669175942',1032,209,'KI','2019-04-08','2019-04-11',null,'complete');
INSERT INTO INVOICECHARGE VALUES ('20190408KI6790669175942-ch00001','20190408KI6790669175942','2019-04-08',255.87,'Base room charge');
INSERT INTO PAYMENT VALUES ('20190408KI6790669175942-p00001','20190408KI6790669175942','2019-04-10','CC',255.87,'Stan Schnell','1247872508851846',6,2026,971,'Mastercard');
-- ------- SAMPLE 33 ----------
INSERT INTO GUEST VALUES(1033,'Ceola','Carasco','CCarasco@gmail.com','1234 DaWrong Lane','Flonkerton','MD','12345','872-916-5163');
INSERT INTO RESERVATION VALUES ('20200225QS2278400990753',1033,103,'QS','2020-02-25','2020-02-26',null,'complete');
INSERT INTO INVOICECHARGE VALUES ('20200225QS2278400990753-ch00001','20200225QS2278400990753','2020-02-25',117.28,'Base room charge');
INSERT INTO PAYMENT (payment_id,invoice_id,payment_date,payment_type,payment_amount) VALUES ('20200225QS2278400990753-p00001','20200225QS2278400990753','2020-02-27','CA',117.28);
-- ------- SAMPLE 34 ----------
INSERT INTO GUEST VALUES(1034,'Luella','Lundstrom','LLundstrom@hotmail.com','1234 DaWrong Lane','Flonkerton','MD','12345','547-368-5374');
INSERT INTO RESERVATION VALUES ('20190201QS5218771394851',1034,118,'QS','2019-02-01','2019-02-03',null,'complete');
INSERT INTO INVOICECHARGE VALUES ('20190201QS5218771394851-ch00001','20190201QS5218771394851','2019-02-01',234.55,'Base room charge');
INSERT INTO PAYMENT (payment_id,invoice_id,payment_date,payment_type,payment_amount) VALUES ('20190201QS5218771394851-p00001','20190201QS5218771394851','2019-02-03','CA',234.55);
-- ------- SAMPLE 35 ----------
INSERT INTO GUEST VALUES(1035,'Buford','Biddy','BBiddy@hotmail.com','1234 DaWrong Lane','Flonkerton','MD','12345','779-401-9738');
INSERT INTO RESERVATION VALUES ('20181117KJ6906768233762',1035,114,'KJ','2018-11-17','2018-11-20',null,'complete');
INSERT INTO INVOICECHARGE VALUES ('20181117KJ6906768233762-ch00001','20181117KJ6906768233762','2018-11-17',274.43,'Base room charge');
INSERT INTO INVOICECHARGE VALUES ('20181117KJ6906768233762-ch00002','20181117KJ6906768233762','2018-11-17',141.38,'Room Service');
INSERT INTO PAYMENT (payment_id,invoice_id,payment_date,payment_type,payment_amount) VALUES ('20181117KJ6906768233762-p00001','20181117KJ6906768233762','2018-11-19','CA',415.81);
-- ------- SAMPLE 36 ----------
INSERT INTO GUEST VALUES(1036,'Melaine','Miskell','MMiskell@yahoo.com','1234 DaWrong Lane','Flonkerton','MD','12345','288-089-5168');
INSERT INTO RESERVATION VALUES ('20180819KS6433008746899',1036,102,'KS','2018-08-19','2018-08-24',null,'complete');
INSERT INTO INVOICECHARGE VALUES ('20180819KS6433008746899-ch00001','20180819KS6433008746899','2018-08-19',533.07,'Base room charge');
INSERT INTO PAYMENT VALUES ('20180819KS6433008746899-p00001','20180819KS6433008746899','2018-08-21','CC',533.07,'Melaine Miskell','9957427271714355',8,2026,558,'Mastercard');
-- ------- SAMPLE 37 ----------
INSERT INTO GUEST VALUES(1037,'Shena','Sandoz','SSandoz@gmail.com','1234 DaWrong Lane','Flonkerton','MD','12345','184-947-6789');
INSERT INTO RESERVATION VALUES ('20190423QD4069674169070',1037,116,'QD','2019-04-23','2019-04-24',null,'complete');
INSERT INTO INVOICECHARGE VALUES ('20190423QD4069674169070-ch00001','20190423QD4069674169070','2019-04-23',95.95,'Base room charge');
INSERT INTO PAYMENT VALUES ('20190423QD4069674169070-p00001','20190423QD4069674169070','2019-04-25','CC',95.95,'Shena Sandoz','9938490349660389',10,2021,544,'Mastercard');
-- ------- SAMPLE 38 ----------
INSERT INTO GUEST VALUES(1038,'Deandre','Defore','DDefore@hotmail.com','1234 DaWrong Lane','Flonkerton','MD','12345','583-799-1882');
INSERT INTO RESERVATION VALUES ('20210329KI3642299073729',1038,null,'KI','2021-03-29','2021-03-31',null,'active');
INSERT INTO INVOICECHARGE VALUES ('20210329KI3642299073729-ch00001','20210329KI3642299073729','2021-03-29',112.58,'Base room charge');
INSERT INTO INVOICECHARGE VALUES ('20210329KI3642299073729-ch00002','20210329KI3642299073729','2021-03-29',58,'Room Service');
INSERT INTO PAYMENT VALUES ('20210329KI3642299073729-p00001','20210329KI3642299073729','2021-03-31','CC',39,'Deandre Defore','1543091181309186',4,2022,118,'Mastercard');
-- ------- SAMPLE 39 ----------
INSERT INTO GUEST VALUES(1039,'Deangelo','Deloera','DDeloera@hotmail.com','1234 DaWrong Lane','Flonkerton','MD','12345','078-721-9767');
INSERT INTO RESERVATION VALUES ('20200118QD6421586207357',1039,111,'QD','2020-01-18','2020-01-23',null,'complete');
INSERT INTO INVOICECHARGE VALUES ('20200118QD6421586207357-ch00001','20200118QD6421586207357','2020-01-18',316.64,'Base room charge');
INSERT INTO INVOICECHARGE VALUES ('20200118QD6421586207357-ch00002','20200118QD6421586207357','2020-01-18',163.12,'Room Service');
INSERT INTO PAYMENT (payment_id,invoice_id,payment_date,payment_type,payment_amount) VALUES ('20200118QD6421586207357-p00001','20200118QD6421586207357','2020-01-20','CA',479.76);
-- ------- SAMPLE 40 ----------
INSERT INTO GUEST VALUES(1040,'Jamey','Jen','JJen@hotmail.com','1234 DaWrong Lane','Flonkerton','MD','12345','710-420-7060');
INSERT INTO RESERVATION VALUES ('20201009KS5116492394828',1040,null,'KS','2020-10-09','2020-10-11',null,'active');
INSERT INTO INVOICECHARGE VALUES ('20201009KS5116492394828-ch00001','20201009KS5116492394828','2020-10-09',140.73,'Base room charge');
INSERT INTO INVOICECHARGE VALUES ('20201009KS5116492394828-ch00002','20201009KS5116492394828','2020-10-09',72.5,'Room Service');
INSERT INTO PAYMENT (payment_id,invoice_id,payment_date,payment_type,payment_amount) VALUES ('20201009KS5116492394828-p00001','20201009KS5116492394828','2020-10-11','CA',11);
-- ------- SAMPLE 41 ----------
INSERT INTO GUEST VALUES(1041,'Rosemarie','Roeser','RRoeser@hotmail.com','1234 DaWrong Lane','Flonkerton','MD','12345','105-244-3716');
INSERT INTO RESERVATION VALUES ('20180628KJ3148934376151',1041,109,'KJ','2018-06-28','2018-07-01',null,'complete');
INSERT INTO INVOICECHARGE VALUES ('20180628KJ3148934376151-ch00001','20180628KJ3148934376151','2018-06-28',274.43,'Base room charge');
INSERT INTO INVOICECHARGE VALUES ('20180628KJ3148934376151-ch00002','20180628KJ3148934376151','2018-06-28',141.38,'Cleaning fee');
INSERT INTO PAYMENT VALUES ('20180628KJ3148934376151-p00001','20180628KJ3148934376151','2018-06-30','CC',415.81,'Rosemarie Roeser','9066271016386233',9,2026,860,'Mastercard');
-- ------- SAMPLE 42 ----------
INSERT INTO GUEST VALUES(1042,'Shawn','Stefanski','SStefanski@gmail.com','1234 DaWrong Lane','Flonkerton','MD','12345','886-625-4190');
INSERT INTO RESERVATION VALUES ('20191117KS2758895382508',1042,112,'KS','2019-11-17','2019-11-19',null,'complete');
INSERT INTO INVOICECHARGE VALUES ('20191117KS2758895382508-ch00001','20191117KS2758895382508','2019-11-17',140.73,'Base room charge');
INSERT INTO INVOICECHARGE VALUES ('20191117KS2758895382508-ch00002','20191117KS2758895382508','2019-11-17',72.5,'Cleaning fee');
INSERT INTO PAYMENT VALUES ('20191117KS2758895382508-p00001','20191117KS2758895382508','2019-11-19','CC',213.23,'Shawn Stefanski','9278469857093320',9,2023,743,'Mastercard');
-- ------- SAMPLE 43 ----------
INSERT INTO GUEST VALUES(1043,'Tomika','Teran','TTeran@hotmail.com','1234 DaWrong Lane','Flonkerton','MD','12345','319-919-4153');
INSERT INTO RESERVATION VALUES ('20181107KI1537052381240',1043,110,'KI','2018-11-07','2018-11-11',null,'complete');
INSERT INTO INVOICECHARGE VALUES ('20181107KI1537052381240-ch00001','20181107KI1537052381240','2018-11-07',341.16,'Base room charge');
INSERT INTO PAYMENT VALUES ('20181107KI1537052381240-p00001','20181107KI1537052381240','2018-11-09','CC',341.16,'Tomika Teran','2026378818698792',12,2022,166,'Mastercard');
-- ------- SAMPLE 44 ----------
INSERT INTO GUEST VALUES(1044,'Christine','Ciampa','CCiampa@hotmail.com','1234 DaWrong Lane','Flonkerton','MD','12345','160-890-5315');
INSERT INTO RESERVATION VALUES ('20181212KJ6314716124816',1044,114,'KJ','2018-12-12','2018-12-14',null,'complete');
INSERT INTO INVOICECHARGE VALUES ('20181212KJ6314716124816-ch00001','20181212KJ6314716124816','2018-12-12',182.95,'Base room charge');
INSERT INTO INVOICECHARGE VALUES ('20181212KJ6314716124816-ch00002','20181212KJ6314716124816','2018-12-12',94.25,'Cleaning fee');
INSERT INTO PAYMENT VALUES ('20181212KJ6314716124816-p00001','20181212KJ6314716124816','2018-12-14','CC',277.2,'Christine Ciampa','3732297673886673',6,2021,392,'Mastercard');
-- ------- SAMPLE 45 ----------
INSERT INTO GUEST VALUES(1045,'Mandi','Mcwain','MMcwain@gmail.com','1234 DaWrong Lane','Flonkerton','MD','12345','767-047-3118');
INSERT INTO RESERVATION VALUES ('20190628QS8877306160943',1045,207,'QS','2019-06-28','2019-07-02',null,'complete');
INSERT INTO INVOICECHARGE VALUES ('20190628QS8877306160943-ch00001','20190628QS8877306160943','2019-06-28',309.61,'Base room charge');
INSERT INTO INVOICECHARGE VALUES ('20190628QS8877306160943-ch00002','20190628QS8877306160943','2019-06-28',159.5,'Room Service');
INSERT INTO PAYMENT VALUES ('20190628QS8877306160943-p00001','20190628QS8877306160943','2019-06-30','CC',469.11,'Mandi Mcwain','1566608987748001',12,2026,858,'Mastercard');
-- ------- SAMPLE 46 ----------
INSERT INTO GUEST VALUES(1046,'Raisa','Romito','RRomito@hotmail.com','1234 DaWrong Lane','Flonkerton','MD','12345','058-822-5367');
INSERT INTO RESERVATION VALUES ('20200617QD1219089895207',1046,null,'QD','2020-06-17','2020-06-21',null,'cancelled');
-- ------- SAMPLE 47 ----------
INSERT INTO GUEST VALUES(1047,'Shawn','Stefanski','SStefanski@yahoo.com','1234 DaWrong Lane','Flonkerton','MD','12345','825-412-5509');
INSERT INTO RESERVATION VALUES ('20190909QD8920190025605',1047,106,'QD','2019-09-09','2019-09-12',null,'complete');
INSERT INTO INVOICECHARGE VALUES ('20190909QD8920190025605-ch00001','20190909QD8920190025605','2019-09-09',189.99,'Base room charge');
INSERT INTO INVOICECHARGE VALUES ('20190909QD8920190025605-ch00002','20190909QD8920190025605','2019-09-09',97.87,'Room Service');
INSERT INTO PAYMENT (payment_id,invoice_id,payment_date,payment_type,payment_amount) VALUES ('20190909QD8920190025605-p00001','20190909QD8920190025605','2019-09-11','CA',287.86);
-- ------- SAMPLE 48 ----------
INSERT INTO GUEST VALUES(1048,'Tanner','Tomasello','TTomasello@yahoo.com','1234 DaWrong Lane','Flonkerton','MD','12345','569-533-8203');
INSERT INTO RESERVATION VALUES ('20201003KJ3357470479447',1048,null,'KJ','2020-10-03','2020-10-06',null,'active');
INSERT INTO INVOICECHARGE VALUES ('20201003KJ3357470479447-ch00001','20201003KJ3357470479447','2020-10-03',415.81,'Base room charge');
INSERT INTO PAYMENT VALUES ('20201003KJ3357470479447-p00001','20201003KJ3357470479447','2020-10-05','CC',415.81,'Tanner Tomasello','6893129496271900',6,2021,34,'Mastercard');
-- ------- SAMPLE 49 ----------
INSERT INTO GUEST VALUES(1049,'Dane','Dumond','DDumond@yahoo.com','1234 DaWrong Lane','Flonkerton','MD','12345','970-830-9466');
INSERT INTO RESERVATION VALUES ('20210307KS3449511508576',1049,null,'KS','2021-03-07','2021-03-10',null,'active');
INSERT INTO INVOICECHARGE VALUES ('20210307KS3449511508576-ch00001','20210307KS3449511508576','2021-03-07',319.84,'Base room charge');
INSERT INTO PAYMENT VALUES ('20210307KS3449511508576-p00001','20210307KS3449511508576','2021-03-09','CC',212,'Dane Dumond','2139989537490129',7,2024,307,'Mastercard');
-- ------- SAMPLE 50 ----------
INSERT INTO GUEST VALUES(1050,'Raisa','Romito','RRomito@hotmail.com','1234 DaWrong Lane','Flonkerton','MD','12345','414-911-4870');
INSERT INTO RESERVATION VALUES ('20210213KJ3892407642459',1050,null,'KJ','2021-02-13','2021-02-14',null,'active');
INSERT INTO INVOICECHARGE VALUES ('20210213KJ3892407642459-ch00001','20210213KJ3892407642459','2021-02-13',91.48,'Base room charge');
INSERT INTO INVOICECHARGE VALUES ('20210213KJ3892407642459-ch00002','20210213KJ3892407642459','2021-02-13',47.12,'Room Service');
INSERT INTO PAYMENT (payment_id,invoice_id,payment_date,payment_type,payment_amount) VALUES ('20210213KJ3892407642459-p00001','20210213KJ3892407642459','2021-02-15','CA',138.6);
-- ------- SAMPLE 51 ----------
INSERT INTO GUEST VALUES(1051,'Tai','Tookes','TTookes@gmail.com','1234 DaWrong Lane','Flonkerton','MD','12345','575-087-9570');
INSERT INTO RESERVATION VALUES ('20210317QS1409518706482',1051,null,'QS','2021-03-17','2021-03-18',null,'cancelled');
INSERT INTO INVOICECHARGE VALUES ('20210317QS1409518706482-ch00001','20210317QS1409518706482','2021-03-17',77.4,'Base room charge');
INSERT INTO INVOICECHARGE VALUES ('20210317QS1409518706482-ch00002','20210317QS1409518706482','2021-03-17',39.88,'Room Service');
INSERT INTO PAYMENT VALUES ('20210317QS1409518706482-p00001','20210317QS1409518706482','2021-03-19','CC',117.28,'Tai Tookes','8049589314791910',4,2023,28,'Mastercard');
-- ------- SAMPLE 52 ----------
INSERT INTO GUEST VALUES(1052,'Fiona','Figgs','FFiggs@yahoo.com','1234 DaWrong Lane','Flonkerton','MD','12345','275-699-4346');
INSERT INTO RESERVATION VALUES ('20180929QS2403373146343',1052,207,'QS','2018-09-29','2018-10-04',null,'complete');
INSERT INTO INVOICECHARGE VALUES ('20180929QS2403373146343-ch00001','20180929QS2403373146343','2018-09-29',387.01,'Base room charge');
INSERT INTO INVOICECHARGE VALUES ('20180929QS2403373146343-ch00002','20180929QS2403373146343','2018-09-29',199.37,'Room Service');
INSERT INTO PAYMENT VALUES ('20180929QS2403373146343-p00001','20180929QS2403373146343','2018-10-01','CC',586.38,'Fiona Figgs','1418285022640325',10,2025,291,'Mastercard');
-- ------- SAMPLE 53 ----------
INSERT INTO GUEST VALUES(1053,'Kathlyn','Kinser','KKinser@gmail.com','1234 DaWrong Lane','Flonkerton','MD','12345','774-583-2734');
INSERT INTO RESERVATION VALUES ('20190522KI9775780447465',1053,115,'KI','2019-05-22','2019-05-24',null,'complete');
INSERT INTO INVOICECHARGE VALUES ('20190522KI9775780447465-ch00001','20190522KI9775780447465','2019-05-22',112.58,'Base room charge');
INSERT INTO INVOICECHARGE VALUES ('20190522KI9775780447465-ch00002','20190522KI9775780447465','2019-05-22',58,'Cleaning fee');
INSERT INTO PAYMENT (payment_id,invoice_id,payment_date,payment_type,payment_amount) VALUES ('20190522KI9775780447465-p00001','20190522KI9775780447465','2019-05-24','CA',170.58);
-- ------- SAMPLE 54 ----------
INSERT INTO GUEST VALUES(1054,'Fonda','Foreman','FForeman@gmail.com','1234 DaWrong Lane','Flonkerton','MD','12345','573-045-5078');
INSERT INTO RESERVATION VALUES ('20181226QD8160104119195',1054,111,'QD','2018-12-26','2018-12-28',null,'complete');
INSERT INTO INVOICECHARGE VALUES ('20181226QD8160104119195-ch00001','20181226QD8160104119195','2018-12-26',126.65,'Base room charge');
INSERT INTO INVOICECHARGE VALUES ('20181226QD8160104119195-ch00002','20181226QD8160104119195','2018-12-26',65.25,'Cleaning fee');
INSERT INTO PAYMENT VALUES ('20181226QD8160104119195-p00001','20181226QD8160104119195','2018-12-28','CC',191.9,'Fonda Foreman','3698866297385114',7,2026,114,'Mastercard');
-- ------- SAMPLE 55 ----------
INSERT INTO GUEST VALUES(1055,'Tomika','Teran','TTeran@gmail.com','1234 DaWrong Lane','Flonkerton','MD','12345','666-970-7399');
INSERT INTO RESERVATION VALUES ('20190818QD7634198476867',1055,200,'QD','2019-08-18','2019-08-20',null,'complete');
INSERT INTO INVOICECHARGE VALUES ('20190818QD7634198476867-ch00001','20190818QD7634198476867','2019-08-18',126.65,'Base room charge');
INSERT INTO INVOICECHARGE VALUES ('20190818QD7634198476867-ch00002','20190818QD7634198476867','2019-08-18',65.25,'Room Service');
INSERT INTO PAYMENT VALUES ('20190818QD7634198476867-p00001','20190818QD7634198476867','2019-08-20','CC',191.9,'Tomika Teran','7521302730502523',7,2022,719,'Mastercard');
-- ------- SAMPLE 56 ----------
INSERT INTO GUEST VALUES(1056,'Shae','Sansom','SSansom@gmail.com','1234 DaWrong Lane','Flonkerton','MD','12345','425-829-1072');
INSERT INTO RESERVATION VALUES ('20190702QS1056024716112',1056,207,'QS','2019-07-02','2019-07-06',null,'complete');
INSERT INTO INVOICECHARGE VALUES ('20190702QS1056024716112-ch00001','20190702QS1056024716112','2019-07-02',309.61,'Base room charge');
INSERT INTO INVOICECHARGE VALUES ('20190702QS1056024716112-ch00002','20190702QS1056024716112','2019-07-02',159.5,'Cleaning fee');
INSERT INTO PAYMENT VALUES ('20190702QS1056024716112-p00001','20190702QS1056024716112','2019-07-04','CC',469.11,'Shae Sansom','9517348634268816',6,2027,391,'Mastercard');
-- ------- SAMPLE 57 ----------
INSERT INTO GUEST VALUES(1057,'Lynda','Linda','LLinda@yahoo.com','1234 DaWrong Lane','Flonkerton','MD','12345','510-660-5793');
INSERT INTO RESERVATION VALUES ('20190510KI1294296602072',1057,105,'KI','2019-05-10','2019-05-13',null,'complete');
INSERT INTO INVOICECHARGE VALUES ('20190510KI1294296602072-ch00001','20190510KI1294296602072','2019-05-10',255.87,'Base room charge');
INSERT INTO PAYMENT VALUES ('20190510KI1294296602072-p00001','20190510KI1294296602072','2019-05-12','CC',255.87,'Lynda Linda','2042560419981670',3,2023,583,'Mastercard');
-- ------- SAMPLE 58 ----------
INSERT INTO GUEST VALUES(1058,'Melony','Mcmartin','MMcmartin@yahoo.com','1234 DaWrong Lane','Flonkerton','MD','12345','120-191-1241');
INSERT INTO RESERVATION VALUES ('20191009KS3262154709206',1058,112,'KS','2019-10-09','2019-10-14',null,'complete');
INSERT INTO INVOICECHARGE VALUES ('20191009KS3262154709206-ch00001','20191009KS3262154709206','2019-10-09',533.07,'Base room charge');
INSERT INTO PAYMENT (payment_id,invoice_id,payment_date,payment_type,payment_amount) VALUES ('20191009KS3262154709206-p00001','20191009KS3262154709206','2019-10-11','CA',533.07);
-- ------- SAMPLE 59 ----------
INSERT INTO GUEST VALUES(1059,'Shenna','Salmi','SSalmi@hotmail.com','1234 DaWrong Lane','Flonkerton','MD','12345','374-749-2521');
INSERT INTO RESERVATION VALUES ('20181204KS3938839242630',1059,201,'KS','2018-12-04','2018-12-06',null,'complete');
INSERT INTO INVOICECHARGE VALUES ('20181204KS3938839242630-ch00001','20181204KS3938839242630','2018-12-04',140.73,'Base room charge');
INSERT INTO INVOICECHARGE VALUES ('20181204KS3938839242630-ch00002','20181204KS3938839242630','2018-12-04',72.5,'Cleaning fee');
INSERT INTO PAYMENT VALUES ('20181204KS3938839242630-p00001','20181204KS3938839242630','2018-12-06','CC',213.23,'Shenna Salmi','4354695432802297',8,2026,857,'Mastercard');
-- ------- SAMPLE 60 ----------
INSERT INTO GUEST VALUES(1060,'Laraine','Lazar','LLazar@gmail.com','1234 DaWrong Lane','Flonkerton','MD','12345','573-229-6571');
INSERT INTO RESERVATION VALUES ('20190128KI4602685619512',1060,120,'KI','2019-01-28','2019-01-30',null,'complete');
INSERT INTO INVOICECHARGE VALUES ('20190128KI4602685619512-ch00001','20190128KI4602685619512','2019-01-28',112.58,'Base room charge');
INSERT INTO INVOICECHARGE VALUES ('20190128KI4602685619512-ch00002','20190128KI4602685619512','2019-01-28',58,'Cleaning fee');
INSERT INTO PAYMENT (payment_id,invoice_id,payment_date,payment_type,payment_amount) VALUES ('20190128KI4602685619512-p00001','20190128KI4602685619512','2019-01-30','CA',170.58);
-- ------- SAMPLE 61 ----------
INSERT INTO GUEST VALUES(1061,'Kerstin','Khalaf','KKhalaf@yahoo.com','1234 DaWrong Lane','Flonkerton','MD','12345','771-485-1929');
INSERT INTO RESERVATION VALUES ('20191224QS5952393169988',1061,108,'QS','2019-12-24','2019-12-26',null,'complete');
INSERT INTO INVOICECHARGE VALUES ('20191224QS5952393169988-ch00001','20191224QS5952393169988','2019-12-24',234.55,'Base room charge');
INSERT INTO PAYMENT (payment_id,invoice_id,payment_date,payment_type,payment_amount) VALUES ('20191224QS5952393169988-p00001','20191224QS5952393169988','2019-12-26','CA',234.55);
-- ------- SAMPLE 62 ----------
INSERT INTO GUEST VALUES(1062,'Dorian','Delbosque','DDelbosque@yahoo.com','1234 DaWrong Lane','Flonkerton','MD','12345','587-678-0491');
INSERT INTO RESERVATION VALUES ('20190730QS4626113247039',1062,202,'QS','2019-07-30','2019-08-03',null,'complete');
INSERT INTO INVOICECHARGE VALUES ('20190730QS4626113247039-ch00001','20190730QS4626113247039','2019-07-30',309.61,'Base room charge');
INSERT INTO INVOICECHARGE VALUES ('20190730QS4626113247039-ch00002','20190730QS4626113247039','2019-07-30',159.5,'Cleaning fee');
INSERT INTO PAYMENT VALUES ('20190730QS4626113247039-p00001','20190730QS4626113247039','2019-08-01','CC',469.11,'Dorian Delbosque','9471674835376141',11,2021,164,'Mastercard');
-- ------- SAMPLE 63 ----------
INSERT INTO GUEST VALUES(1063,'Kasey','Kipp','KKipp@hotmail.com','1234 DaWrong Lane','Flonkerton','MD','12345','565-233-5681');
INSERT INTO RESERVATION VALUES ('20180616QS6306430362413',1063,118,'QS','2018-06-16','2018-06-17',null,'complete');
INSERT INTO INVOICECHARGE VALUES ('20180616QS6306430362413-ch00001','20180616QS6306430362413','2018-06-16',117.28,'Base room charge');
INSERT INTO PAYMENT VALUES ('20180616QS6306430362413-p00001','20180616QS6306430362413','2018-06-18','CC',117.28,'Kasey Kipp','2484109738234176',3,2025,621,'Mastercard');
-- ------- SAMPLE 64 ----------
INSERT INTO GUEST VALUES(1064,'Christine','Ciampa','CCiampa@hotmail.com','1234 DaWrong Lane','Flonkerton','MD','12345','721-850-2664');
INSERT INTO RESERVATION VALUES ('20181108KS7364957963045',1064,102,'KS','2018-11-08','2018-11-12',null,'complete');
INSERT INTO INVOICECHARGE VALUES ('20181108KS7364957963045-ch00001','20181108KS7364957963045','2018-11-08',281.46,'Base room charge');
INSERT INTO INVOICECHARGE VALUES ('20181108KS7364957963045-ch00002','20181108KS7364957963045','2018-11-08',145,'Cleaning fee');
INSERT INTO PAYMENT VALUES ('20181108KS7364957963045-p00001','20181108KS7364957963045','2018-11-10','CC',426.46,'Christine Ciampa','4767106381269284',7,2023,699,'Mastercard');
-- ------- SAMPLE 65 ----------
INSERT INTO GUEST VALUES(1065,'Selene','Staiger','SStaiger@hotmail.com','1234 DaWrong Lane','Flonkerton','MD','12345','800-179-4477');
INSERT INTO RESERVATION VALUES ('20200510KS5596168944857',1065,null,'KS','2020-05-10','2020-05-13',null,'cancelled');
INSERT INTO INVOICECHARGE VALUES ('20200510KS5596168944857-ch00001','20200510KS5596168944857','2020-05-10',211.09,'Base room charge');
INSERT INTO INVOICECHARGE VALUES ('20200510KS5596168944857-ch00002','20200510KS5596168944857','2020-05-10',108.75,'Cleaning fee');
INSERT INTO PAYMENT VALUES ('20200510KS5596168944857-p00001','20200510KS5596168944857','2020-05-12','CC',319.84,'Selene Staiger','2058314832253768',3,2025,206,'Mastercard');
-- ------- SAMPLE 66 ----------
INSERT INTO GUEST VALUES(1066,'Raisa','Romito','RRomito@hotmail.com','1234 DaWrong Lane','Flonkerton','MD','12345','919-540-6236');
INSERT INTO RESERVATION VALUES ('20180624KJ9792998424322',1066,109,'KJ','2018-06-24','2018-06-27',null,'cancelled');
INSERT INTO INVOICECHARGE VALUES ('20180624KJ9792998424322-ch00001','20180624KJ9792998424322','2018-06-24',415.81,'Base room charge');
INSERT INTO PAYMENT VALUES ('20180624KJ9792998424322-p00001','20180624KJ9792998424322','2018-06-26','CC',415.81,'Raisa Romito','5276701638836568',5,2024,3,'Mastercard');
-- ------- SAMPLE 67 ----------
INSERT INTO GUEST VALUES(1067,'Margorie','Mcnish','MMcnish@gmail.com','1234 DaWrong Lane','Flonkerton','MD','12345','225-885-2947');
INSERT INTO RESERVATION VALUES ('20190905QS9439581826760',1067,118,'QS','2019-09-05','2019-09-07',null,'complete');
INSERT INTO INVOICECHARGE VALUES ('20190905QS9439581826760-ch00001','20190905QS9439581826760','2019-09-05',154.8,'Base room charge');
INSERT INTO INVOICECHARGE VALUES ('20190905QS9439581826760-ch00002','20190905QS9439581826760','2019-09-05',79.75,'Cleaning fee');
INSERT INTO PAYMENT VALUES ('20190905QS9439581826760-p00001','20190905QS9439581826760','2019-09-07','CC',234.55,'Margorie Mcnish','9294263423827786',10,2021,480,'Mastercard');
-- ------- SAMPLE 68 ----------
INSERT INTO GUEST VALUES(1068,'Shandi','Scharf','SScharf@gmail.com','1234 DaWrong Lane','Flonkerton','MD','12345','584-294-5080');
INSERT INTO RESERVATION VALUES ('20190323KJ1596348938565',1068,208,'KJ','2019-03-23','2019-03-28',null,'complete');
INSERT INTO INVOICECHARGE VALUES ('20190323KJ1596348938565-ch00001','20190323KJ1596348938565','2019-03-23',457.39,'Base room charge');
INSERT INTO INVOICECHARGE VALUES ('20190323KJ1596348938565-ch00002','20190323KJ1596348938565','2019-03-23',235.62,'Room Service');
INSERT INTO PAYMENT VALUES ('20190323KJ1596348938565-p00001','20190323KJ1596348938565','2019-03-25','CC',693.01,'Shandi Scharf','1458819879412006',7,2022,272,'Mastercard');
-- ------- SAMPLE 69 ----------
INSERT INTO GUEST VALUES(1069,'Yuette','Yetman','YYetman@hotmail.com','1234 DaWrong Lane','Flonkerton','MD','12345','928-958-5795');
INSERT INTO RESERVATION VALUES ('20190924KI9798807195758',1069,204,'KI','2019-09-24','2019-09-29',null,'complete');
INSERT INTO INVOICECHARGE VALUES ('20190924KI9798807195758-ch00001','20190924KI9798807195758','2019-09-24',281.46,'Base room charge');
INSERT INTO INVOICECHARGE VALUES ('20190924KI9798807195758-ch00002','20190924KI9798807195758','2019-09-24',144.99,'Room Service');
INSERT INTO PAYMENT VALUES ('20190924KI9798807195758-p00001','20190924KI9798807195758','2019-09-26','CC',426.45,'Yuette Yetman','1745036217167075',11,2027,344,'Mastercard');
-- ------- SAMPLE 70 ----------
INSERT INTO GUEST VALUES(1070,'Luella','Lundstrom','LLundstrom@hotmail.com','1234 DaWrong Lane','Flonkerton','MD','12345','272-911-2585');
INSERT INTO RESERVATION VALUES ('20190222QS8215192618106',1070,108,'QS','2019-02-22','2019-02-26',null,'complete');
INSERT INTO INVOICECHARGE VALUES ('20190222QS8215192618106-ch00001','20190222QS8215192618106','2019-02-22',309.61,'Base room charge');
INSERT INTO INVOICECHARGE VALUES ('20190222QS8215192618106-ch00002','20190222QS8215192618106','2019-02-22',159.5,'Room Service');
INSERT INTO PAYMENT VALUES ('20190222QS8215192618106-p00001','20190222QS8215192618106','2019-02-24','CC',469.11,'Luella Lundstrom','9784843523637819',7,2022,70,'Mastercard');
-- ------- SAMPLE 71 ----------
INSERT INTO GUEST VALUES(1071,'Kerstin','Khalaf','KKhalaf@hotmail.com','1234 DaWrong Lane','Flonkerton','MD','12345','526-387-2519');
INSERT INTO RESERVATION VALUES ('20190113KJ6377326283443',1071,208,'KJ','2019-01-13','2019-01-18',null,'complete');
INSERT INTO INVOICECHARGE VALUES ('20190113KJ6377326283443-ch00001','20190113KJ6377326283443','2019-01-13',693.01,'Base room charge');
INSERT INTO PAYMENT VALUES ('20190113KJ6377326283443-p00001','20190113KJ6377326283443','2019-01-15','CC',693.01,'Kerstin Khalaf','2460258704214738',9,2027,581,'Mastercard');
-- ------- SAMPLE 72 ----------
INSERT INTO GUEST VALUES(1072,'Luella','Lundstrom','LLundstrom@gmail.com','1234 DaWrong Lane','Flonkerton','MD','12345','101-424-3623');
INSERT INTO RESERVATION VALUES ('20190606KS9125044521716',1072,201,'KS','2019-06-06','2019-06-11',null,'complete');
INSERT INTO INVOICECHARGE VALUES ('20190606KS9125044521716-ch00001','20190606KS9125044521716','2019-06-06',533.07,'Base room charge');
INSERT INTO PAYMENT VALUES ('20190606KS9125044521716-p00001','20190606KS9125044521716','2019-06-08','CC',533.07,'Luella Lundstrom','8931560349597437',10,2024,353,'Mastercard');
-- ------- SAMPLE 73 ----------
INSERT INTO GUEST VALUES(1073,'Shena','Sandoz','SSandoz@gmail.com','1234 DaWrong Lane','Flonkerton','MD','12345','254-678-4930');
INSERT INTO RESERVATION VALUES ('20201014QS5013442753786',1073,null,'QS','2020-10-14','2020-10-18',null,'active');
INSERT INTO INVOICECHARGE VALUES ('20201014QS5013442753786-ch00001','20201014QS5013442753786','2020-10-14',469.11,'Base room charge');
INSERT INTO PAYMENT VALUES ('20201014QS5013442753786-p00001','20201014QS5013442753786','2020-10-16','CC',469.11,'Shena Sandoz','9216999275336361',5,2022,276,'Mastercard');
-- ------- SAMPLE 74 ----------
INSERT INTO GUEST VALUES(1074,'Kasey','Kipp','KKipp@hotmail.com','1234 DaWrong Lane','Flonkerton','MD','12345','056-994-6370');
INSERT INTO RESERVATION VALUES ('20190325KS9995396132056',1074,201,'KS','2019-03-25','2019-03-30',null,'complete');
INSERT INTO INVOICECHARGE VALUES ('20190325KS9995396132056-ch00001','20190325KS9995396132056','2019-03-25',533.07,'Base room charge');
INSERT INTO PAYMENT VALUES ('20190325KS9995396132056-p00001','20190325KS9995396132056','2019-03-27','CC',533.07,'Kasey Kipp','3289836742820394',1,2021,390,'Mastercard');
-- ------- SAMPLE 75 ----------
INSERT INTO GUEST VALUES(1075,'Nena','Nunez','NNunez@yahoo.com','1234 DaWrong Lane','Flonkerton','MD','12345','221-787-5891');
INSERT INTO RESERVATION VALUES ('20201028QD2034291981536',1075,null,'QD','2020-10-28','2020-10-31',null,'active');
INSERT INTO INVOICECHARGE VALUES ('20201028QD2034291981536-ch00001','20201028QD2034291981536','2020-10-28',189.99,'Base room charge');
INSERT INTO INVOICECHARGE VALUES ('20201028QD2034291981536-ch00002','20201028QD2034291981536','2020-10-28',97.87,'Cleaning fee');
INSERT INTO PAYMENT (payment_id,invoice_id,payment_date,payment_type,payment_amount) VALUES ('20201028QD2034291981536-p00001','20201028QD2034291981536','2020-10-30','CA',287.86);
-- ------- SAMPLE 76 ----------
INSERT INTO GUEST VALUES(1076,'Georgianne','Guadarrama','GGuadarrama@yahoo.com','1234 DaWrong Lane','Flonkerton','MD','12345','675-521-0037');
INSERT INTO RESERVATION VALUES ('20210103KS7971721702433',1076,null,'KS','2021-01-03','2021-01-07',null,'active');
INSERT INTO INVOICECHARGE VALUES ('20210103KS7971721702433-ch00001','20210103KS7971721702433','2021-01-03',426.46,'Base room charge');
INSERT INTO PAYMENT VALUES ('20210103KS7971721702433-p00001','20210103KS7971721702433','2021-01-05','CC',426.46,'Georgianne Guadarrama','9826347388998502',8,2024,872,'Mastercard');
-- ------- SAMPLE 77 ----------
INSERT INTO GUEST VALUES(1077,'Gwyneth','Gamber','GGamber@gmail.com','1234 DaWrong Lane','Flonkerton','MD','12345','867-765-9376');
INSERT INTO RESERVATION VALUES ('20190308QD6879280835513',1077,116,'QD','2019-03-08','2019-03-11',null,'complete');
INSERT INTO INVOICECHARGE VALUES ('20190308QD6879280835513-ch00001','20190308QD6879280835513','2019-03-08',191.9,'Base room charge');
INSERT INTO PAYMENT VALUES ('20190308QD6879280835513-p00001','20190308QD6879280835513','2019-03-10','CC',191.9,'Gwyneth Gamber','4814119841513557',9,2027,375,'Mastercard');
-- ------- SAMPLE 78 ----------
INSERT INTO GUEST VALUES(1078,'Adrianna','Aungst','AAungst@yahoo.com','1234 DaWrong Lane','Flonkerton','MD','12345','681-540-3685');
INSERT INTO RESERVATION VALUES ('20210205QS5703203517783',1078,null,'QS','2021-02-05','2021-02-09',null,'cancelled');
INSERT INTO INVOICECHARGE VALUES ('20210205QS5703203517783-ch00001','20210205QS5703203517783','2021-02-05',469.11,'Base room charge');
INSERT INTO PAYMENT VALUES ('20210205QS5703203517783-p00001','20210205QS5703203517783','2021-02-07','CC',91,'Adrianna Aungst','4380111370294008',6,2023,857,'Mastercard');
-- ------- SAMPLE 79 ----------
INSERT INTO GUEST VALUES(1079,'Cherry','Chiarello','CChiarello@gmail.com','1234 DaWrong Lane','Flonkerton','MD','12345','745-773-1613');
INSERT INTO RESERVATION VALUES ('20200930QS5143786693951',1079,null,'QS','2020-09-30','2020-10-04',null,'active');
INSERT INTO INVOICECHARGE VALUES ('20200930QS5143786693951-ch00001','20200930QS5143786693951','2020-09-30',309.61,'Base room charge');
INSERT INTO INVOICECHARGE VALUES ('20200930QS5143786693951-ch00002','20200930QS5143786693951','2020-09-30',159.5,'Room Service');
INSERT INTO PAYMENT VALUES ('20200930QS5143786693951-p00001','20200930QS5143786693951','2020-10-02','CC',469.11,'Cherry Chiarello','8195020046019248',4,2023,374,'Mastercard');
-- ------- SAMPLE 80 ----------
INSERT INTO GUEST VALUES(1080,'Leonore','Losh','LLosh@yahoo.com','1234 DaWrong Lane','Flonkerton','MD','12345','874-138-6817');
INSERT INTO RESERVATION VALUES ('20191030QD1509137562981',1080,116,'QD','2019-10-30','2019-11-03',null,'complete');
INSERT INTO INVOICECHARGE VALUES ('20191030QD1509137562981-ch00001','20191030QD1509137562981','2019-10-30',253.31,'Base room charge');
INSERT INTO INVOICECHARGE VALUES ('20191030QD1509137562981-ch00002','20191030QD1509137562981','2019-10-30',130.5,'Cleaning fee');
INSERT INTO PAYMENT (payment_id,invoice_id,payment_date,payment_type,payment_amount) VALUES ('20191030QD1509137562981-p00001','20191030QD1509137562981','2019-11-01','CA',383.81);
-- ------- SAMPLE 81 ----------
INSERT INTO GUEST VALUES(1081,'Aretha','Acy','AAcy@hotmail.com','1234 DaWrong Lane','Flonkerton','MD','12345','218-291-8325');
INSERT INTO RESERVATION VALUES ('20190903KS3151275413983',1081,206,'KS','2019-09-03','2019-09-07',null,'cancelled');
INSERT INTO INVOICECHARGE VALUES ('20190903KS3151275413983-ch00001','20190903KS3151275413983','2019-09-03',426.46,'Base room charge');
INSERT INTO PAYMENT (payment_id,invoice_id,payment_date,payment_type,payment_amount) VALUES ('20190903KS3151275413983-p00001','20190903KS3151275413983','2019-09-05','CA',426.46);
-- ------- SAMPLE 82 ----------
INSERT INTO GUEST VALUES(1082,'Bell','Belizaire','BBelizaire@gmail.com','1234 DaWrong Lane','Flonkerton','MD','12345','374-717-3409');
INSERT INTO RESERVATION VALUES ('20180726KS7914657586220',1082,102,'KS','2018-07-26','2018-07-27',null,'complete');
INSERT INTO INVOICECHARGE VALUES ('20180726KS7914657586220-ch00001','20180726KS7914657586220','2018-07-26',70.36,'Base room charge');
INSERT INTO INVOICECHARGE VALUES ('20180726KS7914657586220-ch00002','20180726KS7914657586220','2018-07-26',36.25,'Cleaning fee');
INSERT INTO PAYMENT VALUES ('20180726KS7914657586220-p00001','20180726KS7914657586220','2018-07-28','CC',106.61,'Bell Belizaire','1413256672168757',7,2024,816,'Mastercard');
-- ------- SAMPLE 83 ----------
INSERT INTO GUEST VALUES(1083,'Shonda','Schult','SSchult@hotmail.com','1234 DaWrong Lane','Flonkerton','MD','12345','292-698-8077');
INSERT INTO RESERVATION VALUES ('20201023KJ5524802301109',1083,null,'KJ','2020-10-23','2020-10-25',null,'active');
-- ------- SAMPLE 84 ----------
INSERT INTO GUEST VALUES(1084,'Kathey','Kingston','KKingston@hotmail.com','1234 DaWrong Lane','Flonkerton','MD','12345','727-386-2120');
INSERT INTO RESERVATION VALUES ('20190806KS6134747443495',1084,112,'KS','2019-08-06','2019-08-11',null,'complete');
INSERT INTO INVOICECHARGE VALUES ('20190806KS6134747443495-ch00001','20190806KS6134747443495','2019-08-06',533.07,'Base room charge');
INSERT INTO PAYMENT VALUES ('20190806KS6134747443495-p00001','20190806KS6134747443495','2019-08-08','CC',533.07,'Kathey Kingston','4809792647645751',2,2024,308,'Mastercard');
-- ------- SAMPLE 85 ----------
INSERT INTO GUEST VALUES(1085,'Marylynn','Musson','MMusson@yahoo.com','1234 DaWrong Lane','Flonkerton','MD','12345','406-680-4757');
INSERT INTO RESERVATION VALUES ('20200322QS9491881611155',1085,103,'QS','2020-03-22','2020-03-23',null,'complete');
INSERT INTO INVOICECHARGE VALUES ('20200322QS9491881611155-ch00001','20200322QS9491881611155','2020-03-22',77.4,'Base room charge');
INSERT INTO INVOICECHARGE VALUES ('20200322QS9491881611155-ch00002','20200322QS9491881611155','2020-03-22',39.88,'Cleaning fee');
INSERT INTO PAYMENT VALUES ('20200322QS9491881611155-p00001','20200322QS9491881611155','2020-03-24','CC',117.28,'Marylynn Musson','2318105564402216',6,2026,307,'Mastercard');
-- ------- SAMPLE 86 ----------
INSERT INTO GUEST VALUES(1086,'Heather','Hartin','HHartin@hotmail.com','1234 DaWrong Lane','Flonkerton','MD','12345','289-607-9043');
INSERT INTO RESERVATION VALUES ('20201108KS6519599058826',1086,null,'KS','2020-11-08','2020-11-10',null,'active');
-- ------- SAMPLE 87 ----------
INSERT INTO GUEST VALUES(1087,'Asa','Allan','AAllan@hotmail.com','1234 DaWrong Lane','Flonkerton','MD','12345','529-819-7256');
INSERT INTO RESERVATION VALUES ('20200902KI6809079241222',1087,null,'KI','2020-09-02','2020-09-05',null,'active');
-- ------- SAMPLE 88 ----------
INSERT INTO GUEST VALUES(1088,'Daron','Dycus','DDycus@gmail.com','1234 DaWrong Lane','Flonkerton','MD','12345','500-796-5753');
INSERT INTO RESERVATION VALUES ('20200704QD8722675992786',1088,null,'QD','2020-07-04','2020-07-05',null,'active');
INSERT INTO INVOICECHARGE VALUES ('20200704QD8722675992786-ch00001','20200704QD8722675992786','2020-07-04',95.95,'Base room charge');
INSERT INTO PAYMENT (payment_id,invoice_id,payment_date,payment_type,payment_amount) VALUES ('20200704QD8722675992786-p00001','20200704QD8722675992786','2020-07-06','CA',95.95);
-- ------- SAMPLE 89 ----------
INSERT INTO GUEST VALUES(1089,'Floy','Feinstein','FFeinstein@yahoo.com','1234 DaWrong Lane','Flonkerton','MD','12345','513-404-6552');
INSERT INTO RESERVATION VALUES ('20190819QS7375181105321',1089,113,'QS','2019-08-19','2019-08-23',null,'complete');
INSERT INTO INVOICECHARGE VALUES ('20190819QS7375181105321-ch00001','20190819QS7375181105321','2019-08-19',309.61,'Base room charge');
INSERT INTO INVOICECHARGE VALUES ('20190819QS7375181105321-ch00002','20190819QS7375181105321','2019-08-19',159.5,'Cleaning fee');
INSERT INTO PAYMENT VALUES ('20190819QS7375181105321-p00001','20190819QS7375181105321','2019-08-21','CC',469.11,'Floy Feinstein','7155040690550607',10,2023,968,'Mastercard');
-- ------- SAMPLE 90 ----------
INSERT INTO GUEST VALUES(1090,'Jammie','Jo','JJo@yahoo.com','1234 DaWrong Lane','Flonkerton','MD','12345','526-146-2203');
INSERT INTO RESERVATION VALUES ('20210203KI3161285572820',1090,null,'KI','2021-02-03','2021-02-04',null,'active');
INSERT INTO INVOICECHARGE VALUES ('20210203KI3161285572820-ch00001','20210203KI3161285572820','2021-02-03',85.29,'Base room charge');
INSERT INTO PAYMENT VALUES ('20210203KI3161285572820-p00001','20210203KI3161285572820','2021-02-05','CC',85.29,'Jammie Jo','5074607900689284',2,2023,57,'Mastercard');
-- ------- SAMPLE 91 ----------
INSERT INTO GUEST VALUES(1091,'Rachell','Riser','RRiser@hotmail.com','1234 DaWrong Lane','Flonkerton','MD','12345','739-095-5781');
INSERT INTO RESERVATION VALUES ('20201220KS2429642941771',1091,null,'KS','2020-12-20','2020-12-24',null,'active');
INSERT INTO INVOICECHARGE VALUES ('20201220KS2429642941771-ch00001','20201220KS2429642941771','2020-12-20',426.46,'Base room charge');
INSERT INTO PAYMENT VALUES ('20201220KS2429642941771-p00001','20201220KS2429642941771','2020-12-22','CC',20,'Rachell Riser','5386218511176630',1,2025,774,'Mastercard');
-- ------- SAMPLE 92 ----------
INSERT INTO GUEST VALUES(1092,'Bessie','Buhler','BBuhler@yahoo.com','1234 DaWrong Lane','Flonkerton','MD','12345','698-846-1427');
INSERT INTO RESERVATION VALUES ('20201004KS4162531934399',1092,null,'KS','2020-10-04','2020-10-09',null,'active');
-- ------- SAMPLE 93 ----------
INSERT INTO GUEST VALUES(1093,'Freida','Forbis','FForbis@hotmail.com','1234 DaWrong Lane','Flonkerton','MD','12345','054-785-7413');
INSERT INTO RESERVATION VALUES ('20210429QS9295503717446',1093,null,'QS','2021-04-29','2021-04-30',null,'active');
INSERT INTO INVOICECHARGE VALUES ('20210429QS9295503717446-ch00001','20210429QS9295503717446','2021-04-29',77.4,'Base room charge');
INSERT INTO INVOICECHARGE VALUES ('20210429QS9295503717446-ch00002','20210429QS9295503717446','2021-04-29',39.88,'Cleaning fee');
INSERT INTO PAYMENT (payment_id,invoice_id,payment_date,payment_type,payment_amount) VALUES ('20210429QS9295503717446-p00001','20210429QS9295503717446','2021-05-01','CA',48);
-- ------- SAMPLE 94 ----------
INSERT INTO GUEST VALUES(1094,'Lorean','Loden','LLoden@yahoo.com','1234 DaWrong Lane','Flonkerton','MD','12345','909-566-9158');
INSERT INTO RESERVATION VALUES ('20200829QD7566851028939',1094,null,'QD','2020-08-29','2020-09-03',null,'active');
INSERT INTO INVOICECHARGE VALUES ('20200829QD7566851028939-ch00001','20200829QD7566851028939','2020-08-29',479.76,'Base room charge');
INSERT INTO PAYMENT (payment_id,invoice_id,payment_date,payment_type,payment_amount) VALUES ('20200829QD7566851028939-p00001','20200829QD7566851028939','2020-08-31','CA',36);
-- ------- SAMPLE 95 ----------
INSERT INTO GUEST VALUES(1095,'Alverta','Arce','AArce@gmail.com','1234 DaWrong Lane','Flonkerton','MD','12345','364-416-7226');
INSERT INTO RESERVATION VALUES ('20181007KI8103622040044',1095,204,'KI','2018-10-07','2018-10-12',null,'complete');
INSERT INTO INVOICECHARGE VALUES ('20181007KI8103622040044-ch00001','20181007KI8103622040044','2018-10-07',281.46,'Base room charge');
INSERT INTO INVOICECHARGE VALUES ('20181007KI8103622040044-ch00002','20181007KI8103622040044','2018-10-07',144.99,'Room Service');
INSERT INTO PAYMENT VALUES ('20181007KI8103622040044-p00001','20181007KI8103622040044','2018-10-09','CC',426.45,'Alverta Arce','6822687108548041',2,2027,290,'Mastercard');
-- ------- SAMPLE 96 ----------
INSERT INTO GUEST VALUES(1096,'Kerstin','Khalaf','KKhalaf@hotmail.com','1234 DaWrong Lane','Flonkerton','MD','12345','245-570-8436');
INSERT INTO RESERVATION VALUES ('20201101KS4456673894893',1096,null,'KS','2020-11-01','2020-11-02',null,'active');
INSERT INTO INVOICECHARGE VALUES ('20201101KS4456673894893-ch00001','20201101KS4456673894893','2020-11-01',106.61,'Base room charge');
INSERT INTO PAYMENT VALUES ('20201101KS4456673894893-p00001','20201101KS4456673894893','2020-11-03','CC',106.61,'Kerstin Khalaf','7030819971186005',1,2025,656,'Mastercard');
-- ------- SAMPLE 97 ----------
INSERT INTO GUEST VALUES(1097,'Rosemarie','Roeser','RRoeser@hotmail.com','1234 DaWrong Lane','Flonkerton','MD','12345','911-494-9729');
INSERT INTO RESERVATION VALUES ('20181126KI7153170106316',1097,120,'KI','2018-11-26','2018-11-29',null,'complete');
INSERT INTO INVOICECHARGE VALUES ('20181126KI7153170106316-ch00001','20181126KI7153170106316','2018-11-26',255.87,'Base room charge');
INSERT INTO PAYMENT (payment_id,invoice_id,payment_date,payment_type,payment_amount) VALUES ('20181126KI7153170106316-p00001','20181126KI7153170106316','2018-11-28','CA',255.87);
-- ------- SAMPLE 98 ----------
INSERT INTO GUEST VALUES(1098,'Delsie','Delong','DDelong@gmail.com','1234 DaWrong Lane','Flonkerton','MD','12345','699-988-6532');
INSERT INTO RESERVATION VALUES ('20181114KI6774166489408',1098,204,'KI','2018-11-14','2018-11-16',null,'complete');
INSERT INTO INVOICECHARGE VALUES ('20181114KI6774166489408-ch00001','20181114KI6774166489408','2018-11-14',170.58,'Base room charge');
INSERT INTO PAYMENT VALUES ('20181114KI6774166489408-p00001','20181114KI6774166489408','2018-11-16','CC',170.58,'Delsie Delong','9667465545989959',4,2026,294,'Mastercard');
-- ------- SAMPLE 99 ----------
INSERT INTO GUEST VALUES(1099,'Yuette','Yetman','YYetman@yahoo.com','1234 DaWrong Lane','Flonkerton','MD','12345','446-726-1919');
INSERT INTO RESERVATION VALUES ('20190512QS4317125370610',1099,202,'QS','2019-05-12','2019-05-16',null,'cancelled');
INSERT INTO INVOICECHARGE VALUES ('20190512QS4317125370610-ch00001','20190512QS4317125370610','2019-05-12',309.61,'Base room charge');
INSERT INTO INVOICECHARGE VALUES ('20190512QS4317125370610-ch00002','20190512QS4317125370610','2019-05-12',159.5,'Cleaning fee');
INSERT INTO PAYMENT VALUES ('20190512QS4317125370610-p00001','20190512QS4317125370610','2019-05-14','CC',469.11,'Yuette Yetman','4318321259883245',2,2023,730,'Mastercard');
-- ------- SAMPLE 100 ----------
INSERT INTO GUEST VALUES(1100,'Jammie','Jo','JJo@yahoo.com','1234 DaWrong Lane','Flonkerton','MD','12345','375-576-6138');
INSERT INTO RESERVATION VALUES ('20180917KS2146025435628',1100,117,'KS','2018-09-17','2018-09-18',null,'complete');
INSERT INTO INVOICECHARGE VALUES ('20180917KS2146025435628-ch00001','20180917KS2146025435628','2018-09-17',106.61,'Base room charge');
INSERT INTO PAYMENT VALUES ('20180917KS2146025435628-p00001','20180917KS2146025435628','2018-09-19','CC',106.61,'Jammie Jo','2345912820059528',5,2025,22,'Mastercard');
-- ------- SAMPLE 101 ----------
INSERT INTO GUEST VALUES(1101,'Dewey','Dye','DDye@hotmail.com','1234 DaWrong Lane','Flonkerton','MD','12345','167-589-2020');
INSERT INTO RESERVATION VALUES ('20180516KS4887433946584',1101,102,'KS','2018-05-16','2018-05-21',null,'complete');
INSERT INTO INVOICECHARGE VALUES ('20180516KS4887433946584-ch00001','20180516KS4887433946584','2018-05-16',351.83,'Base room charge');
INSERT INTO INVOICECHARGE VALUES ('20180516KS4887433946584-ch00002','20180516KS4887433946584','2018-05-16',181.24,'Cleaning fee');
INSERT INTO PAYMENT VALUES ('20180516KS4887433946584-p00001','20180516KS4887433946584','2018-05-18','CC',533.07,'Dewey Dye','7293149498283814',3,2023,971,'Mastercard');
-- ------- SAMPLE 102 ----------
INSERT INTO GUEST VALUES(1102,'Claribel','Catanzaro','CCatanzaro@gmail.com','1234 DaWrong Lane','Flonkerton','MD','12345','456-332-8307');
INSERT INTO RESERVATION VALUES ('20201002QD4354427750534',1102,null,'QD','2020-10-02','2020-10-04',null,'active');
INSERT INTO INVOICECHARGE VALUES ('20201002QD4354427750534-ch00001','20201002QD4354427750534','2020-10-02',191.9,'Base room charge');
INSERT INTO PAYMENT VALUES ('20201002QD4354427750534-p00001','20201002QD4354427750534','2020-10-04','CC',52,'Claribel Catanzaro','9400721116384420',9,2023,249,'Mastercard');
-- ------- SAMPLE 103 ----------
INSERT INTO GUEST VALUES(1103,'Ceola','Carasco','CCarasco@gmail.com','1234 DaWrong Lane','Flonkerton','MD','12345','332-433-4313');
INSERT INTO RESERVATION VALUES ('20210201KS8284095504739',1103,null,'KS','2021-02-01','2021-02-02',null,'cancelled');
INSERT INTO INVOICECHARGE VALUES ('20210201KS8284095504739-ch00001','20210201KS8284095504739','2021-02-01',70.36,'Base room charge');
INSERT INTO INVOICECHARGE VALUES ('20210201KS8284095504739-ch00002','20210201KS8284095504739','2021-02-01',36.25,'Room Service');
INSERT INTO PAYMENT VALUES ('20210201KS8284095504739-p00001','20210201KS8284095504739','2021-02-03','CC',106.61,'Ceola Carasco','4215937611972653',10,2026,488,'Mastercard');
-- ------- SAMPLE 104 ----------
INSERT INTO GUEST VALUES(1104,'Eryn','Edenfield','EEdenfield@yahoo.com','1234 DaWrong Lane','Flonkerton','MD','12345','331-432-9045');
INSERT INTO RESERVATION VALUES ('20200818QD2430681840030',1104,null,'QD','2020-08-18','2020-08-19',null,'cancelled');
-- ------- SAMPLE 105 ----------
INSERT INTO GUEST VALUES(1105,'Kenisha','Kane','KKane@yahoo.com','1234 DaWrong Lane','Flonkerton','MD','12345','792-789-2995');
INSERT INTO RESERVATION VALUES ('20190909QS5782764507671',1105,118,'QS','2019-09-09','2019-09-12',null,'complete');
INSERT INTO INVOICECHARGE VALUES ('20190909QS5782764507671-ch00001','20190909QS5782764507671','2019-09-09',351.83,'Base room charge');
INSERT INTO PAYMENT VALUES ('20190909QS5782764507671-p00001','20190909QS5782764507671','2019-09-11','CC',351.83,'Kenisha Kane','7797718509699246',10,2026,499,'Mastercard');
-- ------- SAMPLE 106 ----------
INSERT INTO GUEST VALUES(1106,'Buford','Biddy','BBiddy@yahoo.com','1234 DaWrong Lane','Flonkerton','MD','12345','633-663-2193');
INSERT INTO RESERVATION VALUES ('20200808KJ8209639295226',1106,null,'KJ','2020-08-08','2020-08-12',null,'active');
INSERT INTO INVOICECHARGE VALUES ('20200808KJ8209639295226-ch00001','20200808KJ8209639295226','2020-08-08',554.41,'Base room charge');
INSERT INTO PAYMENT (payment_id,invoice_id,payment_date,payment_type,payment_amount) VALUES ('20200808KJ8209639295226-p00001','20200808KJ8209639295226','2020-08-10','CA',554.41);
-- ------- SAMPLE 107 ----------
INSERT INTO GUEST VALUES(1107,'Francie','Fairbank','FFairbank@gmail.com','1234 DaWrong Lane','Flonkerton','MD','12345','329-587-5503');
INSERT INTO RESERVATION VALUES ('20180518QS1728440981092',1107,108,'QS','2018-05-18','2018-05-19',null,'complete');
INSERT INTO INVOICECHARGE VALUES ('20180518QS1728440981092-ch00001','20180518QS1728440981092','2018-05-18',77.4,'Base room charge');
INSERT INTO INVOICECHARGE VALUES ('20180518QS1728440981092-ch00002','20180518QS1728440981092','2018-05-18',39.88,'Cleaning fee');
INSERT INTO PAYMENT VALUES ('20180518QS1728440981092-p00001','20180518QS1728440981092','2018-05-20','CC',117.28,'Francie Fairbank','2150333211674722',10,2025,578,'Mastercard');
-- ------- SAMPLE 108 ----------
INSERT INTO GUEST VALUES(1108,'Hedwig','Hinz','HHinz@yahoo.com','1234 DaWrong Lane','Flonkerton','MD','12345','763-404-0163');
INSERT INTO RESERVATION VALUES ('20180721QD2554626347127',1108,101,'QD','2018-07-21','2018-07-23',null,'complete');
INSERT INTO INVOICECHARGE VALUES ('20180721QD2554626347127-ch00001','20180721QD2554626347127','2018-07-21',191.9,'Base room charge');
INSERT INTO PAYMENT (payment_id,invoice_id,payment_date,payment_type,payment_amount) VALUES ('20180721QD2554626347127-p00001','20180721QD2554626347127','2018-07-23','CA',191.9);
-- ------- SAMPLE 109 ----------
INSERT INTO GUEST VALUES(1109,'Dorothea','Dipaolo','DDipaolo@hotmail.com','1234 DaWrong Lane','Flonkerton','MD','12345','085-935-1302');
INSERT INTO RESERVATION VALUES ('20190901QS3145106319083',1109,118,'QS','2019-09-01','2019-09-04',null,'complete');
INSERT INTO INVOICECHARGE VALUES ('20190901QS3145106319083-ch00001','20190901QS3145106319083','2019-09-01',232.21,'Base room charge');
INSERT INTO INVOICECHARGE VALUES ('20190901QS3145106319083-ch00002','20190901QS3145106319083','2019-09-01',119.62,'Cleaning fee');
INSERT INTO PAYMENT VALUES ('20190901QS3145106319083-p00001','20190901QS3145106319083','2019-09-03','CC',351.83,'Dorothea Dipaolo','7434564984498096',5,2023,439,'Mastercard');
-- ------- SAMPLE 110 ----------
INSERT INTO GUEST VALUES(1110,'Daron','Dycus','DDycus@hotmail.com','1234 DaWrong Lane','Flonkerton','MD','12345','903-213-5694');
INSERT INTO RESERVATION VALUES ('20180818KS8866013251913',1110,117,'KS','2018-08-18','2018-08-23',null,'complete');
INSERT INTO INVOICECHARGE VALUES ('20180818KS8866013251913-ch00001','20180818KS8866013251913','2018-08-18',533.07,'Base room charge');
INSERT INTO PAYMENT VALUES ('20180818KS8866013251913-p00001','20180818KS8866013251913','2018-08-20','CC',533.07,'Daron Dycus','7267245393739425',9,2021,342,'Mastercard');
-- ------- SAMPLE 111 ----------
INSERT INTO GUEST VALUES(1111,'Alverta','Arce','AArce@gmail.com','1234 DaWrong Lane','Flonkerton','MD','12345','910-314-0728');
INSERT INTO RESERVATION VALUES ('20190919QD7785224411269',1111,106,'QD','2019-09-19','2019-09-24',null,'complete');
INSERT INTO INVOICECHARGE VALUES ('20190919QD7785224411269-ch00001','20190919QD7785224411269','2019-09-19',479.76,'Base room charge');
INSERT INTO PAYMENT (payment_id,invoice_id,payment_date,payment_type,payment_amount) VALUES ('20190919QD7785224411269-p00001','20190919QD7785224411269','2019-09-21','CA',479.76);
-- ------- SAMPLE 112 ----------
INSERT INTO GUEST VALUES(1112,'Reita','Rudder','RRudder@yahoo.com','1234 DaWrong Lane','Flonkerton','MD','12345','074-155-5185');
INSERT INTO RESERVATION VALUES ('20190902KI7165899545154',1112,120,'KI','2019-09-02','2019-09-07',null,'complete');
INSERT INTO INVOICECHARGE VALUES ('20190902KI7165899545154-ch00001','20190902KI7165899545154','2019-09-02',281.46,'Base room charge');
INSERT INTO INVOICECHARGE VALUES ('20190902KI7165899545154-ch00002','20190902KI7165899545154','2019-09-02',144.99,'Cleaning fee');
INSERT INTO PAYMENT VALUES ('20190902KI7165899545154-p00001','20190902KI7165899545154','2019-09-04','CC',426.45,'Reita Rudder','1574927710081847',5,2025,724,'Mastercard');
-- ------- SAMPLE 113 ----------
INSERT INTO GUEST VALUES(1113,'Lorean','Loden','LLoden@yahoo.com','1234 DaWrong Lane','Flonkerton','MD','12345','152-829-1986');
INSERT INTO RESERVATION VALUES ('20191118KI2307114042625',1113,115,'KI','2019-11-18','2019-11-22',null,'complete');
INSERT INTO INVOICECHARGE VALUES ('20191118KI2307114042625-ch00001','20191118KI2307114042625','2019-11-18',225.17,'Base room charge');
INSERT INTO INVOICECHARGE VALUES ('20191118KI2307114042625-ch00002','20191118KI2307114042625','2019-11-18',115.99,'Room Service');
INSERT INTO PAYMENT VALUES ('20191118KI2307114042625-p00001','20191118KI2307114042625','2019-11-20','CC',341.16,'Lorean Loden','2085981234834702',3,2022,220,'Mastercard');
-- ------- SAMPLE 114 ----------
INSERT INTO GUEST VALUES(1114,'Margorie','Mcnish','MMcnish@yahoo.com','1234 DaWrong Lane','Flonkerton','MD','12345','805-711-6198');
INSERT INTO RESERVATION VALUES ('20200820QD9254701067781',1114,null,'QD','2020-08-20','2020-08-21',null,'active');
INSERT INTO INVOICECHARGE VALUES ('20200820QD9254701067781-ch00001','20200820QD9254701067781','2020-08-20',95.95,'Base room charge');
INSERT INTO PAYMENT VALUES ('20200820QD9254701067781-p00001','20200820QD9254701067781','2020-08-22','CC',95.95,'Margorie Mcnish','4200599774273375',1,2025,477,'Mastercard');
-- ------- SAMPLE 115 ----------
INSERT INTO GUEST VALUES(1115,'Floy','Feinstein','FFeinstein@hotmail.com','1234 DaWrong Lane','Flonkerton','MD','12345','752-361-3018');
INSERT INTO RESERVATION VALUES ('20210106KS6767633700498',1115,null,'KS','2021-01-06','2021-01-09',null,'active');
INSERT INTO INVOICECHARGE VALUES ('20210106KS6767633700498-ch00001','20210106KS6767633700498','2021-01-06',319.84,'Base room charge');
INSERT INTO PAYMENT VALUES ('20210106KS6767633700498-p00001','20210106KS6767633700498','2021-01-08','CC',319.84,'Floy Feinstein','5282656842780400',5,2024,652,'Mastercard');
-- ------- SAMPLE 116 ----------
INSERT INTO GUEST VALUES(1116,'Jeanene','Jacobo','JJacobo@gmail.com','1234 DaWrong Lane','Flonkerton','MD','12345','449-054-3360');
INSERT INTO RESERVATION VALUES ('20190804KS2942627937617',1116,117,'KS','2019-08-04','2019-08-05',null,'complete');
INSERT INTO INVOICECHARGE VALUES ('20190804KS2942627937617-ch00001','20190804KS2942627937617','2019-08-04',70.36,'Base room charge');
INSERT INTO INVOICECHARGE VALUES ('20190804KS2942627937617-ch00002','20190804KS2942627937617','2019-08-04',36.25,'Room Service');
INSERT INTO PAYMENT VALUES ('20190804KS2942627937617-p00001','20190804KS2942627937617','2019-08-06','CC',106.61,'Jeanene Jacobo','8370535779744709',10,2026,884,'Mastercard');
-- ------- SAMPLE 117 ----------
INSERT INTO GUEST VALUES(1117,'Eryn','Edenfield','EEdenfield@yahoo.com','1234 DaWrong Lane','Flonkerton','MD','12345','940-133-0687');
INSERT INTO RESERVATION VALUES ('20201218KI3970436626471',1117,null,'KI','2020-12-18','2020-12-20',null,'active');
-- ------- SAMPLE 118 ----------
INSERT INTO GUEST VALUES(1118,'Ginger','Gordillo','GGordillo@yahoo.com','1234 DaWrong Lane','Flonkerton','MD','12345','029-734-5514');
INSERT INTO RESERVATION VALUES ('20180516QD1364027246254',1118,200,'QD','2018-05-16','2018-05-17',null,'complete');
INSERT INTO INVOICECHARGE VALUES ('20180516QD1364027246254-ch00001','20180516QD1364027246254','2018-05-16',63.33,'Base room charge');
INSERT INTO INVOICECHARGE VALUES ('20180516QD1364027246254-ch00002','20180516QD1364027246254','2018-05-16',32.62,'Cleaning fee');
INSERT INTO PAYMENT VALUES ('20180516QD1364027246254-p00001','20180516QD1364027246254','2018-05-18','CC',95.95,'Ginger Gordillo','2722097401907015',8,2025,998,'Mastercard');
-- ------- SAMPLE 119 ----------
INSERT INTO GUEST VALUES(1119,'Missy','Mcclintock','MMcclintock@yahoo.com','1234 DaWrong Lane','Flonkerton','MD','12345','655-167-4795');
INSERT INTO RESERVATION VALUES ('20180711QD7803331711437',1119,116,'QD','2018-07-11','2018-07-16',null,'cancelled');
INSERT INTO INVOICECHARGE VALUES ('20180711QD7803331711437-ch00001','20180711QD7803331711437','2018-07-11',479.76,'Base room charge');
INSERT INTO PAYMENT (payment_id,invoice_id,payment_date,payment_type,payment_amount) VALUES ('20180711QD7803331711437-p00001','20180711QD7803331711437','2018-07-13','CA',479.76);
-- ------- SAMPLE 120 ----------
INSERT INTO GUEST VALUES(1120,'Margorie','Mcnish','MMcnish@yahoo.com','1234 DaWrong Lane','Flonkerton','MD','12345','573-014-5660');
INSERT INTO RESERVATION VALUES ('20180812QD1702435229375',1120,116,'QD','2018-08-12','2018-08-16',null,'complete');
INSERT INTO INVOICECHARGE VALUES ('20180812QD1702435229375-ch00001','20180812QD1702435229375','2018-08-12',383.81,'Base room charge');
INSERT INTO PAYMENT VALUES ('20180812QD1702435229375-p00001','20180812QD1702435229375','2018-08-14','CC',383.81,'Margorie Mcnish','9320711552394751',4,2022,768,'Mastercard');
-- ------- SAMPLE 121 ----------
INSERT INTO GUEST VALUES(1121,'Stan','Schnell','SSchnell@gmail.com','1234 DaWrong Lane','Flonkerton','MD','12345','139-617-4770');
INSERT INTO RESERVATION VALUES ('20180625KJ9179282269911',1121,208,'KJ','2018-06-25','2018-06-27',null,'complete');
INSERT INTO INVOICECHARGE VALUES ('20180625KJ9179282269911-ch00001','20180625KJ9179282269911','2018-06-25',182.95,'Base room charge');
INSERT INTO INVOICECHARGE VALUES ('20180625KJ9179282269911-ch00002','20180625KJ9179282269911','2018-06-25',94.25,'Cleaning fee');
INSERT INTO PAYMENT VALUES ('20180625KJ9179282269911-p00001','20180625KJ9179282269911','2018-06-27','CC',277.2,'Stan Schnell','5839467078103644',6,2025,159,'Mastercard');
-- ------- SAMPLE 122 ----------
INSERT INTO GUEST VALUES(1122,'Florentino','Feth','FFeth@hotmail.com','1234 DaWrong Lane','Flonkerton','MD','12345','306-713-1335');
INSERT INTO RESERVATION VALUES ('20191003KJ4267641425312',1122,203,'KJ','2019-10-03','2019-10-04',null,'complete');
INSERT INTO INVOICECHARGE VALUES ('20191003KJ4267641425312-ch00001','20191003KJ4267641425312','2019-10-03',91.48,'Base room charge');
INSERT INTO INVOICECHARGE VALUES ('20191003KJ4267641425312-ch00002','20191003KJ4267641425312','2019-10-03',47.12,'Cleaning fee');
INSERT INTO PAYMENT VALUES ('20191003KJ4267641425312-p00001','20191003KJ4267641425312','2019-10-05','CC',138.6,'Florentino Feth','8819952188022970',6,2023,270,'Mastercard');
-- ------- SAMPLE 123 ----------
INSERT INTO GUEST VALUES(1123,'Bell','Belizaire','BBelizaire@hotmail.com','1234 DaWrong Lane','Flonkerton','MD','12345','470-557-6626');
INSERT INTO RESERVATION VALUES ('20210209KI5135192933728',1123,null,'KI','2021-02-09','2021-02-13',null,'active');
INSERT INTO INVOICECHARGE VALUES ('20210209KI5135192933728-ch00001','20210209KI5135192933728','2021-02-09',341.16,'Base room charge');
INSERT INTO PAYMENT (payment_id,invoice_id,payment_date,payment_type,payment_amount) VALUES ('20210209KI5135192933728-p00001','20210209KI5135192933728','2021-02-11','CA',341.16);
-- ------- SAMPLE 124 ----------
INSERT INTO GUEST VALUES(1124,'Kasey','Kipp','KKipp@hotmail.com','1234 DaWrong Lane','Flonkerton','MD','12345','062-603-9813');
INSERT INTO RESERVATION VALUES ('20181127QS8759576142066',1124,103,'QS','2018-11-27','2018-12-02',null,'complete');
INSERT INTO INVOICECHARGE VALUES ('20181127QS8759576142066-ch00001','20181127QS8759576142066','2018-11-27',387.01,'Base room charge');
INSERT INTO INVOICECHARGE VALUES ('20181127QS8759576142066-ch00002','20181127QS8759576142066','2018-11-27',199.37,'Room Service');
INSERT INTO PAYMENT VALUES ('20181127QS8759576142066-p00001','20181127QS8759576142066','2018-11-29','CC',586.38,'Kasey Kipp','7909561267458492',5,2021,352,'Mastercard');
-- ------- SAMPLE 125 ----------
INSERT INTO GUEST VALUES(1125,'Clara','Crimmins','CCrimmins@gmail.com','1234 DaWrong Lane','Flonkerton','MD','12345','904-529-9523');
INSERT INTO RESERVATION VALUES ('20200622KJ2953047006699',1125,null,'KJ','2020-06-22','2020-06-26',null,'active');
INSERT INTO INVOICECHARGE VALUES ('20200622KJ2953047006699-ch00001','20200622KJ2953047006699','2020-06-22',365.91,'Base room charge');
INSERT INTO INVOICECHARGE VALUES ('20200622KJ2953047006699-ch00002','20200622KJ2953047006699','2020-06-22',188.5,'Room Service');
INSERT INTO PAYMENT VALUES ('20200622KJ2953047006699-p00001','20200622KJ2953047006699','2020-06-24','CC',264,'Clara Crimmins','1175943115080215',3,2023,284,'Mastercard');
-- ------- SAMPLE 126 ----------
INSERT INTO GUEST VALUES(1126,'Shawn','Stefanski','SStefanski@yahoo.com','1234 DaWrong Lane','Flonkerton','MD','12345','598-386-9644');
INSERT INTO RESERVATION VALUES ('20180609KI8411352293784',1126,120,'KI','2018-06-09','2018-06-14',null,'complete');
INSERT INTO INVOICECHARGE VALUES ('20180609KI8411352293784-ch00001','20180609KI8411352293784','2018-06-09',426.45,'Base room charge');
INSERT INTO PAYMENT VALUES ('20180609KI8411352293784-p00001','20180609KI8411352293784','2018-06-11','CC',426.45,'Shawn Stefanski','1400621509778622',11,2027,923,'Mastercard');
-- ------- SAMPLE 127 ----------
INSERT INTO GUEST VALUES(1127,'Collin','Chaparro','CChaparro@yahoo.com','1234 DaWrong Lane','Flonkerton','MD','12345','849-588-5126');
INSERT INTO RESERVATION VALUES ('20210221KS4928581665160',1127,null,'KS','2021-02-21','2021-02-23',null,'active');
INSERT INTO INVOICECHARGE VALUES ('20210221KS4928581665160-ch00001','20210221KS4928581665160','2021-02-21',213.23,'Base room charge');
INSERT INTO PAYMENT VALUES ('20210221KS4928581665160-p00001','20210221KS4928581665160','2021-02-23','CC',213.23,'Collin Chaparro','6191403551343620',7,2021,574,'Mastercard');
-- ------- SAMPLE 128 ----------
INSERT INTO GUEST VALUES(1128,'Mandi','Mcwain','MMcwain@gmail.com','1234 DaWrong Lane','Flonkerton','MD','12345','808-414-8282');
INSERT INTO RESERVATION VALUES ('20191025KJ1993279860513',1128,208,'KJ','2019-10-25','2019-10-28',null,'complete');
INSERT INTO INVOICECHARGE VALUES ('20191025KJ1993279860513-ch00001','20191025KJ1993279860513','2019-10-25',274.43,'Base room charge');
INSERT INTO INVOICECHARGE VALUES ('20191025KJ1993279860513-ch00002','20191025KJ1993279860513','2019-10-25',141.38,'Room Service');
INSERT INTO PAYMENT (payment_id,invoice_id,payment_date,payment_type,payment_amount) VALUES ('20191025KJ1993279860513-p00001','20191025KJ1993279860513','2019-10-27','CA',415.81);
-- ------- SAMPLE 129 ----------
INSERT INTO GUEST VALUES(1129,'Buford','Biddy','BBiddy@gmail.com','1234 DaWrong Lane','Flonkerton','MD','12345','293-726-8808');
INSERT INTO RESERVATION VALUES ('20201001QS8672856901707',1129,null,'QS','2020-10-01','2020-10-02',null,'active');
INSERT INTO INVOICECHARGE VALUES ('20201001QS8672856901707-ch00001','20201001QS8672856901707','2020-10-01',117.28,'Base room charge');
INSERT INTO PAYMENT VALUES ('20201001QS8672856901707-p00001','20201001QS8672856901707','2020-10-03','CC',39,'Buford Biddy','2771465892341630',7,2021,106,'Mastercard');
-- ------- SAMPLE 130 ----------
INSERT INTO GUEST VALUES(1130,'Leighann','Leith','LLeith@hotmail.com','1234 DaWrong Lane','Flonkerton','MD','12345','484-640-3319');
INSERT INTO RESERVATION VALUES ('20190112KJ6468452757025',1130,203,'KJ','2019-01-12','2019-01-14',null,'complete');
INSERT INTO INVOICECHARGE VALUES ('20190112KJ6468452757025-ch00001','20190112KJ6468452757025','2019-01-12',182.95,'Base room charge');
INSERT INTO INVOICECHARGE VALUES ('20190112KJ6468452757025-ch00002','20190112KJ6468452757025','2019-01-12',94.25,'Cleaning fee');
INSERT INTO PAYMENT VALUES ('20190112KJ6468452757025-p00001','20190112KJ6468452757025','2019-01-14','CC',277.2,'Leighann Leith','3541779212414241',11,2024,4,'Mastercard');
-- ------- SAMPLE 131 ----------
INSERT INTO GUEST VALUES(1131,'Freida','Forbis','FForbis@yahoo.com','1234 DaWrong Lane','Flonkerton','MD','12345','265-291-7133');
INSERT INTO RESERVATION VALUES ('20181030QD7637625194644',1131,205,'QD','2018-10-30','2018-11-03',null,'cancelled');
INSERT INTO INVOICECHARGE VALUES ('20181030QD7637625194644-ch00001','20181030QD7637625194644','2018-10-30',253.31,'Base room charge');
INSERT INTO INVOICECHARGE VALUES ('20181030QD7637625194644-ch00002','20181030QD7637625194644','2018-10-30',130.5,'Room Service');
INSERT INTO PAYMENT (payment_id,invoice_id,payment_date,payment_type,payment_amount) VALUES ('20181030QD7637625194644-p00001','20181030QD7637625194644','2018-11-01','CA',383.81);
-- ------- SAMPLE 132 ----------
INSERT INTO GUEST VALUES(1132,'Kathern','Korn','KKorn@gmail.com','1234 DaWrong Lane','Flonkerton','MD','12345','061-614-5975');
INSERT INTO RESERVATION VALUES ('20180903KI8150482789222',1132,204,'KI','2018-09-03','2018-09-06',null,'complete');
INSERT INTO INVOICECHARGE VALUES ('20180903KI8150482789222-ch00001','20180903KI8150482789222','2018-09-03',168.87,'Base room charge');
INSERT INTO INVOICECHARGE VALUES ('20180903KI8150482789222-ch00002','20180903KI8150482789222','2018-09-03',87,'Cleaning fee');
INSERT INTO PAYMENT VALUES ('20180903KI8150482789222-p00001','20180903KI8150482789222','2018-09-05','CC',255.87,'Kathern Korn','5734991777776962',12,2024,529,'Mastercard');
-- ------- SAMPLE 133 ----------
INSERT INTO GUEST VALUES(1133,'Dorothea','Dipaolo','DDipaolo@yahoo.com','1234 DaWrong Lane','Flonkerton','MD','12345','588-952-0935');
INSERT INTO RESERVATION VALUES ('20200822KI9706890743534',1133,null,'KI','2020-08-22','2020-08-26',null,'cancelled');
INSERT INTO INVOICECHARGE VALUES ('20200822KI9706890743534-ch00001','20200822KI9706890743534','2020-08-22',225.17,'Base room charge');
INSERT INTO INVOICECHARGE VALUES ('20200822KI9706890743534-ch00002','20200822KI9706890743534','2020-08-22',115.99,'Cleaning fee');
INSERT INTO PAYMENT VALUES ('20200822KI9706890743534-p00001','20200822KI9706890743534','2020-08-24','CC',114,'Dorothea Dipaolo','4755997783782645',2,2022,659,'Mastercard');
-- ------- SAMPLE 134 ----------
INSERT INTO GUEST VALUES(1134,'Buford','Biddy','BBiddy@yahoo.com','1234 DaWrong Lane','Flonkerton','MD','12345','151-221-8295');
INSERT INTO RESERVATION VALUES ('20191208QS1891962626049',1134,118,'QS','2019-12-08','2019-12-11',null,'complete');
INSERT INTO INVOICECHARGE VALUES ('20191208QS1891962626049-ch00001','20191208QS1891962626049','2019-12-08',351.83,'Base room charge');
INSERT INTO PAYMENT (payment_id,invoice_id,payment_date,payment_type,payment_amount) VALUES ('20191208QS1891962626049-p00001','20191208QS1891962626049','2019-12-10','CA',351.83);
-- ------- SAMPLE 135 ----------
INSERT INTO GUEST VALUES(1135,'Malia','Molden','MMolden@hotmail.com','1234 DaWrong Lane','Flonkerton','MD','12345','105-028-4238');
INSERT INTO RESERVATION VALUES ('20180715QD4177516034100',1135,205,'QD','2018-07-15','2018-07-19',null,'complete');
INSERT INTO INVOICECHARGE VALUES ('20180715QD4177516034100-ch00001','20180715QD4177516034100','2018-07-15',253.31,'Base room charge');
INSERT INTO INVOICECHARGE VALUES ('20180715QD4177516034100-ch00002','20180715QD4177516034100','2018-07-15',130.5,'Room Service');
INSERT INTO PAYMENT (payment_id,invoice_id,payment_date,payment_type,payment_amount) VALUES ('20180715QD4177516034100-p00001','20180715QD4177516034100','2018-07-17','CA',383.81);
-- ------- SAMPLE 136 ----------
INSERT INTO GUEST VALUES(1136,'Linwood','Layden','LLayden@hotmail.com','1234 DaWrong Lane','Flonkerton','MD','12345','872-437-5630');
INSERT INTO RESERVATION VALUES ('20190106QD3882997033101',1136,200,'QD','2019-01-06','2019-01-11',null,'complete');
INSERT INTO INVOICECHARGE VALUES ('20190106QD3882997033101-ch00001','20190106QD3882997033101','2019-01-06',479.76,'Base room charge');
INSERT INTO PAYMENT VALUES ('20190106QD3882997033101-p00001','20190106QD3882997033101','2019-01-08','CC',479.76,'Linwood Layden','4198517593464919',2,2021,720,'Mastercard');
-- ------- SAMPLE 137 ----------
INSERT INTO GUEST VALUES(1137,'Yuette','Yetman','YYetman@hotmail.com','1234 DaWrong Lane','Flonkerton','MD','12345','849-232-5446');
INSERT INTO RESERVATION VALUES ('20181229KJ6198016495629',1137,203,'KJ','2018-12-29','2018-12-31',null,'cancelled');
INSERT INTO INVOICECHARGE VALUES ('20181229KJ6198016495629-ch00001','20181229KJ6198016495629','2018-12-29',182.95,'Base room charge');
INSERT INTO INVOICECHARGE VALUES ('20181229KJ6198016495629-ch00002','20181229KJ6198016495629','2018-12-29',94.25,'Room Service');
INSERT INTO PAYMENT VALUES ('20181229KJ6198016495629-p00001','20181229KJ6198016495629','2018-12-31','CC',277.2,'Yuette Yetman','5250686121884870',3,2027,353,'Mastercard');
-- ------- SAMPLE 138 ----------
INSERT INTO GUEST VALUES(1138,'Anita','Amezcua','AAmezcua@hotmail.com','1234 DaWrong Lane','Flonkerton','MD','12345','576-833-1419');
INSERT INTO RESERVATION VALUES ('20200115QS3704240675371',1138,118,'QS','2020-01-15','2020-01-20',null,'complete');
INSERT INTO INVOICECHARGE VALUES ('20200115QS3704240675371-ch00001','20200115QS3704240675371','2020-01-15',387.01,'Base room charge');
INSERT INTO INVOICECHARGE VALUES ('20200115QS3704240675371-ch00002','20200115QS3704240675371','2020-01-15',199.37,'Cleaning fee');
INSERT INTO PAYMENT VALUES ('20200115QS3704240675371-p00001','20200115QS3704240675371','2020-01-17','CC',586.38,'Anita Amezcua','6225642266463549',12,2024,148,'Mastercard');
-- ------- SAMPLE 139 ----------
INSERT INTO GUEST VALUES(1139,'Maryann','Mccutcheon','MMccutcheon@gmail.com','1234 DaWrong Lane','Flonkerton','MD','12345','195-119-4590');
INSERT INTO RESERVATION VALUES ('20180519QS5255562657836',1139,103,'QS','2018-05-19','2018-05-22',null,'complete');
INSERT INTO INVOICECHARGE VALUES ('20180519QS5255562657836-ch00001','20180519QS5255562657836','2018-05-19',351.83,'Base room charge');
INSERT INTO PAYMENT VALUES ('20180519QS5255562657836-p00001','20180519QS5255562657836','2018-05-21','CC',351.83,'Maryann Mccutcheon','6152756811693110',7,2026,743,'Mastercard');
-- ------- SAMPLE 140 ----------
INSERT INTO GUEST VALUES(1140,'Delsie','Dunstan','DDunstan@hotmail.com','1234 DaWrong Lane','Flonkerton','MD','12345','322-099-1322');
INSERT INTO RESERVATION VALUES ('20200312KS6796793235776',1140,201,'KS','2020-03-12','2020-03-17',null,'complete');
INSERT INTO INVOICECHARGE VALUES ('20200312KS6796793235776-ch00001','20200312KS6796793235776','2020-03-12',351.83,'Base room charge');
INSERT INTO INVOICECHARGE VALUES ('20200312KS6796793235776-ch00002','20200312KS6796793235776','2020-03-12',181.24,'Cleaning fee');
INSERT INTO PAYMENT VALUES ('20200312KS6796793235776-p00001','20200312KS6796793235776','2020-03-14','CC',533.07,'Delsie Dunstan','4181128345800703',8,2023,54,'Mastercard');
-- ------- SAMPLE 141 ----------
INSERT INTO GUEST VALUES(1141,'Yuette','Yetman','YYetman@yahoo.com','1234 DaWrong Lane','Flonkerton','MD','12345','702-894-0941');
INSERT INTO RESERVATION VALUES ('20200428KJ6527343167373',1141,208,'KJ','2020-04-28','2020-05-01',null,'complete');
INSERT INTO INVOICECHARGE VALUES ('20200428KJ6527343167373-ch00001','20200428KJ6527343167373','2020-04-28',274.43,'Base room charge');
INSERT INTO INVOICECHARGE VALUES ('20200428KJ6527343167373-ch00002','20200428KJ6527343167373','2020-04-28',141.38,'Cleaning fee');
INSERT INTO PAYMENT VALUES ('20200428KJ6527343167373-p00001','20200428KJ6527343167373','2020-04-30','CC',415.81,'Yuette Yetman','4793499567411334',11,2021,214,'Mastercard');
-- ------- SAMPLE 142 ----------
INSERT INTO GUEST VALUES(1142,'Lillia','Linen','LLinen@yahoo.com','1234 DaWrong Lane','Flonkerton','MD','12345','515-612-5185');
INSERT INTO RESERVATION VALUES ('20190804KI7967399621312',1142,110,'KI','2019-08-04','2019-08-09',null,'complete');
INSERT INTO INVOICECHARGE VALUES ('20190804KI7967399621312-ch00001','20190804KI7967399621312','2019-08-04',281.46,'Base room charge');
INSERT INTO INVOICECHARGE VALUES ('20190804KI7967399621312-ch00002','20190804KI7967399621312','2019-08-04',144.99,'Cleaning fee');
INSERT INTO PAYMENT VALUES ('20190804KI7967399621312-p00001','20190804KI7967399621312','2019-08-06','CC',426.45,'Lillia Linen','8309831062959466',4,2023,961,'Mastercard');
-- ------- SAMPLE 143 ----------
INSERT INTO GUEST VALUES(1143,'Maryann','Mccutcheon','MMccutcheon@yahoo.com','1234 DaWrong Lane','Flonkerton','MD','12345','443-196-2485');
INSERT INTO RESERVATION VALUES ('20181015QD2446390140939',1143,101,'QD','2018-10-15','2018-10-20',null,'complete');
INSERT INTO INVOICECHARGE VALUES ('20181015QD2446390140939-ch00001','20181015QD2446390140939','2018-10-15',479.76,'Base room charge');
INSERT INTO PAYMENT VALUES ('20181015QD2446390140939-p00001','20181015QD2446390140939','2018-10-17','CC',479.76,'Maryann Mccutcheon','7762465435009890',8,2027,592,'Mastercard');
-- ------- SAMPLE 144 ----------
INSERT INTO GUEST VALUES(1144,'Fonda','Foreman','FForeman@yahoo.com','1234 DaWrong Lane','Flonkerton','MD','12345','608-393-9772');
INSERT INTO RESERVATION VALUES ('20180813KI1723880755809',1144,105,'KI','2018-08-13','2018-08-14',null,'complete');
INSERT INTO INVOICECHARGE VALUES ('20180813KI1723880755809-ch00001','20180813KI1723880755809','2018-08-13',85.29,'Base room charge');
INSERT INTO PAYMENT VALUES ('20180813KI1723880755809-p00001','20180813KI1723880755809','2018-08-15','CC',85.29,'Fonda Foreman','1868968482488084',1,2026,962,'Mastercard');
-- ------- SAMPLE 145 ----------
INSERT INTO GUEST VALUES(1145,'Bradley','Bently','BBently@gmail.com','1234 DaWrong Lane','Flonkerton','MD','12345','157-307-0130');
INSERT INTO RESERVATION VALUES ('20201119QD9198113049318',1145,null,'QD','2020-11-19','2020-11-24',null,'active');
INSERT INTO INVOICECHARGE VALUES ('20201119QD9198113049318-ch00001','20201119QD9198113049318','2020-11-19',479.76,'Base room charge');
INSERT INTO PAYMENT VALUES ('20201119QD9198113049318-p00001','20201119QD9198113049318','2020-11-21','CC',479.76,'Bradley Bently','7977481977879171',6,2021,444,'Mastercard');
-- ------- SAMPLE 146 ----------
INSERT INTO GUEST VALUES(1146,'Bessie','Buhler','BBuhler@yahoo.com','1234 DaWrong Lane','Flonkerton','MD','12345','617-886-4375');
INSERT INTO RESERVATION VALUES ('20191004KI6461715145296',1146,115,'KI','2019-10-04','2019-10-06',null,'cancelled');
INSERT INTO INVOICECHARGE VALUES ('20191004KI6461715145296-ch00001','20191004KI6461715145296','2019-10-04',170.58,'Base room charge');
INSERT INTO PAYMENT VALUES ('20191004KI6461715145296-p00001','20191004KI6461715145296','2019-10-06','CC',170.58,'Bessie Buhler','5775672381091728',11,2027,479,'Mastercard');
-- ------- SAMPLE 147 ----------
INSERT INTO GUEST VALUES(1147,'Marcelino','Meisner','MMeisner@hotmail.com','1234 DaWrong Lane','Flonkerton','MD','12345','322-925-8249');
INSERT INTO RESERVATION VALUES ('20190508QS8758450167738',1147,108,'QS','2019-05-08','2019-05-09',null,'complete');
INSERT INTO INVOICECHARGE VALUES ('20190508QS8758450167738-ch00001','20190508QS8758450167738','2019-05-08',77.4,'Base room charge');
INSERT INTO INVOICECHARGE VALUES ('20190508QS8758450167738-ch00002','20190508QS8758450167738','2019-05-08',39.88,'Room Service');
INSERT INTO PAYMENT VALUES ('20190508QS8758450167738-p00001','20190508QS8758450167738','2019-05-10','CC',117.28,'Marcelino Meisner','2501071232382335',6,2027,925,'Mastercard');
-- ------- SAMPLE 148 ----------
INSERT INTO GUEST VALUES(1148,'Margorie','Mcnish','MMcnish@hotmail.com','1234 DaWrong Lane','Flonkerton','MD','12345','242-327-9010');
INSERT INTO RESERVATION VALUES ('20201103KS3924149127077',1148,null,'KS','2020-11-03','2020-11-08',null,'active');
INSERT INTO INVOICECHARGE VALUES ('20201103KS3924149127077-ch00001','20201103KS3924149127077','2020-11-03',351.83,'Base room charge');
INSERT INTO INVOICECHARGE VALUES ('20201103KS3924149127077-ch00002','20201103KS3924149127077','2020-11-03',181.24,'Cleaning fee');
INSERT INTO PAYMENT VALUES ('20201103KS3924149127077-p00001','20201103KS3924149127077','2020-11-05','CC',119,'Margorie Mcnish','2802618650090483',1,2026,327,'Mastercard');
-- ------- SAMPLE 149 ----------
INSERT INTO GUEST VALUES(1149,'Dane','Dumond','DDumond@yahoo.com','1234 DaWrong Lane','Flonkerton','MD','12345','449-023-8923');
INSERT INTO RESERVATION VALUES ('20200203QS4625869681788',1149,202,'QS','2020-02-03','2020-02-05',null,'complete');
INSERT INTO INVOICECHARGE VALUES ('20200203QS4625869681788-ch00001','20200203QS4625869681788','2020-02-03',234.55,'Base room charge');
INSERT INTO PAYMENT VALUES ('20200203QS4625869681788-p00001','20200203QS4625869681788','2020-02-05','CC',234.55,'Dane Dumond','2308793975863658',11,2025,851,'Mastercard');
-- ------- SAMPLE 150 ----------
INSERT INTO GUEST VALUES(1150,'Claribel','Catanzaro','CCatanzaro@hotmail.com','1234 DaWrong Lane','Flonkerton','MD','12345','174-185-2427');
INSERT INTO RESERVATION VALUES ('20190127KS9108006011889',1150,206,'KS','2019-01-27','2019-01-28',null,'complete');
INSERT INTO INVOICECHARGE VALUES ('20190127KS9108006011889-ch00001','20190127KS9108006011889','2019-01-27',106.61,'Base room charge');
INSERT INTO PAYMENT VALUES ('20190127KS9108006011889-p00001','20190127KS9108006011889','2019-01-29','CC',106.61,'Claribel Catanzaro','3653312568810004',10,2026,2,'Mastercard');
-- ------- SAMPLE 151 ----------
INSERT INTO GUEST VALUES(1151,'Demarcus','Dearborn','DDearborn@gmail.com','1234 DaWrong Lane','Flonkerton','MD','12345','339-184-3201');
INSERT INTO RESERVATION VALUES ('20180917KI2377482177824',1151,120,'KI','2018-09-17','2018-09-21',null,'complete');
INSERT INTO INVOICECHARGE VALUES ('20180917KI2377482177824-ch00001','20180917KI2377482177824','2018-09-17',341.16,'Base room charge');
INSERT INTO PAYMENT VALUES ('20180917KI2377482177824-p00001','20180917KI2377482177824','2018-09-19','CC',341.16,'Demarcus Dearborn','7660650862342580',6,2021,844,'Mastercard');
-- ------- SAMPLE 152 ----------
INSERT INTO GUEST VALUES(1152,'Deandre','Defore','DDefore@gmail.com','1234 DaWrong Lane','Flonkerton','MD','12345','388-397-5066');
INSERT INTO RESERVATION VALUES ('20200427QS3355205345374',1152,103,'QS','2020-04-27','2020-05-01',null,'cancelled');
INSERT INTO INVOICECHARGE VALUES ('20200427QS3355205345374-ch00001','20200427QS3355205345374','2020-04-27',309.61,'Base room charge');
INSERT INTO INVOICECHARGE VALUES ('20200427QS3355205345374-ch00002','20200427QS3355205345374','2020-04-27',159.5,'Cleaning fee');
INSERT INTO PAYMENT VALUES ('20200427QS3355205345374-p00001','20200427QS3355205345374','2020-04-29','CC',469.11,'Deandre Defore','1553909634973099',4,2027,958,'Mastercard');
-- ------- SAMPLE 153 ----------
INSERT INTO GUEST VALUES(1153,'Lincoln','Lattea','LLattea@hotmail.com','1234 DaWrong Lane','Flonkerton','MD','12345','563-642-6623');
INSERT INTO RESERVATION VALUES ('20201014KI5306181647523',1153,null,'KI','2020-10-14','2020-10-16',null,'active');
INSERT INTO INVOICECHARGE VALUES ('20201014KI5306181647523-ch00001','20201014KI5306181647523','2020-10-14',170.58,'Base room charge');
INSERT INTO PAYMENT VALUES ('20201014KI5306181647523-p00001','20201014KI5306181647523','2020-10-16','CC',170.58,'Lincoln Lattea','8253629346904786',11,2027,193,'Mastercard');
-- ------- SAMPLE 154 ----------
INSERT INTO GUEST VALUES(1154,'Maryann','Mccutcheon','MMccutcheon@yahoo.com','1234 DaWrong Lane','Flonkerton','MD','12345','420-869-5326');
INSERT INTO RESERVATION VALUES ('20210502KS6772510523398',1154,null,'KS','2021-05-02','2021-05-05',null,'active');
INSERT INTO INVOICECHARGE VALUES ('20210502KS6772510523398-ch00001','20210502KS6772510523398','2021-05-02',319.84,'Base room charge');
INSERT INTO PAYMENT (payment_id,invoice_id,payment_date,payment_type,payment_amount) VALUES ('20210502KS6772510523398-p00001','20210502KS6772510523398','2021-05-04','CA',319.84);
-- ------- SAMPLE 155 ----------
INSERT INTO GUEST VALUES(1155,'James','Janey','JJaney@yahoo.com','1234 DaWrong Lane','Flonkerton','MD','12345','584-208-6051');
INSERT INTO RESERVATION VALUES ('20201123KS7554788410442',1155,null,'KS','2020-11-23','2020-11-26',null,'active');
INSERT INTO INVOICECHARGE VALUES ('20201123KS7554788410442-ch00001','20201123KS7554788410442','2020-11-23',319.84,'Base room charge');
INSERT INTO PAYMENT VALUES ('20201123KS7554788410442-p00001','20201123KS7554788410442','2020-11-25','CC',319.84,'James Janey','5232197334305777',5,2021,42,'Mastercard');
-- ------- SAMPLE 156 ----------
INSERT INTO GUEST VALUES(1156,'Natalya','Neathery','NNeathery@yahoo.com','1234 DaWrong Lane','Flonkerton','MD','12345','928-173-6210');
INSERT INTO RESERVATION VALUES ('20190602QD1172648435667',1156,200,'QD','2019-06-02','2019-06-07',null,'complete');
INSERT INTO INVOICECHARGE VALUES ('20190602QD1172648435667-ch00001','20190602QD1172648435667','2019-06-02',479.76,'Base room charge');
INSERT INTO PAYMENT VALUES ('20190602QD1172648435667-p00001','20190602QD1172648435667','2019-06-04','CC',479.76,'Natalya Neathery','1523165698655499',9,2024,791,'Mastercard');
-- ------- SAMPLE 157 ----------
INSERT INTO GUEST VALUES(1157,'Irma','Irby','IIrby@gmail.com','1234 DaWrong Lane','Flonkerton','MD','12345','240-270-2884');
INSERT INTO RESERVATION VALUES ('20201123KI2660307892755',1157,null,'KI','2020-11-23','2020-11-26',null,'active');
INSERT INTO INVOICECHARGE VALUES ('20201123KI2660307892755-ch00001','20201123KI2660307892755','2020-11-23',255.87,'Base room charge');
INSERT INTO PAYMENT VALUES ('20201123KI2660307892755-p00001','20201123KI2660307892755','2020-11-25','CC',255.87,'Irma Irby','7998754018123424',7,2027,84,'Mastercard');
-- ------- SAMPLE 158 ----------
INSERT INTO GUEST VALUES(1158,'Mario','Macdowell','MMacdowell@gmail.com','1234 DaWrong Lane','Flonkerton','MD','12345','469-130-7244');
INSERT INTO RESERVATION VALUES ('20180727KJ5289062825355',1158,114,'KJ','2018-07-27','2018-08-01',null,'complete');
INSERT INTO INVOICECHARGE VALUES ('20180727KJ5289062825355-ch00001','20180727KJ5289062825355','2018-07-27',693.01,'Base room charge');
INSERT INTO PAYMENT VALUES ('20180727KJ5289062825355-p00001','20180727KJ5289062825355','2018-07-29','CC',693.01,'Mario Macdowell','9869338081887850',2,2026,545,'Mastercard');
-- ------- SAMPLE 159 ----------
INSERT INTO GUEST VALUES(1159,'Rossana','Running','RRunning@gmail.com','1234 DaWrong Lane','Flonkerton','MD','12345','421-612-5445');
INSERT INTO RESERVATION VALUES ('20180703KJ8234164208079',1159,203,'KJ','2018-07-03','2018-07-06',null,'complete');
INSERT INTO INVOICECHARGE VALUES ('20180703KJ8234164208079-ch00001','20180703KJ8234164208079','2018-07-03',274.43,'Base room charge');
INSERT INTO INVOICECHARGE VALUES ('20180703KJ8234164208079-ch00002','20180703KJ8234164208079','2018-07-03',141.38,'Cleaning fee');
INSERT INTO PAYMENT VALUES ('20180703KJ8234164208079-p00001','20180703KJ8234164208079','2018-07-05','CC',415.81,'Rossana Running','9739346360930928',3,2025,129,'Mastercard');
-- ------- SAMPLE 160 ----------
INSERT INTO GUEST VALUES(1160,'Audrey','Aikens','AAikens@gmail.com','1234 DaWrong Lane','Flonkerton','MD','12345','353-006-8026');
INSERT INTO RESERVATION VALUES ('20180728KS5241395219357',1160,206,'KS','2018-07-28','2018-08-02',null,'complete');
INSERT INTO INVOICECHARGE VALUES ('20180728KS5241395219357-ch00001','20180728KS5241395219357','2018-07-28',351.83,'Base room charge');
INSERT INTO INVOICECHARGE VALUES ('20180728KS5241395219357-ch00002','20180728KS5241395219357','2018-07-28',181.24,'Cleaning fee');
INSERT INTO PAYMENT VALUES ('20180728KS5241395219357-p00001','20180728KS5241395219357','2018-07-30','CC',533.07,'Audrey Aikens','5180213985334591',10,2026,692,'Mastercard');
-- ------- SAMPLE 161 ----------
INSERT INTO GUEST VALUES(1161,'Antwan','Albury','AAlbury@yahoo.com','1234 DaWrong Lane','Flonkerton','MD','12345','305-883-1537');
INSERT INTO RESERVATION VALUES ('20190922KS8532040291470',1161,102,'KS','2019-09-22','2019-09-26',null,'complete');
INSERT INTO INVOICECHARGE VALUES ('20190922KS8532040291470-ch00001','20190922KS8532040291470','2019-09-22',426.46,'Base room charge');
INSERT INTO PAYMENT VALUES ('20190922KS8532040291470-p00001','20190922KS8532040291470','2019-09-24','CC',426.46,'Antwan Albury','1599835507640991',3,2025,276,'Mastercard');
-- ------- SAMPLE 162 ----------
INSERT INTO GUEST VALUES(1162,'Shad','Sitler','SSitler@hotmail.com','1234 DaWrong Lane','Flonkerton','MD','12345','348-561-2037');
INSERT INTO RESERVATION VALUES ('20190209KS9823417274057',1162,206,'KS','2019-02-09','2019-02-11',null,'complete');
INSERT INTO INVOICECHARGE VALUES ('20190209KS9823417274057-ch00001','20190209KS9823417274057','2019-02-09',213.23,'Base room charge');
INSERT INTO PAYMENT VALUES ('20190209KS9823417274057-p00001','20190209KS9823417274057','2019-02-11','CC',213.23,'Shad Sitler','8186740707431579',12,2027,245,'Mastercard');
-- ------- SAMPLE 163 ----------
INSERT INTO GUEST VALUES(1163,'Heather','Hartin','HHartin@gmail.com','1234 DaWrong Lane','Flonkerton','MD','12345','722-669-2382');
INSERT INTO RESERVATION VALUES ('20190306QD8981054172811',1163,116,'QD','2019-03-06','2019-03-11',null,'complete');
INSERT INTO INVOICECHARGE VALUES ('20190306QD8981054172811-ch00001','20190306QD8981054172811','2019-03-06',253.31,'Base room charge');
INSERT INTO INVOICECHARGE VALUES ('20190306QD8981054172811-ch00002','20190306QD8981054172811','2019-03-06',130.5,'Cleaning fee');
INSERT INTO PAYMENT VALUES ('20190306QD8981054172811-p00001','20190306QD8981054172811','2019-03-08','CC',383.81,'Heather Hartin','8499485250096565',10,2026,567,'Mastercard');
-- ------- SAMPLE 164 ----------
INSERT INTO GUEST VALUES(1164,'James','Janey','JJaney@hotmail.com','1234 DaWrong Lane','Flonkerton','MD','12345','305-489-4447');
INSERT INTO RESERVATION VALUES ('20210413KJ9650573947486',1164,null,'KJ','2021-04-13','2021-04-17',null,'active');
INSERT INTO INVOICECHARGE VALUES ('20210413KJ9650573947486-ch00001','20210413KJ9650573947486','2021-04-13',365.91,'Base room charge');
INSERT INTO INVOICECHARGE VALUES ('20210413KJ9650573947486-ch00002','20210413KJ9650573947486','2021-04-13',188.5,'Room Service');
INSERT INTO PAYMENT VALUES ('20210413KJ9650573947486-p00001','20210413KJ9650573947486','2021-04-15','CC',554.41,'James Janey','6823466914155874',12,2021,410,'Mastercard');
-- ------- SAMPLE 165 ----------
INSERT INTO GUEST VALUES(1165,'Deangelo','Deloera','DDeloera@hotmail.com','1234 DaWrong Lane','Flonkerton','MD','12345','040-064-1340');
INSERT INTO RESERVATION VALUES ('20190718KI5825561755513',1165,115,'KI','2019-07-18','2019-07-22',null,'complete');
INSERT INTO INVOICECHARGE VALUES ('20190718KI5825561755513-ch00001','20190718KI5825561755513','2019-07-18',341.16,'Base room charge');
INSERT INTO PAYMENT VALUES ('20190718KI5825561755513-p00001','20190718KI5825561755513','2019-07-20','CC',341.16,'Deangelo Deloera','5934885581101164',9,2022,205,'Mastercard');
-- ------- SAMPLE 166 ----------
INSERT INTO GUEST VALUES(1166,'Claribel','Catanzaro','CCatanzaro@hotmail.com','1234 DaWrong Lane','Flonkerton','MD','12345','244-955-6630');
INSERT INTO RESERVATION VALUES ('20200905KJ4088359009068',1166,null,'KJ','2020-09-05','2020-09-06',null,'active');
INSERT INTO INVOICECHARGE VALUES ('20200905KJ4088359009068-ch00001','20200905KJ4088359009068','2020-09-05',138.6,'Base room charge');
INSERT INTO PAYMENT VALUES ('20200905KJ4088359009068-p00001','20200905KJ4088359009068','2020-09-07','CC',138.6,'Claribel Catanzaro','1194656489923551',7,2027,189,'Mastercard');
-- ------- SAMPLE 167 ----------
INSERT INTO GUEST VALUES(1167,'Deandra','Dimauro','DDimauro@hotmail.com','1234 DaWrong Lane','Flonkerton','MD','12345','892-628-3365');
INSERT INTO RESERVATION VALUES ('20200724QD3090975917468',1167,null,'QD','2020-07-24','2020-07-28',null,'active');
INSERT INTO INVOICECHARGE VALUES ('20200724QD3090975917468-ch00001','20200724QD3090975917468','2020-07-24',383.81,'Base room charge');
INSERT INTO PAYMENT VALUES ('20200724QD3090975917468-p00001','20200724QD3090975917468','2020-07-26','CC',383.81,'Deandra Dimauro','7636314884591086',10,2024,921,'Mastercard');
-- ------- SAMPLE 168 ----------
INSERT INTO GUEST VALUES(1168,'Freida','Forbis','FForbis@yahoo.com','1234 DaWrong Lane','Flonkerton','MD','12345','731-775-5280');
INSERT INTO RESERVATION VALUES ('20200420KJ5030180152686',1168,208,'KJ','2020-04-20','2020-04-23',null,'complete');
INSERT INTO INVOICECHARGE VALUES ('20200420KJ5030180152686-ch00001','20200420KJ5030180152686','2020-04-20',415.81,'Base room charge');
INSERT INTO PAYMENT VALUES ('20200420KJ5030180152686-p00001','20200420KJ5030180152686','2020-04-22','CC',415.81,'Freida Forbis','1026118613397048',8,2025,93,'Mastercard');
-- ------- SAMPLE 169 ----------
INSERT INTO GUEST VALUES(1169,'Julene','Jahn','JJahn@gmail.com','1234 DaWrong Lane','Flonkerton','MD','12345','977-832-0044');
INSERT INTO RESERVATION VALUES ('20200902KJ2134507725783',1169,null,'KJ','2020-09-02','2020-09-05',null,'cancelled');
-- ------- SAMPLE 170 ----------
INSERT INTO GUEST VALUES(1170,'Jammie','Jo','JJo@yahoo.com','1234 DaWrong Lane','Flonkerton','MD','12345','158-615-8703');
INSERT INTO RESERVATION VALUES ('20180513KS7217061664405',1170,102,'KS','2018-05-13','2018-05-15',null,'complete');
INSERT INTO INVOICECHARGE VALUES ('20180513KS7217061664405-ch00001','20180513KS7217061664405','2018-05-13',213.23,'Base room charge');
INSERT INTO PAYMENT VALUES ('20180513KS7217061664405-p00001','20180513KS7217061664405','2018-05-15','CC',213.23,'Jammie Jo','1109697210321830',1,2022,896,'Mastercard');
-- ------- SAMPLE 171 ----------
INSERT INTO GUEST VALUES(1171,'Gwyneth','Gamber','GGamber@yahoo.com','1234 DaWrong Lane','Flonkerton','MD','12345','949-840-0912');
INSERT INTO RESERVATION VALUES ('20200613KJ8478008911924',1171,null,'KJ','2020-06-13','2020-06-18',null,'active');
-- ------- SAMPLE 172 ----------
INSERT INTO GUEST VALUES(1172,'Darrin','Drum','DDrum@yahoo.com','1234 DaWrong Lane','Flonkerton','MD','12345','208-367-3389');
INSERT INTO RESERVATION VALUES ('20200314QD1452166016260',1172,111,'QD','2020-03-14','2020-03-17',null,'complete');
INSERT INTO INVOICECHARGE VALUES ('20200314QD1452166016260-ch00001','20200314QD1452166016260','2020-03-14',287.86,'Base room charge');
INSERT INTO PAYMENT VALUES ('20200314QD1452166016260-p00001','20200314QD1452166016260','2020-03-16','CC',287.86,'Darrin Drum','3411483652082062',8,2026,162,'Mastercard');
-- ------- SAMPLE 173 ----------
INSERT INTO GUEST VALUES(1173,'Ella','Evanoff','EEvanoff@gmail.com','1234 DaWrong Lane','Flonkerton','MD','12345','430-729-4727');
INSERT INTO RESERVATION VALUES ('20190523QD6489762898021',1173,200,'QD','2019-05-23','2019-05-27',null,'cancelled');
INSERT INTO INVOICECHARGE VALUES ('20190523QD6489762898021-ch00001','20190523QD6489762898021','2019-05-23',253.31,'Base room charge');
INSERT INTO INVOICECHARGE VALUES ('20190523QD6489762898021-ch00002','20190523QD6489762898021','2019-05-23',130.5,'Cleaning fee');
INSERT INTO PAYMENT VALUES ('20190523QD6489762898021-p00001','20190523QD6489762898021','2019-05-25','CC',383.81,'Ella Evanoff','5867090067385120',12,2025,318,'Mastercard');
-- ------- SAMPLE 174 ----------
INSERT INTO GUEST VALUES(1174,'Danette','Dammann','DDammann@yahoo.com','1234 DaWrong Lane','Flonkerton','MD','12345','733-430-5470');
INSERT INTO RESERVATION VALUES ('20200330KJ2648615659742',1174,104,'KJ','2020-03-30','2020-03-31',null,'complete');
INSERT INTO INVOICECHARGE VALUES ('20200330KJ2648615659742-ch00001','20200330KJ2648615659742','2020-03-30',91.48,'Base room charge');
INSERT INTO INVOICECHARGE VALUES ('20200330KJ2648615659742-ch00002','20200330KJ2648615659742','2020-03-30',47.12,'Room Service');
INSERT INTO PAYMENT VALUES ('20200330KJ2648615659742-p00001','20200330KJ2648615659742','2020-04-01','CC',138.6,'Danette Dammann','3416523672067589',8,2027,646,'Mastercard');
-- ------- SAMPLE 175 ----------
INSERT INTO GUEST VALUES(1175,'Lillia','Linen','LLinen@hotmail.com','1234 DaWrong Lane','Flonkerton','MD','12345','382-867-1413');
INSERT INTO RESERVATION VALUES ('20210426QS2972633255579',1175,null,'QS','2021-04-26','2021-04-28',null,'active');
INSERT INTO INVOICECHARGE VALUES ('20210426QS2972633255579-ch00001','20210426QS2972633255579','2021-04-26',154.8,'Base room charge');
INSERT INTO INVOICECHARGE VALUES ('20210426QS2972633255579-ch00002','20210426QS2972633255579','2021-04-26',79.75,'Cleaning fee');
INSERT INTO PAYMENT (payment_id,invoice_id,payment_date,payment_type,payment_amount) VALUES ('20210426QS2972633255579-p00001','20210426QS2972633255579','2021-04-28','CA',209);
-- ------- SAMPLE 176 ----------
INSERT INTO GUEST VALUES(1176,'Dorian','Delbosque','DDelbosque@hotmail.com','1234 DaWrong Lane','Flonkerton','MD','12345','620-276-3186');
INSERT INTO RESERVATION VALUES ('20190314QS3221661905539',1176,118,'QS','2019-03-14','2019-03-18',null,'complete');
INSERT INTO INVOICECHARGE VALUES ('20190314QS3221661905539-ch00001','20190314QS3221661905539','2019-03-14',309.61,'Base room charge');
INSERT INTO INVOICECHARGE VALUES ('20190314QS3221661905539-ch00002','20190314QS3221661905539','2019-03-14',159.5,'Room Service');
INSERT INTO PAYMENT (payment_id,invoice_id,payment_date,payment_type,payment_amount) VALUES ('20190314QS3221661905539-p00001','20190314QS3221661905539','2019-03-16','CA',469.11);
-- ------- SAMPLE 177 ----------
INSERT INTO GUEST VALUES(1177,'Hedwig','Hinz','HHinz@gmail.com','1234 DaWrong Lane','Flonkerton','MD','12345','544-726-6484');
INSERT INTO RESERVATION VALUES ('20201112KS4646678805306',1177,null,'KS','2020-11-12','2020-11-15',null,'active');
-- ------- SAMPLE 178 ----------
INSERT INTO GUEST VALUES(1178,'Shae','Sansom','SSansom@yahoo.com','1234 DaWrong Lane','Flonkerton','MD','12345','765-682-7777');
INSERT INTO RESERVATION VALUES ('20181017QD1011200611013',1178,116,'QD','2018-10-17','2018-10-18',null,'complete');
INSERT INTO INVOICECHARGE VALUES ('20181017QD1011200611013-ch00001','20181017QD1011200611013','2018-10-17',63.33,'Base room charge');
INSERT INTO INVOICECHARGE VALUES ('20181017QD1011200611013-ch00002','20181017QD1011200611013','2018-10-17',32.62,'Cleaning fee');
INSERT INTO PAYMENT VALUES ('20181017QD1011200611013-p00001','20181017QD1011200611013','2018-10-19','CC',95.95,'Shae Sansom','5905591475525509',12,2021,879,'Mastercard');
-- ------- SAMPLE 179 ----------
INSERT INTO GUEST VALUES(1179,'Deandra','Dimauro','DDimauro@gmail.com','1234 DaWrong Lane','Flonkerton','MD','12345','251-829-9467');
INSERT INTO RESERVATION VALUES ('20181005KJ5815459211054',1179,104,'KJ','2018-10-05','2018-10-06',null,'complete');
INSERT INTO INVOICECHARGE VALUES ('20181005KJ5815459211054-ch00001','20181005KJ5815459211054','2018-10-05',138.6,'Base room charge');
INSERT INTO PAYMENT VALUES ('20181005KJ5815459211054-p00001','20181005KJ5815459211054','2018-10-07','CC',138.6,'Deandra Dimauro','4147123966699803',1,2027,956,'Mastercard');
-- ------- SAMPLE 180 ----------
INSERT INTO GUEST VALUES(1180,'Cherry','Chiarello','CChiarello@gmail.com','1234 DaWrong Lane','Flonkerton','MD','12345','154-012-5327');
INSERT INTO RESERVATION VALUES ('20190126KJ1677005376523',1180,114,'KJ','2019-01-26','2019-01-31',null,'complete');
INSERT INTO INVOICECHARGE VALUES ('20190126KJ1677005376523-ch00001','20190126KJ1677005376523','2019-01-26',457.39,'Base room charge');
INSERT INTO INVOICECHARGE VALUES ('20190126KJ1677005376523-ch00002','20190126KJ1677005376523','2019-01-26',235.62,'Room Service');
INSERT INTO PAYMENT (payment_id,invoice_id,payment_date,payment_type,payment_amount) VALUES ('20190126KJ1677005376523-p00001','20190126KJ1677005376523','2019-01-28','CA',693.01);
-- ------- SAMPLE 181 ----------
INSERT INTO GUEST VALUES(1181,'Rachell','Riser','RRiser@gmail.com','1234 DaWrong Lane','Flonkerton','MD','12345','764-269-2490');
INSERT INTO RESERVATION VALUES ('20190706KJ2387933508574',1181,114,'KJ','2019-07-06','2019-07-10',null,'complete');
INSERT INTO INVOICECHARGE VALUES ('20190706KJ2387933508574-ch00001','20190706KJ2387933508574','2019-07-06',365.91,'Base room charge');
INSERT INTO INVOICECHARGE VALUES ('20190706KJ2387933508574-ch00002','20190706KJ2387933508574','2019-07-06',188.5,'Cleaning fee');
INSERT INTO PAYMENT (payment_id,invoice_id,payment_date,payment_type,payment_amount) VALUES ('20190706KJ2387933508574-p00001','20190706KJ2387933508574','2019-07-08','CA',554.41);
-- ------- SAMPLE 182 ----------
INSERT INTO GUEST VALUES(1182,'Linwood','Layden','LLayden@yahoo.com','1234 DaWrong Lane','Flonkerton','MD','12345','495-193-1927');
INSERT INTO RESERVATION VALUES ('20180611QS3149374652433',1182,103,'QS','2018-06-11','2018-06-15',null,'complete');
INSERT INTO INVOICECHARGE VALUES ('20180611QS3149374652433-ch00001','20180611QS3149374652433','2018-06-11',309.61,'Base room charge');
INSERT INTO INVOICECHARGE VALUES ('20180611QS3149374652433-ch00002','20180611QS3149374652433','2018-06-11',159.5,'Room Service');
INSERT INTO PAYMENT (payment_id,invoice_id,payment_date,payment_type,payment_amount) VALUES ('20180611QS3149374652433-p00001','20180611QS3149374652433','2018-06-13','CA',469.11);
-- ------- SAMPLE 183 ----------
INSERT INTO GUEST VALUES(1183,'Raisa','Romito','RRomito@yahoo.com','1234 DaWrong Lane','Flonkerton','MD','12345','333-142-7113');
INSERT INTO RESERVATION VALUES ('20200623KI7624944303021',1183,null,'KI','2020-06-23','2020-06-28',null,'active');
INSERT INTO INVOICECHARGE VALUES ('20200623KI7624944303021-ch00001','20200623KI7624944303021','2020-06-23',426.45,'Base room charge');
INSERT INTO PAYMENT VALUES ('20200623KI7624944303021-p00001','20200623KI7624944303021','2020-06-25','CC',392,'Raisa Romito','5306041142890317',10,2025,789,'Mastercard');
-- ------- SAMPLE 184 ----------
INSERT INTO GUEST VALUES(1184,'Melaine','Miskell','MMiskell@gmail.com','1234 DaWrong Lane','Flonkerton','MD','12345','562-041-8226');
INSERT INTO RESERVATION VALUES ('20200122KS5354511244412',1184,102,'KS','2020-01-22','2020-01-27',null,'complete');
INSERT INTO INVOICECHARGE VALUES ('20200122KS5354511244412-ch00001','20200122KS5354511244412','2020-01-22',351.83,'Base room charge');
INSERT INTO INVOICECHARGE VALUES ('20200122KS5354511244412-ch00002','20200122KS5354511244412','2020-01-22',181.24,'Room Service');
INSERT INTO PAYMENT (payment_id,invoice_id,payment_date,payment_type,payment_amount) VALUES ('20200122KS5354511244412-p00001','20200122KS5354511244412','2020-01-24','CA',533.07);
-- ------- SAMPLE 185 ----------
INSERT INTO GUEST VALUES(1185,'Elfriede','Esslinger','EEsslinger@yahoo.com','1234 DaWrong Lane','Flonkerton','MD','12345','282-632-3454');
INSERT INTO RESERVATION VALUES ('20180805KS5348199694819',1185,201,'KS','2018-08-05','2018-08-09',null,'complete');
INSERT INTO INVOICECHARGE VALUES ('20180805KS5348199694819-ch00001','20180805KS5348199694819','2018-08-05',281.46,'Base room charge');
INSERT INTO INVOICECHARGE VALUES ('20180805KS5348199694819-ch00002','20180805KS5348199694819','2018-08-05',145,'Cleaning fee');
INSERT INTO PAYMENT VALUES ('20180805KS5348199694819-p00001','20180805KS5348199694819','2018-08-07','CC',426.46,'Elfriede Esslinger','4465105576820925',2,2022,884,'Mastercard');
-- ------- SAMPLE 186 ----------
INSERT INTO GUEST VALUES(1186,'Cherry','Chiarello','CChiarello@gmail.com','1234 DaWrong Lane','Flonkerton','MD','12345','709-870-2431');
INSERT INTO RESERVATION VALUES ('20190220KI2205533842367',1186,204,'KI','2019-02-20','2019-02-25',null,'complete');
INSERT INTO INVOICECHARGE VALUES ('20190220KI2205533842367-ch00001','20190220KI2205533842367','2019-02-20',426.45,'Base room charge');
INSERT INTO PAYMENT VALUES ('20190220KI2205533842367-p00001','20190220KI2205533842367','2019-02-22','CC',426.45,'Cherry Chiarello','7755592323610385',10,2027,505,'Mastercard');
-- ------- SAMPLE 187 ----------
INSERT INTO GUEST VALUES(1187,'Florentino','Feth','FFeth@yahoo.com','1234 DaWrong Lane','Flonkerton','MD','12345','152-647-2437');
INSERT INTO RESERVATION VALUES ('20200315QD2122441296548',1187,101,'QD','2020-03-15','2020-03-17',null,'complete');
INSERT INTO INVOICECHARGE VALUES ('20200315QD2122441296548-ch00001','20200315QD2122441296548','2020-03-15',126.65,'Base room charge');
INSERT INTO INVOICECHARGE VALUES ('20200315QD2122441296548-ch00002','20200315QD2122441296548','2020-03-15',65.25,'Room Service');
INSERT INTO PAYMENT VALUES ('20200315QD2122441296548-p00001','20200315QD2122441296548','2020-03-17','CC',191.9,'Florentino Feth','3238044484151076',3,2022,928,'Mastercard');
-- ------- SAMPLE 188 ----------
INSERT INTO GUEST VALUES(1188,'Eryn','Edenfield','EEdenfield@hotmail.com','1234 DaWrong Lane','Flonkerton','MD','12345','265-507-1482');
INSERT INTO RESERVATION VALUES ('20201025QS6237227455035',1188,null,'QS','2020-10-25','2020-10-28',null,'active');
-- ------- SAMPLE 189 ----------
INSERT INTO GUEST VALUES(1189,'Lynda','Linda','LLinda@hotmail.com','1234 DaWrong Lane','Flonkerton','MD','12345','775-600-6855');
INSERT INTO RESERVATION VALUES ('20190327KI8270742511703',1189,204,'KI','2019-03-27','2019-03-31',null,'complete');
INSERT INTO INVOICECHARGE VALUES ('20190327KI8270742511703-ch00001','20190327KI8270742511703','2019-03-27',341.16,'Base room charge');
INSERT INTO PAYMENT VALUES ('20190327KI8270742511703-p00001','20190327KI8270742511703','2019-03-29','CC',341.16,'Lynda Linda','7093771530827738',10,2021,591,'Mastercard');
-- ------- SAMPLE 190 ----------
INSERT INTO GUEST VALUES(1190,'Willian','Wiest','WWiest@yahoo.com','1234 DaWrong Lane','Flonkerton','MD','12345','571-271-0743');
INSERT INTO RESERVATION VALUES ('20180618KS5546871739153',1190,112,'KS','2018-06-18','2018-06-19',null,'complete');
INSERT INTO INVOICECHARGE VALUES ('20180618KS5546871739153-ch00001','20180618KS5546871739153','2018-06-18',70.36,'Base room charge');
INSERT INTO INVOICECHARGE VALUES ('20180618KS5546871739153-ch00002','20180618KS5546871739153','2018-06-18',36.25,'Cleaning fee');
INSERT INTO PAYMENT VALUES ('20180618KS5546871739153-p00001','20180618KS5546871739153','2018-06-20','CC',106.61,'Willian Wiest','4692321842156224',9,2022,160,'Mastercard');
-- ------- SAMPLE 191 ----------
INSERT INTO GUEST VALUES(1191,'Freida','Forbis','FForbis@gmail.com','1234 DaWrong Lane','Flonkerton','MD','12345','175-161-9558');
INSERT INTO RESERVATION VALUES ('20210205QS3694031188777',1191,null,'QS','2021-02-05','2021-02-06',null,'active');
-- ------- SAMPLE 192 ----------
INSERT INTO GUEST VALUES(1192,'Hedwig','Hinz','HHinz@gmail.com','1234 DaWrong Lane','Flonkerton','MD','12345','865-555-8133');
INSERT INTO RESERVATION VALUES ('20200719KS2068757671490',1192,null,'KS','2020-07-19','2020-07-21',null,'active');
INSERT INTO INVOICECHARGE VALUES ('20200719KS2068757671490-ch00001','20200719KS2068757671490','2020-07-19',213.23,'Base room charge');
INSERT INTO PAYMENT VALUES ('20200719KS2068757671490-p00001','20200719KS2068757671490','2020-07-21','CC',213.23,'Hedwig Hinz','6581970427403545',6,2027,343,'Mastercard');
-- ------- SAMPLE 193 ----------
INSERT INTO GUEST VALUES(1193,'Tanner','Tomasello','TTomasello@yahoo.com','1234 DaWrong Lane','Flonkerton','MD','12345','427-804-1197');
INSERT INTO RESERVATION VALUES ('20190512QD4090928053849',1193,111,'QD','2019-05-12','2019-05-16',null,'complete');
INSERT INTO INVOICECHARGE VALUES ('20190512QD4090928053849-ch00001','20190512QD4090928053849','2019-05-12',253.31,'Base room charge');
INSERT INTO INVOICECHARGE VALUES ('20190512QD4090928053849-ch00002','20190512QD4090928053849','2019-05-12',130.5,'Cleaning fee');
INSERT INTO PAYMENT VALUES ('20190512QD4090928053849-p00001','20190512QD4090928053849','2019-05-14','CC',383.81,'Tanner Tomasello','4596957682953771',12,2023,360,'Mastercard');
-- ------- SAMPLE 194 ----------
INSERT INTO GUEST VALUES(1194,'Vicky','Vanderhoff','VVanderhoff@hotmail.com','1234 DaWrong Lane','Flonkerton','MD','12345','731-871-8908');
INSERT INTO RESERVATION VALUES ('20210214KS6982296044363',1194,null,'KS','2021-02-14','2021-02-18',null,'active');
-- ------- SAMPLE 195 ----------
INSERT INTO GUEST VALUES(1195,'Deangelo','Deloera','DDeloera@gmail.com','1234 DaWrong Lane','Flonkerton','MD','12345','866-059-7233');
INSERT INTO RESERVATION VALUES ('20210502QD3308606256325',1195,null,'QD','2021-05-02','2021-05-03',null,'active');
-- ------- SAMPLE 196 ----------
INSERT INTO GUEST VALUES(1196,'Bradley','Bently','BBently@yahoo.com','1234 DaWrong Lane','Flonkerton','MD','12345','412-248-7105');
INSERT INTO RESERVATION VALUES ('20200213QS4728970356439',1196,202,'QS','2020-02-13','2020-02-17',null,'complete');
INSERT INTO INVOICECHARGE VALUES ('20200213QS4728970356439-ch00001','20200213QS4728970356439','2020-02-13',469.11,'Base room charge');
INSERT INTO PAYMENT VALUES ('20200213QS4728970356439-p00001','20200213QS4728970356439','2020-02-15','CC',469.11,'Bradley Bently','1791516792980930',6,2022,709,'Mastercard');
-- ------- SAMPLE 197 ----------
INSERT INTO GUEST VALUES(1197,'Kaley','Kilmon','KKilmon@yahoo.com','1234 DaWrong Lane','Flonkerton','MD','12345','787-829-9716');
INSERT INTO RESERVATION VALUES ('20190620KI7575443678007',1197,115,'KI','2019-06-20','2019-06-25',null,'complete');
INSERT INTO INVOICECHARGE VALUES ('20190620KI7575443678007-ch00001','20190620KI7575443678007','2019-06-20',426.45,'Base room charge');
INSERT INTO PAYMENT VALUES ('20190620KI7575443678007-p00001','20190620KI7575443678007','2019-06-22','CC',426.45,'Kaley Kilmon','3705960536014556',7,2026,68,'Mastercard');
-- ------- SAMPLE 198 ----------
INSERT INTO GUEST VALUES(1198,'Liliana','Lueck','LLueck@yahoo.com','1234 DaWrong Lane','Flonkerton','MD','12345','463-157-8271');
INSERT INTO RESERVATION VALUES ('20201204KJ5269617470722',1198,null,'KJ','2020-12-04','2020-12-08',null,'active');
INSERT INTO INVOICECHARGE VALUES ('20201204KJ5269617470722-ch00001','20201204KJ5269617470722','2020-12-04',365.91,'Base room charge');
INSERT INTO INVOICECHARGE VALUES ('20201204KJ5269617470722-ch00002','20201204KJ5269617470722','2020-12-04',188.5,'Cleaning fee');
INSERT INTO PAYMENT VALUES ('20201204KJ5269617470722-p00001','20201204KJ5269617470722','2020-12-06','CC',554.41,'Liliana Lueck','5877511906032605',2,2025,63,'Mastercard');
-- ------- SAMPLE 199 ----------
INSERT INTO GUEST VALUES(1199,'Yuette','Yetman','YYetman@gmail.com','1234 DaWrong Lane','Flonkerton','MD','12345','918-552-0046');
INSERT INTO RESERVATION VALUES ('20191228QD6063932434404',1199,101,'QD','2019-12-28','2019-12-29',null,'complete');
INSERT INTO INVOICECHARGE VALUES ('20191228QD6063932434404-ch00001','20191228QD6063932434404','2019-12-28',63.33,'Base room charge');
INSERT INTO INVOICECHARGE VALUES ('20191228QD6063932434404-ch00002','20191228QD6063932434404','2019-12-28',32.62,'Cleaning fee');
INSERT INTO PAYMENT VALUES ('20191228QD6063932434404-p00001','20191228QD6063932434404','2019-12-30','CC',95.95,'Yuette Yetman','1677362688403012',8,2025,695,'Mastercard');
-- ------- SAMPLE 200 ----------
INSERT INTO GUEST VALUES(1200,'Daron','Dycus','DDycus@yahoo.com','1234 DaWrong Lane','Flonkerton','MD','12345','420-933-4734');
INSERT INTO RESERVATION VALUES ('20200109KS1679769076379',1200,201,'KS','2020-01-09','2020-01-12',null,'complete');
INSERT INTO INVOICECHARGE VALUES ('20200109KS1679769076379-ch00001','20200109KS1679769076379','2020-01-09',319.84,'Base room charge');
INSERT INTO PAYMENT VALUES ('20200109KS1679769076379-p00001','20200109KS1679769076379','2020-01-11','CC',319.84,'Daron Dycus','1164646213435970',8,2022,124,'Mastercard');
-- ------- SAMPLE 201 ----------
INSERT INTO GUEST VALUES(1201,'Kathey','Kingston','KKingston@hotmail.com','1234 DaWrong Lane','Flonkerton','MD','12345','591-916-9124');
INSERT INTO RESERVATION VALUES ('20190328QD7993775745665',1201,106,'QD','2019-03-28','2019-04-01',null,'complete');
INSERT INTO INVOICECHARGE VALUES ('20190328QD7993775745665-ch00001','20190328QD7993775745665','2019-03-28',383.81,'Base room charge');
INSERT INTO PAYMENT VALUES ('20190328QD7993775745665-p00001','20190328QD7993775745665','2019-03-30','CC',383.81,'Kathey Kingston','9291504426336289',9,2021,975,'Mastercard');
-- ------- SAMPLE 202 ----------
INSERT INTO GUEST VALUES(1202,'Lincoln','Lattea','LLattea@gmail.com','1234 DaWrong Lane','Flonkerton','MD','12345','282-657-7886');
INSERT INTO RESERVATION VALUES ('20191208KS3509162091601',1202,102,'KS','2019-12-08','2019-12-11',null,'complete');
INSERT INTO INVOICECHARGE VALUES ('20191208KS3509162091601-ch00001','20191208KS3509162091601','2019-12-08',211.09,'Base room charge');
INSERT INTO INVOICECHARGE VALUES ('20191208KS3509162091601-ch00002','20191208KS3509162091601','2019-12-08',108.75,'Room Service');
INSERT INTO PAYMENT (payment_id,invoice_id,payment_date,payment_type,payment_amount) VALUES ('20191208KS3509162091601-p00001','20191208KS3509162091601','2019-12-10','CA',319.84);
-- ------- SAMPLE 203 ----------
INSERT INTO GUEST VALUES(1203,'Asa','Allan','AAllan@hotmail.com','1234 DaWrong Lane','Flonkerton','MD','12345','732-254-4628');
INSERT INTO RESERVATION VALUES ('20190524QD3557026408595',1203,106,'QD','2019-05-24','2019-05-28',null,'complete');
INSERT INTO INVOICECHARGE VALUES ('20190524QD3557026408595-ch00001','20190524QD3557026408595','2019-05-24',383.81,'Base room charge');
INSERT INTO PAYMENT VALUES ('20190524QD3557026408595-p00001','20190524QD3557026408595','2019-05-26','CC',383.81,'Asa Allan','7040447963070506',10,2023,500,'Mastercard');
-- ------- SAMPLE 204 ----------
INSERT INTO GUEST VALUES(1204,'Aretha','Acy','AAcy@gmail.com','1234 DaWrong Lane','Flonkerton','MD','12345','556-216-1113');
INSERT INTO RESERVATION VALUES ('20210303QS6127482018938',1204,null,'QS','2021-03-03','2021-03-04',null,'active');
INSERT INTO INVOICECHARGE VALUES ('20210303QS6127482018938-ch00001','20210303QS6127482018938','2021-03-03',117.28,'Base room charge');
INSERT INTO PAYMENT VALUES ('20210303QS6127482018938-p00001','20210303QS6127482018938','2021-03-05','CC',73,'Aretha Acy','5667746659938008',1,2024,754,'Mastercard');
-- ------- SAMPLE 205 ----------
INSERT INTO GUEST VALUES(1205,'Major','Meng','MMeng@gmail.com','1234 DaWrong Lane','Flonkerton','MD','12345','724-561-2420');
INSERT INTO RESERVATION VALUES ('20210302QS1917534593697',1205,null,'QS','2021-03-02','2021-03-06',null,'cancelled');
INSERT INTO INVOICECHARGE VALUES ('20210302QS1917534593697-ch00001','20210302QS1917534593697','2021-03-02',469.11,'Base room charge');
INSERT INTO PAYMENT VALUES ('20210302QS1917534593697-p00001','20210302QS1917534593697','2021-03-04','CC',68,'Major Meng','2359374709763043',12,2024,545,'Mastercard');
-- ------- SAMPLE 206 ----------
INSERT INTO GUEST VALUES(1206,'Delora','Delph','DDelph@gmail.com','1234 DaWrong Lane','Flonkerton','MD','12345','871-398-4614');
INSERT INTO RESERVATION VALUES ('20190124KI2844663795736',1206,120,'KI','2019-01-24','2019-01-26',null,'complete');
INSERT INTO INVOICECHARGE VALUES ('20190124KI2844663795736-ch00001','20190124KI2844663795736','2019-01-24',170.58,'Base room charge');
INSERT INTO PAYMENT VALUES ('20190124KI2844663795736-p00001','20190124KI2844663795736','2019-01-26','CC',170.58,'Delora Delph','4860464165767988',10,2024,922,'Mastercard');
-- ------- SAMPLE 207 ----------
INSERT INTO GUEST VALUES(1207,'Demarcus','Dearborn','DDearborn@gmail.com','1234 DaWrong Lane','Flonkerton','MD','12345','239-214-2231');
INSERT INTO RESERVATION VALUES ('20200722QD1897299303897',1207,null,'QD','2020-07-22','2020-07-27',null,'active');
INSERT INTO INVOICECHARGE VALUES ('20200722QD1897299303897-ch00001','20200722QD1897299303897','2020-07-22',479.76,'Base room charge');
INSERT INTO PAYMENT VALUES ('20200722QD1897299303897-p00001','20200722QD1897299303897','2020-07-24','CC',479.76,'Demarcus Dearborn','8240841372005678',10,2021,306,'Mastercard');
-- ------- SAMPLE 208 ----------
INSERT INTO GUEST VALUES(1208,'James','Janey','JJaney@yahoo.com','1234 DaWrong Lane','Flonkerton','MD','12345','223-947-8466');
INSERT INTO RESERVATION VALUES ('20201130QS7106456664550',1208,null,'QS','2020-11-30','2020-12-02',null,'active');
INSERT INTO INVOICECHARGE VALUES ('20201130QS7106456664550-ch00001','20201130QS7106456664550','2020-11-30',154.8,'Base room charge');
INSERT INTO INVOICECHARGE VALUES ('20201130QS7106456664550-ch00002','20201130QS7106456664550','2020-11-30',79.75,'Room Service');
INSERT INTO PAYMENT VALUES ('20201130QS7106456664550-p00001','20201130QS7106456664550','2020-12-02','CC',234.55,'James Janey','1087177285216697',9,2026,832,'Mastercard');
-- ------- SAMPLE 209 ----------
INSERT INTO GUEST VALUES(1209,'Leonore','Losh','LLosh@yahoo.com','1234 DaWrong Lane','Flonkerton','MD','12345','586-317-3177');
INSERT INTO RESERVATION VALUES ('20180812QD1712782419996',1209,111,'QD','2018-08-12','2018-08-15',null,'complete');
INSERT INTO INVOICECHARGE VALUES ('20180812QD1712782419996-ch00001','20180812QD1712782419996','2018-08-12',189.99,'Base room charge');
INSERT INTO INVOICECHARGE VALUES ('20180812QD1712782419996-ch00002','20180812QD1712782419996','2018-08-12',97.87,'Room Service');
INSERT INTO PAYMENT VALUES ('20180812QD1712782419996-p00001','20180812QD1712782419996','2018-08-14','CC',287.86,'Leonore Losh','1340083770001408',6,2025,224,'Mastercard');
-- ------- SAMPLE 210 ----------
INSERT INTO GUEST VALUES(1210,'Luella','Lundstrom','LLundstrom@yahoo.com','1234 DaWrong Lane','Flonkerton','MD','12345','615-849-2886');
INSERT INTO RESERVATION VALUES ('20210123KI6865070058118',1210,null,'KI','2021-01-23','2021-01-24',null,'active');
INSERT INTO INVOICECHARGE VALUES ('20210123KI6865070058118-ch00001','20210123KI6865070058118','2021-01-23',56.29,'Base room charge');
INSERT INTO INVOICECHARGE VALUES ('20210123KI6865070058118-ch00002','20210123KI6865070058118','2021-01-23',29,'Room Service');
INSERT INTO PAYMENT VALUES ('20210123KI6865070058118-p00001','20210123KI6865070058118','2021-01-25','CC',85.29,'Luella Lundstrom','3317442231235813',4,2022,115,'Mastercard');
-- ------- SAMPLE 211 ----------
INSERT INTO GUEST VALUES(1211,'Katerine','Kawakami','KKawakami@yahoo.com','1234 DaWrong Lane','Flonkerton','MD','12345','866-441-3968');
INSERT INTO RESERVATION VALUES ('20181125QD3874481513306',1211,116,'QD','2018-11-25','2018-11-26',null,'complete');
INSERT INTO INVOICECHARGE VALUES ('20181125QD3874481513306-ch00001','20181125QD3874481513306','2018-11-25',63.33,'Base room charge');
INSERT INTO INVOICECHARGE VALUES ('20181125QD3874481513306-ch00002','20181125QD3874481513306','2018-11-25',32.62,'Cleaning fee');
INSERT INTO PAYMENT VALUES ('20181125QD3874481513306-p00001','20181125QD3874481513306','2018-11-27','CC',95.95,'Katerine Kawakami','5013552892066257',7,2023,504,'Mastercard');
-- ------- SAMPLE 212 ----------
INSERT INTO GUEST VALUES(1212,'Doyle','Dykema','DDykema@hotmail.com','1234 DaWrong Lane','Flonkerton','MD','12345','559-966-5462');
INSERT INTO RESERVATION VALUES ('20191225QD7647722982226',1212,111,'QD','2019-12-25','2019-12-27',null,'complete');
INSERT INTO INVOICECHARGE VALUES ('20191225QD7647722982226-ch00001','20191225QD7647722982226','2019-12-25',126.65,'Base room charge');
INSERT INTO INVOICECHARGE VALUES ('20191225QD7647722982226-ch00002','20191225QD7647722982226','2019-12-25',65.25,'Room Service');
INSERT INTO PAYMENT (payment_id,invoice_id,payment_date,payment_type,payment_amount) VALUES ('20191225QD7647722982226-p00001','20191225QD7647722982226','2019-12-27','CA',191.9);
-- ------- SAMPLE 213 ----------
INSERT INTO GUEST VALUES(1213,'Ngan','Nalley','NNalley@gmail.com','1234 DaWrong Lane','Flonkerton','MD','12345','325-784-4203');
INSERT INTO RESERVATION VALUES ('20190503QD1378571677601',1213,111,'QD','2019-05-03','2019-05-07',null,'complete');
INSERT INTO INVOICECHARGE VALUES ('20190503QD1378571677601-ch00001','20190503QD1378571677601','2019-05-03',253.31,'Base room charge');
INSERT INTO INVOICECHARGE VALUES ('20190503QD1378571677601-ch00002','20190503QD1378571677601','2019-05-03',130.5,'Room Service');
INSERT INTO PAYMENT VALUES ('20190503QD1378571677601-p00001','20190503QD1378571677601','2019-05-05','CC',383.81,'Ngan Nalley','1058344283516113',5,2025,502,'Mastercard');
-- ------- SAMPLE 214 ----------
INSERT INTO GUEST VALUES(1214,'Katerine','Kawakami','KKawakami@gmail.com','1234 DaWrong Lane','Flonkerton','MD','12345','405-438-0190');
INSERT INTO RESERVATION VALUES ('20181030QS5901439210844',1214,108,'QS','2018-10-30','2018-11-04',null,'complete');
INSERT INTO INVOICECHARGE VALUES ('20181030QS5901439210844-ch00001','20181030QS5901439210844','2018-10-30',387.01,'Base room charge');
INSERT INTO INVOICECHARGE VALUES ('20181030QS5901439210844-ch00002','20181030QS5901439210844','2018-10-30',199.37,'Cleaning fee');
INSERT INTO PAYMENT VALUES ('20181030QS5901439210844-p00001','20181030QS5901439210844','2018-11-01','CC',586.38,'Katerine Kawakami','6885512274517820',6,2025,366,'Mastercard');
-- ------- SAMPLE 215 ----------
INSERT INTO GUEST VALUES(1215,'Luella','Lundstrom','LLundstrom@yahoo.com','1234 DaWrong Lane','Flonkerton','MD','12345','102-752-6036');
INSERT INTO RESERVATION VALUES ('20201125KI7782373215548',1215,null,'KI','2020-11-25','2020-11-30',null,'active');
-- ------- SAMPLE 216 ----------
INSERT INTO GUEST VALUES(1216,'Sherrie','Stultz','SStultz@yahoo.com','1234 DaWrong Lane','Flonkerton','MD','12345','495-977-2725');
INSERT INTO RESERVATION VALUES ('20180706KJ8696517627226',1216,208,'KJ','2018-07-06','2018-07-09',null,'complete');
INSERT INTO INVOICECHARGE VALUES ('20180706KJ8696517627226-ch00001','20180706KJ8696517627226','2018-07-06',274.43,'Base room charge');
INSERT INTO INVOICECHARGE VALUES ('20180706KJ8696517627226-ch00002','20180706KJ8696517627226','2018-07-06',141.38,'Cleaning fee');
INSERT INTO PAYMENT VALUES ('20180706KJ8696517627226-p00001','20180706KJ8696517627226','2018-07-08','CC',415.81,'Sherrie Stultz','4573162853297415',1,2021,334,'Mastercard');
-- ------- SAMPLE 217 ----------
INSERT INTO GUEST VALUES(1217,'Lorean','Loden','LLoden@yahoo.com','1234 DaWrong Lane','Flonkerton','MD','12345','608-643-4240');
INSERT INTO RESERVATION VALUES ('20200516QD9866181408900',1217,null,'QD','2020-05-16','2020-05-17',null,'active');
-- ------- SAMPLE 218 ----------
INSERT INTO GUEST VALUES(1218,'Jamey','Jen','JJen@hotmail.com','1234 DaWrong Lane','Flonkerton','MD','12345','453-411-0411');
INSERT INTO RESERVATION VALUES ('20200627KI9068536807186',1218,null,'KI','2020-06-27','2020-06-28',null,'active');
-- ------- SAMPLE 219 ----------
INSERT INTO GUEST VALUES(1219,'Ceola','Carasco','CCarasco@gmail.com','1234 DaWrong Lane','Flonkerton','MD','12345','335-339-5099');
INSERT INTO RESERVATION VALUES ('20181219KS5893351915668',1219,201,'KS','2018-12-19','2018-12-21',null,'complete');
INSERT INTO INVOICECHARGE VALUES ('20181219KS5893351915668-ch00001','20181219KS5893351915668','2018-12-19',140.73,'Base room charge');
INSERT INTO INVOICECHARGE VALUES ('20181219KS5893351915668-ch00002','20181219KS5893351915668','2018-12-19',72.5,'Room Service');
INSERT INTO PAYMENT (payment_id,invoice_id,payment_date,payment_type,payment_amount) VALUES ('20181219KS5893351915668-p00001','20181219KS5893351915668','2018-12-21','CA',213.23);
-- ------- SAMPLE 220 ----------
INSERT INTO GUEST VALUES(1220,'Doyle','Dykema','DDykema@yahoo.com','1234 DaWrong Lane','Flonkerton','MD','12345','897-350-1756');
INSERT INTO RESERVATION VALUES ('20180903KI2173816091615',1220,204,'KI','2018-09-03','2018-09-08',null,'complete');
INSERT INTO INVOICECHARGE VALUES ('20180903KI2173816091615-ch00001','20180903KI2173816091615','2018-09-03',281.46,'Base room charge');
INSERT INTO INVOICECHARGE VALUES ('20180903KI2173816091615-ch00002','20180903KI2173816091615','2018-09-03',144.99,'Cleaning fee');
INSERT INTO PAYMENT VALUES ('20180903KI2173816091615-p00001','20180903KI2173816091615','2018-09-05','CC',426.45,'Doyle Dykema','7405129880313365',11,2026,402,'Mastercard');
-- ------- SAMPLE 221 ----------
INSERT INTO GUEST VALUES(1221,'Tanner','Tomasello','TTomasello@yahoo.com','1234 DaWrong Lane','Flonkerton','MD','12345','100-542-4477');
INSERT INTO RESERVATION VALUES ('20190423KS2763702777420',1221,102,'KS','2019-04-23','2019-04-24',null,'complete');
INSERT INTO INVOICECHARGE VALUES ('20190423KS2763702777420-ch00001','20190423KS2763702777420','2019-04-23',106.61,'Base room charge');
INSERT INTO PAYMENT VALUES ('20190423KS2763702777420-p00001','20190423KS2763702777420','2019-04-25','CC',106.61,'Tanner Tomasello','7338449226142460',8,2025,291,'Mastercard');
-- ------- SAMPLE 222 ----------
INSERT INTO GUEST VALUES(1222,'Pearlene','Priestly','PPriestly@yahoo.com','1234 DaWrong Lane','Flonkerton','MD','12345','208-329-7644');
INSERT INTO RESERVATION VALUES ('20181021KJ8933781626540',1222,119,'KJ','2018-10-21','2018-10-24',null,'complete');
INSERT INTO INVOICECHARGE VALUES ('20181021KJ8933781626540-ch00001','20181021KJ8933781626540','2018-10-21',274.43,'Base room charge');
INSERT INTO INVOICECHARGE VALUES ('20181021KJ8933781626540-ch00002','20181021KJ8933781626540','2018-10-21',141.38,'Cleaning fee');
INSERT INTO PAYMENT VALUES ('20181021KJ8933781626540-p00001','20181021KJ8933781626540','2018-10-23','CC',415.81,'Pearlene Priestly','5458784145289716',1,2027,267,'Mastercard');
-- ------- SAMPLE 223 ----------
INSERT INTO GUEST VALUES(1223,'Floy','Feinstein','FFeinstein@gmail.com','1234 DaWrong Lane','Flonkerton','MD','12345','399-162-2025');
INSERT INTO RESERVATION VALUES ('20201226KI2790600163375',1223,null,'KI','2020-12-26','2020-12-27',null,'active');
INSERT INTO INVOICECHARGE VALUES ('20201226KI2790600163375-ch00001','20201226KI2790600163375','2020-12-26',85.29,'Base room charge');
INSERT INTO PAYMENT VALUES ('20201226KI2790600163375-p00001','20201226KI2790600163375','2020-12-28','CC',85.29,'Floy Feinstein','4269244247220390',7,2024,728,'Mastercard');
-- ------- SAMPLE 224 ----------
INSERT INTO GUEST VALUES(1224,'Rachell','Riser','RRiser@hotmail.com','1234 DaWrong Lane','Flonkerton','MD','12345','279-532-2586');
INSERT INTO RESERVATION VALUES ('20210401KS9952665240138',1224,null,'KS','2021-04-01','2021-04-06',null,'active');
INSERT INTO INVOICECHARGE VALUES ('20210401KS9952665240138-ch00001','20210401KS9952665240138','2021-04-01',533.07,'Base room charge');
INSERT INTO PAYMENT VALUES ('20210401KS9952665240138-p00001','20210401KS9952665240138','2021-04-03','CC',159,'Rachell Riser','5888055949057543',6,2027,673,'Mastercard');
-- ------- SAMPLE 225 ----------
INSERT INTO GUEST VALUES(1225,'Buffy','Beattie','BBeattie@yahoo.com','1234 DaWrong Lane','Flonkerton','MD','12345','053-257-2523');
INSERT INTO RESERVATION VALUES ('20190901QD3719094184695',1225,116,'QD','2019-09-01','2019-09-06',null,'complete');
INSERT INTO INVOICECHARGE VALUES ('20190901QD3719094184695-ch00001','20190901QD3719094184695','2019-09-01',316.64,'Base room charge');
INSERT INTO INVOICECHARGE VALUES ('20190901QD3719094184695-ch00002','20190901QD3719094184695','2019-09-01',163.12,'Cleaning fee');
INSERT INTO PAYMENT (payment_id,invoice_id,payment_date,payment_type,payment_amount) VALUES ('20190901QD3719094184695-p00001','20190901QD3719094184695','2019-09-03','CA',479.76);
-- ------- SAMPLE 226 ----------
INSERT INTO GUEST VALUES(1226,'Buford','Biddy','BBiddy@yahoo.com','1234 DaWrong Lane','Flonkerton','MD','12345','888-257-5359');
INSERT INTO RESERVATION VALUES ('20210307KI1572570025154',1226,null,'KI','2021-03-07','2021-03-08',null,'active');
INSERT INTO INVOICECHARGE VALUES ('20210307KI1572570025154-ch00001','20210307KI1572570025154','2021-03-07',56.29,'Base room charge');
INSERT INTO INVOICECHARGE VALUES ('20210307KI1572570025154-ch00002','20210307KI1572570025154','2021-03-07',29,'Room Service');
INSERT INTO PAYMENT VALUES ('20210307KI1572570025154-p00001','20210307KI1572570025154','2021-03-09','CC',22,'Buford Biddy','5564499044842752',4,2026,224,'Mastercard');
-- ------- SAMPLE 227 ----------
INSERT INTO GUEST VALUES(1227,'Buford','Biddy','BBiddy@yahoo.com','1234 DaWrong Lane','Flonkerton','MD','12345','545-110-5975');
INSERT INTO RESERVATION VALUES ('20190224KI3645412081533',1227,115,'KI','2019-02-24','2019-02-26',null,'complete');
INSERT INTO INVOICECHARGE VALUES ('20190224KI3645412081533-ch00001','20190224KI3645412081533','2019-02-24',112.58,'Base room charge');
INSERT INTO INVOICECHARGE VALUES ('20190224KI3645412081533-ch00002','20190224KI3645412081533','2019-02-24',58,'Cleaning fee');
INSERT INTO PAYMENT VALUES ('20190224KI3645412081533-p00001','20190224KI3645412081533','2019-02-26','CC',170.58,'Buford Biddy','8742936983418803',5,2022,156,'Mastercard');
-- ------- SAMPLE 228 ----------
INSERT INTO GUEST VALUES(1228,'Pearlene','Priestly','PPriestly@gmail.com','1234 DaWrong Lane','Flonkerton','MD','12345','645-828-2190');
INSERT INTO RESERVATION VALUES ('20190929KS4900237102989',1228,107,'KS','2019-09-29','2019-10-02',null,'complete');
INSERT INTO INVOICECHARGE VALUES ('20190929KS4900237102989-ch00001','20190929KS4900237102989','2019-09-29',319.84,'Base room charge');
INSERT INTO PAYMENT VALUES ('20190929KS4900237102989-p00001','20190929KS4900237102989','2019-10-01','CC',319.84,'Pearlene Priestly','7819989434399844',11,2021,801,'Mastercard');
-- ------- SAMPLE 229 ----------
INSERT INTO GUEST VALUES(1229,'Francie','Fairbank','FFairbank@hotmail.com','1234 DaWrong Lane','Flonkerton','MD','12345','948-782-6335');
INSERT INTO RESERVATION VALUES ('20181112KI9060023349478',1229,110,'KI','2018-11-12','2018-11-15',null,'complete');
INSERT INTO INVOICECHARGE VALUES ('20181112KI9060023349478-ch00001','20181112KI9060023349478','2018-11-12',168.87,'Base room charge');
INSERT INTO INVOICECHARGE VALUES ('20181112KI9060023349478-ch00002','20181112KI9060023349478','2018-11-12',87,'Room Service');
INSERT INTO PAYMENT (payment_id,invoice_id,payment_date,payment_type,payment_amount) VALUES ('20181112KI9060023349478-p00001','20181112KI9060023349478','2018-11-14','CA',255.87);
-- ------- SAMPLE 230 ----------
INSERT INTO GUEST VALUES(1230,'Lillia','Linen','LLinen@gmail.com','1234 DaWrong Lane','Flonkerton','MD','12345','641-395-3475');
INSERT INTO RESERVATION VALUES ('20190619KI5407543768667',1230,105,'KI','2019-06-19','2019-06-21',null,'complete');
INSERT INTO INVOICECHARGE VALUES ('20190619KI5407543768667-ch00001','20190619KI5407543768667','2019-06-19',112.58,'Base room charge');
INSERT INTO INVOICECHARGE VALUES ('20190619KI5407543768667-ch00002','20190619KI5407543768667','2019-06-19',58,'Cleaning fee');
INSERT INTO PAYMENT VALUES ('20190619KI5407543768667-p00001','20190619KI5407543768667','2019-06-21','CC',170.58,'Lillia Linen','3805552846779648',4,2022,960,'Mastercard');
-- ------- SAMPLE 231 ----------
INSERT INTO GUEST VALUES(1231,'Jamey','Jen','JJen@hotmail.com','1234 DaWrong Lane','Flonkerton','MD','12345','486-488-9675');
INSERT INTO RESERVATION VALUES ('20190811QD6061009434568',1231,116,'QD','2019-08-11','2019-08-15',null,'complete');
INSERT INTO INVOICECHARGE VALUES ('20190811QD6061009434568-ch00001','20190811QD6061009434568','2019-08-11',383.81,'Base room charge');
INSERT INTO PAYMENT (payment_id,invoice_id,payment_date,payment_type,payment_amount) VALUES ('20190811QD6061009434568-p00001','20190811QD6061009434568','2019-08-13','CA',383.81);
-- ------- SAMPLE 232 ----------
INSERT INTO GUEST VALUES(1232,'Shenna','Salmi','SSalmi@hotmail.com','1234 DaWrong Lane','Flonkerton','MD','12345','276-231-4438');
INSERT INTO RESERVATION VALUES ('20210329KI8406654464563',1232,null,'KI','2021-03-29','2021-04-02',null,'active');
INSERT INTO INVOICECHARGE VALUES ('20210329KI8406654464563-ch00001','20210329KI8406654464563','2021-03-29',225.17,'Base room charge');
INSERT INTO INVOICECHARGE VALUES ('20210329KI8406654464563-ch00002','20210329KI8406654464563','2021-03-29',115.99,'Cleaning fee');
INSERT INTO PAYMENT VALUES ('20210329KI8406654464563-p00001','20210329KI8406654464563','2021-03-31','CC',263,'Shenna Salmi','4395766035176934',7,2027,968,'Mastercard');
-- ------- SAMPLE 233 ----------
INSERT INTO GUEST VALUES(1233,'Natalya','Neathery','NNeathery@hotmail.com','1234 DaWrong Lane','Flonkerton','MD','12345','876-117-6655');
INSERT INTO RESERVATION VALUES ('20191015QS2039739652831',1233,207,'QS','2019-10-15','2019-10-16',null,'complete');
INSERT INTO INVOICECHARGE VALUES ('20191015QS2039739652831-ch00001','20191015QS2039739652831','2019-10-15',77.4,'Base room charge');
INSERT INTO INVOICECHARGE VALUES ('20191015QS2039739652831-ch00002','20191015QS2039739652831','2019-10-15',39.88,'Cleaning fee');
INSERT INTO PAYMENT VALUES ('20191015QS2039739652831-p00001','20191015QS2039739652831','2019-10-17','CC',117.28,'Natalya Neathery','6528513302877121',1,2024,475,'Mastercard');
-- ------- SAMPLE 234 ----------
INSERT INTO GUEST VALUES(1234,'Lynda','Linda','LLinda@yahoo.com','1234 DaWrong Lane','Flonkerton','MD','12345','565-657-0871');
INSERT INTO RESERVATION VALUES ('20180707KS9617389269543',1234,102,'KS','2018-07-07','2018-07-11',null,'complete');
INSERT INTO INVOICECHARGE VALUES ('20180707KS9617389269543-ch00001','20180707KS9617389269543','2018-07-07',281.46,'Base room charge');
INSERT INTO INVOICECHARGE VALUES ('20180707KS9617389269543-ch00002','20180707KS9617389269543','2018-07-07',145,'Cleaning fee');
INSERT INTO PAYMENT (payment_id,invoice_id,payment_date,payment_type,payment_amount) VALUES ('20180707KS9617389269543-p00001','20180707KS9617389269543','2018-07-09','CA',426.46);
-- ------- SAMPLE 235 ----------
INSERT INTO GUEST VALUES(1235,'Shae','Sansom','SSansom@gmail.com','1234 DaWrong Lane','Flonkerton','MD','12345','610-191-5226');
INSERT INTO RESERVATION VALUES ('20210402QS3995098856958',1235,null,'QS','2021-04-02','2021-04-06',null,'active');
INSERT INTO INVOICECHARGE VALUES ('20210402QS3995098856958-ch00001','20210402QS3995098856958','2021-04-02',469.11,'Base room charge');
INSERT INTO PAYMENT VALUES ('20210402QS3995098856958-p00001','20210402QS3995098856958','2021-04-04','CC',469.11,'Shae Sansom','3527337429317819',5,2026,127,'Mastercard');
-- ------- SAMPLE 236 ----------
INSERT INTO GUEST VALUES(1236,'Gwyneth','Gamber','GGamber@hotmail.com','1234 DaWrong Lane','Flonkerton','MD','12345','159-341-8544');
INSERT INTO RESERVATION VALUES ('20190427QS9978675182529',1236,207,'QS','2019-04-27','2019-05-01',null,'complete');
INSERT INTO INVOICECHARGE VALUES ('20190427QS9978675182529-ch00001','20190427QS9978675182529','2019-04-27',469.11,'Base room charge');
INSERT INTO PAYMENT (payment_id,invoice_id,payment_date,payment_type,payment_amount) VALUES ('20190427QS9978675182529-p00001','20190427QS9978675182529','2019-04-29','CA',469.11);
-- ------- SAMPLE 237 ----------
INSERT INTO GUEST VALUES(1237,'Melony','Mcmartin','MMcmartin@hotmail.com','1234 DaWrong Lane','Flonkerton','MD','12345','168-637-5923');
INSERT INTO RESERVATION VALUES ('20180820QS3693982595544',1237,108,'QS','2018-08-20','2018-08-21',null,'complete');
INSERT INTO INVOICECHARGE VALUES ('20180820QS3693982595544-ch00001','20180820QS3693982595544','2018-08-20',117.28,'Base room charge');
INSERT INTO PAYMENT VALUES ('20180820QS3693982595544-p00001','20180820QS3693982595544','2018-08-22','CC',117.28,'Melony Mcmartin','1812224757801164',8,2027,722,'Mastercard');
-- ------- SAMPLE 238 ----------
INSERT INTO GUEST VALUES(1238,'Jenna','Jesse','JJesse@gmail.com','1234 DaWrong Lane','Flonkerton','MD','12345','950-953-6072');
INSERT INTO RESERVATION VALUES ('20190223KI8214740752740',1238,115,'KI','2019-02-23','2019-02-24',null,'complete');
INSERT INTO INVOICECHARGE VALUES ('20190223KI8214740752740-ch00001','20190223KI8214740752740','2019-02-23',56.29,'Base room charge');
INSERT INTO INVOICECHARGE VALUES ('20190223KI8214740752740-ch00002','20190223KI8214740752740','2019-02-23',29,'Room Service');
INSERT INTO PAYMENT VALUES ('20190223KI8214740752740-p00001','20190223KI8214740752740','2019-02-25','CC',85.29,'Jenna Jesse','7249036499738959',8,2026,948,'Mastercard');
-- ------- SAMPLE 239 ----------
INSERT INTO GUEST VALUES(1239,'Ginger','Gordillo','GGordillo@yahoo.com','1234 DaWrong Lane','Flonkerton','MD','12345','439-437-1372');
INSERT INTO RESERVATION VALUES ('20190428QD6860746271844',1239,205,'QD','2019-04-28','2019-05-01',null,'complete');
INSERT INTO INVOICECHARGE VALUES ('20190428QD6860746271844-ch00001','20190428QD6860746271844','2019-04-28',189.99,'Base room charge');
INSERT INTO INVOICECHARGE VALUES ('20190428QD6860746271844-ch00002','20190428QD6860746271844','2019-04-28',97.87,'Cleaning fee');
INSERT INTO PAYMENT VALUES ('20190428QD6860746271844-p00001','20190428QD6860746271844','2019-04-30','CC',287.86,'Ginger Gordillo','9116787365081748',3,2024,670,'Mastercard');
-- ------- SAMPLE 240 ----------
INSERT INTO GUEST VALUES(1240,'Bradley','Bently','BBently@yahoo.com','1234 DaWrong Lane','Flonkerton','MD','12345','577-486-2556');
INSERT INTO RESERVATION VALUES ('20210201KS8575994360990',1240,null,'KS','2021-02-01','2021-02-02',null,'active');
INSERT INTO INVOICECHARGE VALUES ('20210201KS8575994360990-ch00001','20210201KS8575994360990','2021-02-01',106.61,'Base room charge');
INSERT INTO PAYMENT VALUES ('20210201KS8575994360990-p00001','20210201KS8575994360990','2021-02-03','CC',65,'Bradley Bently','7674408123934210',10,2021,493,'Mastercard');
-- ------- SAMPLE 241 ----------
INSERT INTO GUEST VALUES(1241,'Dane','Dumond','DDumond@gmail.com','1234 DaWrong Lane','Flonkerton','MD','12345','770-529-5905');
INSERT INTO RESERVATION VALUES ('20200408KJ1564926436893',1241,109,'KJ','2020-04-08','2020-04-10',null,'complete');
INSERT INTO INVOICECHARGE VALUES ('20200408KJ1564926436893-ch00001','20200408KJ1564926436893','2020-04-08',277.2,'Base room charge');
INSERT INTO PAYMENT VALUES ('20200408KJ1564926436893-p00001','20200408KJ1564926436893','2020-04-10','CC',277.2,'Dane Dumond','1205207927115950',4,2027,828,'Mastercard');
-- ------- SAMPLE 242 ----------
INSERT INTO GUEST VALUES(1242,'Tomika','Teran','TTeran@gmail.com','1234 DaWrong Lane','Flonkerton','MD','12345','623-318-8054');
INSERT INTO RESERVATION VALUES ('20181105KS1807124135378',1242,117,'KS','2018-11-05','2018-11-07',null,'complete');
INSERT INTO INVOICECHARGE VALUES ('20181105KS1807124135378-ch00001','20181105KS1807124135378','2018-11-05',213.23,'Base room charge');
INSERT INTO PAYMENT (payment_id,invoice_id,payment_date,payment_type,payment_amount) VALUES ('20181105KS1807124135378-p00001','20181105KS1807124135378','2018-11-07','CA',213.23);
-- ------- SAMPLE 243 ----------
INSERT INTO GUEST VALUES(1243,'Tish','Tusing','TTusing@gmail.com','1234 DaWrong Lane','Flonkerton','MD','12345','776-450-4055');
INSERT INTO RESERVATION VALUES ('20210423KI9774903557648',1243,null,'KI','2021-04-23','2021-04-28',null,'active');
INSERT INTO INVOICECHARGE VALUES ('20210423KI9774903557648-ch00001','20210423KI9774903557648','2021-04-23',281.46,'Base room charge');
INSERT INTO INVOICECHARGE VALUES ('20210423KI9774903557648-ch00002','20210423KI9774903557648','2021-04-23',144.99,'Room Service');
INSERT INTO PAYMENT VALUES ('20210423KI9774903557648-p00001','20210423KI9774903557648','2021-04-25','CC',254,'Tish Tusing','6711879094161484',2,2027,165,'Mastercard');
-- ------- SAMPLE 244 ----------
INSERT INTO GUEST VALUES(1244,'Katerine','Kawakami','KKawakami@yahoo.com','1234 DaWrong Lane','Flonkerton','MD','12345','780-012-5640');
INSERT INTO RESERVATION VALUES ('20200827KI4220619690371',1244,null,'KI','2020-08-27','2020-09-01',null,'active');
INSERT INTO INVOICECHARGE VALUES ('20200827KI4220619690371-ch00001','20200827KI4220619690371','2020-08-27',281.46,'Base room charge');
INSERT INTO INVOICECHARGE VALUES ('20200827KI4220619690371-ch00002','20200827KI4220619690371','2020-08-27',144.99,'Cleaning fee');
INSERT INTO PAYMENT VALUES ('20200827KI4220619690371-p00001','20200827KI4220619690371','2020-08-29','CC',426.45,'Katerine Kawakami','3349448911066903',11,2025,754,'Mastercard');
-- ------- SAMPLE 245 ----------
INSERT INTO GUEST VALUES(1245,'Pearlene','Priestly','PPriestly@yahoo.com','1234 DaWrong Lane','Flonkerton','MD','12345','382-399-5615');
INSERT INTO RESERVATION VALUES ('20201005QD7367133373017',1245,null,'QD','2020-10-05','2020-10-07',null,'active');
INSERT INTO INVOICECHARGE VALUES ('20201005QD7367133373017-ch00001','20201005QD7367133373017','2020-10-05',126.65,'Base room charge');
INSERT INTO INVOICECHARGE VALUES ('20201005QD7367133373017-ch00002','20201005QD7367133373017','2020-10-05',65.25,'Cleaning fee');
INSERT INTO PAYMENT (payment_id,invoice_id,payment_date,payment_type,payment_amount) VALUES ('20201005QD7367133373017-p00001','20201005QD7367133373017','2020-10-07','CA',191.9);
-- ------- SAMPLE 246 ----------
INSERT INTO GUEST VALUES(1246,'Ginger','Gordillo','GGordillo@gmail.com','1234 DaWrong Lane','Flonkerton','MD','12345','291-558-8063');
INSERT INTO RESERVATION VALUES ('20200411KS9789222332924',1246,117,'KS','2020-04-11','2020-04-15',null,'complete');
INSERT INTO INVOICECHARGE VALUES ('20200411KS9789222332924-ch00001','20200411KS9789222332924','2020-04-11',281.46,'Base room charge');
INSERT INTO INVOICECHARGE VALUES ('20200411KS9789222332924-ch00002','20200411KS9789222332924','2020-04-11',145,'Cleaning fee');
INSERT INTO PAYMENT (payment_id,invoice_id,payment_date,payment_type,payment_amount) VALUES ('20200411KS9789222332924-p00001','20200411KS9789222332924','2020-04-13','CA',426.46);
-- ------- SAMPLE 247 ----------
INSERT INTO GUEST VALUES(1247,'Margorie','Mcnish','MMcnish@hotmail.com','1234 DaWrong Lane','Flonkerton','MD','12345','854-559-7746');
INSERT INTO RESERVATION VALUES ('20200122KS6609951623321',1247,112,'KS','2020-01-22','2020-01-23',null,'complete');
INSERT INTO INVOICECHARGE VALUES ('20200122KS6609951623321-ch00001','20200122KS6609951623321','2020-01-22',106.61,'Base room charge');
INSERT INTO PAYMENT VALUES ('20200122KS6609951623321-p00001','20200122KS6609951623321','2020-01-24','CC',106.61,'Margorie Mcnish','1604532104362363',2,2023,631,'Mastercard');
-- ------- SAMPLE 248 ----------
INSERT INTO GUEST VALUES(1248,'Joann','Joplin','JJoplin@yahoo.com','1234 DaWrong Lane','Flonkerton','MD','12345','450-742-5650');
INSERT INTO RESERVATION VALUES ('20200302KJ4229263277632',1248,203,'KJ','2020-03-02','2020-03-04',null,'complete');
INSERT INTO INVOICECHARGE VALUES ('20200302KJ4229263277632-ch00001','20200302KJ4229263277632','2020-03-02',182.95,'Base room charge');
INSERT INTO INVOICECHARGE VALUES ('20200302KJ4229263277632-ch00002','20200302KJ4229263277632','2020-03-02',94.25,'Cleaning fee');
INSERT INTO PAYMENT VALUES ('20200302KJ4229263277632-p00001','20200302KJ4229263277632','2020-03-04','CC',277.2,'Joann Joplin','8048043420829975',12,2024,498,'Mastercard');
-- ------- SAMPLE 249 ----------
INSERT INTO GUEST VALUES(1249,'Anita','Amezcua','AAmezcua@hotmail.com','1234 DaWrong Lane','Flonkerton','MD','12345','516-618-5348');
INSERT INTO RESERVATION VALUES ('20191205QS8583402761437',1249,113,'QS','2019-12-05','2019-12-09',null,'complete');
INSERT INTO INVOICECHARGE VALUES ('20191205QS8583402761437-ch00001','20191205QS8583402761437','2019-12-05',469.11,'Base room charge');
INSERT INTO PAYMENT VALUES ('20191205QS8583402761437-p00001','20191205QS8583402761437','2019-12-07','CC',469.11,'Anita Amezcua','6265022548892359',5,2021,666,'Mastercard');
-- ------- SAMPLE 250 ----------
INSERT INTO GUEST VALUES(1250,'Antwan','Albury','AAlbury@yahoo.com','1234 DaWrong Lane','Flonkerton','MD','12345','099-436-7297');
INSERT INTO RESERVATION VALUES ('20201115KS4988769387073',1250,null,'KS','2020-11-15','2020-11-18',null,'active');
INSERT INTO INVOICECHARGE VALUES ('20201115KS4988769387073-ch00001','20201115KS4988769387073','2020-11-15',211.09,'Base room charge');
INSERT INTO INVOICECHARGE VALUES ('20201115KS4988769387073-ch00002','20201115KS4988769387073','2020-11-15',108.75,'Room Service');
INSERT INTO PAYMENT VALUES ('20201115KS4988769387073-p00001','20201115KS4988769387073','2020-11-17','CC',315,'Antwan Albury','5863017206975623',8,2024,509,'Mastercard');
-- ------- SAMPLE 251 ----------
INSERT INTO GUEST VALUES(1251,'Floy','Feinstein','FFeinstein@yahoo.com','1234 DaWrong Lane','Flonkerton','MD','12345','877-651-1202');
INSERT INTO RESERVATION VALUES ('20181227KS4129604798552',1251,201,'KS','2018-12-27','2018-12-30',null,'complete');
INSERT INTO INVOICECHARGE VALUES ('20181227KS4129604798552-ch00001','20181227KS4129604798552','2018-12-27',211.09,'Base room charge');
INSERT INTO INVOICECHARGE VALUES ('20181227KS4129604798552-ch00002','20181227KS4129604798552','2018-12-27',108.75,'Cleaning fee');
INSERT INTO PAYMENT (payment_id,invoice_id,payment_date,payment_type,payment_amount) VALUES ('20181227KS4129604798552-p00001','20181227KS4129604798552','2018-12-29','CA',319.84);
-- ------- SAMPLE 252 ----------
INSERT INTO GUEST VALUES(1252,'Lillia','Linen','LLinen@hotmail.com','1234 DaWrong Lane','Flonkerton','MD','12345','695-453-7304');
INSERT INTO RESERVATION VALUES ('20190430KS7036861866127',1252,112,'KS','2019-04-30','2019-05-02',null,'complete');
INSERT INTO INVOICECHARGE VALUES ('20190430KS7036861866127-ch00001','20190430KS7036861866127','2019-04-30',140.73,'Base room charge');
INSERT INTO INVOICECHARGE VALUES ('20190430KS7036861866127-ch00002','20190430KS7036861866127','2019-04-30',72.5,'Cleaning fee');
INSERT INTO PAYMENT (payment_id,invoice_id,payment_date,payment_type,payment_amount) VALUES ('20190430KS7036861866127-p00001','20190430KS7036861866127','2019-05-02','CA',213.23);
-- ------- SAMPLE 253 ----------
INSERT INTO GUEST VALUES(1253,'Adrianna','Aungst','AAungst@gmail.com','1234 DaWrong Lane','Flonkerton','MD','12345','240-240-6694');
INSERT INTO RESERVATION VALUES ('20180703KI9651249482932',1253,110,'KI','2018-07-03','2018-07-06',null,'complete');
INSERT INTO INVOICECHARGE VALUES ('20180703KI9651249482932-ch00001','20180703KI9651249482932','2018-07-03',168.87,'Base room charge');
INSERT INTO INVOICECHARGE VALUES ('20180703KI9651249482932-ch00002','20180703KI9651249482932','2018-07-03',87,'Cleaning fee');
INSERT INTO PAYMENT VALUES ('20180703KI9651249482932-p00001','20180703KI9651249482932','2018-07-05','CC',255.87,'Adrianna Aungst','2700994789662163',8,2023,377,'Mastercard');
-- ------- SAMPLE 254 ----------
INSERT INTO GUEST VALUES(1254,'Shad','Sitler','SSitler@yahoo.com','1234 DaWrong Lane','Flonkerton','MD','12345','554-087-4811');
INSERT INTO RESERVATION VALUES ('20190207KJ7078422959163',1254,119,'KJ','2019-02-07','2019-02-08',null,'complete');
INSERT INTO INVOICECHARGE VALUES ('20190207KJ7078422959163-ch00001','20190207KJ7078422959163','2019-02-07',91.48,'Base room charge');
INSERT INTO INVOICECHARGE VALUES ('20190207KJ7078422959163-ch00002','20190207KJ7078422959163','2019-02-07',47.12,'Cleaning fee');
INSERT INTO PAYMENT VALUES ('20190207KJ7078422959163-p00001','20190207KJ7078422959163','2019-02-09','CC',138.6,'Shad Sitler','1968845587521260',1,2025,900,'Mastercard');
-- ------- SAMPLE 255 ----------
INSERT INTO GUEST VALUES(1255,'Jammie','Jo','JJo@gmail.com','1234 DaWrong Lane','Flonkerton','MD','12345','719-432-9535');
INSERT INTO RESERVATION VALUES ('20181101KS2460239949246',1255,102,'KS','2018-11-01','2018-11-02',null,'complete');
INSERT INTO INVOICECHARGE VALUES ('20181101KS2460239949246-ch00001','20181101KS2460239949246','2018-11-01',106.61,'Base room charge');
INSERT INTO PAYMENT VALUES ('20181101KS2460239949246-p00001','20181101KS2460239949246','2018-11-03','CC',106.61,'Jammie Jo','2803852680924338',5,2026,141,'Mastercard');
-- ------- SAMPLE 256 ----------
INSERT INTO GUEST VALUES(1256,'Malia','Molden','MMolden@gmail.com','1234 DaWrong Lane','Flonkerton','MD','12345','268-426-5066');
INSERT INTO RESERVATION VALUES ('20201105QD3791243577863',1256,null,'QD','2020-11-05','2020-11-06',null,'active');
INSERT INTO INVOICECHARGE VALUES ('20201105QD3791243577863-ch00001','20201105QD3791243577863','2020-11-05',63.33,'Base room charge');
INSERT INTO INVOICECHARGE VALUES ('20201105QD3791243577863-ch00002','20201105QD3791243577863','2020-11-05',32.62,'Room Service');
INSERT INTO PAYMENT (payment_id,invoice_id,payment_date,payment_type,payment_amount) VALUES ('20201105QD3791243577863-p00001','20201105QD3791243577863','2020-11-07','CA',95.95);
-- ------- SAMPLE 257 ----------
INSERT INTO GUEST VALUES(1257,'Reita','Rudder','RRudder@yahoo.com','1234 DaWrong Lane','Flonkerton','MD','12345','036-923-1468');
INSERT INTO RESERVATION VALUES ('20200810QS6917351143209',1257,null,'QS','2020-08-10','2020-08-14',null,'active');
-- ------- SAMPLE 258 ----------
INSERT INTO GUEST VALUES(1258,'Asa','Allan','AAllan@yahoo.com','1234 DaWrong Lane','Flonkerton','MD','12345','676-488-8652');
INSERT INTO RESERVATION VALUES ('20210313QD8477478302643',1258,null,'QD','2021-03-13','2021-03-15',null,'active');
INSERT INTO INVOICECHARGE VALUES ('20210313QD8477478302643-ch00001','20210313QD8477478302643','2021-03-13',63.33,'Base room charge');
INSERT INTO INVOICECHARGE VALUES ('20210313QD8477478302643-ch00002','20210313QD8477478302643','2021-03-13',32.62,'Cleaning fee');
INSERT INTO PAYMENT VALUES ('20210313QD8477478302643-p00001','20210313QD8477478302643','2021-03-15','CC',95.95,'Asa Allan','6033917115048005',10,2026,169,'Mastercard');
-- ------- SAMPLE 259 ----------
INSERT INTO GUEST VALUES(1259,'Annie','Albrecht','AAlbrecht@yahoo.com','1234 DaWrong Lane','Flonkerton','MD','12345','254-310-1840');
INSERT INTO RESERVATION VALUES ('20190214KS8134671662029',1259,112,'KS','2019-02-14','2019-02-16',null,'complete');
INSERT INTO INVOICECHARGE VALUES ('20190214KS8134671662029-ch00001','20190214KS8134671662029','2019-02-14',140.73,'Base room charge');
INSERT INTO INVOICECHARGE VALUES ('20190214KS8134671662029-ch00002','20190214KS8134671662029','2019-02-14',72.5,'Room Service');
INSERT INTO PAYMENT (payment_id,invoice_id,payment_date,payment_type,payment_amount) VALUES ('20190214KS8134671662029-p00001','20190214KS8134671662029','2019-02-16','CA',213.23);
-- ------- SAMPLE 260 ----------
INSERT INTO GUEST VALUES(1260,'Ginger','Gordillo','GGordillo@gmail.com','1234 DaWrong Lane','Flonkerton','MD','12345','196-508-8565');
INSERT INTO RESERVATION VALUES ('20200821KI7948087194194',1260,null,'KI','2020-08-21','2020-08-26',null,'active');
INSERT INTO INVOICECHARGE VALUES ('20200821KI7948087194194-ch00001','20200821KI7948087194194','2020-08-21',426.45,'Base room charge');
INSERT INTO PAYMENT VALUES ('20200821KI7948087194194-p00001','20200821KI7948087194194','2020-08-23','CC',292,'Ginger Gordillo','7147606846799917',3,2024,708,'Mastercard');
-- ------- SAMPLE 261 ----------
INSERT INTO GUEST VALUES(1261,'Christine','Ciampa','CCiampa@gmail.com','1234 DaWrong Lane','Flonkerton','MD','12345','995-724-9612');
INSERT INTO RESERVATION VALUES ('20201126QD6390490922315',1261,null,'QD','2020-11-26','2020-11-29',null,'active');
INSERT INTO INVOICECHARGE VALUES ('20201126QD6390490922315-ch00001','20201126QD6390490922315','2020-11-26',189.99,'Base room charge');
INSERT INTO INVOICECHARGE VALUES ('20201126QD6390490922315-ch00002','20201126QD6390490922315','2020-11-26',97.87,'Cleaning fee');
INSERT INTO PAYMENT (payment_id,invoice_id,payment_date,payment_type,payment_amount) VALUES ('20201126QD6390490922315-p00001','20201126QD6390490922315','2020-11-28','CA',287.86);
-- ------- SAMPLE 262 ----------
INSERT INTO GUEST VALUES(1262,'Yuette','Yetman','YYetman@hotmail.com','1234 DaWrong Lane','Flonkerton','MD','12345','794-751-0193');
INSERT INTO RESERVATION VALUES ('20200619KJ5887654600397',1262,null,'KJ','2020-06-19','2020-06-22',null,'active');
-- ------- SAMPLE 263 ----------
INSERT INTO GUEST VALUES(1263,'Rose','Royall','RRoyall@yahoo.com','1234 DaWrong Lane','Flonkerton','MD','12345','477-773-3497');
INSERT INTO RESERVATION VALUES ('20191231KS1059965606323',1263,112,'KS','2019-12-31','2020-01-04',null,'complete');
INSERT INTO INVOICECHARGE VALUES ('20191231KS1059965606323-ch00001','20191231KS1059965606323','2019-12-31',281.46,'Base room charge');
INSERT INTO INVOICECHARGE VALUES ('20191231KS1059965606323-ch00002','20191231KS1059965606323','2019-12-31',145,'Room Service');
INSERT INTO PAYMENT VALUES ('20191231KS1059965606323-p00001','20191231KS1059965606323','2020-01-02','CC',426.46,'Rose Royall','7722991585906357',1,2026,195,'Mastercard');
-- ------- SAMPLE 264 ----------
INSERT INTO GUEST VALUES(1264,'Nena','Nunez','NNunez@yahoo.com','1234 DaWrong Lane','Flonkerton','MD','12345','778-814-0136');
INSERT INTO RESERVATION VALUES ('20190817KJ8033185196545',1264,109,'KJ','2019-08-17','2019-08-20',null,'complete');
INSERT INTO INVOICECHARGE VALUES ('20190817KJ8033185196545-ch00001','20190817KJ8033185196545','2019-08-17',415.81,'Base room charge');
INSERT INTO PAYMENT (payment_id,invoice_id,payment_date,payment_type,payment_amount) VALUES ('20190817KJ8033185196545-p00001','20190817KJ8033185196545','2019-08-19','CA',415.81);
-- ------- SAMPLE 265 ----------
INSERT INTO GUEST VALUES(1265,'Buford','Biddy','BBiddy@yahoo.com','1234 DaWrong Lane','Flonkerton','MD','12345','167-242-0701');
INSERT INTO RESERVATION VALUES ('20210131QS8004755697595',1265,null,'QS','2021-01-31','2021-02-03',null,'active');
INSERT INTO INVOICECHARGE VALUES ('20210131QS8004755697595-ch00001','20210131QS8004755697595','2021-01-31',351.83,'Base room charge');
INSERT INTO PAYMENT (payment_id,invoice_id,payment_date,payment_type,payment_amount) VALUES ('20210131QS8004755697595-p00001','20210131QS8004755697595','2021-02-02','CA',29);
-- ------- SAMPLE 266 ----------
INSERT INTO GUEST VALUES(1266,'Selene','Staiger','SStaiger@gmail.com','1234 DaWrong Lane','Flonkerton','MD','12345','542-812-2858');
INSERT INTO RESERVATION VALUES ('20200917QD3310035623997',1266,null,'QD','2020-09-17','2020-09-20',null,'active');
INSERT INTO INVOICECHARGE VALUES ('20200917QD3310035623997-ch00001','20200917QD3310035623997','2020-09-17',287.86,'Base room charge');
INSERT INTO PAYMENT (payment_id,invoice_id,payment_date,payment_type,payment_amount) VALUES ('20200917QD3310035623997-p00001','20200917QD3310035623997','2020-09-19','CA',287.86);
-- ------- SAMPLE 267 ----------
INSERT INTO GUEST VALUES(1267,'Margorie','Mcnish','MMcnish@hotmail.com','1234 DaWrong Lane','Flonkerton','MD','12345','599-670-4115');
INSERT INTO RESERVATION VALUES ('20210214KJ7292447064341',1267,null,'KJ','2021-02-14','2021-02-19',null,'active');
INSERT INTO INVOICECHARGE VALUES ('20210214KJ7292447064341-ch00001','20210214KJ7292447064341','2021-02-14',457.39,'Base room charge');
INSERT INTO INVOICECHARGE VALUES ('20210214KJ7292447064341-ch00002','20210214KJ7292447064341','2021-02-14',235.62,'Cleaning fee');
INSERT INTO PAYMENT VALUES ('20210214KJ7292447064341-p00001','20210214KJ7292447064341','2021-02-16','CC',693.01,'Margorie Mcnish','4637609647794393',4,2025,809,'Mastercard');
-- ------- SAMPLE 268 ----------
INSERT INTO GUEST VALUES(1268,'Georgianne','Guadarrama','GGuadarrama@yahoo.com','1234 DaWrong Lane','Flonkerton','MD','12345','376-062-7778');
INSERT INTO RESERVATION VALUES ('20210201KS6212436198790',1268,null,'KS','2021-02-01','2021-02-04',null,'active');
INSERT INTO INVOICECHARGE VALUES ('20210201KS6212436198790-ch00001','20210201KS6212436198790','2021-02-01',211.09,'Base room charge');
INSERT INTO INVOICECHARGE VALUES ('20210201KS6212436198790-ch00002','20210201KS6212436198790','2021-02-01',108.75,'Room Service');
INSERT INTO PAYMENT VALUES ('20210201KS6212436198790-p00001','20210201KS6212436198790','2021-02-03','CC',319.84,'Georgianne Guadarrama','4894063912702711',2,2021,947,'Mastercard');
-- ------- SAMPLE 269 ----------
INSERT INTO GUEST VALUES(1269,'Lynda','Linda','LLinda@gmail.com','1234 DaWrong Lane','Flonkerton','MD','12345','323-374-9989');
INSERT INTO RESERVATION VALUES ('20190122QS9913800139717',1269,113,'QS','2019-01-22','2019-01-23',null,'cancelled');
INSERT INTO INVOICECHARGE VALUES ('20190122QS9913800139717-ch00001','20190122QS9913800139717','2019-01-22',77.4,'Base room charge');
INSERT INTO INVOICECHARGE VALUES ('20190122QS9913800139717-ch00002','20190122QS9913800139717','2019-01-22',39.88,'Cleaning fee');
INSERT INTO PAYMENT VALUES ('20190122QS9913800139717-p00001','20190122QS9913800139717','2019-01-24','CC',117.28,'Lynda Linda','4660200926281080',7,2026,320,'Mastercard');
-- ------- SAMPLE 270 ----------
INSERT INTO GUEST VALUES(1270,'Claribel','Catanzaro','CCatanzaro@gmail.com','1234 DaWrong Lane','Flonkerton','MD','12345','084-002-8517');
INSERT INTO RESERVATION VALUES ('20181008QD9827963877532',1270,111,'QD','2018-10-08','2018-10-13',null,'complete');
INSERT INTO INVOICECHARGE VALUES ('20181008QD9827963877532-ch00001','20181008QD9827963877532','2018-10-08',479.76,'Base room charge');
INSERT INTO PAYMENT VALUES ('20181008QD9827963877532-p00001','20181008QD9827963877532','2018-10-10','CC',479.76,'Claribel Catanzaro','6593381862519410',1,2025,70,'Mastercard');
-- ------- SAMPLE 271 ----------
INSERT INTO GUEST VALUES(1271,'Asa','Allan','AAllan@gmail.com','1234 DaWrong Lane','Flonkerton','MD','12345','518-554-8627');
INSERT INTO RESERVATION VALUES ('20200914QS4910472344461',1271,null,'QS','2020-09-14','2020-09-19',null,'active');
INSERT INTO INVOICECHARGE VALUES ('20200914QS4910472344461-ch00001','20200914QS4910472344461','2020-09-14',586.38,'Base room charge');
INSERT INTO PAYMENT VALUES ('20200914QS4910472344461-p00001','20200914QS4910472344461','2020-09-16','CC',586.38,'Asa Allan','9733551938612128',4,2022,608,'Mastercard');
-- ------- SAMPLE 272 ----------
INSERT INTO GUEST VALUES(1272,'Buford','Biddy','BBiddy@hotmail.com','1234 DaWrong Lane','Flonkerton','MD','12345','449-534-9649');
INSERT INTO RESERVATION VALUES ('20190729KS3545974984632',1272,107,'KS','2019-07-29','2019-08-02',null,'complete');
INSERT INTO INVOICECHARGE VALUES ('20190729KS3545974984632-ch00001','20190729KS3545974984632','2019-07-29',281.46,'Base room charge');
INSERT INTO INVOICECHARGE VALUES ('20190729KS3545974984632-ch00002','20190729KS3545974984632','2019-07-29',145,'Room Service');
INSERT INTO PAYMENT (payment_id,invoice_id,payment_date,payment_type,payment_amount) VALUES ('20190729KS3545974984632-p00001','20190729KS3545974984632','2019-07-31','CA',426.46);
-- ------- SAMPLE 273 ----------
INSERT INTO GUEST VALUES(1273,'Freida','Forbis','FForbis@gmail.com','1234 DaWrong Lane','Flonkerton','MD','12345','241-769-5579');
INSERT INTO RESERVATION VALUES ('20200405QS7162112508467',1273,103,'QS','2020-04-05','2020-04-10',null,'complete');
INSERT INTO INVOICECHARGE VALUES ('20200405QS7162112508467-ch00001','20200405QS7162112508467','2020-04-05',586.38,'Base room charge');
INSERT INTO PAYMENT VALUES ('20200405QS7162112508467-p00001','20200405QS7162112508467','2020-04-07','CC',586.38,'Freida Forbis','8456006216838172',3,2022,167,'Mastercard');
-- ------- SAMPLE 274 ----------
INSERT INTO GUEST VALUES(1274,'Doyle','Dykema','DDykema@hotmail.com','1234 DaWrong Lane','Flonkerton','MD','12345','302-999-7792');
INSERT INTO RESERVATION VALUES ('20200322QD4838571483033',1274,111,'QD','2020-03-22','2020-03-27',null,'complete');
INSERT INTO INVOICECHARGE VALUES ('20200322QD4838571483033-ch00001','20200322QD4838571483033','2020-03-22',316.64,'Base room charge');
INSERT INTO INVOICECHARGE VALUES ('20200322QD4838571483033-ch00002','20200322QD4838571483033','2020-03-22',163.12,'Cleaning fee');
INSERT INTO PAYMENT (payment_id,invoice_id,payment_date,payment_type,payment_amount) VALUES ('20200322QD4838571483033-p00001','20200322QD4838571483033','2020-03-24','CA',479.76);
-- ------- SAMPLE 275 ----------
INSERT INTO GUEST VALUES(1275,'Rose','Royall','RRoyall@hotmail.com','1234 DaWrong Lane','Flonkerton','MD','12345','604-256-4097');
INSERT INTO RESERVATION VALUES ('20201217QD3615747243929',1275,null,'QD','2020-12-17','2020-12-18',null,'active');
-- ------- SAMPLE 276 ----------
INSERT INTO GUEST VALUES(1276,'Shae','Sansom','SSansom@gmail.com','1234 DaWrong Lane','Flonkerton','MD','12345','103-454-2148');
INSERT INTO RESERVATION VALUES ('20191124QD9992096303040',1276,200,'QD','2019-11-24','2019-11-27',null,'complete');
INSERT INTO INVOICECHARGE VALUES ('20191124QD9992096303040-ch00001','20191124QD9992096303040','2019-11-24',287.86,'Base room charge');
INSERT INTO PAYMENT (payment_id,invoice_id,payment_date,payment_type,payment_amount) VALUES ('20191124QD9992096303040-p00001','20191124QD9992096303040','2019-11-26','CA',287.86);
-- ------- SAMPLE 277 ----------
INSERT INTO GUEST VALUES(1277,'Rosemarie','Roeser','RRoeser@yahoo.com','1234 DaWrong Lane','Flonkerton','MD','12345','780-555-1237');
INSERT INTO RESERVATION VALUES ('20210121QD3563536475021',1277,null,'QD','2021-01-21','2021-01-22',null,'active');
INSERT INTO INVOICECHARGE VALUES ('20210121QD3563536475021-ch00001','20210121QD3563536475021','2021-01-21',95.95,'Base room charge');
INSERT INTO PAYMENT VALUES ('20210121QD3563536475021-p00001','20210121QD3563536475021','2021-01-23','CC',95.95,'Rosemarie Roeser','1598156300141393',2,2024,9,'Mastercard');
-- ------- SAMPLE 278 ----------
INSERT INTO GUEST VALUES(1278,'Shenna','Salmi','SSalmi@gmail.com','1234 DaWrong Lane','Flonkerton','MD','12345','174-612-5354');
INSERT INTO RESERVATION VALUES ('20210224KS5547366418102',1278,null,'KS','2021-02-24','2021-02-26',null,'active');
INSERT INTO INVOICECHARGE VALUES ('20210224KS5547366418102-ch00001','20210224KS5547366418102','2021-02-24',213.23,'Base room charge');
INSERT INTO PAYMENT (payment_id,invoice_id,payment_date,payment_type,payment_amount) VALUES ('20210224KS5547366418102-p00001','20210224KS5547366418102','2021-02-26','CA',52);
-- ------- SAMPLE 279 ----------
INSERT INTO GUEST VALUES(1279,'Luella','Lundstrom','LLundstrom@hotmail.com','1234 DaWrong Lane','Flonkerton','MD','12345','444-626-8994');
INSERT INTO RESERVATION VALUES ('20180924KJ6050909964422',1279,119,'KJ','2018-09-24','2018-09-28',null,'complete');
INSERT INTO INVOICECHARGE VALUES ('20180924KJ6050909964422-ch00001','20180924KJ6050909964422','2018-09-24',365.91,'Base room charge');
INSERT INTO INVOICECHARGE VALUES ('20180924KJ6050909964422-ch00002','20180924KJ6050909964422','2018-09-24',188.5,'Cleaning fee');
INSERT INTO PAYMENT VALUES ('20180924KJ6050909964422-p00001','20180924KJ6050909964422','2018-09-26','CC',554.41,'Luella Lundstrom','5343364296161517',10,2023,563,'Mastercard');
-- ------- SAMPLE 280 ----------
INSERT INTO GUEST VALUES(1280,'Leonore','Losh','LLosh@gmail.com','1234 DaWrong Lane','Flonkerton','MD','12345','820-239-8825');
INSERT INTO RESERVATION VALUES ('20190303QS1457563961443',1280,103,'QS','2019-03-03','2019-03-08',null,'complete');
INSERT INTO INVOICECHARGE VALUES ('20190303QS1457563961443-ch00001','20190303QS1457563961443','2019-03-03',586.38,'Base room charge');
INSERT INTO PAYMENT VALUES ('20190303QS1457563961443-p00001','20190303QS1457563961443','2019-03-05','CC',586.38,'Leonore Losh','3871144597097100',5,2022,803,'Mastercard');
-- ------- SAMPLE 281 ----------
INSERT INTO GUEST VALUES(1281,'Georgianne','Guadarrama','GGuadarrama@gmail.com','1234 DaWrong Lane','Flonkerton','MD','12345','086-837-8538');
INSERT INTO RESERVATION VALUES ('20181230QD4061609141596',1281,106,'QD','2018-12-30','2019-01-02',null,'complete');
INSERT INTO INVOICECHARGE VALUES ('20181230QD4061609141596-ch00001','20181230QD4061609141596','2018-12-30',189.99,'Base room charge');
INSERT INTO INVOICECHARGE VALUES ('20181230QD4061609141596-ch00002','20181230QD4061609141596','2018-12-30',97.87,'Cleaning fee');
INSERT INTO PAYMENT VALUES ('20181230QD4061609141596-p00001','20181230QD4061609141596','2019-01-01','CC',287.86,'Georgianne Guadarrama','1273733090505590',6,2025,412,'Mastercard');
-- ------- SAMPLE 282 ----------
INSERT INTO GUEST VALUES(1282,'Leighann','Leith','LLeith@hotmail.com','1234 DaWrong Lane','Flonkerton','MD','12345','583-410-7442');
INSERT INTO RESERVATION VALUES ('20200428QS2429647569243',1282,207,'QS','2020-04-28','2020-05-03',null,'complete');
INSERT INTO INVOICECHARGE VALUES ('20200428QS2429647569243-ch00001','20200428QS2429647569243','2020-04-28',586.38,'Base room charge');
INSERT INTO PAYMENT VALUES ('20200428QS2429647569243-p00001','20200428QS2429647569243','2020-04-30','CC',586.38,'Leighann Leith','9749284448585352',9,2027,195,'Mastercard');
-- ------- SAMPLE 283 ----------
INSERT INTO GUEST VALUES(1283,'Annie','Albrecht','AAlbrecht@yahoo.com','1234 DaWrong Lane','Flonkerton','MD','12345','361-896-4717');
INSERT INTO RESERVATION VALUES ('20200227KI9472893726278',1283,120,'KI','2020-02-27','2020-02-28',null,'complete');
INSERT INTO INVOICECHARGE VALUES ('20200227KI9472893726278-ch00001','20200227KI9472893726278','2020-02-27',56.29,'Base room charge');
INSERT INTO INVOICECHARGE VALUES ('20200227KI9472893726278-ch00002','20200227KI9472893726278','2020-02-27',29,'Room Service');
INSERT INTO PAYMENT (payment_id,invoice_id,payment_date,payment_type,payment_amount) VALUES ('20200227KI9472893726278-p00001','20200227KI9472893726278','2020-02-29','CA',85.29);
-- ------- SAMPLE 284 ----------
INSERT INTO GUEST VALUES(1284,'Anita','Amezcua','AAmezcua@yahoo.com','1234 DaWrong Lane','Flonkerton','MD','12345','731-033-3183');
INSERT INTO RESERVATION VALUES ('20180604KS6807539907810',1284,201,'KS','2018-06-04','2018-06-09',null,'complete');
INSERT INTO INVOICECHARGE VALUES ('20180604KS6807539907810-ch00001','20180604KS6807539907810','2018-06-04',533.07,'Base room charge');
INSERT INTO PAYMENT VALUES ('20180604KS6807539907810-p00001','20180604KS6807539907810','2018-06-06','CC',533.07,'Anita Amezcua','4941869952505810',10,2023,574,'Mastercard');
-- ------- SAMPLE 285 ----------
INSERT INTO GUEST VALUES(1285,'Fonda','Foreman','FForeman@yahoo.com','1234 DaWrong Lane','Flonkerton','MD','12345','090-351-1297');
INSERT INTO RESERVATION VALUES ('20190221KS8337182200357',1285,107,'KS','2019-02-21','2019-02-25',null,'complete');
INSERT INTO INVOICECHARGE VALUES ('20190221KS8337182200357-ch00001','20190221KS8337182200357','2019-02-21',426.46,'Base room charge');
INSERT INTO PAYMENT VALUES ('20190221KS8337182200357-p00001','20190221KS8337182200357','2019-02-23','CC',426.46,'Fonda Foreman','4845747233102621',7,2023,404,'Mastercard');
-- ------- SAMPLE 286 ----------
INSERT INTO GUEST VALUES(1286,'Audrey','Aikens','AAikens@yahoo.com','1234 DaWrong Lane','Flonkerton','MD','12345','684-753-1941');
INSERT INTO RESERVATION VALUES ('20180529QS7002377182974',1286,113,'QS','2018-05-29','2018-06-03',null,'complete');
INSERT INTO INVOICECHARGE VALUES ('20180529QS7002377182974-ch00001','20180529QS7002377182974','2018-05-29',586.38,'Base room charge');
INSERT INTO PAYMENT VALUES ('20180529QS7002377182974-p00001','20180529QS7002377182974','2018-05-31','CC',586.38,'Audrey Aikens','7095309494156462',8,2023,636,'Mastercard');
-- ------- SAMPLE 287 ----------
INSERT INTO GUEST VALUES(1287,'Anita','Amezcua','AAmezcua@gmail.com','1234 DaWrong Lane','Flonkerton','MD','12345','236-714-8776');
INSERT INTO RESERVATION VALUES ('20190724KI1568148640183',1287,120,'KI','2019-07-24','2019-07-29',null,'complete');
INSERT INTO INVOICECHARGE VALUES ('20190724KI1568148640183-ch00001','20190724KI1568148640183','2019-07-24',426.45,'Base room charge');
INSERT INTO PAYMENT (payment_id,invoice_id,payment_date,payment_type,payment_amount) VALUES ('20190724KI1568148640183-p00001','20190724KI1568148640183','2019-07-26','CA',426.45);
-- ------- SAMPLE 288 ----------
INSERT INTO GUEST VALUES(1288,'Corene','Carmody','CCarmody@hotmail.com','1234 DaWrong Lane','Flonkerton','MD','12345','039-956-5940');
INSERT INTO RESERVATION VALUES ('20210208QD3879252643334',1288,null,'QD','2021-02-08','2021-02-12',null,'cancelled');
INSERT INTO INVOICECHARGE VALUES ('20210208QD3879252643334-ch00001','20210208QD3879252643334','2021-02-08',253.31,'Base room charge');
INSERT INTO INVOICECHARGE VALUES ('20210208QD3879252643334-ch00002','20210208QD3879252643334','2021-02-08',130.5,'Room Service');
INSERT INTO PAYMENT VALUES ('20210208QD3879252643334-p00001','20210208QD3879252643334','2021-02-10','CC',383.81,'Corene Carmody','1377571066738357',6,2022,538,'Mastercard');
-- ------- SAMPLE 289 ----------
INSERT INTO GUEST VALUES(1289,'Deandre','Defore','DDefore@hotmail.com','1234 DaWrong Lane','Flonkerton','MD','12345','786-434-5903');
INSERT INTO RESERVATION VALUES ('20180909QD9388026929193',1289,205,'QD','2018-09-09','2018-09-10',null,'cancelled');
INSERT INTO INVOICECHARGE VALUES ('20180909QD9388026929193-ch00001','20180909QD9388026929193','2018-09-09',63.33,'Base room charge');
INSERT INTO INVOICECHARGE VALUES ('20180909QD9388026929193-ch00002','20180909QD9388026929193','2018-09-09',32.62,'Cleaning fee');
INSERT INTO PAYMENT VALUES ('20180909QD9388026929193-p00001','20180909QD9388026929193','2018-09-11','CC',95.95,'Deandre Defore','3954227467441314',7,2022,221,'Mastercard');
-- ------- SAMPLE 290 ----------
INSERT INTO GUEST VALUES(1290,'Asa','Allan','AAllan@hotmail.com','1234 DaWrong Lane','Flonkerton','MD','12345','166-627-9827');
INSERT INTO RESERVATION VALUES ('20181203KS7181134849083',1290,206,'KS','2018-12-03','2018-12-06',null,'cancelled');
INSERT INTO INVOICECHARGE VALUES ('20181203KS7181134849083-ch00001','20181203KS7181134849083','2018-12-03',319.84,'Base room charge');
INSERT INTO PAYMENT VALUES ('20181203KS7181134849083-p00001','20181203KS7181134849083','2018-12-05','CC',319.84,'Asa Allan','2470702624324775',6,2027,188,'Mastercard');
-- ------- SAMPLE 291 ----------
INSERT INTO GUEST VALUES(1291,'Annie','Albrecht','AAlbrecht@yahoo.com','1234 DaWrong Lane','Flonkerton','MD','12345','689-673-5947');
INSERT INTO RESERVATION VALUES ('20180923KS9017793918799',1291,107,'KS','2018-09-23','2018-09-28',null,'complete');
INSERT INTO INVOICECHARGE VALUES ('20180923KS9017793918799-ch00001','20180923KS9017793918799','2018-09-23',533.07,'Base room charge');
INSERT INTO PAYMENT (payment_id,invoice_id,payment_date,payment_type,payment_amount) VALUES ('20180923KS9017793918799-p00001','20180923KS9017793918799','2018-09-25','CA',533.07);
-- ------- SAMPLE 292 ----------
INSERT INTO GUEST VALUES(1292,'Willian','Wiest','WWiest@yahoo.com','1234 DaWrong Lane','Flonkerton','MD','12345','562-425-0134');
INSERT INTO RESERVATION VALUES ('20201123QS8293566659779',1292,null,'QS','2020-11-23','2020-11-24',null,'active');
INSERT INTO INVOICECHARGE VALUES ('20201123QS8293566659779-ch00001','20201123QS8293566659779','2020-11-23',117.28,'Base room charge');
INSERT INTO PAYMENT VALUES ('20201123QS8293566659779-p00001','20201123QS8293566659779','2020-11-25','CC',64,'Willian Wiest','9837801485532389',5,2023,276,'Mastercard');
-- ------- SAMPLE 293 ----------
INSERT INTO GUEST VALUES(1293,'Rachell','Riser','RRiser@hotmail.com','1234 DaWrong Lane','Flonkerton','MD','12345','953-110-8571');
INSERT INTO RESERVATION VALUES ('20180615QD7757917669809',1293,200,'QD','2018-06-15','2018-06-19',null,'complete');
INSERT INTO INVOICECHARGE VALUES ('20180615QD7757917669809-ch00001','20180615QD7757917669809','2018-06-15',383.81,'Base room charge');
INSERT INTO PAYMENT VALUES ('20180615QD7757917669809-p00001','20180615QD7757917669809','2018-06-17','CC',383.81,'Rachell Riser','9999307022389620',7,2025,239,'Mastercard');
-- ------- SAMPLE 294 ----------
INSERT INTO GUEST VALUES(1294,'Major','Meng','MMeng@gmail.com','1234 DaWrong Lane','Flonkerton','MD','12345','385-790-2138');
INSERT INTO RESERVATION VALUES ('20190714QS7405678797518',1294,113,'QS','2019-07-14','2019-07-19',null,'complete');
INSERT INTO INVOICECHARGE VALUES ('20190714QS7405678797518-ch00001','20190714QS7405678797518','2019-07-14',387.01,'Base room charge');
INSERT INTO INVOICECHARGE VALUES ('20190714QS7405678797518-ch00002','20190714QS7405678797518','2019-07-14',199.37,'Cleaning fee');
INSERT INTO PAYMENT VALUES ('20190714QS7405678797518-p00001','20190714QS7405678797518','2019-07-16','CC',586.38,'Major Meng','9765415475496997',9,2024,411,'Mastercard');
-- ------- SAMPLE 295 ----------
INSERT INTO GUEST VALUES(1295,'Sherryl','Shurtleff','SShurtleff@hotmail.com','1234 DaWrong Lane','Flonkerton','MD','12345','434-430-3915');
INSERT INTO RESERVATION VALUES ('20181017QD6445438838129',1295,101,'QD','2018-10-17','2018-10-19',null,'complete');
INSERT INTO INVOICECHARGE VALUES ('20181017QD6445438838129-ch00001','20181017QD6445438838129','2018-10-17',191.9,'Base room charge');
INSERT INTO PAYMENT VALUES ('20181017QD6445438838129-p00001','20181017QD6445438838129','2018-10-19','CC',191.9,'Sherryl Shurtleff','3153171413465468',5,2027,875,'Mastercard');
-- ------- SAMPLE 296 ----------
INSERT INTO GUEST VALUES(1296,'Lillia','Linen','LLinen@gmail.com','1234 DaWrong Lane','Flonkerton','MD','12345','575-737-9861');
INSERT INTO RESERVATION VALUES ('20201106QD8545575281122',1296,null,'QD','2020-11-06','2020-11-07',null,'active');
-- ------- SAMPLE 297 ----------
INSERT INTO GUEST VALUES(1297,'Shena','Sandoz','SSandoz@hotmail.com','1234 DaWrong Lane','Flonkerton','MD','12345','561-780-7772');
INSERT INTO RESERVATION VALUES ('20210203KS9697315658336',1297,null,'KS','2021-02-03','2021-02-08',null,'active');
INSERT INTO INVOICECHARGE VALUES ('20210203KS9697315658336-ch00001','20210203KS9697315658336','2021-02-03',351.83,'Base room charge');
INSERT INTO INVOICECHARGE VALUES ('20210203KS9697315658336-ch00002','20210203KS9697315658336','2021-02-03',181.24,'Cleaning fee');
INSERT INTO PAYMENT (payment_id,invoice_id,payment_date,payment_type,payment_amount) VALUES ('20210203KS9697315658336-p00001','20210203KS9697315658336','2021-02-05','CA',533.07);
-- ------- SAMPLE 298 ----------
INSERT INTO GUEST VALUES(1298,'Eda','Elmendorf','EElmendorf@hotmail.com','1234 DaWrong Lane','Flonkerton','MD','12345','102-805-2984');
INSERT INTO RESERVATION VALUES ('20201211KI1460447344456',1298,null,'KI','2020-12-11','2020-12-12',null,'active');
INSERT INTO INVOICECHARGE VALUES ('20201211KI1460447344456-ch00001','20201211KI1460447344456','2020-12-11',56.29,'Base room charge');
INSERT INTO INVOICECHARGE VALUES ('20201211KI1460447344456-ch00002','20201211KI1460447344456','2020-12-11',29,'Cleaning fee');
INSERT INTO PAYMENT VALUES ('20201211KI1460447344456-p00001','20201211KI1460447344456','2020-12-13','CC',2,'Eda Elmendorf','9848349931036008',5,2022,716,'Mastercard');
-- ------- SAMPLE 299 ----------
INSERT INTO GUEST VALUES(1299,'Delsie','Delong','DDelong@yahoo.com','1234 DaWrong Lane','Flonkerton','MD','12345','626-057-7087');
INSERT INTO RESERVATION VALUES ('20190908QD2561619755229',1299,101,'QD','2019-09-08','2019-09-09',null,'complete');
INSERT INTO INVOICECHARGE VALUES ('20190908QD2561619755229-ch00001','20190908QD2561619755229','2019-09-08',63.33,'Base room charge');
INSERT INTO INVOICECHARGE VALUES ('20190908QD2561619755229-ch00002','20190908QD2561619755229','2019-09-08',32.62,'Room Service');
INSERT INTO PAYMENT (payment_id,invoice_id,payment_date,payment_type,payment_amount) VALUES ('20190908QD2561619755229-p00001','20190908QD2561619755229','2019-09-10','CA',95.95);
-- ------- SAMPLE 300 ----------
INSERT INTO GUEST VALUES(1300,'Missy','Mcclintock','MMcclintock@yahoo.com','1234 DaWrong Lane','Flonkerton','MD','12345','864-060-3374');
INSERT INTO RESERVATION VALUES ('20210109KS1675424256892',1300,null,'KS','2021-01-09','2021-01-14',null,'active');
INSERT INTO INVOICECHARGE VALUES ('20210109KS1675424256892-ch00001','20210109KS1675424256892','2021-01-09',351.83,'Base room charge');
INSERT INTO INVOICECHARGE VALUES ('20210109KS1675424256892-ch00002','20210109KS1675424256892','2021-01-09',181.24,'Room Service');
INSERT INTO PAYMENT VALUES ('20210109KS1675424256892-p00001','20210109KS1675424256892','2021-01-11','CC',533.07,'Missy Mcclintock','7197038560015677',11,2026,822,'Mastercard');
-- ------- SAMPLE 301 ----------
INSERT INTO GUEST VALUES(1301,'Floy','Feinstein','FFeinstein@yahoo.com','1234 DaWrong Lane','Flonkerton','MD','12345','869-987-4681');
INSERT INTO RESERVATION VALUES ('20190404KJ6112282788552',1301,114,'KJ','2019-04-04','2019-04-06',null,'complete');
INSERT INTO INVOICECHARGE VALUES ('20190404KJ6112282788552-ch00001','20190404KJ6112282788552','2019-04-04',182.95,'Base room charge');
INSERT INTO INVOICECHARGE VALUES ('20190404KJ6112282788552-ch00002','20190404KJ6112282788552','2019-04-04',94.25,'Room Service');
INSERT INTO PAYMENT VALUES ('20190404KJ6112282788552-p00001','20190404KJ6112282788552','2019-04-06','CC',277.2,'Floy Feinstein','2245899674338578',2,2024,783,'Mastercard');
-- ------- SAMPLE 302 ----------
INSERT INTO GUEST VALUES(1302,'Shad','Sitler','SSitler@yahoo.com','1234 DaWrong Lane','Flonkerton','MD','12345','033-830-6476');
INSERT INTO RESERVATION VALUES ('20210101QS2208753380427',1302,null,'QS','2021-01-01','2021-01-04',null,'active');
INSERT INTO INVOICECHARGE VALUES ('20210101QS2208753380427-ch00001','20210101QS2208753380427','2021-01-01',351.83,'Base room charge');
INSERT INTO PAYMENT VALUES ('20210101QS2208753380427-p00001','20210101QS2208753380427','2021-01-03','CC',227,'Shad Sitler','1272408190826819',9,2024,940,'Mastercard');
-- ------- SAMPLE 303 ----------
INSERT INTO GUEST VALUES(1303,'Bell','Belizaire','BBelizaire@hotmail.com','1234 DaWrong Lane','Flonkerton','MD','12345','210-322-5965');
INSERT INTO RESERVATION VALUES ('20181129KJ5891784968592',1303,119,'KJ','2018-11-29','2018-12-04',null,'complete');
INSERT INTO INVOICECHARGE VALUES ('20181129KJ5891784968592-ch00001','20181129KJ5891784968592','2018-11-29',693.01,'Base room charge');
INSERT INTO PAYMENT VALUES ('20181129KJ5891784968592-p00001','20181129KJ5891784968592','2018-12-01','CC',693.01,'Bell Belizaire','5101285541103997',4,2024,827,'Mastercard');
-- ------- SAMPLE 304 ----------
INSERT INTO GUEST VALUES(1304,'Marylynn','Musson','MMusson@hotmail.com','1234 DaWrong Lane','Flonkerton','MD','12345','591-987-1009');
INSERT INTO RESERVATION VALUES ('20190311KJ5664753927834',1304,104,'KJ','2019-03-11','2019-03-15',null,'complete');
INSERT INTO INVOICECHARGE VALUES ('20190311KJ5664753927834-ch00001','20190311KJ5664753927834','2019-03-11',365.91,'Base room charge');
INSERT INTO INVOICECHARGE VALUES ('20190311KJ5664753927834-ch00002','20190311KJ5664753927834','2019-03-11',188.5,'Room Service');
INSERT INTO PAYMENT VALUES ('20190311KJ5664753927834-p00001','20190311KJ5664753927834','2019-03-13','CC',554.41,'Marylynn Musson','5991047598582610',12,2026,115,'Mastercard');
-- ------- SAMPLE 305 ----------
INSERT INTO GUEST VALUES(1305,'Heather','Hartin','HHartin@hotmail.com','1234 DaWrong Lane','Flonkerton','MD','12345','295-742-5383');
INSERT INTO RESERVATION VALUES ('20180727QS2830118693209',1305,108,'QS','2018-07-27','2018-08-01',null,'complete');
INSERT INTO INVOICECHARGE VALUES ('20180727QS2830118693209-ch00001','20180727QS2830118693209','2018-07-27',387.01,'Base room charge');
INSERT INTO INVOICECHARGE VALUES ('20180727QS2830118693209-ch00002','20180727QS2830118693209','2018-07-27',199.37,'Room Service');
INSERT INTO PAYMENT (payment_id,invoice_id,payment_date,payment_type,payment_amount) VALUES ('20180727QS2830118693209-p00001','20180727QS2830118693209','2018-07-29','CA',586.38);
-- ------- SAMPLE 306 ----------
INSERT INTO GUEST VALUES(1306,'Lynda','Linda','LLinda@gmail.com','1234 DaWrong Lane','Flonkerton','MD','12345','836-060-8949');
INSERT INTO RESERVATION VALUES ('20200214KJ3076870308647',1306,203,'KJ','2020-02-14','2020-02-17',null,'cancelled');
INSERT INTO INVOICECHARGE VALUES ('20200214KJ3076870308647-ch00001','20200214KJ3076870308647','2020-02-14',274.43,'Base room charge');
INSERT INTO INVOICECHARGE VALUES ('20200214KJ3076870308647-ch00002','20200214KJ3076870308647','2020-02-14',141.38,'Cleaning fee');
INSERT INTO PAYMENT VALUES ('20200214KJ3076870308647-p00001','20200214KJ3076870308647','2020-02-16','CC',415.81,'Lynda Linda','6578785269893041',10,2021,94,'Mastercard');
-- ------- SAMPLE 307 ----------
INSERT INTO GUEST VALUES(1307,'Ella','Evanoff','EEvanoff@hotmail.com','1234 DaWrong Lane','Flonkerton','MD','12345','247-250-0285');
INSERT INTO RESERVATION VALUES ('20210418KI9953433715024',1307,null,'KI','2021-04-18','2021-04-19',null,'active');
INSERT INTO INVOICECHARGE VALUES ('20210418KI9953433715024-ch00001','20210418KI9953433715024','2021-04-18',85.29,'Base room charge');
INSERT INTO PAYMENT VALUES ('20210418KI9953433715024-p00001','20210418KI9953433715024','2021-04-20','CC',67,'Ella Evanoff','2146007416223210',9,2021,895,'Mastercard');
-- ------- SAMPLE 308 ----------
INSERT INTO GUEST VALUES(1308,'Abel','Alire','AAlire@yahoo.com','1234 DaWrong Lane','Flonkerton','MD','12345','344-885-7515');
INSERT INTO RESERVATION VALUES ('20190201KJ1960892616283',1308,114,'KJ','2019-02-01','2019-02-02',null,'complete');
INSERT INTO INVOICECHARGE VALUES ('20190201KJ1960892616283-ch00001','20190201KJ1960892616283','2019-02-01',138.6,'Base room charge');
INSERT INTO PAYMENT (payment_id,invoice_id,payment_date,payment_type,payment_amount) VALUES ('20190201KJ1960892616283-p00001','20190201KJ1960892616283','2019-02-03','CA',138.6);
-- ------- SAMPLE 309 ----------
INSERT INTO GUEST VALUES(1309,'Fiona','Figgs','FFiggs@hotmail.com','1234 DaWrong Lane','Flonkerton','MD','12345','465-748-4782');
INSERT INTO RESERVATION VALUES ('20191208QD8333352662283',1309,116,'QD','2019-12-08','2019-12-13',null,'complete');
INSERT INTO INVOICECHARGE VALUES ('20191208QD8333352662283-ch00001','20191208QD8333352662283','2019-12-08',479.76,'Base room charge');
INSERT INTO PAYMENT (payment_id,invoice_id,payment_date,payment_type,payment_amount) VALUES ('20191208QD8333352662283-p00001','20191208QD8333352662283','2019-12-10','CA',479.76);
-- ------- SAMPLE 310 ----------
INSERT INTO GUEST VALUES(1310,'Pearlene','Priestly','PPriestly@gmail.com','1234 DaWrong Lane','Flonkerton','MD','12345','041-694-1600');
INSERT INTO RESERVATION VALUES ('20180812QS8491001976258',1310,108,'QS','2018-08-12','2018-08-16',null,'complete');
INSERT INTO INVOICECHARGE VALUES ('20180812QS8491001976258-ch00001','20180812QS8491001976258','2018-08-12',309.61,'Base room charge');
INSERT INTO INVOICECHARGE VALUES ('20180812QS8491001976258-ch00002','20180812QS8491001976258','2018-08-12',159.5,'Cleaning fee');
INSERT INTO PAYMENT VALUES ('20180812QS8491001976258-p00001','20180812QS8491001976258','2018-08-14','CC',469.11,'Pearlene Priestly','7602894707476829',6,2021,34,'Mastercard');
-- ------- SAMPLE 311 ----------
INSERT INTO GUEST VALUES(1311,'Sherryl','Shurtleff','SShurtleff@gmail.com','1234 DaWrong Lane','Flonkerton','MD','12345','520-522-7972');
INSERT INTO RESERVATION VALUES ('20190503KI9586321747567',1311,105,'KI','2019-05-03','2019-05-05',null,'complete');
INSERT INTO INVOICECHARGE VALUES ('20190503KI9586321747567-ch00001','20190503KI9586321747567','2019-05-03',112.58,'Base room charge');
INSERT INTO INVOICECHARGE VALUES ('20190503KI9586321747567-ch00002','20190503KI9586321747567','2019-05-03',58,'Cleaning fee');
INSERT INTO PAYMENT VALUES ('20190503KI9586321747567-p00001','20190503KI9586321747567','2019-05-05','CC',170.58,'Sherryl Shurtleff','4421661157298906',8,2024,966,'Mastercard');
-- ------- SAMPLE 312 ----------
INSERT INTO GUEST VALUES(1312,'Dorian','Delbosque','DDelbosque@yahoo.com','1234 DaWrong Lane','Flonkerton','MD','12345','148-309-3099');
INSERT INTO RESERVATION VALUES ('20191026QS1519332224219',1312,113,'QS','2019-10-26','2019-10-31',null,'complete');
INSERT INTO INVOICECHARGE VALUES ('20191026QS1519332224219-ch00001','20191026QS1519332224219','2019-10-26',586.38,'Base room charge');
INSERT INTO PAYMENT (payment_id,invoice_id,payment_date,payment_type,payment_amount) VALUES ('20191026QS1519332224219-p00001','20191026QS1519332224219','2019-10-28','CA',586.38);
-- ------- SAMPLE 313 ----------
INSERT INTO GUEST VALUES(1313,'Buffy','Beattie','BBeattie@hotmail.com','1234 DaWrong Lane','Flonkerton','MD','12345','295-141-7075');
INSERT INTO RESERVATION VALUES ('20201121KI2674561401440',1313,null,'KI','2020-11-21','2020-11-26',null,'active');
-- ------- SAMPLE 314 ----------
INSERT INTO GUEST VALUES(1314,'Dorian','Delbosque','DDelbosque@yahoo.com','1234 DaWrong Lane','Flonkerton','MD','12345','594-180-7693');
INSERT INTO RESERVATION VALUES ('20200114QS6139114031447',1314,113,'QS','2020-01-14','2020-01-15',null,'complete');
INSERT INTO INVOICECHARGE VALUES ('20200114QS6139114031447-ch00001','20200114QS6139114031447','2020-01-14',77.4,'Base room charge');
INSERT INTO INVOICECHARGE VALUES ('20200114QS6139114031447-ch00002','20200114QS6139114031447','2020-01-14',39.88,'Cleaning fee');
INSERT INTO PAYMENT VALUES ('20200114QS6139114031447-p00001','20200114QS6139114031447','2020-01-16','CC',117.28,'Dorian Delbosque','4908499483287522',3,2027,117,'Mastercard');
-- ------- SAMPLE 315 ----------
INSERT INTO GUEST VALUES(1315,'Lakenya','Langston','LLangston@hotmail.com','1234 DaWrong Lane','Flonkerton','MD','12345','891-665-8873');
INSERT INTO RESERVATION VALUES ('20200920KI8356645271161',1315,null,'KI','2020-09-20','2020-09-21',null,'active');
INSERT INTO INVOICECHARGE VALUES ('20200920KI8356645271161-ch00001','20200920KI8356645271161','2020-09-20',85.29,'Base room charge');
INSERT INTO PAYMENT (payment_id,invoice_id,payment_date,payment_type,payment_amount) VALUES ('20200920KI8356645271161-p00001','20200920KI8356645271161','2020-09-22','CA',85.29);
-- ------- SAMPLE 316 ----------
INSERT INTO GUEST VALUES(1316,'Fredericka','Farney','FFarney@yahoo.com','1234 DaWrong Lane','Flonkerton','MD','12345','710-393-1760');
INSERT INTO RESERVATION VALUES ('20190407KJ8273729583383',1316,104,'KJ','2019-04-07','2019-04-11',null,'complete');
INSERT INTO INVOICECHARGE VALUES ('20190407KJ8273729583383-ch00001','20190407KJ8273729583383','2019-04-07',365.91,'Base room charge');
INSERT INTO INVOICECHARGE VALUES ('20190407KJ8273729583383-ch00002','20190407KJ8273729583383','2019-04-07',188.5,'Room Service');
INSERT INTO PAYMENT VALUES ('20190407KJ8273729583383-p00001','20190407KJ8273729583383','2019-04-09','CC',554.41,'Fredericka Farney','3213541624178331',5,2025,25,'Mastercard');
-- ------- SAMPLE 317 ----------
INSERT INTO GUEST VALUES(1317,'Anita','Amezcua','AAmezcua@hotmail.com','1234 DaWrong Lane','Flonkerton','MD','12345','971-379-5390');
INSERT INTO RESERVATION VALUES ('20200629KI7232794631271',1317,null,'KI','2020-06-29','2020-06-30',null,'active');
-- ------- SAMPLE 318 ----------
INSERT INTO GUEST VALUES(1318,'Mandi','Mcwain','MMcwain@yahoo.com','1234 DaWrong Lane','Flonkerton','MD','12345','884-120-9498');
INSERT INTO RESERVATION VALUES ('20191013KS6724909116711',1318,107,'KS','2019-10-13','2019-10-16',null,'cancelled');
INSERT INTO INVOICECHARGE VALUES ('20191013KS6724909116711-ch00001','20191013KS6724909116711','2019-10-13',211.09,'Base room charge');
INSERT INTO INVOICECHARGE VALUES ('20191013KS6724909116711-ch00002','20191013KS6724909116711','2019-10-13',108.75,'Room Service');
INSERT INTO PAYMENT (payment_id,invoice_id,payment_date,payment_type,payment_amount) VALUES ('20191013KS6724909116711-p00001','20191013KS6724909116711','2019-10-15','CA',319.84);
-- ------- SAMPLE 319 ----------
INSERT INTO GUEST VALUES(1319,'Asa','Allan','AAllan@hotmail.com','1234 DaWrong Lane','Flonkerton','MD','12345','384-425-8083');
INSERT INTO RESERVATION VALUES ('20200419KI6942306676389',1319,204,'KI','2020-04-19','2020-04-23',null,'complete');
INSERT INTO INVOICECHARGE VALUES ('20200419KI6942306676389-ch00001','20200419KI6942306676389','2020-04-19',341.16,'Base room charge');
INSERT INTO PAYMENT VALUES ('20200419KI6942306676389-p00001','20200419KI6942306676389','2020-04-21','CC',341.16,'Asa Allan','9090991557378264',9,2021,191,'Mastercard');
-- ------- SAMPLE 320 ----------
INSERT INTO GUEST VALUES(1320,'Stan','Schnell','SSchnell@hotmail.com','1234 DaWrong Lane','Flonkerton','MD','12345','881-643-4793');
INSERT INTO RESERVATION VALUES ('20190228KS7678572027971',1320,102,'KS','2019-02-28','2019-03-01',null,'complete');
INSERT INTO INVOICECHARGE VALUES ('20190228KS7678572027971-ch00001','20190228KS7678572027971','2019-02-28',70.36,'Base room charge');
INSERT INTO INVOICECHARGE VALUES ('20190228KS7678572027971-ch00002','20190228KS7678572027971','2019-02-28',36.25,'Room Service');
INSERT INTO PAYMENT VALUES ('20190228KS7678572027971-p00001','20190228KS7678572027971','2019-03-02','CC',106.61,'Stan Schnell','1197193513922173',10,2024,206,'Mastercard');
-- ------- SAMPLE 321 ----------
INSERT INTO GUEST VALUES(1321,'Alverta','Arce','AArce@gmail.com','1234 DaWrong Lane','Flonkerton','MD','12345','759-709-8084');
INSERT INTO RESERVATION VALUES ('20201028QS9802067366398',1321,null,'QS','2020-10-28','2020-10-30',null,'active');
INSERT INTO INVOICECHARGE VALUES ('20201028QS9802067366398-ch00001','20201028QS9802067366398','2020-10-28',154.8,'Base room charge');
INSERT INTO INVOICECHARGE VALUES ('20201028QS9802067366398-ch00002','20201028QS9802067366398','2020-10-28',79.75,'Room Service');
INSERT INTO PAYMENT (payment_id,invoice_id,payment_date,payment_type,payment_amount) VALUES ('20201028QS9802067366398-p00001','20201028QS9802067366398','2020-10-30','CA',234.55);
-- ------- SAMPLE 322 ----------
INSERT INTO GUEST VALUES(1322,'Kerstin','Khalaf','KKhalaf@hotmail.com','1234 DaWrong Lane','Flonkerton','MD','12345','615-250-3525');
INSERT INTO RESERVATION VALUES ('20210126QD3694152587483',1322,null,'QD','2021-01-26','2021-01-28',null,'active');
INSERT INTO INVOICECHARGE VALUES ('20210126QD3694152587483-ch00001','20210126QD3694152587483','2021-01-26',191.9,'Base room charge');
INSERT INTO PAYMENT VALUES ('20210126QD3694152587483-p00001','20210126QD3694152587483','2021-01-28','CC',191.9,'Kerstin Khalaf','9971602584881986',1,2027,259,'Mastercard');
-- ------- SAMPLE 323 ----------
INSERT INTO GUEST VALUES(1323,'Ella','Evanoff','EEvanoff@gmail.com','1234 DaWrong Lane','Flonkerton','MD','12345','427-434-8824');
INSERT INTO RESERVATION VALUES ('20190926QS6155426772573',1323,113,'QS','2019-09-26','2019-09-27',null,'complete');
INSERT INTO INVOICECHARGE VALUES ('20190926QS6155426772573-ch00001','20190926QS6155426772573','2019-09-26',77.4,'Base room charge');
INSERT INTO INVOICECHARGE VALUES ('20190926QS6155426772573-ch00002','20190926QS6155426772573','2019-09-26',39.88,'Cleaning fee');
INSERT INTO PAYMENT (payment_id,invoice_id,payment_date,payment_type,payment_amount) VALUES ('20190926QS6155426772573-p00001','20190926QS6155426772573','2019-09-28','CA',117.28);
-- ------- SAMPLE 324 ----------
INSERT INTO GUEST VALUES(1324,'Linwood','Layden','LLayden@yahoo.com','1234 DaWrong Lane','Flonkerton','MD','12345','807-899-8242');
INSERT INTO RESERVATION VALUES ('20210501KS2633102674482',1324,null,'KS','2021-05-01','2021-05-02',null,'active');
INSERT INTO INVOICECHARGE VALUES ('20210501KS2633102674482-ch00001','20210501KS2633102674482','2021-05-01',70.36,'Base room charge');
INSERT INTO INVOICECHARGE VALUES ('20210501KS2633102674482-ch00002','20210501KS2633102674482','2021-05-01',36.25,'Room Service');
INSERT INTO PAYMENT VALUES ('20210501KS2633102674482-p00001','20210501KS2633102674482','2021-05-03','CC',106.61,'Linwood Layden','3113489374394395',9,2027,858,'Mastercard');
-- ------- SAMPLE 325 ----------
INSERT INTO GUEST VALUES(1325,'Florentino','Feth','FFeth@yahoo.com','1234 DaWrong Lane','Flonkerton','MD','12345','133-149-6253');
INSERT INTO RESERVATION VALUES ('20201028KJ3065406437864',1325,null,'KJ','2020-10-28','2020-10-31',null,'active');
INSERT INTO INVOICECHARGE VALUES ('20201028KJ3065406437864-ch00001','20201028KJ3065406437864','2020-10-28',415.81,'Base room charge');
INSERT INTO PAYMENT VALUES ('20201028KJ3065406437864-p00001','20201028KJ3065406437864','2020-10-30','CC',415.81,'Florentino Feth','4338752400545177',11,2022,97,'Mastercard');
-- ------- SAMPLE 326 ----------
INSERT INTO GUEST VALUES(1326,'Heather','Hartin','HHartin@gmail.com','1234 DaWrong Lane','Flonkerton','MD','12345','998-914-3885');
INSERT INTO RESERVATION VALUES ('20190209KS1634321128912',1326,112,'KS','2019-02-09','2019-02-11',null,'complete');
INSERT INTO INVOICECHARGE VALUES ('20190209KS1634321128912-ch00001','20190209KS1634321128912','2019-02-09',140.73,'Base room charge');
INSERT INTO INVOICECHARGE VALUES ('20190209KS1634321128912-ch00002','20190209KS1634321128912','2019-02-09',72.5,'Room Service');
INSERT INTO PAYMENT VALUES ('20190209KS1634321128912-p00001','20190209KS1634321128912','2019-02-11','CC',213.23,'Heather Hartin','1442106736960379',7,2022,678,'Mastercard');
-- ------- SAMPLE 327 ----------
INSERT INTO GUEST VALUES(1327,'Buffy','Beattie','BBeattie@hotmail.com','1234 DaWrong Lane','Flonkerton','MD','12345','118-212-6942');
INSERT INTO RESERVATION VALUES ('20210425KS6591706000293',1327,null,'KS','2021-04-25','2021-04-27',null,'active');
INSERT INTO INVOICECHARGE VALUES ('20210425KS6591706000293-ch00001','20210425KS6591706000293','2021-04-25',213.23,'Base room charge');
INSERT INTO PAYMENT VALUES ('20210425KS6591706000293-p00001','20210425KS6591706000293','2021-04-27','CC',213.23,'Buffy Beattie','9792966308391324',4,2022,311,'Mastercard');
-- ------- SAMPLE 328 ----------
INSERT INTO GUEST VALUES(1328,'Dorian','Delbosque','DDelbosque@yahoo.com','1234 DaWrong Lane','Flonkerton','MD','12345','098-609-1996');
INSERT INTO RESERVATION VALUES ('20180811KI6378403556908',1328,204,'KI','2018-08-11','2018-08-13',null,'complete');
INSERT INTO INVOICECHARGE VALUES ('20180811KI6378403556908-ch00001','20180811KI6378403556908','2018-08-11',112.58,'Base room charge');
INSERT INTO INVOICECHARGE VALUES ('20180811KI6378403556908-ch00002','20180811KI6378403556908','2018-08-11',58,'Room Service');
INSERT INTO PAYMENT (payment_id,invoice_id,payment_date,payment_type,payment_amount) VALUES ('20180811KI6378403556908-p00001','20180811KI6378403556908','2018-08-13','CA',170.58);
-- ------- SAMPLE 329 ----------
INSERT INTO GUEST VALUES(1329,'Randal','Rohman','RRohman@gmail.com','1234 DaWrong Lane','Flonkerton','MD','12345','297-530-8943');
INSERT INTO RESERVATION VALUES ('20190219QS1242421402134',1329,207,'QS','2019-02-19','2019-02-20',null,'complete');
INSERT INTO INVOICECHARGE VALUES ('20190219QS1242421402134-ch00001','20190219QS1242421402134','2019-02-19',77.4,'Base room charge');
INSERT INTO INVOICECHARGE VALUES ('20190219QS1242421402134-ch00002','20190219QS1242421402134','2019-02-19',39.88,'Cleaning fee');
INSERT INTO PAYMENT (payment_id,invoice_id,payment_date,payment_type,payment_amount) VALUES ('20190219QS1242421402134-p00001','20190219QS1242421402134','2019-02-21','CA',117.28);
-- ------- SAMPLE 330 ----------
INSERT INTO GUEST VALUES(1330,'Linwood','Layden','LLayden@gmail.com','1234 DaWrong Lane','Flonkerton','MD','12345','340-601-4145');
INSERT INTO RESERVATION VALUES ('20210413QD9139572840894',1330,null,'QD','2021-04-13','2021-04-17',null,'active');
INSERT INTO INVOICECHARGE VALUES ('20210413QD9139572840894-ch00001','20210413QD9139572840894','2021-04-13',383.81,'Base room charge');
INSERT INTO PAYMENT VALUES ('20210413QD9139572840894-p00001','20210413QD9139572840894','2021-04-15','CC',383.81,'Linwood Layden','6185190209400446',1,2024,901,'Mastercard');
-- ------- SAMPLE 331 ----------
INSERT INTO GUEST VALUES(1331,'Jarrett','Janelle','JJanelle@gmail.com','1234 DaWrong Lane','Flonkerton','MD','12345','564-928-7725');
INSERT INTO RESERVATION VALUES ('20201201KI9843296180646',1331,null,'KI','2020-12-01','2020-12-06',null,'active');
INSERT INTO INVOICECHARGE VALUES ('20201201KI9843296180646-ch00001','20201201KI9843296180646','2020-12-01',281.46,'Base room charge');
INSERT INTO INVOICECHARGE VALUES ('20201201KI9843296180646-ch00002','20201201KI9843296180646','2020-12-01',144.99,'Room Service');
INSERT INTO PAYMENT (payment_id,invoice_id,payment_date,payment_type,payment_amount) VALUES ('20201201KI9843296180646-p00001','20201201KI9843296180646','2020-12-03','CA',426.45);
-- ------- SAMPLE 332 ----------
INSERT INTO GUEST VALUES(1332,'Deandre','Defore','DDefore@hotmail.com','1234 DaWrong Lane','Flonkerton','MD','12345','838-831-2053');
INSERT INTO RESERVATION VALUES ('20190216KJ5958240861391',1332,109,'KJ','2019-02-16','2019-02-21',null,'complete');
INSERT INTO INVOICECHARGE VALUES ('20190216KJ5958240861391-ch00001','20190216KJ5958240861391','2019-02-16',693.01,'Base room charge');
INSERT INTO PAYMENT VALUES ('20190216KJ5958240861391-p00001','20190216KJ5958240861391','2019-02-18','CC',693.01,'Deandre Defore','7347562089429895',2,2024,985,'Mastercard');
-- ------- SAMPLE 333 ----------
INSERT INTO GUEST VALUES(1333,'Missy','Mcclintock','MMcclintock@yahoo.com','1234 DaWrong Lane','Flonkerton','MD','12345','157-589-0672');
INSERT INTO RESERVATION VALUES ('20181005KJ8321512291688',1333,208,'KJ','2018-10-05','2018-10-07',null,'complete');
INSERT INTO INVOICECHARGE VALUES ('20181005KJ8321512291688-ch00001','20181005KJ8321512291688','2018-10-05',182.95,'Base room charge');
INSERT INTO INVOICECHARGE VALUES ('20181005KJ8321512291688-ch00002','20181005KJ8321512291688','2018-10-05',94.25,'Cleaning fee');
INSERT INTO PAYMENT VALUES ('20181005KJ8321512291688-p00001','20181005KJ8321512291688','2018-10-07','CC',277.2,'Missy Mcclintock','7721472685487216',4,2023,96,'Mastercard');
-- ------- SAMPLE 334 ----------
INSERT INTO GUEST VALUES(1334,'Yuette','Yetman','YYetman@hotmail.com','1234 DaWrong Lane','Flonkerton','MD','12345','340-624-5566');
INSERT INTO RESERVATION VALUES ('20200604KI2661709935718',1334,null,'KI','2020-06-04','2020-06-08',null,'active');
INSERT INTO INVOICECHARGE VALUES ('20200604KI2661709935718-ch00001','20200604KI2661709935718','2020-06-04',225.17,'Base room charge');
INSERT INTO INVOICECHARGE VALUES ('20200604KI2661709935718-ch00002','20200604KI2661709935718','2020-06-04',115.99,'Room Service');
INSERT INTO PAYMENT VALUES ('20200604KI2661709935718-p00001','20200604KI2661709935718','2020-06-06','CC',140,'Yuette Yetman','8585947505349925',5,2022,207,'Mastercard');
-- ------- SAMPLE 335 ----------
INSERT INTO GUEST VALUES(1335,'Shad','Sitler','SSitler@gmail.com','1234 DaWrong Lane','Flonkerton','MD','12345','006-343-1882');
INSERT INTO RESERVATION VALUES ('20200702QD9865624172345',1335,null,'QD','2020-07-02','2020-07-07',null,'active');
INSERT INTO INVOICECHARGE VALUES ('20200702QD9865624172345-ch00001','20200702QD9865624172345','2020-07-02',316.64,'Base room charge');
INSERT INTO INVOICECHARGE VALUES ('20200702QD9865624172345-ch00002','20200702QD9865624172345','2020-07-02',163.12,'Room Service');
INSERT INTO PAYMENT VALUES ('20200702QD9865624172345-p00001','20200702QD9865624172345','2020-07-04','CC',479.76,'Shad Sitler','6974983755943415',12,2021,286,'Mastercard');
-- ------- SAMPLE 336 ----------
INSERT INTO GUEST VALUES(1336,'Jamey','Jen','JJen@gmail.com','1234 DaWrong Lane','Flonkerton','MD','12345','708-028-5611');
INSERT INTO RESERVATION VALUES ('20181206QD5622369603632',1336,111,'QD','2018-12-06','2018-12-08',null,'complete');
INSERT INTO INVOICECHARGE VALUES ('20181206QD5622369603632-ch00001','20181206QD5622369603632','2018-12-06',126.65,'Base room charge');
INSERT INTO INVOICECHARGE VALUES ('20181206QD5622369603632-ch00002','20181206QD5622369603632','2018-12-06',65.25,'Cleaning fee');
INSERT INTO PAYMENT (payment_id,invoice_id,payment_date,payment_type,payment_amount) VALUES ('20181206QD5622369603632-p00001','20181206QD5622369603632','2018-12-08','CA',191.9);
-- ------- SAMPLE 337 ----------
INSERT INTO GUEST VALUES(1337,'Shad','Sitler','SSitler@hotmail.com','1234 DaWrong Lane','Flonkerton','MD','12345','874-135-8646');
INSERT INTO RESERVATION VALUES ('20200602KS6391941509506',1337,null,'KS','2020-06-02','2020-06-06',null,'active');
INSERT INTO INVOICECHARGE VALUES ('20200602KS6391941509506-ch00001','20200602KS6391941509506','2020-06-02',281.46,'Base room charge');
INSERT INTO INVOICECHARGE VALUES ('20200602KS6391941509506-ch00002','20200602KS6391941509506','2020-06-02',145,'Cleaning fee');
INSERT INTO PAYMENT VALUES ('20200602KS6391941509506-p00001','20200602KS6391941509506','2020-06-04','CC',426.46,'Shad Sitler','7226622924464515',11,2026,572,'Mastercard');
-- ------- SAMPLE 338 ----------
INSERT INTO GUEST VALUES(1338,'Erminia','Eckard','EEckard@gmail.com','1234 DaWrong Lane','Flonkerton','MD','12345','159-790-8644');
INSERT INTO RESERVATION VALUES ('20180829KJ4650951219057',1338,203,'KJ','2018-08-29','2018-09-01',null,'complete');
INSERT INTO INVOICECHARGE VALUES ('20180829KJ4650951219057-ch00001','20180829KJ4650951219057','2018-08-29',274.43,'Base room charge');
INSERT INTO INVOICECHARGE VALUES ('20180829KJ4650951219057-ch00002','20180829KJ4650951219057','2018-08-29',141.38,'Cleaning fee');
INSERT INTO PAYMENT VALUES ('20180829KJ4650951219057-p00001','20180829KJ4650951219057','2018-08-31','CC',415.81,'Erminia Eckard','5331662493272903',7,2022,297,'Mastercard');
-- ------- SAMPLE 339 ----------
INSERT INTO GUEST VALUES(1339,'Louisa','Laroque','LLaroque@hotmail.com','1234 DaWrong Lane','Flonkerton','MD','12345','904-913-7692');
INSERT INTO RESERVATION VALUES ('20200701KJ6166727888098',1339,null,'KJ','2020-07-01','2020-07-06',null,'active');
-- ------- SAMPLE 340 ----------
INSERT INTO GUEST VALUES(1340,'Jarrett','Janelle','JJanelle@yahoo.com','1234 DaWrong Lane','Flonkerton','MD','12345','632-809-8444');
INSERT INTO RESERVATION VALUES ('20181206QS9055304812728',1340,108,'QS','2018-12-06','2018-12-09',null,'complete');
INSERT INTO INVOICECHARGE VALUES ('20181206QS9055304812728-ch00001','20181206QS9055304812728','2018-12-06',232.21,'Base room charge');
INSERT INTO INVOICECHARGE VALUES ('20181206QS9055304812728-ch00002','20181206QS9055304812728','2018-12-06',119.62,'Cleaning fee');
INSERT INTO PAYMENT VALUES ('20181206QS9055304812728-p00001','20181206QS9055304812728','2018-12-08','CC',351.83,'Jarrett Janelle','1541632120843008',4,2023,767,'Mastercard');
-- ------- SAMPLE 341 ----------
INSERT INTO GUEST VALUES(1341,'Mario','Macdowell','MMacdowell@gmail.com','1234 DaWrong Lane','Flonkerton','MD','12345','621-864-9737');
INSERT INTO RESERVATION VALUES ('20210409KI8346990742382',1341,null,'KI','2021-04-09','2021-04-14',null,'active');
INSERT INTO INVOICECHARGE VALUES ('20210409KI8346990742382-ch00001','20210409KI8346990742382','2021-04-09',281.46,'Base room charge');
INSERT INTO INVOICECHARGE VALUES ('20210409KI8346990742382-ch00002','20210409KI8346990742382','2021-04-09',144.99,'Room Service');
INSERT INTO PAYMENT (payment_id,invoice_id,payment_date,payment_type,payment_amount) VALUES ('20210409KI8346990742382-p00001','20210409KI8346990742382','2021-04-11','CA',44);
-- ------- SAMPLE 342 ----------
INSERT INTO GUEST VALUES(1342,'Rosemarie','Roeser','RRoeser@hotmail.com','1234 DaWrong Lane','Flonkerton','MD','12345','857-748-2113');
INSERT INTO RESERVATION VALUES ('20200711QS8116102734732',1342,null,'QS','2020-07-11','2020-07-15',null,'active');
INSERT INTO INVOICECHARGE VALUES ('20200711QS8116102734732-ch00001','20200711QS8116102734732','2020-07-11',469.11,'Base room charge');
INSERT INTO PAYMENT (payment_id,invoice_id,payment_date,payment_type,payment_amount) VALUES ('20200711QS8116102734732-p00001','20200711QS8116102734732','2020-07-13','CA',469.11);
-- ------- SAMPLE 343 ----------
INSERT INTO GUEST VALUES(1343,'Romaine','Reck','RReck@hotmail.com','1234 DaWrong Lane','Flonkerton','MD','12345','964-766-2313');
INSERT INTO RESERVATION VALUES ('20181112QS4662923488457',1343,118,'QS','2018-11-12','2018-11-17',null,'complete');
INSERT INTO INVOICECHARGE VALUES ('20181112QS4662923488457-ch00001','20181112QS4662923488457','2018-11-12',387.01,'Base room charge');
INSERT INTO INVOICECHARGE VALUES ('20181112QS4662923488457-ch00002','20181112QS4662923488457','2018-11-12',199.37,'Cleaning fee');
INSERT INTO PAYMENT VALUES ('20181112QS4662923488457-p00001','20181112QS4662923488457','2018-11-14','CC',586.38,'Romaine Reck','6744814053742881',9,2023,333,'Mastercard');
-- ------- SAMPLE 344 ----------
INSERT INTO GUEST VALUES(1344,'Shae','Sansom','SSansom@gmail.com','1234 DaWrong Lane','Flonkerton','MD','12345','395-479-7224');
INSERT INTO RESERVATION VALUES ('20180531QD2449615087640',1344,116,'QD','2018-05-31','2018-06-05',null,'complete');
INSERT INTO INVOICECHARGE VALUES ('20180531QD2449615087640-ch00001','20180531QD2449615087640','2018-05-31',479.76,'Base room charge');
INSERT INTO PAYMENT VALUES ('20180531QD2449615087640-p00001','20180531QD2449615087640','2018-06-02','CC',479.76,'Shae Sansom','7723840041215289',3,2022,525,'Mastercard');
-- ------- SAMPLE 345 ----------
INSERT INTO GUEST VALUES(1345,'Shae','Sansom','SSansom@yahoo.com','1234 DaWrong Lane','Flonkerton','MD','12345','975-785-1839');
INSERT INTO RESERVATION VALUES ('20180923KJ8972655101302',1345,203,'KJ','2018-09-23','2018-09-27',null,'complete');
INSERT INTO INVOICECHARGE VALUES ('20180923KJ8972655101302-ch00001','20180923KJ8972655101302','2018-09-23',554.41,'Base room charge');
INSERT INTO PAYMENT (payment_id,invoice_id,payment_date,payment_type,payment_amount) VALUES ('20180923KJ8972655101302-p00001','20180923KJ8972655101302','2018-09-25','CA',554.41);
-- ------- SAMPLE 346 ----------
INSERT INTO GUEST VALUES(1346,'Fonda','Foreman','FForeman@yahoo.com','1234 DaWrong Lane','Flonkerton','MD','12345','948-787-2627');
INSERT INTO RESERVATION VALUES ('20190829QD8039189256711',1346,205,'QD','2019-08-29','2019-08-31',null,'complete');
INSERT INTO INVOICECHARGE VALUES ('20190829QD8039189256711-ch00001','20190829QD8039189256711','2019-08-29',126.65,'Base room charge');
INSERT INTO INVOICECHARGE VALUES ('20190829QD8039189256711-ch00002','20190829QD8039189256711','2019-08-29',65.25,'Cleaning fee');
INSERT INTO PAYMENT (payment_id,invoice_id,payment_date,payment_type,payment_amount) VALUES ('20190829QD8039189256711-p00001','20190829QD8039189256711','2019-08-31','CA',191.9);
-- ------- SAMPLE 347 ----------
INSERT INTO GUEST VALUES(1347,'Corene','Carmody','CCarmody@hotmail.com','1234 DaWrong Lane','Flonkerton','MD','12345','348-927-0521');
INSERT INTO RESERVATION VALUES ('20200625QD2019660468249',1347,null,'QD','2020-06-25','2020-06-26',null,'cancelled');
INSERT INTO INVOICECHARGE VALUES ('20200625QD2019660468249-ch00001','20200625QD2019660468249','2020-06-25',63.33,'Base room charge');
INSERT INTO INVOICECHARGE VALUES ('20200625QD2019660468249-ch00002','20200625QD2019660468249','2020-06-25',32.62,'Room Service');
INSERT INTO PAYMENT (payment_id,invoice_id,payment_date,payment_type,payment_amount) VALUES ('20200625QD2019660468249-p00001','20200625QD2019660468249','2020-06-27','CA',95.95);
-- ------- SAMPLE 348 ----------
INSERT INTO GUEST VALUES(1348,'Luella','Lundstrom','LLundstrom@gmail.com','1234 DaWrong Lane','Flonkerton','MD','12345','232-734-4300');
INSERT INTO RESERVATION VALUES ('20200828QD3422961652394',1348,null,'QD','2020-08-28','2020-09-02',null,'active');
INSERT INTO INVOICECHARGE VALUES ('20200828QD3422961652394-ch00001','20200828QD3422961652394','2020-08-28',479.76,'Base room charge');
INSERT INTO PAYMENT VALUES ('20200828QD3422961652394-p00001','20200828QD3422961652394','2020-08-30','CC',58,'Luella Lundstrom','3173515796907867',11,2027,519,'Mastercard');
-- ------- SAMPLE 349 ----------
INSERT INTO GUEST VALUES(1349,'Irma','Irby','IIrby@gmail.com','1234 DaWrong Lane','Flonkerton','MD','12345','658-011-5150');
INSERT INTO RESERVATION VALUES ('20190924QS5643036470642',1349,202,'QS','2019-09-24','2019-09-26',null,'cancelled');
INSERT INTO INVOICECHARGE VALUES ('20190924QS5643036470642-ch00001','20190924QS5643036470642','2019-09-24',234.55,'Base room charge');
INSERT INTO PAYMENT VALUES ('20190924QS5643036470642-p00001','20190924QS5643036470642','2019-09-26','CC',234.55,'Irma Irby','5772317355050708',7,2023,195,'Mastercard');
-- ------- SAMPLE 350 ----------
INSERT INTO GUEST VALUES(1350,'Luella','Lundstrom','LLundstrom@gmail.com','1234 DaWrong Lane','Flonkerton','MD','12345','274-892-9353');
INSERT INTO RESERVATION VALUES ('20200901KS3830744595007',1350,null,'KS','2020-09-01','2020-09-04',null,'active');
-- ------- SAMPLE 351 ----------
INSERT INTO GUEST VALUES(1351,'Bradley','Bently','BBently@yahoo.com','1234 DaWrong Lane','Flonkerton','MD','12345','771-636-7201');
INSERT INTO RESERVATION VALUES ('20190327KJ2128451755604',1351,109,'KJ','2019-03-27','2019-03-28',null,'complete');
INSERT INTO INVOICECHARGE VALUES ('20190327KJ2128451755604-ch00001','20190327KJ2128451755604','2019-03-27',91.48,'Base room charge');
INSERT INTO INVOICECHARGE VALUES ('20190327KJ2128451755604-ch00002','20190327KJ2128451755604','2019-03-27',47.12,'Room Service');
INSERT INTO PAYMENT VALUES ('20190327KJ2128451755604-p00001','20190327KJ2128451755604','2019-03-29','CC',138.6,'Bradley Bently','4553195498518775',6,2022,21,'Mastercard');
-- ------- SAMPLE 352 ----------
INSERT INTO GUEST VALUES(1352,'Stan','Schnell','SSchnell@yahoo.com','1234 DaWrong Lane','Flonkerton','MD','12345','609-022-4712');
INSERT INTO RESERVATION VALUES ('20180719QD1483204562887',1352,111,'QD','2018-07-19','2018-07-20',null,'complete');
INSERT INTO INVOICECHARGE VALUES ('20180719QD1483204562887-ch00001','20180719QD1483204562887','2018-07-19',95.95,'Base room charge');
INSERT INTO PAYMENT VALUES ('20180719QD1483204562887-p00001','20180719QD1483204562887','2018-07-21','CC',95.95,'Stan Schnell','7481128891458789',1,2022,650,'Mastercard');
-- ------- SAMPLE 353 ----------
INSERT INTO GUEST VALUES(1353,'Lorean','Loden','LLoden@gmail.com','1234 DaWrong Lane','Flonkerton','MD','12345','362-405-5357');
INSERT INTO RESERVATION VALUES ('20191231KI9103416312346',1353,115,'KI','2019-12-31','2020-01-05',null,'complete');
INSERT INTO INVOICECHARGE VALUES ('20191231KI9103416312346-ch00001','20191231KI9103416312346','2019-12-31',281.46,'Base room charge');
INSERT INTO INVOICECHARGE VALUES ('20191231KI9103416312346-ch00002','20191231KI9103416312346','2019-12-31',144.99,'Room Service');
INSERT INTO PAYMENT (payment_id,invoice_id,payment_date,payment_type,payment_amount) VALUES ('20191231KI9103416312346-p00001','20191231KI9103416312346','2020-01-02','CA',426.45);
-- ------- SAMPLE 354 ----------
INSERT INTO GUEST VALUES(1354,'Edmundo','Erickson','EErickson@gmail.com','1234 DaWrong Lane','Flonkerton','MD','12345','838-902-4978');
INSERT INTO RESERVATION VALUES ('20180608QS3976092215671',1354,118,'QS','2018-06-08','2018-06-10',null,'complete');
INSERT INTO INVOICECHARGE VALUES ('20180608QS3976092215671-ch00001','20180608QS3976092215671','2018-06-08',234.55,'Base room charge');
INSERT INTO PAYMENT VALUES ('20180608QS3976092215671-p00001','20180608QS3976092215671','2018-06-10','CC',234.55,'Edmundo Erickson','1480276118934327',4,2023,161,'Mastercard');
-- ------- SAMPLE 355 ----------
INSERT INTO GUEST VALUES(1355,'Louisa','Laroque','LLaroque@gmail.com','1234 DaWrong Lane','Flonkerton','MD','12345','884-783-9352');
INSERT INTO RESERVATION VALUES ('20200225KJ7274366918921',1355,208,'KJ','2020-02-25','2020-02-29',null,'complete');
INSERT INTO INVOICECHARGE VALUES ('20200225KJ7274366918921-ch00001','20200225KJ7274366918921','2020-02-25',365.91,'Base room charge');
INSERT INTO INVOICECHARGE VALUES ('20200225KJ7274366918921-ch00002','20200225KJ7274366918921','2020-02-25',188.5,'Room Service');
INSERT INTO PAYMENT VALUES ('20200225KJ7274366918921-p00001','20200225KJ7274366918921','2020-02-27','CC',554.41,'Louisa Laroque','1917843426265599',10,2025,682,'Mastercard');
-- ------- SAMPLE 356 ----------
INSERT INTO GUEST VALUES(1356,'Danette','Dammann','DDammann@yahoo.com','1234 DaWrong Lane','Flonkerton','MD','12345','586-481-0553');
INSERT INTO RESERVATION VALUES ('20190813QS3539242454650',1356,108,'QS','2019-08-13','2019-08-18',null,'complete');
INSERT INTO INVOICECHARGE VALUES ('20190813QS3539242454650-ch00001','20190813QS3539242454650','2019-08-13',387.01,'Base room charge');
INSERT INTO INVOICECHARGE VALUES ('20190813QS3539242454650-ch00002','20190813QS3539242454650','2019-08-13',199.37,'Cleaning fee');
INSERT INTO PAYMENT VALUES ('20190813QS3539242454650-p00001','20190813QS3539242454650','2019-08-15','CC',586.38,'Danette Dammann','4687598108488468',10,2023,548,'Mastercard');
-- ------- SAMPLE 357 ----------
INSERT INTO GUEST VALUES(1357,'Darrin','Drum','DDrum@gmail.com','1234 DaWrong Lane','Flonkerton','MD','12345','040-376-1362');
INSERT INTO RESERVATION VALUES ('20180520KJ7865337376200',1357,104,'KJ','2018-05-20','2018-05-23',null,'complete');
INSERT INTO INVOICECHARGE VALUES ('20180520KJ7865337376200-ch00001','20180520KJ7865337376200','2018-05-20',415.81,'Base room charge');
INSERT INTO PAYMENT VALUES ('20180520KJ7865337376200-p00001','20180520KJ7865337376200','2018-05-22','CC',415.81,'Darrin Drum','1041124259674589',1,2024,816,'Mastercard');
-- ------- SAMPLE 358 ----------
INSERT INTO GUEST VALUES(1358,'Vicky','Vanderhoff','VVanderhoff@gmail.com','1234 DaWrong Lane','Flonkerton','MD','12345','010-739-2587');
INSERT INTO RESERVATION VALUES ('20191116QD3208609540616',1358,116,'QD','2019-11-16','2019-11-17',null,'complete');
INSERT INTO INVOICECHARGE VALUES ('20191116QD3208609540616-ch00001','20191116QD3208609540616','2019-11-16',63.33,'Base room charge');
INSERT INTO INVOICECHARGE VALUES ('20191116QD3208609540616-ch00002','20191116QD3208609540616','2019-11-16',32.62,'Room Service');
INSERT INTO PAYMENT VALUES ('20191116QD3208609540616-p00001','20191116QD3208609540616','2019-11-18','CC',95.95,'Vicky Vanderhoff','9899244039866872',5,2027,127,'Mastercard');
-- ------- SAMPLE 359 ----------
INSERT INTO GUEST VALUES(1359,'Nena','Nunez','NNunez@gmail.com','1234 DaWrong Lane','Flonkerton','MD','12345','593-287-8324');
INSERT INTO RESERVATION VALUES ('20200728QS8033063246056',1359,null,'QS','2020-07-28','2020-08-01',null,'active');
-- ------- SAMPLE 360 ----------
INSERT INTO GUEST VALUES(1360,'Mario','Macdowell','MMacdowell@hotmail.com','1234 DaWrong Lane','Flonkerton','MD','12345','236-678-0382');
INSERT INTO RESERVATION VALUES ('20201120KJ5107871367357',1360,null,'KJ','2020-11-20','2020-11-23',null,'active');
INSERT INTO INVOICECHARGE VALUES ('20201120KJ5107871367357-ch00001','20201120KJ5107871367357','2020-11-20',415.81,'Base room charge');
INSERT INTO PAYMENT VALUES ('20201120KJ5107871367357-p00001','20201120KJ5107871367357','2020-11-22','CC',415.81,'Mario Macdowell','5044178003047187',5,2026,287,'Mastercard');
-- ------- SAMPLE 361 ----------
INSERT INTO GUEST VALUES(1361,'Adrianna','Aungst','AAungst@hotmail.com','1234 DaWrong Lane','Flonkerton','MD','12345','664-644-4196');
INSERT INTO RESERVATION VALUES ('20190805QD8635321753163',1361,205,'QD','2019-08-05','2019-08-08',null,'complete');
INSERT INTO INVOICECHARGE VALUES ('20190805QD8635321753163-ch00001','20190805QD8635321753163','2019-08-05',189.99,'Base room charge');
INSERT INTO INVOICECHARGE VALUES ('20190805QD8635321753163-ch00002','20190805QD8635321753163','2019-08-05',97.87,'Cleaning fee');
INSERT INTO PAYMENT VALUES ('20190805QD8635321753163-p00001','20190805QD8635321753163','2019-08-07','CC',287.86,'Adrianna Aungst','8840887493412077',3,2023,452,'Mastercard');
-- ------- SAMPLE 362 ----------
INSERT INTO GUEST VALUES(1362,'Dorothea','Dipaolo','DDipaolo@yahoo.com','1234 DaWrong Lane','Flonkerton','MD','12345','049-618-4580');
INSERT INTO RESERVATION VALUES ('20190727QD7248608929451',1362,200,'QD','2019-07-27','2019-07-28',null,'complete');
INSERT INTO INVOICECHARGE VALUES ('20190727QD7248608929451-ch00001','20190727QD7248608929451','2019-07-27',63.33,'Base room charge');
INSERT INTO INVOICECHARGE VALUES ('20190727QD7248608929451-ch00002','20190727QD7248608929451','2019-07-27',32.62,'Room Service');
INSERT INTO PAYMENT VALUES ('20190727QD7248608929451-p00001','20190727QD7248608929451','2019-07-29','CC',95.95,'Dorothea Dipaolo','1204497643584004',12,2021,230,'Mastercard');
-- ------- SAMPLE 363 ----------
INSERT INTO GUEST VALUES(1363,'Dewey','Dye','DDye@yahoo.com','1234 DaWrong Lane','Flonkerton','MD','12345','836-700-7165');
INSERT INTO RESERVATION VALUES ('20190806KJ9298837272594',1363,104,'KJ','2019-08-06','2019-08-10',null,'complete');
INSERT INTO INVOICECHARGE VALUES ('20190806KJ9298837272594-ch00001','20190806KJ9298837272594','2019-08-06',554.41,'Base room charge');
INSERT INTO PAYMENT VALUES ('20190806KJ9298837272594-p00001','20190806KJ9298837272594','2019-08-08','CC',554.41,'Dewey Dye','3616596088967671',1,2025,587,'Mastercard');
-- ------- SAMPLE 364 ----------
INSERT INTO GUEST VALUES(1364,'Liliana','Lueck','LLueck@yahoo.com','1234 DaWrong Lane','Flonkerton','MD','12345','803-846-2518');
INSERT INTO RESERVATION VALUES ('20201110KI2884958291425',1364,null,'KI','2020-11-10','2020-11-12',null,'active');
INSERT INTO INVOICECHARGE VALUES ('20201110KI2884958291425-ch00001','20201110KI2884958291425','2020-11-10',112.58,'Base room charge');
INSERT INTO INVOICECHARGE VALUES ('20201110KI2884958291425-ch00002','20201110KI2884958291425','2020-11-10',58,'Cleaning fee');
INSERT INTO PAYMENT VALUES ('20201110KI2884958291425-p00001','20201110KI2884958291425','2020-11-12','CC',170.58,'Liliana Lueck','6473107264885414',3,2023,16,'Mastercard');
-- ------- SAMPLE 365 ----------
INSERT INTO GUEST VALUES(1365,'Georgianne','Guadarrama','GGuadarrama@gmail.com','1234 DaWrong Lane','Flonkerton','MD','12345','299-171-7113');
INSERT INTO RESERVATION VALUES ('20210308KS4742780488120',1365,null,'KS','2021-03-08','2021-03-09',null,'active');
-- ------- SAMPLE 366 ----------
INSERT INTO GUEST VALUES(1366,'Kaley','Kilmon','KKilmon@yahoo.com','1234 DaWrong Lane','Flonkerton','MD','12345','838-325-5019');
INSERT INTO RESERVATION VALUES ('20191110KS1436377312570',1366,107,'KS','2019-11-10','2019-11-13',null,'cancelled');
INSERT INTO INVOICECHARGE VALUES ('20191110KS1436377312570-ch00001','20191110KS1436377312570','2019-11-10',319.84,'Base room charge');
INSERT INTO PAYMENT VALUES ('20191110KS1436377312570-p00001','20191110KS1436377312570','2019-11-12','CC',319.84,'Kaley Kilmon','5055591372139909',10,2024,380,'Mastercard');
-- ------- SAMPLE 367 ----------
INSERT INTO GUEST VALUES(1367,'Len','Linquist','LLinquist@hotmail.com','1234 DaWrong Lane','Flonkerton','MD','12345','288-097-8456');
INSERT INTO RESERVATION VALUES ('20200305KJ8098408189080',1367,119,'KJ','2020-03-05','2020-03-08',null,'complete');
INSERT INTO INVOICECHARGE VALUES ('20200305KJ8098408189080-ch00001','20200305KJ8098408189080','2020-03-05',277.2,'Base room charge');
INSERT INTO PAYMENT (payment_id,invoice_id,payment_date,payment_type,payment_amount) VALUES ('20200305KJ8098408189080-p00001','20200305KJ8098408189080','2020-03-07','CA',277.2);
-- ------- SAMPLE 368 ----------
INSERT INTO GUEST VALUES(1368,'Ella','Evanoff','EEvanoff@yahoo.com','1234 DaWrong Lane','Flonkerton','MD','12345','128-529-2671');
INSERT INTO RESERVATION VALUES ('20200914KJ5653226462973',1368,null,'KJ','2020-09-14','2020-09-15',null,'active');
INSERT INTO INVOICECHARGE VALUES ('20200914KJ5653226462973-ch00001','20200914KJ5653226462973','2020-09-14',138.6,'Base room charge');
INSERT INTO PAYMENT (payment_id,invoice_id,payment_date,payment_type,payment_amount) VALUES ('20200914KJ5653226462973-p00001','20200914KJ5653226462973','2020-09-16','CA',138.6);
-- ------- SAMPLE 369 ----------
INSERT INTO GUEST VALUES(1369,'Louisa','Laroque','LLaroque@yahoo.com','1234 DaWrong Lane','Flonkerton','MD','12345','069-661-1432');
INSERT INTO RESERVATION VALUES ('20191109KI2266417256768',1369,204,'KI','2019-11-09','2019-11-13',null,'cancelled');
INSERT INTO INVOICECHARGE VALUES ('20191109KI2266417256768-ch00001','20191109KI2266417256768','2019-11-09',225.17,'Base room charge');
INSERT INTO INVOICECHARGE VALUES ('20191109KI2266417256768-ch00002','20191109KI2266417256768','2019-11-09',115.99,'Room Service');
INSERT INTO PAYMENT VALUES ('20191109KI2266417256768-p00001','20191109KI2266417256768','2019-11-11','CC',341.16,'Louisa Laroque','2429588668346791',2,2025,57,'Mastercard');
-- ------- SAMPLE 370 ----------
INSERT INTO GUEST VALUES(1370,'Selene','Staiger','SStaiger@hotmail.com','1234 DaWrong Lane','Flonkerton','MD','12345','522-348-9502');
INSERT INTO RESERVATION VALUES ('20190130KS5737639351500',1370,206,'KS','2019-01-30','2019-02-04',null,'complete');
INSERT INTO INVOICECHARGE VALUES ('20190130KS5737639351500-ch00001','20190130KS5737639351500','2019-01-30',533.07,'Base room charge');
INSERT INTO PAYMENT (payment_id,invoice_id,payment_date,payment_type,payment_amount) VALUES ('20190130KS5737639351500-p00001','20190130KS5737639351500','2019-02-01','CA',533.07);
-- ------- SAMPLE 371 ----------
INSERT INTO GUEST VALUES(1371,'Mandi','Mcwain','MMcwain@yahoo.com','1234 DaWrong Lane','Flonkerton','MD','12345','039-204-3677');
INSERT INTO RESERVATION VALUES ('20201029KJ7393572455418',1371,null,'KJ','2020-10-29','2020-11-02',null,'active');
INSERT INTO INVOICECHARGE VALUES ('20201029KJ7393572455418-ch00001','20201029KJ7393572455418','2020-10-29',554.41,'Base room charge');
INSERT INTO PAYMENT (payment_id,invoice_id,payment_date,payment_type,payment_amount) VALUES ('20201029KJ7393572455418-p00001','20201029KJ7393572455418','2020-10-31','CA',554.41);
-- ------- SAMPLE 372 ----------
INSERT INTO GUEST VALUES(1372,'Shera','Shorter','SShorter@yahoo.com','1234 DaWrong Lane','Flonkerton','MD','12345','318-097-7400');
INSERT INTO RESERVATION VALUES ('20190128QS6946481881821',1372,118,'QS','2019-01-28','2019-02-01',null,'complete');
INSERT INTO INVOICECHARGE VALUES ('20190128QS6946481881821-ch00001','20190128QS6946481881821','2019-01-28',469.11,'Base room charge');
INSERT INTO PAYMENT VALUES ('20190128QS6946481881821-p00001','20190128QS6946481881821','2019-01-30','CC',469.11,'Shera Shorter','1205627386142751',9,2027,657,'Mastercard');
-- ------- SAMPLE 373 ----------
INSERT INTO GUEST VALUES(1373,'Eryn','Edenfield','EEdenfield@gmail.com','1234 DaWrong Lane','Flonkerton','MD','12345','167-818-1959');
INSERT INTO RESERVATION VALUES ('20201013KJ2708080891307',1373,null,'KJ','2020-10-13','2020-10-17',null,'active');
INSERT INTO INVOICECHARGE VALUES ('20201013KJ2708080891307-ch00001','20201013KJ2708080891307','2020-10-13',365.91,'Base room charge');
INSERT INTO INVOICECHARGE VALUES ('20201013KJ2708080891307-ch00002','20201013KJ2708080891307','2020-10-13',188.5,'Room Service');
INSERT INTO PAYMENT VALUES ('20201013KJ2708080891307-p00001','20201013KJ2708080891307','2020-10-15','CC',554.41,'Eryn Edenfield','9036893036782504',9,2023,240,'Mastercard');
-- ------- SAMPLE 374 ----------
INSERT INTO GUEST VALUES(1374,'Selene','Staiger','SStaiger@gmail.com','1234 DaWrong Lane','Flonkerton','MD','12345','136-135-1452');
INSERT INTO RESERVATION VALUES ('20191114QS4358678363608',1374,207,'QS','2019-11-14','2019-11-17',null,'complete');
INSERT INTO INVOICECHARGE VALUES ('20191114QS4358678363608-ch00001','20191114QS4358678363608','2019-11-14',351.83,'Base room charge');
INSERT INTO PAYMENT VALUES ('20191114QS4358678363608-p00001','20191114QS4358678363608','2019-11-16','CC',351.83,'Selene Staiger','7869647682659339',1,2023,12,'Mastercard');
-- ------- SAMPLE 375 ----------
INSERT INTO GUEST VALUES(1375,'Rossana','Running','RRunning@gmail.com','1234 DaWrong Lane','Flonkerton','MD','12345','437-814-1552');
INSERT INTO RESERVATION VALUES ('20190505KJ9619659825000',1375,104,'KJ','2019-05-05','2019-05-06',null,'complete');
INSERT INTO INVOICECHARGE VALUES ('20190505KJ9619659825000-ch00001','20190505KJ9619659825000','2019-05-05',138.6,'Base room charge');
INSERT INTO PAYMENT VALUES ('20190505KJ9619659825000-p00001','20190505KJ9619659825000','2019-05-07','CC',138.6,'Rossana Running','9008896650555667',6,2023,752,'Mastercard');
-- ------- SAMPLE 376 ----------
INSERT INTO GUEST VALUES(1376,'Pearlene','Priestly','PPriestly@yahoo.com','1234 DaWrong Lane','Flonkerton','MD','12345','720-645-9439');
INSERT INTO RESERVATION VALUES ('20190130KS9461897236816',1376,201,'KS','2019-01-30','2019-01-31',null,'complete');
INSERT INTO INVOICECHARGE VALUES ('20190130KS9461897236816-ch00001','20190130KS9461897236816','2019-01-30',70.36,'Base room charge');
INSERT INTO INVOICECHARGE VALUES ('20190130KS9461897236816-ch00002','20190130KS9461897236816','2019-01-30',36.25,'Cleaning fee');
INSERT INTO PAYMENT (payment_id,invoice_id,payment_date,payment_type,payment_amount) VALUES ('20190130KS9461897236816-p00001','20190130KS9461897236816','2019-02-01','CA',106.61);
-- ------- SAMPLE 377 ----------
INSERT INTO GUEST VALUES(1377,'Elfriede','Esslinger','EEsslinger@gmail.com','1234 DaWrong Lane','Flonkerton','MD','12345','493-666-9325');
INSERT INTO RESERVATION VALUES ('20200720KI5806654200196',1377,null,'KI','2020-07-20','2020-07-25',null,'active');
INSERT INTO INVOICECHARGE VALUES ('20200720KI5806654200196-ch00001','20200720KI5806654200196','2020-07-20',281.46,'Base room charge');
INSERT INTO INVOICECHARGE VALUES ('20200720KI5806654200196-ch00002','20200720KI5806654200196','2020-07-20',144.99,'Cleaning fee');
INSERT INTO PAYMENT VALUES ('20200720KI5806654200196-p00001','20200720KI5806654200196','2020-07-22','CC',426.45,'Elfriede Esslinger','4904503575272910',11,2023,295,'Mastercard');
-- ------- SAMPLE 378 ----------
INSERT INTO GUEST VALUES(1378,'Jamey','Jen','JJen@gmail.com','1234 DaWrong Lane','Flonkerton','MD','12345','612-031-5187');
INSERT INTO RESERVATION VALUES ('20190129QS6259485990942',1378,108,'QS','2019-01-29','2019-02-02',null,'complete');
INSERT INTO INVOICECHARGE VALUES ('20190129QS6259485990942-ch00001','20190129QS6259485990942','2019-01-29',469.11,'Base room charge');
INSERT INTO PAYMENT VALUES ('20190129QS6259485990942-p00001','20190129QS6259485990942','2019-01-31','CC',469.11,'Jamey Jen','8353486244249937',7,2023,515,'Mastercard');
-- ------- SAMPLE 379 ----------
INSERT INTO GUEST VALUES(1379,'Dane','Dumond','DDumond@hotmail.com','1234 DaWrong Lane','Flonkerton','MD','12345','179-305-1642');
INSERT INTO RESERVATION VALUES ('20210228KJ9930604925984',1379,null,'KJ','2021-02-28','2021-03-04',null,'active');
INSERT INTO INVOICECHARGE VALUES ('20210228KJ9930604925984-ch00001','20210228KJ9930604925984','2021-02-28',365.91,'Base room charge');
INSERT INTO INVOICECHARGE VALUES ('20210228KJ9930604925984-ch00002','20210228KJ9930604925984','2021-02-28',188.5,'Room Service');
INSERT INTO PAYMENT VALUES ('20210228KJ9930604925984-p00001','20210228KJ9930604925984','2021-03-02','CC',554.41,'Dane Dumond','4965223370196886',12,2021,574,'Mastercard');
-- ------- SAMPLE 380 ----------
INSERT INTO GUEST VALUES(1380,'Tomika','Teran','TTeran@yahoo.com','1234 DaWrong Lane','Flonkerton','MD','12345','464-719-6195');
INSERT INTO RESERVATION VALUES ('20200225QS9663390322205',1380,207,'QS','2020-02-25','2020-02-29',null,'complete');
INSERT INTO INVOICECHARGE VALUES ('20200225QS9663390322205-ch00001','20200225QS9663390322205','2020-02-25',309.61,'Base room charge');
INSERT INTO INVOICECHARGE VALUES ('20200225QS9663390322205-ch00002','20200225QS9663390322205','2020-02-25',159.5,'Cleaning fee');
INSERT INTO PAYMENT VALUES ('20200225QS9663390322205-p00001','20200225QS9663390322205','2020-02-27','CC',469.11,'Tomika Teran','8075169566806236',2,2024,52,'Mastercard');
-- ------- SAMPLE 381 ----------
INSERT INTO GUEST VALUES(1381,'Jarrett','Janelle','JJanelle@gmail.com','1234 DaWrong Lane','Flonkerton','MD','12345','048-567-3824');
INSERT INTO RESERVATION VALUES ('20190523QD8664526322396',1381,116,'QD','2019-05-23','2019-05-28',null,'complete');
INSERT INTO INVOICECHARGE VALUES ('20190523QD8664526322396-ch00001','20190523QD8664526322396','2019-05-23',479.76,'Base room charge');
INSERT INTO PAYMENT VALUES ('20190523QD8664526322396-p00001','20190523QD8664526322396','2019-05-25','CC',479.76,'Jarrett Janelle','1677448509071063',12,2024,541,'Mastercard');
-- ------- SAMPLE 382 ----------
INSERT INTO GUEST VALUES(1382,'Kathern','Korn','KKorn@gmail.com','1234 DaWrong Lane','Flonkerton','MD','12345','887-084-4611');
INSERT INTO RESERVATION VALUES ('20180819QS2044531582860',1382,103,'QS','2018-08-19','2018-08-24',null,'complete');
INSERT INTO INVOICECHARGE VALUES ('20180819QS2044531582860-ch00001','20180819QS2044531582860','2018-08-19',586.38,'Base room charge');
INSERT INTO PAYMENT VALUES ('20180819QS2044531582860-p00001','20180819QS2044531582860','2018-08-21','CC',586.38,'Kathern Korn','7053552188179767',12,2025,487,'Mastercard');
-- ------- SAMPLE 383 ----------
INSERT INTO GUEST VALUES(1383,'Marylynn','Musson','MMusson@hotmail.com','1234 DaWrong Lane','Flonkerton','MD','12345','564-412-0689');
INSERT INTO RESERVATION VALUES ('20190716KS6207483380319',1383,206,'KS','2019-07-16','2019-07-20',null,'cancelled');
INSERT INTO INVOICECHARGE VALUES ('20190716KS6207483380319-ch00001','20190716KS6207483380319','2019-07-16',281.46,'Base room charge');
INSERT INTO INVOICECHARGE VALUES ('20190716KS6207483380319-ch00002','20190716KS6207483380319','2019-07-16',145,'Cleaning fee');
INSERT INTO PAYMENT VALUES ('20190716KS6207483380319-p00001','20190716KS6207483380319','2019-07-18','CC',426.46,'Marylynn Musson','6700486952122321',1,2025,212,'Mastercard');
-- ------- SAMPLE 384 ----------
INSERT INTO GUEST VALUES(1384,'Willian','Wiest','WWiest@yahoo.com','1234 DaWrong Lane','Flonkerton','MD','12345','704-398-5762');
INSERT INTO RESERVATION VALUES ('20191227KS3821867412224',1384,117,'KS','2019-12-27','2019-12-28',null,'cancelled');
INSERT INTO INVOICECHARGE VALUES ('20191227KS3821867412224-ch00001','20191227KS3821867412224','2019-12-27',106.61,'Base room charge');
INSERT INTO PAYMENT VALUES ('20191227KS3821867412224-p00001','20191227KS3821867412224','2019-12-29','CC',106.61,'Willian Wiest','6579150210098734',5,2024,788,'Mastercard');
-- ------- SAMPLE 385 ----------
INSERT INTO GUEST VALUES(1385,'Aretha','Acy','AAcy@hotmail.com','1234 DaWrong Lane','Flonkerton','MD','12345','635-489-9911');
INSERT INTO RESERVATION VALUES ('20200513KJ3491449556555',1385,null,'KJ','2020-05-13','2020-05-17',null,'active');
INSERT INTO INVOICECHARGE VALUES ('20200513KJ3491449556555-ch00001','20200513KJ3491449556555','2020-05-13',554.41,'Base room charge');
INSERT INTO PAYMENT VALUES ('20200513KJ3491449556555-p00001','20200513KJ3491449556555','2020-05-15','CC',106,'Aretha Acy','6566951774388423',11,2022,501,'Mastercard');
-- ------- SAMPLE 386 ----------
INSERT INTO GUEST VALUES(1386,'Delsie','Delong','DDelong@hotmail.com','1234 DaWrong Lane','Flonkerton','MD','12345','123-775-6184');
INSERT INTO RESERVATION VALUES ('20180828QD6026682251551',1386,200,'QD','2018-08-28','2018-08-29',null,'cancelled');
INSERT INTO INVOICECHARGE VALUES ('20180828QD6026682251551-ch00001','20180828QD6026682251551','2018-08-28',63.33,'Base room charge');
INSERT INTO INVOICECHARGE VALUES ('20180828QD6026682251551-ch00002','20180828QD6026682251551','2018-08-28',32.62,'Room Service');
INSERT INTO PAYMENT VALUES ('20180828QD6026682251551-p00001','20180828QD6026682251551','2018-08-30','CC',95.95,'Delsie Delong','1837303535999013',4,2027,435,'Mastercard');
-- ------- SAMPLE 387 ----------
INSERT INTO GUEST VALUES(1387,'Shad','Sitler','SSitler@gmail.com','1234 DaWrong Lane','Flonkerton','MD','12345','403-152-2634');
INSERT INTO RESERVATION VALUES ('20201208KJ4875663805529',1387,null,'KJ','2020-12-08','2020-12-10',null,'active');
INSERT INTO INVOICECHARGE VALUES ('20201208KJ4875663805529-ch00001','20201208KJ4875663805529','2020-12-08',182.95,'Base room charge');
INSERT INTO INVOICECHARGE VALUES ('20201208KJ4875663805529-ch00002','20201208KJ4875663805529','2020-12-08',94.25,'Room Service');
INSERT INTO PAYMENT (payment_id,invoice_id,payment_date,payment_type,payment_amount) VALUES ('20201208KJ4875663805529-p00001','20201208KJ4875663805529','2020-12-10','CA',26);
-- ------- SAMPLE 388 ----------
INSERT INTO GUEST VALUES(1388,'Hanna','Hastie','HHastie@yahoo.com','1234 DaWrong Lane','Flonkerton','MD','12345','412-227-4522');
INSERT INTO RESERVATION VALUES ('20200825QD8818061583138',1388,null,'QD','2020-08-25','2020-08-26',null,'active');
-- ------- SAMPLE 389 ----------
INSERT INTO GUEST VALUES(1389,'Marylynn','Musson','MMusson@gmail.com','1234 DaWrong Lane','Flonkerton','MD','12345','162-807-2489');
INSERT INTO RESERVATION VALUES ('20190828KI5275327545299',1389,209,'KI','2019-08-28','2019-09-02',null,'cancelled');
INSERT INTO INVOICECHARGE VALUES ('20190828KI5275327545299-ch00001','20190828KI5275327545299','2019-08-28',281.46,'Base room charge');
INSERT INTO INVOICECHARGE VALUES ('20190828KI5275327545299-ch00002','20190828KI5275327545299','2019-08-28',144.99,'Room Service');
INSERT INTO PAYMENT (payment_id,invoice_id,payment_date,payment_type,payment_amount) VALUES ('20190828KI5275327545299-p00001','20190828KI5275327545299','2019-08-30','CA',426.45);
-- ------- SAMPLE 390 ----------
INSERT INTO GUEST VALUES(1390,'Leighann','Leith','LLeith@gmail.com','1234 DaWrong Lane','Flonkerton','MD','12345','557-496-0371');
INSERT INTO RESERVATION VALUES ('20180901QS4358236768277',1390,207,'QS','2018-09-01','2018-09-03',null,'complete');
INSERT INTO INVOICECHARGE VALUES ('20180901QS4358236768277-ch00001','20180901QS4358236768277','2018-09-01',234.55,'Base room charge');
INSERT INTO PAYMENT VALUES ('20180901QS4358236768277-p00001','20180901QS4358236768277','2018-09-03','CC',234.55,'Leighann Leith','7889134293011352',1,2024,295,'Mastercard');
-- ------- SAMPLE 391 ----------
INSERT INTO GUEST VALUES(1391,'Hedwig','Hinz','HHinz@hotmail.com','1234 DaWrong Lane','Flonkerton','MD','12345','481-333-2477');
INSERT INTO RESERVATION VALUES ('20210215KS9397637879406',1391,null,'KS','2021-02-15','2021-02-18',null,'active');
INSERT INTO INVOICECHARGE VALUES ('20210215KS9397637879406-ch00001','20210215KS9397637879406','2021-02-15',319.84,'Base room charge');
INSERT INTO PAYMENT VALUES ('20210215KS9397637879406-p00001','20210215KS9397637879406','2021-02-17','CC',319.84,'Hedwig Hinz','4232193867199377',1,2024,80,'Mastercard');
-- ------- SAMPLE 392 ----------
INSERT INTO GUEST VALUES(1392,'Shae','Sansom','SSansom@gmail.com','1234 DaWrong Lane','Flonkerton','MD','12345','653-822-6027');
INSERT INTO RESERVATION VALUES ('20190111KI4869197315006',1392,120,'KI','2019-01-11','2019-01-12',null,'complete');
INSERT INTO INVOICECHARGE VALUES ('20190111KI4869197315006-ch00001','20190111KI4869197315006','2019-01-11',56.29,'Base room charge');
INSERT INTO INVOICECHARGE VALUES ('20190111KI4869197315006-ch00002','20190111KI4869197315006','2019-01-11',29,'Cleaning fee');
INSERT INTO PAYMENT VALUES ('20190111KI4869197315006-p00001','20190111KI4869197315006','2019-01-13','CC',85.29,'Shae Sansom','7303800456209163',10,2021,174,'Mastercard');
-- ------- SAMPLE 393 ----------
INSERT INTO GUEST VALUES(1393,'Eda','Elmendorf','EElmendorf@yahoo.com','1234 DaWrong Lane','Flonkerton','MD','12345','085-668-4891');
INSERT INTO RESERVATION VALUES ('20200819KI1073704959903',1393,null,'KI','2020-08-19','2020-08-23',null,'active');
INSERT INTO INVOICECHARGE VALUES ('20200819KI1073704959903-ch00001','20200819KI1073704959903','2020-08-19',225.17,'Base room charge');
INSERT INTO INVOICECHARGE VALUES ('20200819KI1073704959903-ch00002','20200819KI1073704959903','2020-08-19',115.99,'Room Service');
INSERT INTO PAYMENT VALUES ('20200819KI1073704959903-p00001','20200819KI1073704959903','2020-08-21','CC',222,'Eda Elmendorf','3396069901146932',7,2025,663,'Mastercard');
-- ------- SAMPLE 394 ----------
INSERT INTO GUEST VALUES(1394,'Delora','Delph','DDelph@hotmail.com','1234 DaWrong Lane','Flonkerton','MD','12345','572-992-5809');
INSERT INTO RESERVATION VALUES ('20200121KJ1460538613398',1394,104,'KJ','2020-01-21','2020-01-23',null,'complete');
INSERT INTO INVOICECHARGE VALUES ('20200121KJ1460538613398-ch00001','20200121KJ1460538613398','2020-01-21',277.2,'Base room charge');
INSERT INTO PAYMENT VALUES ('20200121KJ1460538613398-p00001','20200121KJ1460538613398','2020-01-23','CC',277.2,'Delora Delph','4590127262164012',10,2022,211,'Mastercard');
-- ------- SAMPLE 395 ----------
INSERT INTO GUEST VALUES(1395,'Melony','Mcmartin','MMcmartin@yahoo.com','1234 DaWrong Lane','Flonkerton','MD','12345','802-317-5744');
INSERT INTO RESERVATION VALUES ('20201211KS6797279511922',1395,null,'KS','2020-12-11','2020-12-16',null,'active');
INSERT INTO INVOICECHARGE VALUES ('20201211KS6797279511922-ch00001','20201211KS6797279511922','2020-12-11',351.83,'Base room charge');
INSERT INTO INVOICECHARGE VALUES ('20201211KS6797279511922-ch00002','20201211KS6797279511922','2020-12-11',181.24,'Cleaning fee');
INSERT INTO PAYMENT VALUES ('20201211KS6797279511922-p00001','20201211KS6797279511922','2020-12-13','CC',533.07,'Melony Mcmartin','5973916808938202',6,2021,49,'Mastercard');
-- ------- SAMPLE 396 ----------
INSERT INTO GUEST VALUES(1396,'Irma','Irby','IIrby@hotmail.com','1234 DaWrong Lane','Flonkerton','MD','12345','462-473-3394');
INSERT INTO RESERVATION VALUES ('20190920KJ9715720048328',1396,109,'KJ','2019-09-20','2019-09-24',null,'complete');
INSERT INTO INVOICECHARGE VALUES ('20190920KJ9715720048328-ch00001','20190920KJ9715720048328','2019-09-20',554.41,'Base room charge');
INSERT INTO PAYMENT VALUES ('20190920KJ9715720048328-p00001','20190920KJ9715720048328','2019-09-22','CC',554.41,'Irma Irby','4528735699962665',5,2026,348,'Mastercard');
-- ------- SAMPLE 397 ----------
INSERT INTO GUEST VALUES(1397,'Leonore','Losh','LLosh@yahoo.com','1234 DaWrong Lane','Flonkerton','MD','12345','016-350-6932');
INSERT INTO RESERVATION VALUES ('20200505KS1113900197586',1397,201,'KS','2020-05-05','2020-05-06',null,'complete');
INSERT INTO INVOICECHARGE VALUES ('20200505KS1113900197586-ch00001','20200505KS1113900197586','2020-05-05',106.61,'Base room charge');
INSERT INTO PAYMENT (payment_id,invoice_id,payment_date,payment_type,payment_amount) VALUES ('20200505KS1113900197586-p00001','20200505KS1113900197586','2020-05-07','CA',106.61);
-- ------- SAMPLE 398 ----------
INSERT INTO GUEST VALUES(1398,'Natalya','Neathery','NNeathery@hotmail.com','1234 DaWrong Lane','Flonkerton','MD','12345','078-856-5617');
INSERT INTO RESERVATION VALUES ('20190909KJ6022119612750',1398,119,'KJ','2019-09-09','2019-09-10',null,'complete');
INSERT INTO INVOICECHARGE VALUES ('20190909KJ6022119612750-ch00001','20190909KJ6022119612750','2019-09-09',138.6,'Base room charge');
INSERT INTO PAYMENT (payment_id,invoice_id,payment_date,payment_type,payment_amount) VALUES ('20190909KJ6022119612750-p00001','20190909KJ6022119612750','2019-09-11','CA',138.6);
-- ------- SAMPLE 399 ----------
INSERT INTO GUEST VALUES(1399,'Hanna','Hastie','HHastie@gmail.com','1234 DaWrong Lane','Flonkerton','MD','12345','480-223-6522');
INSERT INTO RESERVATION VALUES ('20180925QS5786660361037',1399,202,'QS','2018-09-25','2018-09-28',null,'complete');
INSERT INTO INVOICECHARGE VALUES ('20180925QS5786660361037-ch00001','20180925QS5786660361037','2018-09-25',351.83,'Base room charge');
INSERT INTO PAYMENT VALUES ('20180925QS5786660361037-p00001','20180925QS5786660361037','2018-09-27','CC',351.83,'Hanna Hastie','9016109004393148',10,2022,270,'Mastercard');
-- ------- SAMPLE 400 ----------
INSERT INTO GUEST VALUES(1400,'Len','Linquist','LLinquist@yahoo.com','1234 DaWrong Lane','Flonkerton','MD','12345','122-027-6878');
INSERT INTO RESERVATION VALUES ('20200611KI5759262208638',1400,null,'KI','2020-06-11','2020-06-14',null,'active');
INSERT INTO INVOICECHARGE VALUES ('20200611KI5759262208638-ch00001','20200611KI5759262208638','2020-06-11',255.87,'Base room charge');
INSERT INTO PAYMENT (payment_id,invoice_id,payment_date,payment_type,payment_amount) VALUES ('20200611KI5759262208638-p00001','20200611KI5759262208638','2020-06-13','CA',83);
-- ------- SAMPLE 401 ----------
INSERT INTO GUEST VALUES(1401,'Gwyneth','Gamber','GGamber@hotmail.com','1234 DaWrong Lane','Flonkerton','MD','12345','606-799-4060');
INSERT INTO RESERVATION VALUES ('20180517QD7518876953537',1401,200,'QD','2018-05-17','2018-05-18',null,'complete');
INSERT INTO INVOICECHARGE VALUES ('20180517QD7518876953537-ch00001','20180517QD7518876953537','2018-05-17',63.33,'Base room charge');
INSERT INTO INVOICECHARGE VALUES ('20180517QD7518876953537-ch00002','20180517QD7518876953537','2018-05-17',32.62,'Cleaning fee');
INSERT INTO PAYMENT VALUES ('20180517QD7518876953537-p00001','20180517QD7518876953537','2018-05-19','CC',95.95,'Gwyneth Gamber','8884408722098386',9,2025,89,'Mastercard');
-- ------- SAMPLE 402 ----------
INSERT INTO GUEST VALUES(1402,'Lorean','Loden','LLoden@gmail.com','1234 DaWrong Lane','Flonkerton','MD','12345','211-799-1234');
INSERT INTO RESERVATION VALUES ('20210119KI5594997821804',1402,null,'KI','2021-01-19','2021-01-24',null,'active');
INSERT INTO INVOICECHARGE VALUES ('20210119KI5594997821804-ch00001','20210119KI5594997821804','2021-01-19',426.45,'Base room charge');
INSERT INTO PAYMENT VALUES ('20210119KI5594997821804-p00001','20210119KI5594997821804','2021-01-21','CC',426.45,'Lorean Loden','7761137182477351',6,2027,579,'Mastercard');
-- ------- SAMPLE 403 ----------
INSERT INTO GUEST VALUES(1403,'Rickie','Redfern','RRedfern@gmail.com','1234 DaWrong Lane','Flonkerton','MD','12345','118-491-7648');
INSERT INTO RESERVATION VALUES ('20200121KI8939816000382',1403,115,'KI','2020-01-21','2020-01-22',null,'complete');
INSERT INTO INVOICECHARGE VALUES ('20200121KI8939816000382-ch00001','20200121KI8939816000382','2020-01-21',85.29,'Base room charge');
INSERT INTO PAYMENT VALUES ('20200121KI8939816000382-p00001','20200121KI8939816000382','2020-01-23','CC',85.29,'Rickie Redfern','2473534641746245',2,2026,337,'Mastercard');
-- ------- SAMPLE 404 ----------
INSERT INTO GUEST VALUES(1404,'Erminia','Eckard','EEckard@gmail.com','1234 DaWrong Lane','Flonkerton','MD','12345','299-206-2431');
INSERT INTO RESERVATION VALUES ('20210101QS3371827636299',1404,null,'QS','2021-01-01','2021-01-03',null,'active');
-- ------- SAMPLE 405 ----------
INSERT INTO GUEST VALUES(1405,'Raisa','Romito','RRomito@gmail.com','1234 DaWrong Lane','Flonkerton','MD','12345','256-344-1191');
INSERT INTO RESERVATION VALUES ('20200909KJ3581220586204',1405,null,'KJ','2020-09-09','2020-09-14',null,'active');
INSERT INTO INVOICECHARGE VALUES ('20200909KJ3581220586204-ch00001','20200909KJ3581220586204','2020-09-09',693.01,'Base room charge');
INSERT INTO PAYMENT VALUES ('20200909KJ3581220586204-p00001','20200909KJ3581220586204','2020-09-11','CC',693.01,'Raisa Romito','2041110326378169',7,2021,653,'Mastercard');
-- ------- SAMPLE 406 ----------
INSERT INTO GUEST VALUES(1406,'James','Janey','JJaney@gmail.com','1234 DaWrong Lane','Flonkerton','MD','12345','014-438-7713');
INSERT INTO RESERVATION VALUES ('20200728QD7764982551646',1406,null,'QD','2020-07-28','2020-07-31',null,'active');
INSERT INTO INVOICECHARGE VALUES ('20200728QD7764982551646-ch00001','20200728QD7764982551646','2020-07-28',287.86,'Base room charge');
INSERT INTO PAYMENT (payment_id,invoice_id,payment_date,payment_type,payment_amount) VALUES ('20200728QD7764982551646-p00001','20200728QD7764982551646','2020-07-30','CA',287.86);
-- ------- SAMPLE 407 ----------
INSERT INTO GUEST VALUES(1407,'Tomika','Teran','TTeran@gmail.com','1234 DaWrong Lane','Flonkerton','MD','12345','533-100-4186');
INSERT INTO RESERVATION VALUES ('20190119QS2400746942145',1407,103,'QS','2019-01-19','2019-01-22',null,'cancelled');
INSERT INTO INVOICECHARGE VALUES ('20190119QS2400746942145-ch00001','20190119QS2400746942145','2019-01-19',232.21,'Base room charge');
INSERT INTO INVOICECHARGE VALUES ('20190119QS2400746942145-ch00002','20190119QS2400746942145','2019-01-19',119.62,'Room Service');
INSERT INTO PAYMENT VALUES ('20190119QS2400746942145-p00001','20190119QS2400746942145','2019-01-21','CC',351.83,'Tomika Teran','3530018787157632',5,2023,714,'Mastercard');
-- ------- SAMPLE 408 ----------
INSERT INTO GUEST VALUES(1408,'Antwan','Albury','AAlbury@gmail.com','1234 DaWrong Lane','Flonkerton','MD','12345','635-825-0001');
INSERT INTO RESERVATION VALUES ('20181231KS8236785859429',1408,107,'KS','2018-12-31','2019-01-03',null,'complete');
INSERT INTO INVOICECHARGE VALUES ('20181231KS8236785859429-ch00001','20181231KS8236785859429','2018-12-31',211.09,'Base room charge');
INSERT INTO INVOICECHARGE VALUES ('20181231KS8236785859429-ch00002','20181231KS8236785859429','2018-12-31',108.75,'Cleaning fee');
INSERT INTO PAYMENT (payment_id,invoice_id,payment_date,payment_type,payment_amount) VALUES ('20181231KS8236785859429-p00001','20181231KS8236785859429','2019-01-02','CA',319.84);
-- ------- SAMPLE 409 ----------
INSERT INTO GUEST VALUES(1409,'Rossana','Running','RRunning@gmail.com','1234 DaWrong Lane','Flonkerton','MD','12345','305-472-7758');
INSERT INTO RESERVATION VALUES ('20190624KI5112339901859',1409,115,'KI','2019-06-24','2019-06-28',null,'complete');
INSERT INTO INVOICECHARGE VALUES ('20190624KI5112339901859-ch00001','20190624KI5112339901859','2019-06-24',341.16,'Base room charge');
INSERT INTO PAYMENT VALUES ('20190624KI5112339901859-p00001','20190624KI5112339901859','2019-06-26','CC',341.16,'Rossana Running','2477671237483435',6,2024,134,'Mastercard');
-- ------- SAMPLE 410 ----------
INSERT INTO GUEST VALUES(1410,'Alverta','Arce','AArce@yahoo.com','1234 DaWrong Lane','Flonkerton','MD','12345','915-335-7454');
INSERT INTO RESERVATION VALUES ('20200206QD1195085983760',1410,200,'QD','2020-02-06','2020-02-10',null,'complete');
INSERT INTO INVOICECHARGE VALUES ('20200206QD1195085983760-ch00001','20200206QD1195085983760','2020-02-06',383.81,'Base room charge');
INSERT INTO PAYMENT VALUES ('20200206QD1195085983760-p00001','20200206QD1195085983760','2020-02-08','CC',383.81,'Alverta Arce','2891414627785154',3,2024,950,'Mastercard');
-- ------- SAMPLE 411 ----------
INSERT INTO GUEST VALUES(1411,'Maryann','Mccutcheon','MMccutcheon@hotmail.com','1234 DaWrong Lane','Flonkerton','MD','12345','897-472-5599');
INSERT INTO RESERVATION VALUES ('20210324KJ5824809782905',1411,null,'KJ','2021-03-24','2021-03-27',null,'cancelled');
-- ------- SAMPLE 412 ----------
INSERT INTO GUEST VALUES(1412,'Buffy','Beattie','BBeattie@gmail.com','1234 DaWrong Lane','Flonkerton','MD','12345','518-637-8548');
INSERT INTO RESERVATION VALUES ('20180707KI7841576555481',1412,204,'KI','2018-07-07','2018-07-08',null,'complete');
INSERT INTO INVOICECHARGE VALUES ('20180707KI7841576555481-ch00001','20180707KI7841576555481','2018-07-07',56.29,'Base room charge');
INSERT INTO INVOICECHARGE VALUES ('20180707KI7841576555481-ch00002','20180707KI7841576555481','2018-07-07',29,'Cleaning fee');
INSERT INTO PAYMENT (payment_id,invoice_id,payment_date,payment_type,payment_amount) VALUES ('20180707KI7841576555481-p00001','20180707KI7841576555481','2018-07-09','CA',85.29);
-- ------- SAMPLE 413 ----------
INSERT INTO GUEST VALUES(1413,'Lakenya','Langston','LLangston@hotmail.com','1234 DaWrong Lane','Flonkerton','MD','12345','484-280-6901');
INSERT INTO RESERVATION VALUES ('20190430KI6037577659288',1413,105,'KI','2019-04-30','2019-05-01',null,'complete');
INSERT INTO INVOICECHARGE VALUES ('20190430KI6037577659288-ch00001','20190430KI6037577659288','2019-04-30',56.29,'Base room charge');
INSERT INTO INVOICECHARGE VALUES ('20190430KI6037577659288-ch00002','20190430KI6037577659288','2019-04-30',29,'Cleaning fee');
INSERT INTO PAYMENT VALUES ('20190430KI6037577659288-p00001','20190430KI6037577659288','2019-05-02','CC',85.29,'Lakenya Langston','5448903875417016',6,2027,829,'Mastercard');
-- ------- SAMPLE 414 ----------
INSERT INTO GUEST VALUES(1414,'Buffy','Beattie','BBeattie@yahoo.com','1234 DaWrong Lane','Flonkerton','MD','12345','522-296-7543');
INSERT INTO RESERVATION VALUES ('20210430QD1368611140196',1414,null,'QD','2021-04-30','2021-05-03',null,'active');
-- ------- SAMPLE 415 ----------
INSERT INTO GUEST VALUES(1415,'Fredericka','Farney','FFarney@gmail.com','1234 DaWrong Lane','Flonkerton','MD','12345','452-256-4035');
INSERT INTO RESERVATION VALUES ('20181006QD5559564776904',1415,200,'QD','2018-10-06','2018-10-08',null,'complete');
INSERT INTO INVOICECHARGE VALUES ('20181006QD5559564776904-ch00001','20181006QD5559564776904','2018-10-06',191.9,'Base room charge');
INSERT INTO PAYMENT VALUES ('20181006QD5559564776904-p00001','20181006QD5559564776904','2018-10-08','CC',191.9,'Fredericka Farney','5937221240536964',4,2023,749,'Mastercard');
-- ------- SAMPLE 416 ----------
INSERT INTO GUEST VALUES(1416,'Sherrie','Stultz','SStultz@gmail.com','1234 DaWrong Lane','Flonkerton','MD','12345','573-522-8326');
INSERT INTO RESERVATION VALUES ('20180928QS8201214954619',1416,207,'QS','2018-09-28','2018-10-02',null,'complete');
INSERT INTO INVOICECHARGE VALUES ('20180928QS8201214954619-ch00001','20180928QS8201214954619','2018-09-28',309.61,'Base room charge');
INSERT INTO INVOICECHARGE VALUES ('20180928QS8201214954619-ch00002','20180928QS8201214954619','2018-09-28',159.5,'Cleaning fee');
INSERT INTO PAYMENT VALUES ('20180928QS8201214954619-p00001','20180928QS8201214954619','2018-09-30','CC',469.11,'Sherrie Stultz','9304371734143307',1,2027,165,'Mastercard');
-- ------- SAMPLE 417 ----------
INSERT INTO GUEST VALUES(1417,'Lynda','Linda','LLinda@hotmail.com','1234 DaWrong Lane','Flonkerton','MD','12345','564-745-3141');
INSERT INTO RESERVATION VALUES ('20210217KJ4740893651350',1417,null,'KJ','2021-02-17','2021-02-18',null,'active');
INSERT INTO INVOICECHARGE VALUES ('20210217KJ4740893651350-ch00001','20210217KJ4740893651350','2021-02-17',138.6,'Base room charge');
INSERT INTO PAYMENT VALUES ('20210217KJ4740893651350-p00001','20210217KJ4740893651350','2021-02-19','CC',138.6,'Lynda Linda','9084390434354063',9,2023,265,'Mastercard');
-- ------- SAMPLE 418 ----------
INSERT INTO GUEST VALUES(1418,'Shena','Sandoz','SSandoz@gmail.com','1234 DaWrong Lane','Flonkerton','MD','12345','664-700-6554');
INSERT INTO RESERVATION VALUES ('20210116QD2560657189382',1418,null,'QD','2021-01-16','2021-01-20',null,'active');
-- ------- SAMPLE 419 ----------
INSERT INTO GUEST VALUES(1419,'Doyle','Dykema','DDykema@hotmail.com','1234 DaWrong Lane','Flonkerton','MD','12345','104-310-7999');
INSERT INTO RESERVATION VALUES ('20181105KI1444464761536',1419,204,'KI','2018-11-05','2018-11-08',null,'complete');
INSERT INTO INVOICECHARGE VALUES ('20181105KI1444464761536-ch00001','20181105KI1444464761536','2018-11-05',255.87,'Base room charge');
INSERT INTO PAYMENT VALUES ('20181105KI1444464761536-p00001','20181105KI1444464761536','2018-11-07','CC',255.87,'Doyle Dykema','6524706600703966',10,2025,97,'Mastercard');
-- ------- SAMPLE 420 ----------
INSERT INTO GUEST VALUES(1420,'Lorean','Loden','LLoden@hotmail.com','1234 DaWrong Lane','Flonkerton','MD','12345','436-914-4390');
INSERT INTO RESERVATION VALUES ('20180924KS9381969002461',1420,107,'KS','2018-09-24','2018-09-28',null,'cancelled');
INSERT INTO INVOICECHARGE VALUES ('20180924KS9381969002461-ch00001','20180924KS9381969002461','2018-09-24',281.46,'Base room charge');
INSERT INTO INVOICECHARGE VALUES ('20180924KS9381969002461-ch00002','20180924KS9381969002461','2018-09-24',145,'Room Service');
INSERT INTO PAYMENT VALUES ('20180924KS9381969002461-p00001','20180924KS9381969002461','2018-09-26','CC',426.46,'Lorean Loden','9168039976793436',2,2023,95,'Mastercard');
-- ------- SAMPLE 421 ----------
INSERT INTO GUEST VALUES(1421,'Lincoln','Lattea','LLattea@yahoo.com','1234 DaWrong Lane','Flonkerton','MD','12345','762-219-8002');
INSERT INTO RESERVATION VALUES ('20190320KI9431061530675',1421,115,'KI','2019-03-20','2019-03-23',null,'complete');
INSERT INTO INVOICECHARGE VALUES ('20190320KI9431061530675-ch00001','20190320KI9431061530675','2019-03-20',255.87,'Base room charge');
INSERT INTO PAYMENT VALUES ('20190320KI9431061530675-p00001','20190320KI9431061530675','2019-03-22','CC',255.87,'Lincoln Lattea','6973921716623773',5,2027,605,'Mastercard');
-- ------- SAMPLE 422 ----------
INSERT INTO GUEST VALUES(1422,'Rose','Royall','RRoyall@yahoo.com','1234 DaWrong Lane','Flonkerton','MD','12345','854-306-1462');
INSERT INTO RESERVATION VALUES ('20191005KS7458142401067',1422,107,'KS','2019-10-05','2019-10-09',null,'complete');
INSERT INTO INVOICECHARGE VALUES ('20191005KS7458142401067-ch00001','20191005KS7458142401067','2019-10-05',281.46,'Base room charge');
INSERT INTO INVOICECHARGE VALUES ('20191005KS7458142401067-ch00002','20191005KS7458142401067','2019-10-05',145,'Room Service');
INSERT INTO PAYMENT (payment_id,invoice_id,payment_date,payment_type,payment_amount) VALUES ('20191005KS7458142401067-p00001','20191005KS7458142401067','2019-10-07','CA',426.46);
-- ------- SAMPLE 423 ----------
INSERT INTO GUEST VALUES(1423,'Delora','Delph','DDelph@yahoo.com','1234 DaWrong Lane','Flonkerton','MD','12345','705-121-3064');
INSERT INTO RESERVATION VALUES ('20200609QS3347366226833',1423,null,'QS','2020-06-09','2020-06-11',null,'active');
INSERT INTO INVOICECHARGE VALUES ('20200609QS3347366226833-ch00001','20200609QS3347366226833','2020-06-09',234.55,'Base room charge');
INSERT INTO PAYMENT VALUES ('20200609QS3347366226833-p00001','20200609QS3347366226833','2020-06-11','CC',180,'Delora Delph','2287960363931700',11,2025,768,'Mastercard');
-- ------- SAMPLE 424 ----------
INSERT INTO GUEST VALUES(1424,'Audrey','Aikens','AAikens@yahoo.com','1234 DaWrong Lane','Flonkerton','MD','12345','756-588-2210');
INSERT INTO RESERVATION VALUES ('20180725KJ4059750292146',1424,104,'KJ','2018-07-25','2018-07-29',null,'complete');
INSERT INTO INVOICECHARGE VALUES ('20180725KJ4059750292146-ch00001','20180725KJ4059750292146','2018-07-25',554.41,'Base room charge');
INSERT INTO PAYMENT VALUES ('20180725KJ4059750292146-p00001','20180725KJ4059750292146','2018-07-27','CC',554.41,'Audrey Aikens','5385458036438842',7,2025,637,'Mastercard');
-- ------- SAMPLE 425 ----------
INSERT INTO GUEST VALUES(1425,'Bradley','Bently','BBently@hotmail.com','1234 DaWrong Lane','Flonkerton','MD','12345','025-223-7173');
INSERT INTO RESERVATION VALUES ('20210327KI9529806148716',1425,null,'KI','2021-03-27','2021-04-01',null,'active');
-- ------- SAMPLE 426 ----------
INSERT INTO GUEST VALUES(1426,'Keturah','Kagawa','KKagawa@yahoo.com','1234 DaWrong Lane','Flonkerton','MD','12345','830-090-0569');
INSERT INTO RESERVATION VALUES ('20200129QD6350150864378',1426,200,'QD','2020-01-29','2020-02-03',null,'complete');
INSERT INTO INVOICECHARGE VALUES ('20200129QD6350150864378-ch00001','20200129QD6350150864378','2020-01-29',316.64,'Base room charge');
INSERT INTO INVOICECHARGE VALUES ('20200129QD6350150864378-ch00002','20200129QD6350150864378','2020-01-29',163.12,'Cleaning fee');
INSERT INTO PAYMENT VALUES ('20200129QD6350150864378-p00001','20200129QD6350150864378','2020-01-31','CC',479.76,'Keturah Kagawa','1254684842590947',1,2024,888,'Mastercard');
-- ------- SAMPLE 427 ----------
INSERT INTO GUEST VALUES(1427,'Shawn','Stefanski','SStefanski@hotmail.com','1234 DaWrong Lane','Flonkerton','MD','12345','663-994-0870');
INSERT INTO RESERVATION VALUES ('20191001QS3617673208018',1427,103,'QS','2019-10-01','2019-10-02',null,'complete');
INSERT INTO INVOICECHARGE VALUES ('20191001QS3617673208018-ch00001','20191001QS3617673208018','2019-10-01',117.28,'Base room charge');
INSERT INTO PAYMENT (payment_id,invoice_id,payment_date,payment_type,payment_amount) VALUES ('20191001QS3617673208018-p00001','20191001QS3617673208018','2019-10-03','CA',117.28);
-- ------- SAMPLE 428 ----------
INSERT INTO GUEST VALUES(1428,'Sherrie','Stultz','SStultz@gmail.com','1234 DaWrong Lane','Flonkerton','MD','12345','392-137-7512');
INSERT INTO RESERVATION VALUES ('20181228QS2773229111095',1428,108,'QS','2018-12-28','2019-01-02',null,'complete');
INSERT INTO INVOICECHARGE VALUES ('20181228QS2773229111095-ch00001','20181228QS2773229111095','2018-12-28',586.38,'Base room charge');
INSERT INTO PAYMENT VALUES ('20181228QS2773229111095-p00001','20181228QS2773229111095','2018-12-30','CC',586.38,'Sherrie Stultz','6553532782586722',1,2024,186,'Mastercard');
-- ------- SAMPLE 429 ----------
INSERT INTO GUEST VALUES(1429,'Shandi','Scharf','SScharf@hotmail.com','1234 DaWrong Lane','Flonkerton','MD','12345','780-997-5651');
INSERT INTO RESERVATION VALUES ('20201111KJ5990549863637',1429,null,'KJ','2020-11-11','2020-11-16',null,'active');
-- ------- SAMPLE 430 ----------
INSERT INTO GUEST VALUES(1430,'Abdul','Ashe','AAshe@yahoo.com','1234 DaWrong Lane','Flonkerton','MD','12345','948-270-1283');
INSERT INTO RESERVATION VALUES ('20200513KJ5597229868001',1430,null,'KJ','2020-05-13','2020-05-16',null,'active');
INSERT INTO INVOICECHARGE VALUES ('20200513KJ5597229868001-ch00001','20200513KJ5597229868001','2020-05-13',274.43,'Base room charge');
INSERT INTO INVOICECHARGE VALUES ('20200513KJ5597229868001-ch00002','20200513KJ5597229868001','2020-05-13',141.38,'Cleaning fee');
INSERT INTO PAYMENT VALUES ('20200513KJ5597229868001-p00001','20200513KJ5597229868001','2020-05-15','CC',292,'Abdul Ashe','4854082923292575',4,2022,630,'Mastercard');
-- ------- SAMPLE 431 ----------
INSERT INTO GUEST VALUES(1431,'Malia','Molden','MMolden@yahoo.com','1234 DaWrong Lane','Flonkerton','MD','12345','839-969-0957');
INSERT INTO RESERVATION VALUES ('20200701KS6455692753169',1431,null,'KS','2020-07-01','2020-07-02',null,'active');
-- ------- SAMPLE 432 ----------
INSERT INTO GUEST VALUES(1432,'Malia','Molden','MMolden@gmail.com','1234 DaWrong Lane','Flonkerton','MD','12345','578-826-6328');
INSERT INTO RESERVATION VALUES ('20201114KJ2174824777235',1432,null,'KJ','2020-11-14','2020-11-16',null,'active');
INSERT INTO INVOICECHARGE VALUES ('20201114KJ2174824777235-ch00001','20201114KJ2174824777235','2020-11-14',277.2,'Base room charge');
INSERT INTO PAYMENT VALUES ('20201114KJ2174824777235-p00001','20201114KJ2174824777235','2020-11-16','CC',205,'Malia Molden','6937612547402646',5,2025,775,'Mastercard');
-- ------- SAMPLE 433 ----------
INSERT INTO GUEST VALUES(1433,'Deangelo','Deloera','DDeloera@hotmail.com','1234 DaWrong Lane','Flonkerton','MD','12345','941-430-6402');
INSERT INTO RESERVATION VALUES ('20190315QS6432595216149',1433,207,'QS','2019-03-15','2019-03-19',null,'complete');
INSERT INTO INVOICECHARGE VALUES ('20190315QS6432595216149-ch00001','20190315QS6432595216149','2019-03-15',469.11,'Base room charge');
INSERT INTO PAYMENT VALUES ('20190315QS6432595216149-p00001','20190315QS6432595216149','2019-03-17','CC',469.11,'Deangelo Deloera','3875997219414250',3,2023,809,'Mastercard');
-- ------- SAMPLE 434 ----------
INSERT INTO GUEST VALUES(1434,'Doyle','Dykema','DDykema@hotmail.com','1234 DaWrong Lane','Flonkerton','MD','12345','170-862-9521');
INSERT INTO RESERVATION VALUES ('20181228KS8008344949171',1434,112,'KS','2018-12-28','2019-01-01',null,'complete');
INSERT INTO INVOICECHARGE VALUES ('20181228KS8008344949171-ch00001','20181228KS8008344949171','2018-12-28',426.46,'Base room charge');
INSERT INTO PAYMENT (payment_id,invoice_id,payment_date,payment_type,payment_amount) VALUES ('20181228KS8008344949171-p00001','20181228KS8008344949171','2018-12-30','CA',426.46);
-- ------- SAMPLE 435 ----------
INSERT INTO GUEST VALUES(1435,'Buffy','Beattie','BBeattie@gmail.com','1234 DaWrong Lane','Flonkerton','MD','12345','746-703-1766');
INSERT INTO RESERVATION VALUES ('20180710QS3949549258345',1435,108,'QS','2018-07-10','2018-07-14',null,'complete');
INSERT INTO INVOICECHARGE VALUES ('20180710QS3949549258345-ch00001','20180710QS3949549258345','2018-07-10',309.61,'Base room charge');
INSERT INTO INVOICECHARGE VALUES ('20180710QS3949549258345-ch00002','20180710QS3949549258345','2018-07-10',159.5,'Cleaning fee');
INSERT INTO PAYMENT (payment_id,invoice_id,payment_date,payment_type,payment_amount) VALUES ('20180710QS3949549258345-p00001','20180710QS3949549258345','2018-07-12','CA',469.11);
-- ------- SAMPLE 436 ----------
INSERT INTO GUEST VALUES(1436,'Katerine','Kawakami','KKawakami@gmail.com','1234 DaWrong Lane','Flonkerton','MD','12345','390-391-6863');
INSERT INTO RESERVATION VALUES ('20190801KJ1438210381889',1436,119,'KJ','2019-08-01','2019-08-04',null,'complete');
INSERT INTO INVOICECHARGE VALUES ('20190801KJ1438210381889-ch00001','20190801KJ1438210381889','2019-08-01',274.43,'Base room charge');
INSERT INTO INVOICECHARGE VALUES ('20190801KJ1438210381889-ch00002','20190801KJ1438210381889','2019-08-01',141.38,'Cleaning fee');
INSERT INTO PAYMENT VALUES ('20190801KJ1438210381889-p00001','20190801KJ1438210381889','2019-08-03','CC',415.81,'Katerine Kawakami','4140618992712180',2,2025,267,'Mastercard');
-- ------- SAMPLE 437 ----------
INSERT INTO GUEST VALUES(1437,'Lorean','Loden','LLoden@yahoo.com','1234 DaWrong Lane','Flonkerton','MD','12345','767-634-5418');
INSERT INTO RESERVATION VALUES ('20210222KJ3081431223235',1437,null,'KJ','2021-02-22','2021-02-24',null,'active');
-- ------- SAMPLE 438 ----------
INSERT INTO GUEST VALUES(1438,'Christine','Ciampa','CCiampa@hotmail.com','1234 DaWrong Lane','Flonkerton','MD','12345','570-090-0465');
INSERT INTO RESERVATION VALUES ('20191115QD7020263695106',1438,205,'QD','2019-11-15','2019-11-16',null,'complete');
INSERT INTO INVOICECHARGE VALUES ('20191115QD7020263695106-ch00001','20191115QD7020263695106','2019-11-15',63.33,'Base room charge');
INSERT INTO INVOICECHARGE VALUES ('20191115QD7020263695106-ch00002','20191115QD7020263695106','2019-11-15',32.62,'Room Service');
INSERT INTO PAYMENT VALUES ('20191115QD7020263695106-p00001','20191115QD7020263695106','2019-11-17','CC',95.95,'Christine Ciampa','3705746391411732',2,2023,450,'Mastercard');
-- ------- SAMPLE 439 ----------
INSERT INTO GUEST VALUES(1439,'Marylynn','Musson','MMusson@yahoo.com','1234 DaWrong Lane','Flonkerton','MD','12345','212-013-1079');
INSERT INTO RESERVATION VALUES ('20190716KI9503421034973',1439,115,'KI','2019-07-16','2019-07-20',null,'complete');
INSERT INTO INVOICECHARGE VALUES ('20190716KI9503421034973-ch00001','20190716KI9503421034973','2019-07-16',341.16,'Base room charge');
INSERT INTO PAYMENT VALUES ('20190716KI9503421034973-p00001','20190716KI9503421034973','2019-07-18','CC',341.16,'Marylynn Musson','3285409587890568',12,2025,262,'Mastercard');
-- ------- SAMPLE 440 ----------
INSERT INTO GUEST VALUES(1440,'Sherryl','Shurtleff','SShurtleff@yahoo.com','1234 DaWrong Lane','Flonkerton','MD','12345','789-072-8173');
INSERT INTO RESERVATION VALUES ('20201215KJ5948890393532',1440,null,'KJ','2020-12-15','2020-12-20',null,'active');
INSERT INTO INVOICECHARGE VALUES ('20201215KJ5948890393532-ch00001','20201215KJ5948890393532','2020-12-15',457.39,'Base room charge');
INSERT INTO INVOICECHARGE VALUES ('20201215KJ5948890393532-ch00002','20201215KJ5948890393532','2020-12-15',235.62,'Cleaning fee');
INSERT INTO PAYMENT (payment_id,invoice_id,payment_date,payment_type,payment_amount) VALUES ('20201215KJ5948890393532-p00001','20201215KJ5948890393532','2020-12-17','CA',693.01);
-- ------- SAMPLE 441 ----------
INSERT INTO GUEST VALUES(1441,'Abel','Alire','AAlire@gmail.com','1234 DaWrong Lane','Flonkerton','MD','12345','452-962-0497');
INSERT INTO RESERVATION VALUES ('20200531KI1876381338297',1441,null,'KI','2020-05-31','2020-06-03',null,'active');
INSERT INTO INVOICECHARGE VALUES ('20200531KI1876381338297-ch00001','20200531KI1876381338297','2020-05-31',255.87,'Base room charge');
INSERT INTO PAYMENT VALUES ('20200531KI1876381338297-p00001','20200531KI1876381338297','2020-06-02','CC',255.87,'Abel Alire','6573193148148403',6,2022,477,'Mastercard');
-- ------- SAMPLE 442 ----------
INSERT INTO GUEST VALUES(1442,'Bradley','Bently','BBently@yahoo.com','1234 DaWrong Lane','Flonkerton','MD','12345','624-259-9395');
INSERT INTO RESERVATION VALUES ('20210320KI9894924577433',1442,null,'KI','2021-03-20','2021-03-23',null,'active');
-- ------- SAMPLE 443 ----------
INSERT INTO GUEST VALUES(1443,'Stan','Schnell','SSchnell@gmail.com','1234 DaWrong Lane','Flonkerton','MD','12345','221-595-4053');
INSERT INTO RESERVATION VALUES ('20200229QD4005256488620',1443,101,'QD','2020-02-29','2020-03-03',null,'cancelled');
INSERT INTO INVOICECHARGE VALUES ('20200229QD4005256488620-ch00001','20200229QD4005256488620','2020-02-29',287.86,'Base room charge');
INSERT INTO PAYMENT VALUES ('20200229QD4005256488620-p00001','20200229QD4005256488620','2020-03-02','CC',287.86,'Stan Schnell','4883426900520728',2,2023,633,'Mastercard');
-- ------- SAMPLE 444 ----------
INSERT INTO GUEST VALUES(1444,'Bradley','Bently','BBently@gmail.com','1234 DaWrong Lane','Flonkerton','MD','12345','307-615-7055');
INSERT INTO RESERVATION VALUES ('20190511QS3509226153010',1444,207,'QS','2019-05-11','2019-05-14',null,'complete');
INSERT INTO INVOICECHARGE VALUES ('20190511QS3509226153010-ch00001','20190511QS3509226153010','2019-05-11',232.21,'Base room charge');
INSERT INTO INVOICECHARGE VALUES ('20190511QS3509226153010-ch00002','20190511QS3509226153010','2019-05-11',119.62,'Cleaning fee');
INSERT INTO PAYMENT VALUES ('20190511QS3509226153010-p00001','20190511QS3509226153010','2019-05-13','CC',351.83,'Bradley Bently','8647174593913433',2,2026,578,'Mastercard');
-- ------- SAMPLE 445 ----------
INSERT INTO GUEST VALUES(1445,'Antwan','Albury','AAlbury@yahoo.com','1234 DaWrong Lane','Flonkerton','MD','12345','367-390-0109');
INSERT INTO RESERVATION VALUES ('20200815KI5736536340253',1445,null,'KI','2020-08-15','2020-08-17',null,'active');
INSERT INTO INVOICECHARGE VALUES ('20200815KI5736536340253-ch00001','20200815KI5736536340253','2020-08-15',112.58,'Base room charge');
INSERT INTO INVOICECHARGE VALUES ('20200815KI5736536340253-ch00002','20200815KI5736536340253','2020-08-15',58,'Room Service');
INSERT INTO PAYMENT VALUES ('20200815KI5736536340253-p00001','20200815KI5736536340253','2020-08-17','CC',170.58,'Antwan Albury','9356624066967861',12,2023,805,'Mastercard');
-- ------- SAMPLE 446 ----------
INSERT INTO GUEST VALUES(1446,'Stacie','Schupp','SSchupp@hotmail.com','1234 DaWrong Lane','Flonkerton','MD','12345','884-521-7525');
INSERT INTO RESERVATION VALUES ('20180519QD4219545009913',1446,101,'QD','2018-05-19','2018-05-24',null,'complete');
INSERT INTO INVOICECHARGE VALUES ('20180519QD4219545009913-ch00001','20180519QD4219545009913','2018-05-19',479.76,'Base room charge');
INSERT INTO PAYMENT (payment_id,invoice_id,payment_date,payment_type,payment_amount) VALUES ('20180519QD4219545009913-p00001','20180519QD4219545009913','2018-05-21','CA',479.76);
-- ------- SAMPLE 447 ----------
INSERT INTO GUEST VALUES(1447,'Collin','Chaparro','CChaparro@hotmail.com','1234 DaWrong Lane','Flonkerton','MD','12345','026-097-1656');
INSERT INTO RESERVATION VALUES ('20201027KI8910713628571',1447,null,'KI','2020-10-27','2020-10-31',null,'active');
INSERT INTO INVOICECHARGE VALUES ('20201027KI8910713628571-ch00001','20201027KI8910713628571','2020-10-27',225.17,'Base room charge');
INSERT INTO INVOICECHARGE VALUES ('20201027KI8910713628571-ch00002','20201027KI8910713628571','2020-10-27',115.99,'Room Service');
INSERT INTO PAYMENT (payment_id,invoice_id,payment_date,payment_type,payment_amount) VALUES ('20201027KI8910713628571-p00001','20201027KI8910713628571','2020-10-29','CA',341.16);
-- ------- SAMPLE 448 ----------
INSERT INTO GUEST VALUES(1448,'Anita','Amezcua','AAmezcua@hotmail.com','1234 DaWrong Lane','Flonkerton','MD','12345','225-995-5637');
INSERT INTO RESERVATION VALUES ('20210113KS5527795182709',1448,null,'KS','2021-01-13','2021-01-18',null,'active');
INSERT INTO INVOICECHARGE VALUES ('20210113KS5527795182709-ch00001','20210113KS5527795182709','2021-01-13',351.83,'Base room charge');
INSERT INTO INVOICECHARGE VALUES ('20210113KS5527795182709-ch00002','20210113KS5527795182709','2021-01-13',181.24,'Cleaning fee');
INSERT INTO PAYMENT (payment_id,invoice_id,payment_date,payment_type,payment_amount) VALUES ('20210113KS5527795182709-p00001','20210113KS5527795182709','2021-01-15','CA',533.07);
-- ------- SAMPLE 449 ----------
INSERT INTO GUEST VALUES(1449,'Deandre','Defore','DDefore@gmail.com','1234 DaWrong Lane','Flonkerton','MD','12345','458-998-7156');
INSERT INTO RESERVATION VALUES ('20181219QS7461479824121',1449,113,'QS','2018-12-19','2018-12-21',null,'complete');
INSERT INTO INVOICECHARGE VALUES ('20181219QS7461479824121-ch00001','20181219QS7461479824121','2018-12-19',154.8,'Base room charge');
INSERT INTO INVOICECHARGE VALUES ('20181219QS7461479824121-ch00002','20181219QS7461479824121','2018-12-19',79.75,'Cleaning fee');
INSERT INTO PAYMENT VALUES ('20181219QS7461479824121-p00001','20181219QS7461479824121','2018-12-21','CC',234.55,'Deandre Defore','8658062943902941',5,2026,468,'Mastercard');
-- ------- SAMPLE 450 ----------
INSERT INTO GUEST VALUES(1450,'Bessie','Buhler','BBuhler@yahoo.com','1234 DaWrong Lane','Flonkerton','MD','12345','762-237-6374');
INSERT INTO RESERVATION VALUES ('20180709KJ6783870997925',1450,208,'KJ','2018-07-09','2018-07-10',null,'complete');
INSERT INTO INVOICECHARGE VALUES ('20180709KJ6783870997925-ch00001','20180709KJ6783870997925','2018-07-09',91.48,'Base room charge');
INSERT INTO INVOICECHARGE VALUES ('20180709KJ6783870997925-ch00002','20180709KJ6783870997925','2018-07-09',47.12,'Room Service');
INSERT INTO PAYMENT VALUES ('20180709KJ6783870997925-p00001','20180709KJ6783870997925','2018-07-11','CC',138.6,'Bessie Buhler','6938161463996036',5,2022,468,'Mastercard');
-- ------- SAMPLE 451 ----------
INSERT INTO GUEST VALUES(1451,'Heather','Hartin','HHartin@gmail.com','1234 DaWrong Lane','Flonkerton','MD','12345','676-696-6054');
INSERT INTO RESERVATION VALUES ('20190511QS6996831604483',1451,118,'QS','2019-05-11','2019-05-15',null,'complete');
INSERT INTO INVOICECHARGE VALUES ('20190511QS6996831604483-ch00001','20190511QS6996831604483','2019-05-11',309.61,'Base room charge');
INSERT INTO INVOICECHARGE VALUES ('20190511QS6996831604483-ch00002','20190511QS6996831604483','2019-05-11',159.5,'Cleaning fee');
INSERT INTO PAYMENT VALUES ('20190511QS6996831604483-p00001','20190511QS6996831604483','2019-05-13','CC',469.11,'Heather Hartin','7302364606168684',4,2026,286,'Mastercard');
-- ------- SAMPLE 452 ----------
INSERT INTO GUEST VALUES(1452,'Lillia','Linen','LLinen@yahoo.com','1234 DaWrong Lane','Flonkerton','MD','12345','954-493-9116');
INSERT INTO RESERVATION VALUES ('20200703KS7498142111502',1452,null,'KS','2020-07-03','2020-07-07',null,'active');
INSERT INTO INVOICECHARGE VALUES ('20200703KS7498142111502-ch00001','20200703KS7498142111502','2020-07-03',281.46,'Base room charge');
INSERT INTO INVOICECHARGE VALUES ('20200703KS7498142111502-ch00002','20200703KS7498142111502','2020-07-03',145,'Cleaning fee');
INSERT INTO PAYMENT VALUES ('20200703KS7498142111502-p00001','20200703KS7498142111502','2020-07-05','CC',426.46,'Lillia Linen','8806775356282096',10,2024,576,'Mastercard');
-- ------- SAMPLE 453 ----------
INSERT INTO GUEST VALUES(1453,'Marylynn','Musson','MMusson@gmail.com','1234 DaWrong Lane','Flonkerton','MD','12345','080-188-9326');
INSERT INTO RESERVATION VALUES ('20200527QD5628365210307',1453,null,'QD','2020-05-27','2020-05-31',null,'active');
INSERT INTO INVOICECHARGE VALUES ('20200527QD5628365210307-ch00001','20200527QD5628365210307','2020-05-27',383.81,'Base room charge');
INSERT INTO PAYMENT VALUES ('20200527QD5628365210307-p00001','20200527QD5628365210307','2020-05-29','CC',335,'Marylynn Musson','4102191902566076',2,2027,28,'Mastercard');
-- ------- SAMPLE 454 ----------
INSERT INTO GUEST VALUES(1454,'Delora','Delph','DDelph@hotmail.com','1234 DaWrong Lane','Flonkerton','MD','12345','869-984-9171');
INSERT INTO RESERVATION VALUES ('20190902KJ2228511350652',1454,114,'KJ','2019-09-02','2019-09-04',null,'complete');
INSERT INTO INVOICECHARGE VALUES ('20190902KJ2228511350652-ch00001','20190902KJ2228511350652','2019-09-02',277.2,'Base room charge');
INSERT INTO PAYMENT VALUES ('20190902KJ2228511350652-p00001','20190902KJ2228511350652','2019-09-04','CC',277.2,'Delora Delph','1205542371567381',5,2023,242,'Mastercard');
-- ------- SAMPLE 455 ----------
INSERT INTO GUEST VALUES(1455,'Laraine','Lazar','LLazar@yahoo.com','1234 DaWrong Lane','Flonkerton','MD','12345','326-305-1942');
INSERT INTO RESERVATION VALUES ('20190206KJ4897586348203',1455,119,'KJ','2019-02-06','2019-02-11',null,'complete');
INSERT INTO INVOICECHARGE VALUES ('20190206KJ4897586348203-ch00001','20190206KJ4897586348203','2019-02-06',457.39,'Base room charge');
INSERT INTO INVOICECHARGE VALUES ('20190206KJ4897586348203-ch00002','20190206KJ4897586348203','2019-02-06',235.62,'Cleaning fee');
INSERT INTO PAYMENT VALUES ('20190206KJ4897586348203-p00001','20190206KJ4897586348203','2019-02-08','CC',693.01,'Laraine Lazar','1831056598559480',6,2021,298,'Mastercard');
-- ------- SAMPLE 456 ----------
INSERT INTO GUEST VALUES(1456,'Florentino','Feth','FFeth@gmail.com','1234 DaWrong Lane','Flonkerton','MD','12345','073-582-6195');
INSERT INTO RESERVATION VALUES ('20201231QD4282885796609',1456,null,'QD','2020-12-31','2021-01-03',null,'active');
INSERT INTO INVOICECHARGE VALUES ('20201231QD4282885796609-ch00001','20201231QD4282885796609','2020-12-31',189.99,'Base room charge');
INSERT INTO INVOICECHARGE VALUES ('20201231QD4282885796609-ch00002','20201231QD4282885796609','2020-12-31',97.87,'Room Service');
INSERT INTO PAYMENT VALUES ('20201231QD4282885796609-p00001','20201231QD4282885796609','2021-01-02','CC',85,'Florentino Feth','5404543638780024',6,2026,630,'Mastercard');
-- ------- SAMPLE 457 ----------
INSERT INTO GUEST VALUES(1457,'Floy','Feinstein','FFeinstein@yahoo.com','1234 DaWrong Lane','Flonkerton','MD','12345','371-055-9969');
INSERT INTO RESERVATION VALUES ('20181011QD1595085929641',1457,111,'QD','2018-10-11','2018-10-12',null,'complete');
INSERT INTO INVOICECHARGE VALUES ('20181011QD1595085929641-ch00001','20181011QD1595085929641','2018-10-11',95.95,'Base room charge');
INSERT INTO PAYMENT VALUES ('20181011QD1595085929641-p00001','20181011QD1595085929641','2018-10-13','CC',95.95,'Floy Feinstein','5228784513769799',8,2026,558,'Mastercard');
-- ------- SAMPLE 458 ----------
INSERT INTO GUEST VALUES(1458,'Ceola','Carasco','CCarasco@hotmail.com','1234 DaWrong Lane','Flonkerton','MD','12345','694-321-2636');
INSERT INTO RESERVATION VALUES ('20190914QD5528914931878',1458,106,'QD','2019-09-14','2019-09-17',null,'complete');
INSERT INTO INVOICECHARGE VALUES ('20190914QD5528914931878-ch00001','20190914QD5528914931878','2019-09-14',287.86,'Base room charge');
INSERT INTO PAYMENT VALUES ('20190914QD5528914931878-p00001','20190914QD5528914931878','2019-09-16','CC',287.86,'Ceola Carasco','6069860500966316',11,2027,339,'Mastercard');
-- ------- SAMPLE 459 ----------
INSERT INTO GUEST VALUES(1459,'Hanna','Hastie','HHastie@gmail.com','1234 DaWrong Lane','Flonkerton','MD','12345','195-499-5966');
INSERT INTO RESERVATION VALUES ('20200727KS6390016920101',1459,null,'KS','2020-07-27','2020-07-31',null,'active');
INSERT INTO INVOICECHARGE VALUES ('20200727KS6390016920101-ch00001','20200727KS6390016920101','2020-07-27',426.46,'Base room charge');
INSERT INTO PAYMENT VALUES ('20200727KS6390016920101-p00001','20200727KS6390016920101','2020-07-29','CC',426.46,'Hanna Hastie','9384217046036578',2,2026,877,'Mastercard');
-- ------- SAMPLE 460 ----------
INSERT INTO GUEST VALUES(1460,'Dorothea','Dipaolo','DDipaolo@hotmail.com','1234 DaWrong Lane','Flonkerton','MD','12345','120-238-9033');
INSERT INTO RESERVATION VALUES ('20180613QD1165822050418',1460,116,'QD','2018-06-13','2018-06-16',null,'complete');
INSERT INTO INVOICECHARGE VALUES ('20180613QD1165822050418-ch00001','20180613QD1165822050418','2018-06-13',189.99,'Base room charge');
INSERT INTO INVOICECHARGE VALUES ('20180613QD1165822050418-ch00002','20180613QD1165822050418','2018-06-13',97.87,'Room Service');
INSERT INTO PAYMENT VALUES ('20180613QD1165822050418-p00001','20180613QD1165822050418','2018-06-15','CC',287.86,'Dorothea Dipaolo','5380303530738986',6,2024,845,'Mastercard');
-- ------- SAMPLE 461 ----------
INSERT INTO GUEST VALUES(1461,'Theodora','Trickey','TTrickey@yahoo.com','1234 DaWrong Lane','Flonkerton','MD','12345','310-041-5731');
INSERT INTO RESERVATION VALUES ('20180511QS4348133187140',1461,202,'QS','2018-05-11','2018-05-15',null,'complete');
INSERT INTO INVOICECHARGE VALUES ('20180511QS4348133187140-ch00001','20180511QS4348133187140','2018-05-11',309.61,'Base room charge');
INSERT INTO INVOICECHARGE VALUES ('20180511QS4348133187140-ch00002','20180511QS4348133187140','2018-05-11',159.5,'Room Service');
INSERT INTO PAYMENT VALUES ('20180511QS4348133187140-p00001','20180511QS4348133187140','2018-05-13','CC',469.11,'Theodora Trickey','2985372754743234',4,2025,928,'Mastercard');
-- ------- SAMPLE 462 ----------
INSERT INTO GUEST VALUES(1462,'Len','Linquist','LLinquist@yahoo.com','1234 DaWrong Lane','Flonkerton','MD','12345','993-682-4303');
INSERT INTO RESERVATION VALUES ('20180616KI3476386688400',1462,209,'KI','2018-06-16','2018-06-18',null,'complete');
INSERT INTO INVOICECHARGE VALUES ('20180616KI3476386688400-ch00001','20180616KI3476386688400','2018-06-16',112.58,'Base room charge');
INSERT INTO INVOICECHARGE VALUES ('20180616KI3476386688400-ch00002','20180616KI3476386688400','2018-06-16',58,'Cleaning fee');
INSERT INTO PAYMENT VALUES ('20180616KI3476386688400-p00001','20180616KI3476386688400','2018-06-18','CC',170.58,'Len Linquist','7348439932111242',3,2025,419,'Mastercard');
-- ------- SAMPLE 463 ----------
INSERT INTO GUEST VALUES(1463,'Linwood','Layden','LLayden@hotmail.com','1234 DaWrong Lane','Flonkerton','MD','12345','005-880-3156');
INSERT INTO RESERVATION VALUES ('20201013KS6250525415863',1463,null,'KS','2020-10-13','2020-10-18',null,'active');
-- ------- SAMPLE 464 ----------
INSERT INTO GUEST VALUES(1464,'Eryn','Edenfield','EEdenfield@yahoo.com','1234 DaWrong Lane','Flonkerton','MD','12345','265-917-0460');
INSERT INTO RESERVATION VALUES ('20201106QD4766373183000',1464,null,'QD','2020-11-06','2020-11-07',null,'cancelled');
-- ------- SAMPLE 465 ----------
INSERT INTO GUEST VALUES(1465,'Rick','Ritenour','RRitenour@gmail.com','1234 DaWrong Lane','Flonkerton','MD','12345','515-873-9403');
INSERT INTO RESERVATION VALUES ('20210330QD1625951291985',1465,null,'QD','2021-03-30','2021-04-04',null,'cancelled');
INSERT INTO INVOICECHARGE VALUES ('20210330QD1625951291985-ch00001','20210330QD1625951291985','2021-03-30',479.76,'Base room charge');
INSERT INTO PAYMENT VALUES ('20210330QD1625951291985-p00001','20210330QD1625951291985','2021-04-01','CC',479.76,'Rick Ritenour','8904147781682351',1,2021,771,'Mastercard');
-- ------- SAMPLE 466 ----------
INSERT INTO GUEST VALUES(1466,'Collin','Chaparro','CChaparro@yahoo.com','1234 DaWrong Lane','Flonkerton','MD','12345','024-778-6650');
INSERT INTO RESERVATION VALUES ('20180710KS2577993550085',1466,206,'KS','2018-07-10','2018-07-15',null,'complete');
INSERT INTO INVOICECHARGE VALUES ('20180710KS2577993550085-ch00001','20180710KS2577993550085','2018-07-10',351.83,'Base room charge');
INSERT INTO INVOICECHARGE VALUES ('20180710KS2577993550085-ch00002','20180710KS2577993550085','2018-07-10',181.24,'Cleaning fee');
INSERT INTO PAYMENT VALUES ('20180710KS2577993550085-p00001','20180710KS2577993550085','2018-07-12','CC',533.07,'Collin Chaparro','8187747247120547',7,2023,616,'Mastercard');
-- ------- SAMPLE 467 ----------
INSERT INTO GUEST VALUES(1467,'Sherryl','Shurtleff','SShurtleff@yahoo.com','1234 DaWrong Lane','Flonkerton','MD','12345','582-904-7055');
INSERT INTO RESERVATION VALUES ('20200914KS6298394507837',1467,null,'KS','2020-09-14','2020-09-16',null,'active');
INSERT INTO INVOICECHARGE VALUES ('20200914KS6298394507837-ch00001','20200914KS6298394507837','2020-09-14',213.23,'Base room charge');
INSERT INTO PAYMENT VALUES ('20200914KS6298394507837-p00001','20200914KS6298394507837','2020-09-16','CC',213.23,'Sherryl Shurtleff','8901991953487737',4,2024,940,'Mastercard');
-- ------- SAMPLE 468 ----------
INSERT INTO GUEST VALUES(1468,'Stan','Schnell','SSchnell@gmail.com','1234 DaWrong Lane','Flonkerton','MD','12345','944-924-5483');
INSERT INTO RESERVATION VALUES ('20180628QD9267258983765',1468,116,'QD','2018-06-28','2018-07-02',null,'complete');
INSERT INTO INVOICECHARGE VALUES ('20180628QD9267258983765-ch00001','20180628QD9267258983765','2018-06-28',253.31,'Base room charge');
INSERT INTO INVOICECHARGE VALUES ('20180628QD9267258983765-ch00002','20180628QD9267258983765','2018-06-28',130.5,'Room Service');
INSERT INTO PAYMENT VALUES ('20180628QD9267258983765-p00001','20180628QD9267258983765','2018-06-30','CC',383.81,'Stan Schnell','3922831491856040',5,2023,946,'Mastercard');
-- ------- SAMPLE 469 ----------
INSERT INTO GUEST VALUES(1469,'Piedad','Proctor','PProctor@hotmail.com','1234 DaWrong Lane','Flonkerton','MD','12345','453-025-5215');
INSERT INTO RESERVATION VALUES ('20200521KJ3501199168243',1469,null,'KJ','2020-05-21','2020-05-22',null,'active');
INSERT INTO INVOICECHARGE VALUES ('20200521KJ3501199168243-ch00001','20200521KJ3501199168243','2020-05-21',138.6,'Base room charge');
INSERT INTO PAYMENT VALUES ('20200521KJ3501199168243-p00001','20200521KJ3501199168243','2020-05-23','CC',138.6,'Piedad Proctor','6780747861763836',4,2022,29,'Mastercard');
-- ------- SAMPLE 470 ----------
INSERT INTO GUEST VALUES(1470,'Serafina','Singh','SSingh@yahoo.com','1234 DaWrong Lane','Flonkerton','MD','12345','093-123-7868');
INSERT INTO RESERVATION VALUES ('20210409KJ9736505834651',1470,null,'KJ','2021-04-09','2021-04-11',null,'active');
INSERT INTO INVOICECHARGE VALUES ('20210409KJ9736505834651-ch00001','20210409KJ9736505834651','2021-04-09',277.2,'Base room charge');
INSERT INTO PAYMENT VALUES ('20210409KJ9736505834651-p00001','20210409KJ9736505834651','2021-04-11','CC',277.2,'Serafina Singh','5641149394214171',9,2027,509,'Mastercard');
-- ------- SAMPLE 471 ----------
INSERT INTO GUEST VALUES(1471,'Margorie','Mcnish','MMcnish@gmail.com','1234 DaWrong Lane','Flonkerton','MD','12345','353-411-2518');
INSERT INTO RESERVATION VALUES ('20191127QS7279829746172',1471,118,'QS','2019-11-27','2019-11-28',null,'complete');
INSERT INTO INVOICECHARGE VALUES ('20191127QS7279829746172-ch00001','20191127QS7279829746172','2019-11-27',117.28,'Base room charge');
INSERT INTO PAYMENT (payment_id,invoice_id,payment_date,payment_type,payment_amount) VALUES ('20191127QS7279829746172-p00001','20191127QS7279829746172','2019-11-29','CA',117.28);
-- ------- SAMPLE 472 ----------
INSERT INTO GUEST VALUES(1472,'Ella','Evanoff','EEvanoff@yahoo.com','1234 DaWrong Lane','Flonkerton','MD','12345','230-644-8404');
INSERT INTO RESERVATION VALUES ('20201106QS5551812975568',1472,null,'QS','2020-11-06','2020-11-11',null,'active');
INSERT INTO INVOICECHARGE VALUES ('20201106QS5551812975568-ch00001','20201106QS5551812975568','2020-11-06',387.01,'Base room charge');
INSERT INTO INVOICECHARGE VALUES ('20201106QS5551812975568-ch00002','20201106QS5551812975568','2020-11-06',199.37,'Room Service');
INSERT INTO PAYMENT VALUES ('20201106QS5551812975568-p00001','20201106QS5551812975568','2020-11-08','CC',586.38,'Ella Evanoff','1756460777374995',3,2023,374,'Mastercard');
-- ------- SAMPLE 473 ----------
INSERT INTO GUEST VALUES(1473,'Aretha','Acy','AAcy@hotmail.com','1234 DaWrong Lane','Flonkerton','MD','12345','350-008-9446');
INSERT INTO RESERVATION VALUES ('20191113KJ7542769280559',1473,208,'KJ','2019-11-13','2019-11-16',null,'complete');
INSERT INTO INVOICECHARGE VALUES ('20191113KJ7542769280559-ch00001','20191113KJ7542769280559','2019-11-13',274.43,'Base room charge');
INSERT INTO INVOICECHARGE VALUES ('20191113KJ7542769280559-ch00002','20191113KJ7542769280559','2019-11-13',141.38,'Cleaning fee');
INSERT INTO PAYMENT (payment_id,invoice_id,payment_date,payment_type,payment_amount) VALUES ('20191113KJ7542769280559-p00001','20191113KJ7542769280559','2019-11-15','CA',415.81);
-- ------- SAMPLE 474 ----------
INSERT INTO GUEST VALUES(1474,'Tomika','Teran','TTeran@hotmail.com','1234 DaWrong Lane','Flonkerton','MD','12345','267-420-6931');
INSERT INTO RESERVATION VALUES ('20200121QS9296044531310',1474,103,'QS','2020-01-21','2020-01-23',null,'complete');
INSERT INTO INVOICECHARGE VALUES ('20200121QS9296044531310-ch00001','20200121QS9296044531310','2020-01-21',234.55,'Base room charge');
INSERT INTO PAYMENT (payment_id,invoice_id,payment_date,payment_type,payment_amount) VALUES ('20200121QS9296044531310-p00001','20200121QS9296044531310','2020-01-23','CA',234.55);
-- ------- SAMPLE 475 ----------
INSERT INTO GUEST VALUES(1475,'Danette','Dammann','DDammann@gmail.com','1234 DaWrong Lane','Flonkerton','MD','12345','928-211-3215');
INSERT INTO RESERVATION VALUES ('20201008KI2056682900599',1475,null,'KI','2020-10-08','2020-10-13',null,'active');
INSERT INTO INVOICECHARGE VALUES ('20201008KI2056682900599-ch00001','20201008KI2056682900599','2020-10-08',281.46,'Base room charge');
INSERT INTO INVOICECHARGE VALUES ('20201008KI2056682900599-ch00002','20201008KI2056682900599','2020-10-08',144.99,'Cleaning fee');
INSERT INTO PAYMENT VALUES ('20201008KI2056682900599-p00001','20201008KI2056682900599','2020-10-10','CC',399,'Danette Dammann','3197279190645386',11,2024,679,'Mastercard');
-- ------- SAMPLE 476 ----------
INSERT INTO GUEST VALUES(1476,'Doyle','Dykema','DDykema@hotmail.com','1234 DaWrong Lane','Flonkerton','MD','12345','678-837-6293');
INSERT INTO RESERVATION VALUES ('20181214KJ7547282250087',1476,203,'KJ','2018-12-14','2018-12-19',null,'complete');
INSERT INTO INVOICECHARGE VALUES ('20181214KJ7547282250087-ch00001','20181214KJ7547282250087','2018-12-14',457.39,'Base room charge');
INSERT INTO INVOICECHARGE VALUES ('20181214KJ7547282250087-ch00002','20181214KJ7547282250087','2018-12-14',235.62,'Room Service');
INSERT INTO PAYMENT VALUES ('20181214KJ7547282250087-p00001','20181214KJ7547282250087','2018-12-16','CC',693.01,'Doyle Dykema','7638126274166620',8,2022,563,'Mastercard');
-- ------- SAMPLE 477 ----------
INSERT INTO GUEST VALUES(1477,'Kerstin','Khalaf','KKhalaf@gmail.com','1234 DaWrong Lane','Flonkerton','MD','12345','536-128-9174');
INSERT INTO RESERVATION VALUES ('20180610QD6278318031118',1477,111,'QD','2018-06-10','2018-06-14',null,'complete');
INSERT INTO INVOICECHARGE VALUES ('20180610QD6278318031118-ch00001','20180610QD6278318031118','2018-06-10',253.31,'Base room charge');
INSERT INTO INVOICECHARGE VALUES ('20180610QD6278318031118-ch00002','20180610QD6278318031118','2018-06-10',130.5,'Cleaning fee');
INSERT INTO PAYMENT VALUES ('20180610QD6278318031118-p00001','20180610QD6278318031118','2018-06-12','CC',383.81,'Kerstin Khalaf','6581247545571715',12,2021,504,'Mastercard');
-- ------- SAMPLE 478 ----------
INSERT INTO GUEST VALUES(1478,'Freida','Forbis','FForbis@hotmail.com','1234 DaWrong Lane','Flonkerton','MD','12345','436-767-7214');
INSERT INTO RESERVATION VALUES ('20191222KJ9238299366636',1478,203,'KJ','2019-12-22','2019-12-25',null,'complete');
INSERT INTO INVOICECHARGE VALUES ('20191222KJ9238299366636-ch00001','20191222KJ9238299366636','2019-12-22',415.81,'Base room charge');
INSERT INTO PAYMENT VALUES ('20191222KJ9238299366636-p00001','20191222KJ9238299366636','2019-12-24','CC',415.81,'Freida Forbis','4300624203508081',11,2025,352,'Mastercard');
-- ------- SAMPLE 479 ----------
INSERT INTO GUEST VALUES(1479,'Heather','Hartin','HHartin@gmail.com','1234 DaWrong Lane','Flonkerton','MD','12345','335-678-3008');
INSERT INTO RESERVATION VALUES ('20190120KJ3914280431241',1479,203,'KJ','2019-01-20','2019-01-22',null,'complete');
INSERT INTO INVOICECHARGE VALUES ('20190120KJ3914280431241-ch00001','20190120KJ3914280431241','2019-01-20',182.95,'Base room charge');
INSERT INTO INVOICECHARGE VALUES ('20190120KJ3914280431241-ch00002','20190120KJ3914280431241','2019-01-20',94.25,'Room Service');
INSERT INTO PAYMENT VALUES ('20190120KJ3914280431241-p00001','20190120KJ3914280431241','2019-01-22','CC',277.2,'Heather Hartin','3522737166593763',1,2023,406,'Mastercard');
-- ------- SAMPLE 480 ----------
INSERT INTO GUEST VALUES(1480,'Gwyneth','Gamber','GGamber@yahoo.com','1234 DaWrong Lane','Flonkerton','MD','12345','883-592-2654');
INSERT INTO RESERVATION VALUES ('20190209KS7717183489568',1480,201,'KS','2019-02-09','2019-02-11',null,'complete');
INSERT INTO INVOICECHARGE VALUES ('20190209KS7717183489568-ch00001','20190209KS7717183489568','2019-02-09',140.73,'Base room charge');
INSERT INTO INVOICECHARGE VALUES ('20190209KS7717183489568-ch00002','20190209KS7717183489568','2019-02-09',72.5,'Cleaning fee');
INSERT INTO PAYMENT VALUES ('20190209KS7717183489568-p00001','20190209KS7717183489568','2019-02-11','CC',213.23,'Gwyneth Gamber','5245584932464734',1,2024,218,'Mastercard');
-- ------- SAMPLE 481 ----------
INSERT INTO GUEST VALUES(1481,'Randal','Rohman','RRohman@gmail.com','1234 DaWrong Lane','Flonkerton','MD','12345','807-264-3735');
INSERT INTO RESERVATION VALUES ('20190530QD1061201619961',1481,106,'QD','2019-05-30','2019-05-31',null,'complete');
INSERT INTO INVOICECHARGE VALUES ('20190530QD1061201619961-ch00001','20190530QD1061201619961','2019-05-30',95.95,'Base room charge');
INSERT INTO PAYMENT (payment_id,invoice_id,payment_date,payment_type,payment_amount) VALUES ('20190530QD1061201619961-p00001','20190530QD1061201619961','2019-06-01','CA',95.95);
-- ------- SAMPLE 482 ----------
INSERT INTO GUEST VALUES(1482,'Jamey','Jen','JJen@hotmail.com','1234 DaWrong Lane','Flonkerton','MD','12345','563-019-3804');
INSERT INTO RESERVATION VALUES ('20190302KS3888698378809',1482,206,'KS','2019-03-02','2019-03-06',null,'complete');
INSERT INTO INVOICECHARGE VALUES ('20190302KS3888698378809-ch00001','20190302KS3888698378809','2019-03-02',281.46,'Base room charge');
INSERT INTO INVOICECHARGE VALUES ('20190302KS3888698378809-ch00002','20190302KS3888698378809','2019-03-02',145,'Cleaning fee');
INSERT INTO PAYMENT (payment_id,invoice_id,payment_date,payment_type,payment_amount) VALUES ('20190302KS3888698378809-p00001','20190302KS3888698378809','2019-03-04','CA',426.46);
-- ------- SAMPLE 483 ----------
INSERT INTO GUEST VALUES(1483,'Tai','Tookes','TTookes@yahoo.com','1234 DaWrong Lane','Flonkerton','MD','12345','223-167-1152');
INSERT INTO RESERVATION VALUES ('20201212QS4838988798473',1483,null,'QS','2020-12-12','2020-12-17',null,'cancelled');
-- ------- SAMPLE 484 ----------
INSERT INTO GUEST VALUES(1484,'Fiona','Figgs','FFiggs@hotmail.com','1234 DaWrong Lane','Flonkerton','MD','12345','839-069-2204');
INSERT INTO RESERVATION VALUES ('20190207KI9191907810703',1484,115,'KI','2019-02-07','2019-02-11',null,'cancelled');
INSERT INTO INVOICECHARGE VALUES ('20190207KI9191907810703-ch00001','20190207KI9191907810703','2019-02-07',225.17,'Base room charge');
INSERT INTO INVOICECHARGE VALUES ('20190207KI9191907810703-ch00002','20190207KI9191907810703','2019-02-07',115.99,'Cleaning fee');
INSERT INTO PAYMENT VALUES ('20190207KI9191907810703-p00001','20190207KI9191907810703','2019-02-09','CC',341.16,'Fiona Figgs','4001123010134645',12,2021,910,'Mastercard');
-- ------- SAMPLE 485 ----------
INSERT INTO GUEST VALUES(1485,'Vicky','Vanderhoff','VVanderhoff@gmail.com','1234 DaWrong Lane','Flonkerton','MD','12345','181-185-4477');
INSERT INTO RESERVATION VALUES ('20201116QS1904529471917',1485,null,'QS','2020-11-16','2020-11-19',null,'active');
-- ------- SAMPLE 486 ----------
INSERT INTO GUEST VALUES(1486,'Reita','Rudder','RRudder@hotmail.com','1234 DaWrong Lane','Flonkerton','MD','12345','995-610-8427');
INSERT INTO RESERVATION VALUES ('20191118QS1188144240081',1486,118,'QS','2019-11-18','2019-11-22',null,'complete');
INSERT INTO INVOICECHARGE VALUES ('20191118QS1188144240081-ch00001','20191118QS1188144240081','2019-11-18',309.61,'Base room charge');
INSERT INTO INVOICECHARGE VALUES ('20191118QS1188144240081-ch00002','20191118QS1188144240081','2019-11-18',159.5,'Cleaning fee');
INSERT INTO PAYMENT (payment_id,invoice_id,payment_date,payment_type,payment_amount) VALUES ('20191118QS1188144240081-p00001','20191118QS1188144240081','2019-11-20','CA',469.11);
-- ------- SAMPLE 487 ----------
INSERT INTO GUEST VALUES(1487,'Dane','Dumond','DDumond@yahoo.com','1234 DaWrong Lane','Flonkerton','MD','12345','403-765-5270');
INSERT INTO RESERVATION VALUES ('20190404KS8838829016377',1487,201,'KS','2019-04-04','2019-04-08',null,'complete');
INSERT INTO INVOICECHARGE VALUES ('20190404KS8838829016377-ch00001','20190404KS8838829016377','2019-04-04',281.46,'Base room charge');
INSERT INTO INVOICECHARGE VALUES ('20190404KS8838829016377-ch00002','20190404KS8838829016377','2019-04-04',145,'Room Service');
INSERT INTO PAYMENT VALUES ('20190404KS8838829016377-p00001','20190404KS8838829016377','2019-04-06','CC',426.46,'Dane Dumond','6078203238760575',8,2022,937,'Mastercard');
-- ------- SAMPLE 488 ----------
INSERT INTO GUEST VALUES(1488,'Florentino','Feth','FFeth@gmail.com','1234 DaWrong Lane','Flonkerton','MD','12345','869-452-1631');
INSERT INTO RESERVATION VALUES ('20201117QS7090436849833',1488,null,'QS','2020-11-17','2020-11-18',null,'cancelled');
INSERT INTO INVOICECHARGE VALUES ('20201117QS7090436849833-ch00001','20201117QS7090436849833','2020-11-17',77.4,'Base room charge');
INSERT INTO INVOICECHARGE VALUES ('20201117QS7090436849833-ch00002','20201117QS7090436849833','2020-11-17',39.88,'Room Service');
INSERT INTO PAYMENT VALUES ('20201117QS7090436849833-p00001','20201117QS7090436849833','2020-11-19','CC',76,'Florentino Feth','1062336968802809',3,2021,39,'Mastercard');
-- ------- SAMPLE 489 ----------
INSERT INTO GUEST VALUES(1489,'Kathern','Korn','KKorn@hotmail.com','1234 DaWrong Lane','Flonkerton','MD','12345','044-716-3808');
INSERT INTO RESERVATION VALUES ('20190831QD3650477324377',1489,111,'QD','2019-08-31','2019-09-04',null,'complete');
INSERT INTO INVOICECHARGE VALUES ('20190831QD3650477324377-ch00001','20190831QD3650477324377','2019-08-31',253.31,'Base room charge');
INSERT INTO INVOICECHARGE VALUES ('20190831QD3650477324377-ch00002','20190831QD3650477324377','2019-08-31',130.5,'Room Service');
INSERT INTO PAYMENT VALUES ('20190831QD3650477324377-p00001','20190831QD3650477324377','2019-09-02','CC',383.81,'Kathern Korn','3932172741434641',11,2021,706,'Mastercard');
-- ------- SAMPLE 490 ----------
INSERT INTO GUEST VALUES(1490,'Annie','Albrecht','AAlbrecht@gmail.com','1234 DaWrong Lane','Flonkerton','MD','12345','901-756-4761');
INSERT INTO RESERVATION VALUES ('20200304QS2094122281142',1490,207,'QS','2020-03-04','2020-03-06',null,'complete');
INSERT INTO INVOICECHARGE VALUES ('20200304QS2094122281142-ch00001','20200304QS2094122281142','2020-03-04',154.8,'Base room charge');
INSERT INTO INVOICECHARGE VALUES ('20200304QS2094122281142-ch00002','20200304QS2094122281142','2020-03-04',79.75,'Room Service');
INSERT INTO PAYMENT (payment_id,invoice_id,payment_date,payment_type,payment_amount) VALUES ('20200304QS2094122281142-p00001','20200304QS2094122281142','2020-03-06','CA',234.55);
-- ------- SAMPLE 491 ----------
INSERT INTO GUEST VALUES(1491,'Yuette','Yetman','YYetman@hotmail.com','1234 DaWrong Lane','Flonkerton','MD','12345','005-305-8344');
INSERT INTO RESERVATION VALUES ('20190701KJ7395450312845',1491,119,'KJ','2019-07-01','2019-07-04',null,'complete');
INSERT INTO INVOICECHARGE VALUES ('20190701KJ7395450312845-ch00001','20190701KJ7395450312845','2019-07-01',415.81,'Base room charge');
INSERT INTO PAYMENT VALUES ('20190701KJ7395450312845-p00001','20190701KJ7395450312845','2019-07-03','CC',415.81,'Yuette Yetman','2437964456761115',5,2021,908,'Mastercard');
-- ------- SAMPLE 492 ----------
INSERT INTO GUEST VALUES(1492,'Tanner','Tomasello','TTomasello@yahoo.com','1234 DaWrong Lane','Flonkerton','MD','12345','279-607-3140');
INSERT INTO RESERVATION VALUES ('20210109QS7915732320022',1492,null,'QS','2021-01-09','2021-01-10',null,'cancelled');
INSERT INTO INVOICECHARGE VALUES ('20210109QS7915732320022-ch00001','20210109QS7915732320022','2021-01-09',117.28,'Base room charge');
INSERT INTO PAYMENT VALUES ('20210109QS7915732320022-p00001','20210109QS7915732320022','2021-01-11','CC',117.28,'Tanner Tomasello','4247391447849800',9,2022,443,'Mastercard');
-- ------- SAMPLE 493 ----------
INSERT INTO GUEST VALUES(1493,'Delora','Delph','DDelph@gmail.com','1234 DaWrong Lane','Flonkerton','MD','12345','422-041-6342');
INSERT INTO RESERVATION VALUES ('20210306KI8294104655366',1493,null,'KI','2021-03-06','2021-03-11',null,'active');
INSERT INTO INVOICECHARGE VALUES ('20210306KI8294104655366-ch00001','20210306KI8294104655366','2021-03-06',426.45,'Base room charge');
INSERT INTO PAYMENT VALUES ('20210306KI8294104655366-p00001','20210306KI8294104655366','2021-03-08','CC',426.45,'Delora Delph','2388275257787368',9,2022,387,'Mastercard');
-- ------- SAMPLE 494 ----------
INSERT INTO GUEST VALUES(1494,'Bell','Belizaire','BBelizaire@hotmail.com','1234 DaWrong Lane','Flonkerton','MD','12345','381-065-7861');
INSERT INTO RESERVATION VALUES ('20190129QD5998335619267',1494,205,'QD','2019-01-29','2019-02-03',null,'complete');
INSERT INTO INVOICECHARGE VALUES ('20190129QD5998335619267-ch00001','20190129QD5998335619267','2019-01-29',479.76,'Base room charge');
INSERT INTO PAYMENT VALUES ('20190129QD5998335619267-p00001','20190129QD5998335619267','2019-01-31','CC',479.76,'Bell Belizaire','7958449487223885',8,2025,74,'Mastercard');
-- ------- SAMPLE 495 ----------
INSERT INTO GUEST VALUES(1495,'Alverta','Arce','AArce@hotmail.com','1234 DaWrong Lane','Flonkerton','MD','12345','145-428-0781');
INSERT INTO RESERVATION VALUES ('20190905KI6597978133352',1495,120,'KI','2019-09-05','2019-09-06',null,'complete');
INSERT INTO INVOICECHARGE VALUES ('20190905KI6597978133352-ch00001','20190905KI6597978133352','2019-09-05',56.29,'Base room charge');
INSERT INTO INVOICECHARGE VALUES ('20190905KI6597978133352-ch00002','20190905KI6597978133352','2019-09-05',29,'Cleaning fee');
INSERT INTO PAYMENT VALUES ('20190905KI6597978133352-p00001','20190905KI6597978133352','2019-09-07','CC',85.29,'Alverta Arce','8540551555530702',2,2024,893,'Mastercard');
-- ------- SAMPLE 496 ----------
INSERT INTO GUEST VALUES(1496,'Doyle','Dykema','DDykema@gmail.com','1234 DaWrong Lane','Flonkerton','MD','12345','559-492-3530');
INSERT INTO RESERVATION VALUES ('20190210QD2314802045725',1496,106,'QD','2019-02-10','2019-02-11',null,'complete');
INSERT INTO INVOICECHARGE VALUES ('20190210QD2314802045725-ch00001','20190210QD2314802045725','2019-02-10',95.95,'Base room charge');
INSERT INTO PAYMENT VALUES ('20190210QD2314802045725-p00001','20190210QD2314802045725','2019-02-12','CC',95.95,'Doyle Dykema','6758879370957361',9,2023,588,'Mastercard');
-- ------- SAMPLE 497 ----------
INSERT INTO GUEST VALUES(1497,'Elfriede','Esslinger','EEsslinger@yahoo.com','1234 DaWrong Lane','Flonkerton','MD','12345','839-633-6727');
INSERT INTO RESERVATION VALUES ('20180713QS8147007034474',1497,207,'QS','2018-07-13','2018-07-14',null,'cancelled');
INSERT INTO INVOICECHARGE VALUES ('20180713QS8147007034474-ch00001','20180713QS8147007034474','2018-07-13',77.4,'Base room charge');
INSERT INTO INVOICECHARGE VALUES ('20180713QS8147007034474-ch00002','20180713QS8147007034474','2018-07-13',39.88,'Room Service');
INSERT INTO PAYMENT VALUES ('20180713QS8147007034474-p00001','20180713QS8147007034474','2018-07-15','CC',117.28,'Elfriede Esslinger','8841520806705185',7,2023,908,'Mastercard');
-- ------- SAMPLE 498 ----------
INSERT INTO GUEST VALUES(1498,'Collin','Chaparro','CChaparro@yahoo.com','1234 DaWrong Lane','Flonkerton','MD','12345','692-578-2285');
INSERT INTO RESERVATION VALUES ('20191113KI5406020241404',1498,120,'KI','2019-11-13','2019-11-18',null,'complete');
INSERT INTO INVOICECHARGE VALUES ('20191113KI5406020241404-ch00001','20191113KI5406020241404','2019-11-13',281.46,'Base room charge');
INSERT INTO INVOICECHARGE VALUES ('20191113KI5406020241404-ch00002','20191113KI5406020241404','2019-11-13',144.99,'Cleaning fee');
INSERT INTO PAYMENT VALUES ('20191113KI5406020241404-p00001','20191113KI5406020241404','2019-11-15','CC',426.45,'Collin Chaparro','7581555592558719',9,2022,439,'Mastercard');
-- ------- SAMPLE 499 ----------
INSERT INTO GUEST VALUES(1499,'Mario','Macdowell','MMacdowell@yahoo.com','1234 DaWrong Lane','Flonkerton','MD','12345','063-445-0458');
INSERT INTO RESERVATION VALUES ('20210411KS4136228231536',1499,null,'KS','2021-04-11','2021-04-13',null,'active');
-- ------- SAMPLE 500 ----------
INSERT INTO GUEST VALUES(1500,'Shenna','Salmi','SSalmi@gmail.com','1234 DaWrong Lane','Flonkerton','MD','12345','816-902-9761');
INSERT INTO RESERVATION VALUES ('20190415QD8266508583272',1500,200,'QD','2019-04-15','2019-04-17',null,'complete');
INSERT INTO INVOICECHARGE VALUES ('20190415QD8266508583272-ch00001','20190415QD8266508583272','2019-04-15',126.65,'Base room charge');
INSERT INTO INVOICECHARGE VALUES ('20190415QD8266508583272-ch00002','20190415QD8266508583272','2019-04-15',65.25,'Cleaning fee');
INSERT INTO PAYMENT (payment_id,invoice_id,payment_date,payment_type,payment_amount) VALUES ('20190415QD8266508583272-p00001','20190415QD8266508583272','2019-04-17','CA',191.9);
-- ------- SAMPLE 501 ----------
INSERT INTO GUEST VALUES(1501,'Jamey','Jen','JJen@hotmail.com','1234 DaWrong Lane','Flonkerton','MD','12345','729-740-7975');
INSERT INTO RESERVATION VALUES ('20181102QD5803285068503',1501,111,'QD','2018-11-02','2018-11-07',null,'complete');
INSERT INTO INVOICECHARGE VALUES ('20181102QD5803285068503-ch00001','20181102QD5803285068503','2018-11-02',479.76,'Base room charge');
INSERT INTO PAYMENT VALUES ('20181102QD5803285068503-p00001','20181102QD5803285068503','2018-11-04','CC',479.76,'Jamey Jen','3154790611583130',2,2024,508,'Mastercard');
-- ------- SAMPLE 502 ----------
INSERT INTO GUEST VALUES(1502,'Rick','Ritenour','RRitenour@gmail.com','1234 DaWrong Lane','Flonkerton','MD','12345','102-791-9073');
INSERT INTO RESERVATION VALUES ('20200222KI2522398625210',1502,204,'KI','2020-02-22','2020-02-23',null,'complete');
INSERT INTO INVOICECHARGE VALUES ('20200222KI2522398625210-ch00001','20200222KI2522398625210','2020-02-22',85.29,'Base room charge');
INSERT INTO PAYMENT VALUES ('20200222KI2522398625210-p00001','20200222KI2522398625210','2020-02-24','CC',85.29,'Rick Ritenour','4091156600947663',9,2021,365,'Mastercard');
-- ------- SAMPLE 503 ----------
INSERT INTO GUEST VALUES(1503,'Daron','Dycus','DDycus@hotmail.com','1234 DaWrong Lane','Flonkerton','MD','12345','900-430-4327');
INSERT INTO RESERVATION VALUES ('20190727KI4871091797885',1503,204,'KI','2019-07-27','2019-07-28',null,'complete');
INSERT INTO INVOICECHARGE VALUES ('20190727KI4871091797885-ch00001','20190727KI4871091797885','2019-07-27',56.29,'Base room charge');
INSERT INTO INVOICECHARGE VALUES ('20190727KI4871091797885-ch00002','20190727KI4871091797885','2019-07-27',29,'Room Service');
INSERT INTO PAYMENT VALUES ('20190727KI4871091797885-p00001','20190727KI4871091797885','2019-07-29','CC',85.29,'Daron Dycus','4210307588016148',2,2022,301,'Mastercard');
-- ------- SAMPLE 504 ----------
INSERT INTO GUEST VALUES(1504,'Kathern','Korn','KKorn@gmail.com','1234 DaWrong Lane','Flonkerton','MD','12345','781-269-2853');
INSERT INTO RESERVATION VALUES ('20190908KS9533782228781',1504,117,'KS','2019-09-08','2019-09-11',null,'complete');
INSERT INTO INVOICECHARGE VALUES ('20190908KS9533782228781-ch00001','20190908KS9533782228781','2019-09-08',319.84,'Base room charge');
INSERT INTO PAYMENT VALUES ('20190908KS9533782228781-p00001','20190908KS9533782228781','2019-09-10','CC',319.84,'Kathern Korn','4211603970665391',9,2027,555,'Mastercard');
-- ------- SAMPLE 505 ----------
INSERT INTO GUEST VALUES(1505,'Hedwig','Hinz','HHinz@yahoo.com','1234 DaWrong Lane','Flonkerton','MD','12345','638-691-2110');
INSERT INTO RESERVATION VALUES ('20201212QD8913620946239',1505,null,'QD','2020-12-12','2020-12-17',null,'active');
-- ------- SAMPLE 506 ----------
INSERT INTO GUEST VALUES(1506,'Tai','Tookes','TTookes@hotmail.com','1234 DaWrong Lane','Flonkerton','MD','12345','397-945-4333');
INSERT INTO RESERVATION VALUES ('20190630KS1529516818241',1506,107,'KS','2019-06-30','2019-07-03',null,'complete');
INSERT INTO INVOICECHARGE VALUES ('20190630KS1529516818241-ch00001','20190630KS1529516818241','2019-06-30',211.09,'Base room charge');
INSERT INTO INVOICECHARGE VALUES ('20190630KS1529516818241-ch00002','20190630KS1529516818241','2019-06-30',108.75,'Room Service');
INSERT INTO PAYMENT VALUES ('20190630KS1529516818241-p00001','20190630KS1529516818241','2019-07-02','CC',319.84,'Tai Tookes','9612557346421667',9,2025,317,'Mastercard');
-- ------- SAMPLE 507 ----------
INSERT INTO GUEST VALUES(1507,'Rossana','Running','RRunning@hotmail.com','1234 DaWrong Lane','Flonkerton','MD','12345','642-079-2650');
INSERT INTO RESERVATION VALUES ('20180704QD3431868381924',1507,205,'QD','2018-07-04','2018-07-09',null,'complete');
INSERT INTO INVOICECHARGE VALUES ('20180704QD3431868381924-ch00001','20180704QD3431868381924','2018-07-04',316.64,'Base room charge');
INSERT INTO INVOICECHARGE VALUES ('20180704QD3431868381924-ch00002','20180704QD3431868381924','2018-07-04',163.12,'Cleaning fee');
INSERT INTO PAYMENT VALUES ('20180704QD3431868381924-p00001','20180704QD3431868381924','2018-07-06','CC',479.76,'Rossana Running','3791088670190799',4,2023,371,'Mastercard');
-- ------- SAMPLE 508 ----------
INSERT INTO GUEST VALUES(1508,'Georgianne','Guadarrama','GGuadarrama@hotmail.com','1234 DaWrong Lane','Flonkerton','MD','12345','680-057-4950');
INSERT INTO RESERVATION VALUES ('20210408QS8714490917740',1508,null,'QS','2021-04-08','2021-04-13',null,'active');
INSERT INTO INVOICECHARGE VALUES ('20210408QS8714490917740-ch00001','20210408QS8714490917740','2021-04-08',387.01,'Base room charge');
INSERT INTO INVOICECHARGE VALUES ('20210408QS8714490917740-ch00002','20210408QS8714490917740','2021-04-08',199.37,'Room Service');
INSERT INTO PAYMENT (payment_id,invoice_id,payment_date,payment_type,payment_amount) VALUES ('20210408QS8714490917740-p00001','20210408QS8714490917740','2021-04-10','CA',164);
-- ------- SAMPLE 509 ----------
INSERT INTO GUEST VALUES(1509,'Rossana','Running','RRunning@yahoo.com','1234 DaWrong Lane','Flonkerton','MD','12345','232-110-3235');
INSERT INTO RESERVATION VALUES ('20191228QS7095682900672',1509,207,'QS','2019-12-28','2019-12-29',null,'complete');
INSERT INTO INVOICECHARGE VALUES ('20191228QS7095682900672-ch00001','20191228QS7095682900672','2019-12-28',117.28,'Base room charge');
INSERT INTO PAYMENT VALUES ('20191228QS7095682900672-p00001','20191228QS7095682900672','2019-12-30','CC',117.28,'Rossana Running','6853790047961595',3,2027,577,'Mastercard');
-- ------- SAMPLE 510 ----------
INSERT INTO GUEST VALUES(1510,'Romaine','Reck','RReck@hotmail.com','1234 DaWrong Lane','Flonkerton','MD','12345','483-457-6834');
INSERT INTO RESERVATION VALUES ('20190317KI5871243809949',1510,115,'KI','2019-03-17','2019-03-22',null,'complete');
INSERT INTO INVOICECHARGE VALUES ('20190317KI5871243809949-ch00001','20190317KI5871243809949','2019-03-17',281.46,'Base room charge');
INSERT INTO INVOICECHARGE VALUES ('20190317KI5871243809949-ch00002','20190317KI5871243809949','2019-03-17',144.99,'Room Service');
INSERT INTO PAYMENT (payment_id,invoice_id,payment_date,payment_type,payment_amount) VALUES ('20190317KI5871243809949-p00001','20190317KI5871243809949','2019-03-19','CA',426.45);
-- ------- SAMPLE 511 ----------
INSERT INTO GUEST VALUES(1511,'Rossana','Running','RRunning@gmail.com','1234 DaWrong Lane','Flonkerton','MD','12345','322-840-8698');
INSERT INTO RESERVATION VALUES ('20200121QD3655754932141',1511,106,'QD','2020-01-21','2020-01-24',null,'complete');
INSERT INTO INVOICECHARGE VALUES ('20200121QD3655754932141-ch00001','20200121QD3655754932141','2020-01-21',287.86,'Base room charge');
INSERT INTO PAYMENT VALUES ('20200121QD3655754932141-p00001','20200121QD3655754932141','2020-01-23','CC',287.86,'Rossana Running','9522703934204842',10,2021,585,'Mastercard');
-- ------- SAMPLE 512 ----------
INSERT INTO GUEST VALUES(1512,'Jenna','Jesse','JJesse@hotmail.com','1234 DaWrong Lane','Flonkerton','MD','12345','364-314-3058');
INSERT INTO RESERVATION VALUES ('20210109QS5977140560744',1512,null,'QS','2021-01-09','2021-01-12',null,'active');
INSERT INTO INVOICECHARGE VALUES ('20210109QS5977140560744-ch00001','20210109QS5977140560744','2021-01-09',232.21,'Base room charge');
INSERT INTO INVOICECHARGE VALUES ('20210109QS5977140560744-ch00002','20210109QS5977140560744','2021-01-09',119.62,'Room Service');
INSERT INTO PAYMENT (payment_id,invoice_id,payment_date,payment_type,payment_amount) VALUES ('20210109QS5977140560744-p00001','20210109QS5977140560744','2021-01-11','CA',351.83);
-- ------- SAMPLE 513 ----------
INSERT INTO GUEST VALUES(1513,'Fredericka','Farney','FFarney@yahoo.com','1234 DaWrong Lane','Flonkerton','MD','12345','123-382-6779');
INSERT INTO RESERVATION VALUES ('20181031KJ1895544479867',1513,203,'KJ','2018-10-31','2018-11-05',null,'cancelled');
INSERT INTO INVOICECHARGE VALUES ('20181031KJ1895544479867-ch00001','20181031KJ1895544479867','2018-10-31',693.01,'Base room charge');
INSERT INTO PAYMENT VALUES ('20181031KJ1895544479867-p00001','20181031KJ1895544479867','2018-11-02','CC',693.01,'Fredericka Farney','9829763745362866',10,2027,468,'Mastercard');
-- ------- SAMPLE 514 ----------
INSERT INTO GUEST VALUES(1514,'Ngan','Nalley','NNalley@yahoo.com','1234 DaWrong Lane','Flonkerton','MD','12345','019-374-6461');
INSERT INTO RESERVATION VALUES ('20190203QS3097085956717',1514,108,'QS','2019-02-03','2019-02-05',null,'complete');
INSERT INTO INVOICECHARGE VALUES ('20190203QS3097085956717-ch00001','20190203QS3097085956717','2019-02-03',154.8,'Base room charge');
INSERT INTO INVOICECHARGE VALUES ('20190203QS3097085956717-ch00002','20190203QS3097085956717','2019-02-03',79.75,'Room Service');
INSERT INTO PAYMENT VALUES ('20190203QS3097085956717-p00001','20190203QS3097085956717','2019-02-05','CC',234.55,'Ngan Nalley','2900277328302820',7,2026,528,'Mastercard');
-- ------- SAMPLE 515 ----------
INSERT INTO GUEST VALUES(1515,'Shaneka','Stribling','SStribling@hotmail.com','1234 DaWrong Lane','Flonkerton','MD','12345','112-274-2093');
INSERT INTO RESERVATION VALUES ('20190511QS8765904383148',1515,207,'QS','2019-05-11','2019-05-15',null,'complete');
INSERT INTO INVOICECHARGE VALUES ('20190511QS8765904383148-ch00001','20190511QS8765904383148','2019-05-11',469.11,'Base room charge');
INSERT INTO PAYMENT VALUES ('20190511QS8765904383148-p00001','20190511QS8765904383148','2019-05-13','CC',469.11,'Shaneka Stribling','8130228031011844',5,2024,239,'Mastercard');
-- ------- SAMPLE 516 ----------
INSERT INTO GUEST VALUES(1516,'Deandra','Dimauro','DDimauro@hotmail.com','1234 DaWrong Lane','Flonkerton','MD','12345','155-297-3287');
INSERT INTO RESERVATION VALUES ('20200213KJ7964055981443',1516,114,'KJ','2020-02-13','2020-02-18',null,'complete');
INSERT INTO INVOICECHARGE VALUES ('20200213KJ7964055981443-ch00001','20200213KJ7964055981443','2020-02-13',693.01,'Base room charge');
INSERT INTO PAYMENT (payment_id,invoice_id,payment_date,payment_type,payment_amount) VALUES ('20200213KJ7964055981443-p00001','20200213KJ7964055981443','2020-02-15','CA',693.01);
-- ------- SAMPLE 517 ----------
INSERT INTO GUEST VALUES(1517,'Raisa','Romito','RRomito@hotmail.com','1234 DaWrong Lane','Flonkerton','MD','12345','688-563-2286');
INSERT INTO RESERVATION VALUES ('20190422QS7055265157464',1517,202,'QS','2019-04-22','2019-04-26',null,'cancelled');
INSERT INTO INVOICECHARGE VALUES ('20190422QS7055265157464-ch00001','20190422QS7055265157464','2019-04-22',469.11,'Base room charge');
INSERT INTO PAYMENT (payment_id,invoice_id,payment_date,payment_type,payment_amount) VALUES ('20190422QS7055265157464-p00001','20190422QS7055265157464','2019-04-24','CA',469.11);
-- ------- SAMPLE 518 ----------
INSERT INTO GUEST VALUES(1518,'Theodora','Trickey','TTrickey@hotmail.com','1234 DaWrong Lane','Flonkerton','MD','12345','311-746-1005');
INSERT INTO RESERVATION VALUES ('20200513KI8599725756212',1518,null,'KI','2020-05-13','2020-05-17',null,'active');
INSERT INTO INVOICECHARGE VALUES ('20200513KI8599725756212-ch00001','20200513KI8599725756212','2020-05-13',225.17,'Base room charge');
INSERT INTO INVOICECHARGE VALUES ('20200513KI8599725756212-ch00002','20200513KI8599725756212','2020-05-13',115.99,'Cleaning fee');
INSERT INTO PAYMENT (payment_id,invoice_id,payment_date,payment_type,payment_amount) VALUES ('20200513KI8599725756212-p00001','20200513KI8599725756212','2020-05-15','CA',18);
-- ------- SAMPLE 519 ----------
INSERT INTO GUEST VALUES(1519,'Romaine','Reck','RReck@hotmail.com','1234 DaWrong Lane','Flonkerton','MD','12345','126-294-6921');
INSERT INTO RESERVATION VALUES ('20191116KJ5717275111291',1519,109,'KJ','2019-11-16','2019-11-21',null,'cancelled');
INSERT INTO INVOICECHARGE VALUES ('20191116KJ5717275111291-ch00001','20191116KJ5717275111291','2019-11-16',693.01,'Base room charge');
INSERT INTO PAYMENT (payment_id,invoice_id,payment_date,payment_type,payment_amount) VALUES ('20191116KJ5717275111291-p00001','20191116KJ5717275111291','2019-11-18','CA',693.01);
-- ------- SAMPLE 520 ----------
INSERT INTO GUEST VALUES(1520,'Lillia','Linen','LLinen@yahoo.com','1234 DaWrong Lane','Flonkerton','MD','12345','815-343-8373');
INSERT INTO RESERVATION VALUES ('20210403QS4328414215581',1520,null,'QS','2021-04-03','2021-04-04',null,'active');
INSERT INTO INVOICECHARGE VALUES ('20210403QS4328414215581-ch00001','20210403QS4328414215581','2021-04-03',77.4,'Base room charge');
INSERT INTO INVOICECHARGE VALUES ('20210403QS4328414215581-ch00002','20210403QS4328414215581','2021-04-03',39.88,'Room Service');
INSERT INTO PAYMENT VALUES ('20210403QS4328414215581-p00001','20210403QS4328414215581','2021-04-05','CC',117.28,'Lillia Linen','9892038921056303',6,2026,577,'Mastercard');
-- ------- SAMPLE 521 ----------
INSERT INTO GUEST VALUES(1521,'Fiona','Figgs','FFiggs@hotmail.com','1234 DaWrong Lane','Flonkerton','MD','12345','379-605-1521');
INSERT INTO RESERVATION VALUES ('20181125KI7539129277971',1521,209,'KI','2018-11-25','2018-11-29',null,'complete');
INSERT INTO INVOICECHARGE VALUES ('20181125KI7539129277971-ch00001','20181125KI7539129277971','2018-11-25',225.17,'Base room charge');
INSERT INTO INVOICECHARGE VALUES ('20181125KI7539129277971-ch00002','20181125KI7539129277971','2018-11-25',115.99,'Room Service');
INSERT INTO PAYMENT VALUES ('20181125KI7539129277971-p00001','20181125KI7539129277971','2018-11-27','CC',341.16,'Fiona Figgs','6164211996131083',1,2022,828,'Mastercard');
-- ------- SAMPLE 522 ----------
INSERT INTO GUEST VALUES(1522,'Margorie','Mcnish','MMcnish@yahoo.com','1234 DaWrong Lane','Flonkerton','MD','12345','779-236-5665');
INSERT INTO RESERVATION VALUES ('20191001QD4311403830318',1522,101,'QD','2019-10-01','2019-10-03',null,'cancelled');
INSERT INTO INVOICECHARGE VALUES ('20191001QD4311403830318-ch00001','20191001QD4311403830318','2019-10-01',126.65,'Base room charge');
INSERT INTO INVOICECHARGE VALUES ('20191001QD4311403830318-ch00002','20191001QD4311403830318','2019-10-01',65.25,'Cleaning fee');
INSERT INTO PAYMENT (payment_id,invoice_id,payment_date,payment_type,payment_amount) VALUES ('20191001QD4311403830318-p00001','20191001QD4311403830318','2019-10-03','CA',191.9);
-- ------- SAMPLE 523 ----------
INSERT INTO GUEST VALUES(1523,'Clara','Crimmins','CCrimmins@hotmail.com','1234 DaWrong Lane','Flonkerton','MD','12345','622-516-1797');
INSERT INTO RESERVATION VALUES ('20200828QS1893509379957',1523,null,'QS','2020-08-28','2020-08-29',null,'active');
INSERT INTO INVOICECHARGE VALUES ('20200828QS1893509379957-ch00001','20200828QS1893509379957','2020-08-28',77.4,'Base room charge');
INSERT INTO INVOICECHARGE VALUES ('20200828QS1893509379957-ch00002','20200828QS1893509379957','2020-08-28',39.88,'Cleaning fee');
INSERT INTO PAYMENT VALUES ('20200828QS1893509379957-p00001','20200828QS1893509379957','2020-08-30','CC',104,'Clara Crimmins','4825025790651024',10,2027,585,'Mastercard');
-- ------- SAMPLE 524 ----------
INSERT INTO GUEST VALUES(1524,'Keturah','Kagawa','KKagawa@gmail.com','1234 DaWrong Lane','Flonkerton','MD','12345','444-132-5866');
INSERT INTO RESERVATION VALUES ('20180724QD9974877077507',1524,106,'QD','2018-07-24','2018-07-27',null,'complete');
INSERT INTO INVOICECHARGE VALUES ('20180724QD9974877077507-ch00001','20180724QD9974877077507','2018-07-24',189.99,'Base room charge');
INSERT INTO INVOICECHARGE VALUES ('20180724QD9974877077507-ch00002','20180724QD9974877077507','2018-07-24',97.87,'Cleaning fee');
INSERT INTO PAYMENT VALUES ('20180724QD9974877077507-p00001','20180724QD9974877077507','2018-07-26','CC',287.86,'Keturah Kagawa','2306955363051826',3,2024,5,'Mastercard');
-- ------- SAMPLE 525 ----------
INSERT INTO GUEST VALUES(1525,'Tomika','Teran','TTeran@gmail.com','1234 DaWrong Lane','Flonkerton','MD','12345','173-990-9468');
INSERT INTO RESERVATION VALUES ('20200917QD2945304619306',1525,null,'QD','2020-09-17','2020-09-18',null,'active');
INSERT INTO INVOICECHARGE VALUES ('20200917QD2945304619306-ch00001','20200917QD2945304619306','2020-09-17',63.33,'Base room charge');
INSERT INTO INVOICECHARGE VALUES ('20200917QD2945304619306-ch00002','20200917QD2945304619306','2020-09-17',32.62,'Room Service');
INSERT INTO PAYMENT VALUES ('20200917QD2945304619306-p00001','20200917QD2945304619306','2020-09-19','CC',46,'Tomika Teran','8022909496486126',10,2023,619,'Mastercard');
-- ------- SAMPLE 526 ----------
INSERT INTO GUEST VALUES(1526,'Asa','Allan','AAllan@hotmail.com','1234 DaWrong Lane','Flonkerton','MD','12345','279-478-3030');
INSERT INTO RESERVATION VALUES ('20180614QD6846111658388',1526,205,'QD','2018-06-14','2018-06-18',null,'cancelled');
INSERT INTO INVOICECHARGE VALUES ('20180614QD6846111658388-ch00001','20180614QD6846111658388','2018-06-14',253.31,'Base room charge');
INSERT INTO INVOICECHARGE VALUES ('20180614QD6846111658388-ch00002','20180614QD6846111658388','2018-06-14',130.5,'Room Service');
INSERT INTO PAYMENT VALUES ('20180614QD6846111658388-p00001','20180614QD6846111658388','2018-06-16','CC',383.81,'Asa Allan','2397144541792990',10,2023,980,'Mastercard');
-- ------- SAMPLE 527 ----------
INSERT INTO GUEST VALUES(1527,'Shawna','Schmit','SSchmit@gmail.com','1234 DaWrong Lane','Flonkerton','MD','12345','395-164-5768');
INSERT INTO RESERVATION VALUES ('20200214QD1921094126944',1527,111,'QD','2020-02-14','2020-02-19',null,'complete');
INSERT INTO INVOICECHARGE VALUES ('20200214QD1921094126944-ch00001','20200214QD1921094126944','2020-02-14',316.64,'Base room charge');
INSERT INTO INVOICECHARGE VALUES ('20200214QD1921094126944-ch00002','20200214QD1921094126944','2020-02-14',163.12,'Room Service');
INSERT INTO PAYMENT VALUES ('20200214QD1921094126944-p00001','20200214QD1921094126944','2020-02-16','CC',479.76,'Shawna Schmit','6118714517366603',8,2022,940,'Mastercard');
-- ------- SAMPLE 528 ----------
INSERT INTO GUEST VALUES(1528,'Shaneka','Stribling','SStribling@gmail.com','1234 DaWrong Lane','Flonkerton','MD','12345','707-809-1603');
INSERT INTO RESERVATION VALUES ('20190205KJ6068891630530',1528,104,'KJ','2019-02-05','2019-02-08',null,'complete');
INSERT INTO INVOICECHARGE VALUES ('20190205KJ6068891630530-ch00001','20190205KJ6068891630530','2019-02-05',274.43,'Base room charge');
INSERT INTO INVOICECHARGE VALUES ('20190205KJ6068891630530-ch00002','20190205KJ6068891630530','2019-02-05',141.38,'Room Service');
INSERT INTO PAYMENT VALUES ('20190205KJ6068891630530-p00001','20190205KJ6068891630530','2019-02-07','CC',415.81,'Shaneka Stribling','1362585257202913',7,2025,277,'Mastercard');
-- ------- SAMPLE 529 ----------
INSERT INTO GUEST VALUES(1529,'Tai','Tookes','TTookes@hotmail.com','1234 DaWrong Lane','Flonkerton','MD','12345','050-733-7221');
INSERT INTO RESERVATION VALUES ('20191211KI1856695116944',1529,115,'KI','2019-12-11','2019-12-12',null,'cancelled');
INSERT INTO INVOICECHARGE VALUES ('20191211KI1856695116944-ch00001','20191211KI1856695116944','2019-12-11',85.29,'Base room charge');
INSERT INTO PAYMENT (payment_id,invoice_id,payment_date,payment_type,payment_amount) VALUES ('20191211KI1856695116944-p00001','20191211KI1856695116944','2019-12-13','CA',85.29);
-- ------- SAMPLE 530 ----------
INSERT INTO GUEST VALUES(1530,'Natalia','Nowacki','NNowacki@gmail.com','1234 DaWrong Lane','Flonkerton','MD','12345','711-895-8572');
INSERT INTO RESERVATION VALUES ('20200408KJ7506942981907',1530,208,'KJ','2020-04-08','2020-04-13',null,'complete');
INSERT INTO INVOICECHARGE VALUES ('20200408KJ7506942981907-ch00001','20200408KJ7506942981907','2020-04-08',693.01,'Base room charge');
INSERT INTO PAYMENT VALUES ('20200408KJ7506942981907-p00001','20200408KJ7506942981907','2020-04-10','CC',693.01,'Natalia Nowacki','4885995497439723',1,2026,99,'Mastercard');
-- ------- SAMPLE 531 ----------
INSERT INTO GUEST VALUES(1531,'Lillia','Linen','LLinen@gmail.com','1234 DaWrong Lane','Flonkerton','MD','12345','320-895-5544');
INSERT INTO RESERVATION VALUES ('20181217QD2749676708844',1531,106,'QD','2018-12-17','2018-12-22',null,'complete');
INSERT INTO INVOICECHARGE VALUES ('20181217QD2749676708844-ch00001','20181217QD2749676708844','2018-12-17',479.76,'Base room charge');
INSERT INTO PAYMENT VALUES ('20181217QD2749676708844-p00001','20181217QD2749676708844','2018-12-19','CC',479.76,'Lillia Linen','4606260734698689',8,2024,308,'Mastercard');
-- ------- SAMPLE 532 ----------
INSERT INTO GUEST VALUES(1532,'Sherryl','Shurtleff','SShurtleff@yahoo.com','1234 DaWrong Lane','Flonkerton','MD','12345','095-461-6737');
INSERT INTO RESERVATION VALUES ('20191018KI8927065941453',1532,204,'KI','2019-10-18','2019-10-21',null,'complete');
INSERT INTO INVOICECHARGE VALUES ('20191018KI8927065941453-ch00001','20191018KI8927065941453','2019-10-18',255.87,'Base room charge');
INSERT INTO PAYMENT VALUES ('20191018KI8927065941453-p00001','20191018KI8927065941453','2019-10-20','CC',255.87,'Sherryl Shurtleff','6936258227149011',2,2023,951,'Mastercard');
-- ------- SAMPLE 533 ----------
INSERT INTO GUEST VALUES(1533,'Francie','Fairbank','FFairbank@gmail.com','1234 DaWrong Lane','Flonkerton','MD','12345','579-580-4145');
INSERT INTO RESERVATION VALUES ('20181230KJ3815291018622',1533,104,'KJ','2018-12-30','2019-01-02',null,'complete');
INSERT INTO INVOICECHARGE VALUES ('20181230KJ3815291018622-ch00001','20181230KJ3815291018622','2018-12-30',274.43,'Base room charge');
INSERT INTO INVOICECHARGE VALUES ('20181230KJ3815291018622-ch00002','20181230KJ3815291018622','2018-12-30',141.38,'Room Service');
INSERT INTO PAYMENT (payment_id,invoice_id,payment_date,payment_type,payment_amount) VALUES ('20181230KJ3815291018622-p00001','20181230KJ3815291018622','2019-01-01','CA',415.81);
-- ------- SAMPLE 534 ----------
INSERT INTO GUEST VALUES(1534,'Reita','Rudder','RRudder@yahoo.com','1234 DaWrong Lane','Flonkerton','MD','12345','670-737-4992');
INSERT INTO RESERVATION VALUES ('20190629KI2391849922933',1534,204,'KI','2019-06-29','2019-07-02',null,'complete');
INSERT INTO INVOICECHARGE VALUES ('20190629KI2391849922933-ch00001','20190629KI2391849922933','2019-06-29',255.87,'Base room charge');
INSERT INTO PAYMENT VALUES ('20190629KI2391849922933-p00001','20190629KI2391849922933','2019-07-01','CC',255.87,'Reita Rudder','9324129814617937',10,2021,219,'Mastercard');
-- ------- SAMPLE 535 ----------
INSERT INTO GUEST VALUES(1535,'Claribel','Catanzaro','CCatanzaro@gmail.com','1234 DaWrong Lane','Flonkerton','MD','12345','950-749-2219');
INSERT INTO RESERVATION VALUES ('20181207QS8803309709638',1535,118,'QS','2018-12-07','2018-12-10',null,'complete');
INSERT INTO INVOICECHARGE VALUES ('20181207QS8803309709638-ch00001','20181207QS8803309709638','2018-12-07',351.83,'Base room charge');
INSERT INTO PAYMENT VALUES ('20181207QS8803309709638-p00001','20181207QS8803309709638','2018-12-09','CC',351.83,'Claribel Catanzaro','8712140355586153',2,2027,835,'Mastercard');
-- ------- SAMPLE 536 ----------
INSERT INTO GUEST VALUES(1536,'Romaine','Reck','RReck@hotmail.com','1234 DaWrong Lane','Flonkerton','MD','12345','955-546-3792');
INSERT INTO RESERVATION VALUES ('20181215QS6092662166697',1536,207,'QS','2018-12-15','2018-12-19',null,'complete');
INSERT INTO INVOICECHARGE VALUES ('20181215QS6092662166697-ch00001','20181215QS6092662166697','2018-12-15',469.11,'Base room charge');
INSERT INTO PAYMENT VALUES ('20181215QS6092662166697-p00001','20181215QS6092662166697','2018-12-17','CC',469.11,'Romaine Reck','6180676830111126',4,2025,628,'Mastercard');
-- ------- SAMPLE 537 ----------
INSERT INTO GUEST VALUES(1537,'Delora','Delph','DDelph@yahoo.com','1234 DaWrong Lane','Flonkerton','MD','12345','676-931-1353');
INSERT INTO RESERVATION VALUES ('20190724QS2229190915474',1537,103,'QS','2019-07-24','2019-07-28',null,'complete');
INSERT INTO INVOICECHARGE VALUES ('20190724QS2229190915474-ch00001','20190724QS2229190915474','2019-07-24',469.11,'Base room charge');
INSERT INTO PAYMENT VALUES ('20190724QS2229190915474-p00001','20190724QS2229190915474','2019-07-26','CC',469.11,'Delora Delph','7480591543296449',10,2024,174,'Mastercard');
-- ------- SAMPLE 538 ----------
INSERT INTO GUEST VALUES(1538,'Annie','Albrecht','AAlbrecht@yahoo.com','1234 DaWrong Lane','Flonkerton','MD','12345','670-043-1346');
INSERT INTO RESERVATION VALUES ('20190908QD9371089761176',1538,106,'QD','2019-09-08','2019-09-12',null,'complete');
INSERT INTO INVOICECHARGE VALUES ('20190908QD9371089761176-ch00001','20190908QD9371089761176','2019-09-08',383.81,'Base room charge');
INSERT INTO PAYMENT VALUES ('20190908QD9371089761176-p00001','20190908QD9371089761176','2019-09-10','CC',383.81,'Annie Albrecht','8761087699236414',8,2027,83,'Mastercard');
-- ------- SAMPLE 539 ----------
INSERT INTO GUEST VALUES(1539,'Julene','Jahn','JJahn@yahoo.com','1234 DaWrong Lane','Flonkerton','MD','12345','978-759-1401');
INSERT INTO RESERVATION VALUES ('20200821KI6227134892573',1539,null,'KI','2020-08-21','2020-08-24',null,'active');
-- ------- SAMPLE 540 ----------
INSERT INTO GUEST VALUES(1540,'Heather','Hartin','HHartin@hotmail.com','1234 DaWrong Lane','Flonkerton','MD','12345','529-752-5649');
INSERT INTO RESERVATION VALUES ('20190528KJ5161805811548',1540,208,'KJ','2019-05-28','2019-06-02',null,'complete');
INSERT INTO INVOICECHARGE VALUES ('20190528KJ5161805811548-ch00001','20190528KJ5161805811548','2019-05-28',693.01,'Base room charge');
INSERT INTO PAYMENT (payment_id,invoice_id,payment_date,payment_type,payment_amount) VALUES ('20190528KJ5161805811548-p00001','20190528KJ5161805811548','2019-05-30','CA',693.01);
-- ------- SAMPLE 541 ----------
INSERT INTO GUEST VALUES(1541,'Delora','Delph','DDelph@yahoo.com','1234 DaWrong Lane','Flonkerton','MD','12345','422-673-0946');
INSERT INTO RESERVATION VALUES ('20200331QD8911806206279',1541,200,'QD','2020-03-31','2020-04-05',null,'complete');
INSERT INTO INVOICECHARGE VALUES ('20200331QD8911806206279-ch00001','20200331QD8911806206279','2020-03-31',479.76,'Base room charge');
INSERT INTO PAYMENT (payment_id,invoice_id,payment_date,payment_type,payment_amount) VALUES ('20200331QD8911806206279-p00001','20200331QD8911806206279','2020-04-02','CA',479.76);
-- ------- SAMPLE 542 ----------
INSERT INTO GUEST VALUES(1542,'James','Janey','JJaney@hotmail.com','1234 DaWrong Lane','Flonkerton','MD','12345','137-759-5760');
INSERT INTO RESERVATION VALUES ('20210411KI7039881223258',1542,null,'KI','2021-04-11','2021-04-14',null,'active');
INSERT INTO INVOICECHARGE VALUES ('20210411KI7039881223258-ch00001','20210411KI7039881223258','2021-04-11',255.87,'Base room charge');
INSERT INTO PAYMENT VALUES ('20210411KI7039881223258-p00001','20210411KI7039881223258','2021-04-13','CC',255.87,'James Janey','1364280909924864',9,2021,419,'Mastercard');
-- ------- SAMPLE 543 ----------
INSERT INTO GUEST VALUES(1543,'Leonore','Losh','LLosh@yahoo.com','1234 DaWrong Lane','Flonkerton','MD','12345','732-670-4838');
INSERT INTO RESERVATION VALUES ('20181111QD9572086709471',1543,111,'QD','2018-11-11','2018-11-15',null,'cancelled');
INSERT INTO INVOICECHARGE VALUES ('20181111QD9572086709471-ch00001','20181111QD9572086709471','2018-11-11',383.81,'Base room charge');
INSERT INTO PAYMENT VALUES ('20181111QD9572086709471-p00001','20181111QD9572086709471','2018-11-13','CC',383.81,'Leonore Losh','6353595538930814',3,2022,832,'Mastercard');
-- ------- SAMPLE 544 ----------
INSERT INTO GUEST VALUES(1544,'Shaneka','Stribling','SStribling@hotmail.com','1234 DaWrong Lane','Flonkerton','MD','12345','043-712-6368');
INSERT INTO RESERVATION VALUES ('20200623KS6766548651965',1544,null,'KS','2020-06-23','2020-06-25',null,'active');
INSERT INTO INVOICECHARGE VALUES ('20200623KS6766548651965-ch00001','20200623KS6766548651965','2020-06-23',140.73,'Base room charge');
INSERT INTO INVOICECHARGE VALUES ('20200623KS6766548651965-ch00002','20200623KS6766548651965','2020-06-23',72.5,'Room Service');
INSERT INTO PAYMENT (payment_id,invoice_id,payment_date,payment_type,payment_amount) VALUES ('20200623KS6766548651965-p00001','20200623KS6766548651965','2020-06-25','CA',213.23);
-- ------- SAMPLE 545 ----------
INSERT INTO GUEST VALUES(1545,'Deandre','Defore','DDefore@hotmail.com','1234 DaWrong Lane','Flonkerton','MD','12345','381-352-2082');
INSERT INTO RESERVATION VALUES ('20200806KI5258339706944',1545,null,'KI','2020-08-06','2020-08-08',null,'active');
-- ------- SAMPLE 546 ----------
INSERT INTO GUEST VALUES(1546,'Erminia','Eckard','EEckard@gmail.com','1234 DaWrong Lane','Flonkerton','MD','12345','561-189-4889');
INSERT INTO RESERVATION VALUES ('20191009QS3923737344982',1546,202,'QS','2019-10-09','2019-10-13',null,'complete');
INSERT INTO INVOICECHARGE VALUES ('20191009QS3923737344982-ch00001','20191009QS3923737344982','2019-10-09',469.11,'Base room charge');
INSERT INTO PAYMENT VALUES ('20191009QS3923737344982-p00001','20191009QS3923737344982','2019-10-11','CC',469.11,'Erminia Eckard','9573220756099695',5,2021,665,'Mastercard');
-- ------- SAMPLE 547 ----------
INSERT INTO GUEST VALUES(1547,'Heather','Hartin','HHartin@gmail.com','1234 DaWrong Lane','Flonkerton','MD','12345','711-066-9179');
INSERT INTO RESERVATION VALUES ('20180907KS5546802537465',1547,117,'KS','2018-09-07','2018-09-10',null,'complete');
INSERT INTO INVOICECHARGE VALUES ('20180907KS5546802537465-ch00001','20180907KS5546802537465','2018-09-07',319.84,'Base room charge');
INSERT INTO PAYMENT (payment_id,invoice_id,payment_date,payment_type,payment_amount) VALUES ('20180907KS5546802537465-p00001','20180907KS5546802537465','2018-09-09','CA',319.84);
-- ------- SAMPLE 548 ----------
INSERT INTO GUEST VALUES(1548,'Sherryl','Shurtleff','SShurtleff@hotmail.com','1234 DaWrong Lane','Flonkerton','MD','12345','125-362-2413');
INSERT INTO RESERVATION VALUES ('20200817KI8801345965693',1548,null,'KI','2020-08-17','2020-08-18',null,'cancelled');
INSERT INTO INVOICECHARGE VALUES ('20200817KI8801345965693-ch00001','20200817KI8801345965693','2020-08-17',56.29,'Base room charge');
INSERT INTO INVOICECHARGE VALUES ('20200817KI8801345965693-ch00002','20200817KI8801345965693','2020-08-17',29,'Cleaning fee');
INSERT INTO PAYMENT VALUES ('20200817KI8801345965693-p00001','20200817KI8801345965693','2020-08-19','CC',85.29,'Sherryl Shurtleff','8130611362583949',4,2022,574,'Mastercard');
-- ------- SAMPLE 549 ----------
INSERT INTO GUEST VALUES(1549,'Joann','Joplin','JJoplin@hotmail.com','1234 DaWrong Lane','Flonkerton','MD','12345','690-537-6753');
INSERT INTO RESERVATION VALUES ('20190710KJ9797671761324',1549,114,'KJ','2019-07-10','2019-07-15',null,'complete');
INSERT INTO INVOICECHARGE VALUES ('20190710KJ9797671761324-ch00001','20190710KJ9797671761324','2019-07-10',693.01,'Base room charge');
INSERT INTO PAYMENT VALUES ('20190710KJ9797671761324-p00001','20190710KJ9797671761324','2019-07-12','CC',693.01,'Joann Joplin','6704508547757418',5,2022,938,'Mastercard');
-- ------- SAMPLE 550 ----------
INSERT INTO GUEST VALUES(1550,'Melaine','Miskell','MMiskell@gmail.com','1234 DaWrong Lane','Flonkerton','MD','12345','962-589-9818');
INSERT INTO RESERVATION VALUES ('20180928KI6966929950126',1550,204,'KI','2018-09-28','2018-10-02',null,'complete');
INSERT INTO INVOICECHARGE VALUES ('20180928KI6966929950126-ch00001','20180928KI6966929950126','2018-09-28',341.16,'Base room charge');
INSERT INTO PAYMENT (payment_id,invoice_id,payment_date,payment_type,payment_amount) VALUES ('20180928KI6966929950126-p00001','20180928KI6966929950126','2018-09-30','CA',341.16);
-- ------- SAMPLE 551 ----------
INSERT INTO GUEST VALUES(1551,'Melony','Mcmartin','MMcmartin@gmail.com','1234 DaWrong Lane','Flonkerton','MD','12345','263-931-4590');
INSERT INTO RESERVATION VALUES ('20190711QS6969609109602',1551,113,'QS','2019-07-11','2019-07-15',null,'complete');
INSERT INTO INVOICECHARGE VALUES ('20190711QS6969609109602-ch00001','20190711QS6969609109602','2019-07-11',469.11,'Base room charge');
INSERT INTO PAYMENT VALUES ('20190711QS6969609109602-p00001','20190711QS6969609109602','2019-07-13','CC',469.11,'Melony Mcmartin','9391896205033780',10,2023,264,'Mastercard');
-- ------- SAMPLE 552 ----------
INSERT INTO GUEST VALUES(1552,'Adrianna','Aungst','AAungst@yahoo.com','1234 DaWrong Lane','Flonkerton','MD','12345','960-758-4070');
INSERT INTO RESERVATION VALUES ('20180716KS8889996703099',1552,112,'KS','2018-07-16','2018-07-18',null,'complete');
INSERT INTO INVOICECHARGE VALUES ('20180716KS8889996703099-ch00001','20180716KS8889996703099','2018-07-16',213.23,'Base room charge');
INSERT INTO PAYMENT VALUES ('20180716KS8889996703099-p00001','20180716KS8889996703099','2018-07-18','CC',213.23,'Adrianna Aungst','6516234394493230',2,2021,375,'Mastercard');
-- ------- SAMPLE 553 ----------
INSERT INTO GUEST VALUES(1553,'Walker','Weatherhead','WWeatherhead@yahoo.com','1234 DaWrong Lane','Flonkerton','MD','12345','329-011-4357');
INSERT INTO RESERVATION VALUES ('20201113KI4806037112775',1553,null,'KI','2020-11-13','2020-11-17',null,'active');
-- ------- SAMPLE 554 ----------
INSERT INTO GUEST VALUES(1554,'Doyle','Dykema','DDykema@gmail.com','1234 DaWrong Lane','Flonkerton','MD','12345','158-640-4451');
INSERT INTO RESERVATION VALUES ('20181004QS3762940023361',1554,113,'QS','2018-10-04','2018-10-08',null,'complete');
INSERT INTO INVOICECHARGE VALUES ('20181004QS3762940023361-ch00001','20181004QS3762940023361','2018-10-04',469.11,'Base room charge');
INSERT INTO PAYMENT (payment_id,invoice_id,payment_date,payment_type,payment_amount) VALUES ('20181004QS3762940023361-p00001','20181004QS3762940023361','2018-10-06','CA',469.11);
-- ------- SAMPLE 555 ----------
INSERT INTO GUEST VALUES(1555,'Erminia','Eckard','EEckard@gmail.com','1234 DaWrong Lane','Flonkerton','MD','12345','341-611-0821');
INSERT INTO RESERVATION VALUES ('20191106KS2047553258272',1555,201,'KS','2019-11-06','2019-11-09',null,'complete');
INSERT INTO INVOICECHARGE VALUES ('20191106KS2047553258272-ch00001','20191106KS2047553258272','2019-11-06',319.84,'Base room charge');
INSERT INTO PAYMENT VALUES ('20191106KS2047553258272-p00001','20191106KS2047553258272','2019-11-08','CC',319.84,'Erminia Eckard','3647257261131200',2,2024,256,'Mastercard');
-- ------- SAMPLE 556 ----------
INSERT INTO GUEST VALUES(1556,'Asa','Allan','AAllan@hotmail.com','1234 DaWrong Lane','Flonkerton','MD','12345','343-806-4730');
INSERT INTO RESERVATION VALUES ('20180611QS8151747407566',1556,103,'QS','2018-06-11','2018-06-14',null,'complete');
INSERT INTO INVOICECHARGE VALUES ('20180611QS8151747407566-ch00001','20180611QS8151747407566','2018-06-11',351.83,'Base room charge');
INSERT INTO PAYMENT VALUES ('20180611QS8151747407566-p00001','20180611QS8151747407566','2018-06-13','CC',351.83,'Asa Allan','4077733162353507',8,2027,11,'Mastercard');
-- ------- SAMPLE 557 ----------
INSERT INTO GUEST VALUES(1557,'Katerine','Kawakami','KKawakami@hotmail.com','1234 DaWrong Lane','Flonkerton','MD','12345','947-295-7908');
INSERT INTO RESERVATION VALUES ('20210428KI6416804064707',1557,null,'KI','2021-04-28','2021-04-30',null,'active');
INSERT INTO INVOICECHARGE VALUES ('20210428KI6416804064707-ch00001','20210428KI6416804064707','2021-04-28',112.58,'Base room charge');
INSERT INTO INVOICECHARGE VALUES ('20210428KI6416804064707-ch00002','20210428KI6416804064707','2021-04-28',58,'Cleaning fee');
INSERT INTO PAYMENT VALUES ('20210428KI6416804064707-p00001','20210428KI6416804064707','2021-04-30','CC',34,'Katerine Kawakami','5229724406664271',12,2023,243,'Mastercard');
-- ------- SAMPLE 558 ----------
INSERT INTO GUEST VALUES(1558,'Buffy','Beattie','BBeattie@yahoo.com','1234 DaWrong Lane','Flonkerton','MD','12345','824-974-8593');
INSERT INTO RESERVATION VALUES ('20181212QD5407517269523',1558,106,'QD','2018-12-12','2018-12-15',null,'complete');
INSERT INTO INVOICECHARGE VALUES ('20181212QD5407517269523-ch00001','20181212QD5407517269523','2018-12-12',189.99,'Base room charge');
INSERT INTO INVOICECHARGE VALUES ('20181212QD5407517269523-ch00002','20181212QD5407517269523','2018-12-12',97.87,'Room Service');
INSERT INTO PAYMENT VALUES ('20181212QD5407517269523-p00001','20181212QD5407517269523','2018-12-14','CC',287.86,'Buffy Beattie','5029114572998235',5,2021,909,'Mastercard');
-- ------- SAMPLE 559 ----------
INSERT INTO GUEST VALUES(1559,'Boris','Berner','BBerner@gmail.com','1234 DaWrong Lane','Flonkerton','MD','12345','060-592-3142');
INSERT INTO RESERVATION VALUES ('20190330KI3305096947091',1559,120,'KI','2019-03-30','2019-03-31',null,'complete');
INSERT INTO INVOICECHARGE VALUES ('20190330KI3305096947091-ch00001','20190330KI3305096947091','2019-03-30',85.29,'Base room charge');
INSERT INTO PAYMENT VALUES ('20190330KI3305096947091-p00001','20190330KI3305096947091','2019-04-01','CC',85.29,'Boris Berner','2185133327088727',2,2027,875,'Mastercard');
-- ------- SAMPLE 560 ----------
INSERT INTO GUEST VALUES(1560,'Tai','Tookes','TTookes@yahoo.com','1234 DaWrong Lane','Flonkerton','MD','12345','205-401-4135');
INSERT INTO RESERVATION VALUES ('20210210KJ6950291989469',1560,null,'KJ','2021-02-10','2021-02-12',null,'active');
INSERT INTO INVOICECHARGE VALUES ('20210210KJ6950291989469-ch00001','20210210KJ6950291989469','2021-02-10',182.95,'Base room charge');
INSERT INTO INVOICECHARGE VALUES ('20210210KJ6950291989469-ch00002','20210210KJ6950291989469','2021-02-10',94.25,'Cleaning fee');
INSERT INTO PAYMENT VALUES ('20210210KJ6950291989469-p00001','20210210KJ6950291989469','2021-02-12','CC',277.2,'Tai Tookes','9566331669578726',7,2025,163,'Mastercard');
-- ------- SAMPLE 561 ----------
INSERT INTO GUEST VALUES(1561,'Leanora','Locke','LLocke@yahoo.com','1234 DaWrong Lane','Flonkerton','MD','12345','291-054-8325');
INSERT INTO RESERVATION VALUES ('20201117KJ6211886764349',1561,null,'KJ','2020-11-17','2020-11-19',null,'active');
INSERT INTO INVOICECHARGE VALUES ('20201117KJ6211886764349-ch00001','20201117KJ6211886764349','2020-11-17',277.2,'Base room charge');
INSERT INTO PAYMENT VALUES ('20201117KJ6211886764349-p00001','20201117KJ6211886764349','2020-11-19','CC',277.2,'Leanora Locke','1203878714918738',10,2022,308,'Mastercard');
-- ------- SAMPLE 562 ----------
INSERT INTO GUEST VALUES(1562,'Jarrett','Janelle','JJanelle@yahoo.com','1234 DaWrong Lane','Flonkerton','MD','12345','313-472-5492');
INSERT INTO RESERVATION VALUES ('20200128QD4893295544744',1562,116,'QD','2020-01-28','2020-01-30',null,'complete');
INSERT INTO INVOICECHARGE VALUES ('20200128QD4893295544744-ch00001','20200128QD4893295544744','2020-01-28',126.65,'Base room charge');
INSERT INTO INVOICECHARGE VALUES ('20200128QD4893295544744-ch00002','20200128QD4893295544744','2020-01-28',65.25,'Room Service');
INSERT INTO PAYMENT VALUES ('20200128QD4893295544744-p00001','20200128QD4893295544744','2020-01-30','CC',191.9,'Jarrett Janelle','8762025878274950',5,2022,908,'Mastercard');
-- ------- SAMPLE 563 ----------
INSERT INTO GUEST VALUES(1563,'Kasey','Kipp','KKipp@hotmail.com','1234 DaWrong Lane','Flonkerton','MD','12345','902-133-7672');
INSERT INTO RESERVATION VALUES ('20180529QS7483810067011',1563,108,'QS','2018-05-29','2018-06-03',null,'cancelled');
INSERT INTO INVOICECHARGE VALUES ('20180529QS7483810067011-ch00001','20180529QS7483810067011','2018-05-29',387.01,'Base room charge');
INSERT INTO INVOICECHARGE VALUES ('20180529QS7483810067011-ch00002','20180529QS7483810067011','2018-05-29',199.37,'Room Service');
INSERT INTO PAYMENT VALUES ('20180529QS7483810067011-p00001','20180529QS7483810067011','2018-05-31','CC',586.38,'Kasey Kipp','8964706723793197',12,2027,209,'Mastercard');
-- ------- SAMPLE 564 ----------
INSERT INTO GUEST VALUES(1564,'Stan','Schnell','SSchnell@yahoo.com','1234 DaWrong Lane','Flonkerton','MD','12345','364-344-6012');
INSERT INTO RESERVATION VALUES ('20200621QS7468855950383',1564,null,'QS','2020-06-21','2020-06-25',null,'active');
INSERT INTO INVOICECHARGE VALUES ('20200621QS7468855950383-ch00001','20200621QS7468855950383','2020-06-21',469.11,'Base room charge');
INSERT INTO PAYMENT VALUES ('20200621QS7468855950383-p00001','20200621QS7468855950383','2020-06-23','CC',469.11,'Stan Schnell','9097598746144010',5,2026,137,'Mastercard');
-- ------- SAMPLE 565 ----------
INSERT INTO GUEST VALUES(1565,'Romelia','Rigdon','RRigdon@yahoo.com','1234 DaWrong Lane','Flonkerton','MD','12345','645-609-5102');
INSERT INTO RESERVATION VALUES ('20210212QD1169274467399',1565,null,'QD','2021-02-12','2021-02-15',null,'active');
INSERT INTO INVOICECHARGE VALUES ('20210212QD1169274467399-ch00001','20210212QD1169274467399','2021-02-12',189.99,'Base room charge');
INSERT INTO INVOICECHARGE VALUES ('20210212QD1169274467399-ch00002','20210212QD1169274467399','2021-02-12',97.87,'Room Service');
INSERT INTO PAYMENT (payment_id,invoice_id,payment_date,payment_type,payment_amount) VALUES ('20210212QD1169274467399-p00001','20210212QD1169274467399','2021-02-14','CA',287.86);
-- ------- SAMPLE 566 ----------
INSERT INTO GUEST VALUES(1566,'Buford','Biddy','BBiddy@hotmail.com','1234 DaWrong Lane','Flonkerton','MD','12345','796-847-1642');
INSERT INTO RESERVATION VALUES ('20200415KI8580695188711',1566,110,'KI','2020-04-15','2020-04-17',null,'complete');
INSERT INTO INVOICECHARGE VALUES ('20200415KI8580695188711-ch00001','20200415KI8580695188711','2020-04-15',170.58,'Base room charge');
INSERT INTO PAYMENT (payment_id,invoice_id,payment_date,payment_type,payment_amount) VALUES ('20200415KI8580695188711-p00001','20200415KI8580695188711','2020-04-17','CA',170.58);
-- ------- SAMPLE 567 ----------
INSERT INTO GUEST VALUES(1567,'Francie','Fairbank','FFairbank@yahoo.com','1234 DaWrong Lane','Flonkerton','MD','12345','711-113-4258');
INSERT INTO RESERVATION VALUES ('20181003KS6704444605920',1567,117,'KS','2018-10-03','2018-10-06',null,'complete');
INSERT INTO INVOICECHARGE VALUES ('20181003KS6704444605920-ch00001','20181003KS6704444605920','2018-10-03',211.09,'Base room charge');
INSERT INTO INVOICECHARGE VALUES ('20181003KS6704444605920-ch00002','20181003KS6704444605920','2018-10-03',108.75,'Cleaning fee');
INSERT INTO PAYMENT VALUES ('20181003KS6704444605920-p00001','20181003KS6704444605920','2018-10-05','CC',319.84,'Francie Fairbank','7884144254055176',12,2026,686,'Mastercard');
-- ------- SAMPLE 568 ----------
INSERT INTO GUEST VALUES(1568,'Sherrie','Stultz','SStultz@hotmail.com','1234 DaWrong Lane','Flonkerton','MD','12345','327-276-5319');
INSERT INTO RESERVATION VALUES ('20190715QS6087144385289',1568,202,'QS','2019-07-15','2019-07-18',null,'complete');
INSERT INTO INVOICECHARGE VALUES ('20190715QS6087144385289-ch00001','20190715QS6087144385289','2019-07-15',351.83,'Base room charge');
INSERT INTO PAYMENT VALUES ('20190715QS6087144385289-p00001','20190715QS6087144385289','2019-07-17','CC',351.83,'Sherrie Stultz','4548812167685985',9,2027,442,'Mastercard');
-- ------- SAMPLE 569 ----------
INSERT INTO GUEST VALUES(1569,'Stan','Schnell','SSchnell@gmail.com','1234 DaWrong Lane','Flonkerton','MD','12345','689-878-9750');
INSERT INTO RESERVATION VALUES ('20190803QS4690416066900',1569,207,'QS','2019-08-03','2019-08-06',null,'complete');
INSERT INTO INVOICECHARGE VALUES ('20190803QS4690416066900-ch00001','20190803QS4690416066900','2019-08-03',351.83,'Base room charge');
INSERT INTO PAYMENT (payment_id,invoice_id,payment_date,payment_type,payment_amount) VALUES ('20190803QS4690416066900-p00001','20190803QS4690416066900','2019-08-05','CA',351.83);
-- ------- SAMPLE 570 ----------
INSERT INTO GUEST VALUES(1570,'Laraine','Lazar','LLazar@gmail.com','1234 DaWrong Lane','Flonkerton','MD','12345','405-866-1122');
INSERT INTO RESERVATION VALUES ('20180528KS6554827696539',1570,112,'KS','2018-05-28','2018-05-29',null,'complete');
INSERT INTO INVOICECHARGE VALUES ('20180528KS6554827696539-ch00001','20180528KS6554827696539','2018-05-28',106.61,'Base room charge');
INSERT INTO PAYMENT VALUES ('20180528KS6554827696539-p00001','20180528KS6554827696539','2018-05-30','CC',106.61,'Laraine Lazar','2174734429097131',1,2026,611,'Mastercard');
-- ------- SAMPLE 571 ----------
INSERT INTO GUEST VALUES(1571,'Malia','Molden','MMolden@gmail.com','1234 DaWrong Lane','Flonkerton','MD','12345','448-413-3273');
INSERT INTO RESERVATION VALUES ('20200515QD9678056825043',1571,null,'QD','2020-05-15','2020-05-19',null,'active');
INSERT INTO INVOICECHARGE VALUES ('20200515QD9678056825043-ch00001','20200515QD9678056825043','2020-05-15',383.81,'Base room charge');
INSERT INTO PAYMENT VALUES ('20200515QD9678056825043-p00001','20200515QD9678056825043','2020-05-17','CC',383.81,'Malia Molden','2821133381118082',12,2027,418,'Mastercard');
-- ------- SAMPLE 572 ----------
INSERT INTO GUEST VALUES(1572,'Sherryl','Shurtleff','SShurtleff@gmail.com','1234 DaWrong Lane','Flonkerton','MD','12345','928-757-8294');
INSERT INTO RESERVATION VALUES ('20201018KS8414647999383',1572,null,'KS','2020-10-18','2020-10-19',null,'active');
INSERT INTO INVOICECHARGE VALUES ('20201018KS8414647999383-ch00001','20201018KS8414647999383','2020-10-18',106.61,'Base room charge');
INSERT INTO PAYMENT VALUES ('20201018KS8414647999383-p00001','20201018KS8414647999383','2020-10-20','CC',9,'Sherryl Shurtleff','2450733351377533',11,2024,371,'Mastercard');
-- ------- SAMPLE 573 ----------
INSERT INTO GUEST VALUES(1573,'Selene','Staiger','SStaiger@hotmail.com','1234 DaWrong Lane','Flonkerton','MD','12345','411-617-2131');
INSERT INTO RESERVATION VALUES ('20190119KI1007485985746',1573,105,'KI','2019-01-19','2019-01-20',null,'complete');
INSERT INTO INVOICECHARGE VALUES ('20190119KI1007485985746-ch00001','20190119KI1007485985746','2019-01-19',56.29,'Base room charge');
INSERT INTO INVOICECHARGE VALUES ('20190119KI1007485985746-ch00002','20190119KI1007485985746','2019-01-19',29,'Room Service');
INSERT INTO PAYMENT VALUES ('20190119KI1007485985746-p00001','20190119KI1007485985746','2019-01-21','CC',85.29,'Selene Staiger','9780920704742923',6,2023,220,'Mastercard');
-- ------- SAMPLE 574 ----------
INSERT INTO GUEST VALUES(1574,'Alverta','Arce','AArce@gmail.com','1234 DaWrong Lane','Flonkerton','MD','12345','636-042-8697');
INSERT INTO RESERVATION VALUES ('20190609QD7202494417705',1574,200,'QD','2019-06-09','2019-06-12',null,'complete');
INSERT INTO INVOICECHARGE VALUES ('20190609QD7202494417705-ch00001','20190609QD7202494417705','2019-06-09',287.86,'Base room charge');
INSERT INTO PAYMENT VALUES ('20190609QD7202494417705-p00001','20190609QD7202494417705','2019-06-11','CC',287.86,'Alverta Arce','6865308856721486',3,2026,367,'Mastercard');
-- ------- SAMPLE 575 ----------
INSERT INTO GUEST VALUES(1575,'Mandi','Mcwain','MMcwain@gmail.com','1234 DaWrong Lane','Flonkerton','MD','12345','140-433-3750');
INSERT INTO RESERVATION VALUES ('20210428KS6846642339284',1575,null,'KS','2021-04-28','2021-05-02',null,'active');
INSERT INTO INVOICECHARGE VALUES ('20210428KS6846642339284-ch00001','20210428KS6846642339284','2021-04-28',281.46,'Base room charge');
INSERT INTO INVOICECHARGE VALUES ('20210428KS6846642339284-ch00002','20210428KS6846642339284','2021-04-28',145,'Cleaning fee');
INSERT INTO PAYMENT VALUES ('20210428KS6846642339284-p00001','20210428KS6846642339284','2021-04-30','CC',27,'Mandi Mcwain','2487295379128432',2,2027,858,'Mastercard');
-- ------- SAMPLE 576 ----------
INSERT INTO GUEST VALUES(1576,'Kathlyn','Kinser','KKinser@yahoo.com','1234 DaWrong Lane','Flonkerton','MD','12345','529-347-1289');
INSERT INTO RESERVATION VALUES ('20190924KS5423816121025',1576,102,'KS','2019-09-24','2019-09-25',null,'complete');
INSERT INTO INVOICECHARGE VALUES ('20190924KS5423816121025-ch00001','20190924KS5423816121025','2019-09-24',106.61,'Base room charge');
INSERT INTO PAYMENT VALUES ('20190924KS5423816121025-p00001','20190924KS5423816121025','2019-09-26','CC',106.61,'Kathlyn Kinser','3450006068603611',9,2022,277,'Mastercard');
-- ------- SAMPLE 577 ----------
INSERT INTO GUEST VALUES(1577,'Reita','Rudder','RRudder@yahoo.com','1234 DaWrong Lane','Flonkerton','MD','12345','925-487-4380');
INSERT INTO RESERVATION VALUES ('20190307QD1802886627854',1577,101,'QD','2019-03-07','2019-03-10',null,'complete');
INSERT INTO INVOICECHARGE VALUES ('20190307QD1802886627854-ch00001','20190307QD1802886627854','2019-03-07',126.65,'Base room charge');
INSERT INTO INVOICECHARGE VALUES ('20190307QD1802886627854-ch00002','20190307QD1802886627854','2019-03-07',65.25,'Cleaning fee');
INSERT INTO PAYMENT VALUES ('20190307QD1802886627854-p00001','20190307QD1802886627854','2019-03-09','CC',191.9,'Reita Rudder','1944513059924581',11,2024,967,'Mastercard');
-- ------- SAMPLE 578 ----------
INSERT INTO GUEST VALUES(1578,'Melaine','Miskell','MMiskell@hotmail.com','1234 DaWrong Lane','Flonkerton','MD','12345','718-777-5902');
INSERT INTO RESERVATION VALUES ('20181221KJ3388795422187',1578,203,'KJ','2018-12-21','2018-12-24',null,'complete');
INSERT INTO INVOICECHARGE VALUES ('20181221KJ3388795422187-ch00001','20181221KJ3388795422187','2018-12-21',415.81,'Base room charge');
INSERT INTO PAYMENT (payment_id,invoice_id,payment_date,payment_type,payment_amount) VALUES ('20181221KJ3388795422187-p00001','20181221KJ3388795422187','2018-12-23','CA',415.81);
-- ------- SAMPLE 579 ----------
INSERT INTO GUEST VALUES(1579,'Shawna','Schmit','SSchmit@yahoo.com','1234 DaWrong Lane','Flonkerton','MD','12345','645-366-3037');
INSERT INTO RESERVATION VALUES ('20190601QD3930014129016',1579,200,'QD','2019-06-01','2019-06-05',null,'complete');
INSERT INTO INVOICECHARGE VALUES ('20190601QD3930014129016-ch00001','20190601QD3930014129016','2019-06-01',253.31,'Base room charge');
INSERT INTO INVOICECHARGE VALUES ('20190601QD3930014129016-ch00002','20190601QD3930014129016','2019-06-01',130.5,'Room Service');
INSERT INTO PAYMENT VALUES ('20190601QD3930014129016-p00001','20190601QD3930014129016','2019-06-03','CC',383.81,'Shawna Schmit','3921059936627855',8,2021,896,'Mastercard');
-- ------- SAMPLE 580 ----------
INSERT INTO GUEST VALUES(1580,'Len','Linquist','LLinquist@yahoo.com','1234 DaWrong Lane','Flonkerton','MD','12345','861-783-1629');
INSERT INTO RESERVATION VALUES ('20181229KS3514912913116',1580,206,'KS','2018-12-29','2018-12-31',null,'complete');
INSERT INTO INVOICECHARGE VALUES ('20181229KS3514912913116-ch00001','20181229KS3514912913116','2018-12-29',140.73,'Base room charge');
INSERT INTO INVOICECHARGE VALUES ('20181229KS3514912913116-ch00002','20181229KS3514912913116','2018-12-29',72.5,'Cleaning fee');
INSERT INTO PAYMENT VALUES ('20181229KS3514912913116-p00001','20181229KS3514912913116','2018-12-31','CC',213.23,'Len Linquist','7718358676843399',9,2026,58,'Mastercard');
-- ------- SAMPLE 581 ----------
INSERT INTO GUEST VALUES(1581,'Shawn','Stefanski','SStefanski@hotmail.com','1234 DaWrong Lane','Flonkerton','MD','12345','827-987-4103');
INSERT INTO RESERVATION VALUES ('20200321QD9879203553290',1581,101,'QD','2020-03-21','2020-03-26',null,'complete');
INSERT INTO INVOICECHARGE VALUES ('20200321QD9879203553290-ch00001','20200321QD9879203553290','2020-03-21',316.64,'Base room charge');
INSERT INTO INVOICECHARGE VALUES ('20200321QD9879203553290-ch00002','20200321QD9879203553290','2020-03-21',163.12,'Room Service');
INSERT INTO PAYMENT VALUES ('20200321QD9879203553290-p00001','20200321QD9879203553290','2020-03-23','CC',479.76,'Shawn Stefanski','3494977628561645',4,2026,444,'Mastercard');
-- ------- SAMPLE 582 ----------
INSERT INTO GUEST VALUES(1582,'Kathlyn','Kinser','KKinser@gmail.com','1234 DaWrong Lane','Flonkerton','MD','12345','476-141-8737');
INSERT INTO RESERVATION VALUES ('20180715QS1274700482069',1582,202,'QS','2018-07-15','2018-07-18',null,'complete');
INSERT INTO INVOICECHARGE VALUES ('20180715QS1274700482069-ch00001','20180715QS1274700482069','2018-07-15',232.21,'Base room charge');
INSERT INTO INVOICECHARGE VALUES ('20180715QS1274700482069-ch00002','20180715QS1274700482069','2018-07-15',119.62,'Room Service');
INSERT INTO PAYMENT VALUES ('20180715QS1274700482069-p00001','20180715QS1274700482069','2018-07-17','CC',351.83,'Kathlyn Kinser','7554627328156444',5,2021,195,'Mastercard');
-- ------- SAMPLE 583 ----------
INSERT INTO GUEST VALUES(1583,'Shawna','Schmit','SSchmit@yahoo.com','1234 DaWrong Lane','Flonkerton','MD','12345','063-061-1446');
INSERT INTO RESERVATION VALUES ('20200308KJ7026964832625',1583,119,'KJ','2020-03-08','2020-03-12',null,'complete');
INSERT INTO INVOICECHARGE VALUES ('20200308KJ7026964832625-ch00001','20200308KJ7026964832625','2020-03-08',554.41,'Base room charge');
INSERT INTO PAYMENT VALUES ('20200308KJ7026964832625-p00001','20200308KJ7026964832625','2020-03-10','CC',554.41,'Shawna Schmit','9147652836332768',5,2022,811,'Mastercard');
-- ------- SAMPLE 584 ----------
INSERT INTO GUEST VALUES(1584,'Jamey','Jen','JJen@hotmail.com','1234 DaWrong Lane','Flonkerton','MD','12345','399-482-9394');
INSERT INTO RESERVATION VALUES ('20190612KJ3413778695251',1584,119,'KJ','2019-06-12','2019-06-15',null,'complete');
INSERT INTO INVOICECHARGE VALUES ('20190612KJ3413778695251-ch00001','20190612KJ3413778695251','2019-06-12',274.43,'Base room charge');
INSERT INTO INVOICECHARGE VALUES ('20190612KJ3413778695251-ch00002','20190612KJ3413778695251','2019-06-12',141.38,'Room Service');
INSERT INTO PAYMENT (payment_id,invoice_id,payment_date,payment_type,payment_amount) VALUES ('20190612KJ3413778695251-p00001','20190612KJ3413778695251','2019-06-14','CA',415.81);
-- ------- SAMPLE 585 ----------
INSERT INTO GUEST VALUES(1585,'Stacie','Schupp','SSchupp@hotmail.com','1234 DaWrong Lane','Flonkerton','MD','12345','661-445-9979');
INSERT INTO RESERVATION VALUES ('20190711KS4008614465046',1585,107,'KS','2019-07-11','2019-07-15',null,'cancelled');
INSERT INTO INVOICECHARGE VALUES ('20190711KS4008614465046-ch00001','20190711KS4008614465046','2019-07-11',281.46,'Base room charge');
INSERT INTO INVOICECHARGE VALUES ('20190711KS4008614465046-ch00002','20190711KS4008614465046','2019-07-11',145,'Cleaning fee');
INSERT INTO PAYMENT (payment_id,invoice_id,payment_date,payment_type,payment_amount) VALUES ('20190711KS4008614465046-p00001','20190711KS4008614465046','2019-07-13','CA',426.46);
-- ------- SAMPLE 586 ----------
INSERT INTO GUEST VALUES(1586,'Deandra','Dimauro','DDimauro@hotmail.com','1234 DaWrong Lane','Flonkerton','MD','12345','809-697-0303');
INSERT INTO RESERVATION VALUES ('20200612QS9810097177380',1586,null,'QS','2020-06-12','2020-06-14',null,'active');
INSERT INTO INVOICECHARGE VALUES ('20200612QS9810097177380-ch00001','20200612QS9810097177380','2020-06-12',234.55,'Base room charge');
INSERT INTO PAYMENT VALUES ('20200612QS9810097177380-p00001','20200612QS9810097177380','2020-06-14','CC',192,'Deandra Dimauro','1230060957831252',10,2022,947,'Mastercard');
-- ------- SAMPLE 587 ----------
INSERT INTO GUEST VALUES(1587,'Rick','Ritenour','RRitenour@yahoo.com','1234 DaWrong Lane','Flonkerton','MD','12345','370-134-6855');
INSERT INTO RESERVATION VALUES ('20191108KJ6466605601536',1587,119,'KJ','2019-11-08','2019-11-12',null,'complete');
INSERT INTO INVOICECHARGE VALUES ('20191108KJ6466605601536-ch00001','20191108KJ6466605601536','2019-11-08',365.91,'Base room charge');
INSERT INTO INVOICECHARGE VALUES ('20191108KJ6466605601536-ch00002','20191108KJ6466605601536','2019-11-08',188.5,'Cleaning fee');
INSERT INTO PAYMENT (payment_id,invoice_id,payment_date,payment_type,payment_amount) VALUES ('20191108KJ6466605601536-p00001','20191108KJ6466605601536','2019-11-10','CA',554.41);
-- ------- SAMPLE 588 ----------
INSERT INTO GUEST VALUES(1588,'Reita','Rudder','RRudder@gmail.com','1234 DaWrong Lane','Flonkerton','MD','12345','178-460-8565');
INSERT INTO RESERVATION VALUES ('20190607QS6468744730020',1588,113,'QS','2019-06-07','2019-06-11',null,'complete');
INSERT INTO INVOICECHARGE VALUES ('20190607QS6468744730020-ch00001','20190607QS6468744730020','2019-06-07',309.61,'Base room charge');
INSERT INTO INVOICECHARGE VALUES ('20190607QS6468744730020-ch00002','20190607QS6468744730020','2019-06-07',159.5,'Room Service');
INSERT INTO PAYMENT VALUES ('20190607QS6468744730020-p00001','20190607QS6468744730020','2019-06-09','CC',469.11,'Reita Rudder','5681815859338482',1,2021,657,'Mastercard');
-- ------- SAMPLE 589 ----------
INSERT INTO GUEST VALUES(1589,'Freida','Forbis','FForbis@yahoo.com','1234 DaWrong Lane','Flonkerton','MD','12345','415-117-1391');
INSERT INTO RESERVATION VALUES ('20191216QD6435472923475',1589,200,'QD','2019-12-16','2019-12-19',null,'complete');
INSERT INTO INVOICECHARGE VALUES ('20191216QD6435472923475-ch00001','20191216QD6435472923475','2019-12-16',189.99,'Base room charge');
INSERT INTO INVOICECHARGE VALUES ('20191216QD6435472923475-ch00002','20191216QD6435472923475','2019-12-16',97.87,'Room Service');
INSERT INTO PAYMENT VALUES ('20191216QD6435472923475-p00001','20191216QD6435472923475','2019-12-18','CC',287.86,'Freida Forbis','8444202645747065',8,2026,311,'Mastercard');
-- ------- SAMPLE 590 ----------
INSERT INTO GUEST VALUES(1590,'Rose','Royall','RRoyall@gmail.com','1234 DaWrong Lane','Flonkerton','MD','12345','439-012-8039');
INSERT INTO RESERVATION VALUES ('20210105KI5523744325278',1590,null,'KI','2021-01-05','2021-01-07',null,'active');
-- ------- SAMPLE 591 ----------
INSERT INTO GUEST VALUES(1591,'Adrianna','Aungst','AAungst@hotmail.com','1234 DaWrong Lane','Flonkerton','MD','12345','755-377-1718');
INSERT INTO RESERVATION VALUES ('20210210QS1793356071346',1591,null,'QS','2021-02-10','2021-02-14',null,'active');
INSERT INTO INVOICECHARGE VALUES ('20210210QS1793356071346-ch00001','20210210QS1793356071346','2021-02-10',469.11,'Base room charge');
INSERT INTO PAYMENT (payment_id,invoice_id,payment_date,payment_type,payment_amount) VALUES ('20210210QS1793356071346-p00001','20210210QS1793356071346','2021-02-12','CA',469.11);
-- ------- SAMPLE 592 ----------
INSERT INTO GUEST VALUES(1592,'Abram','Adolph','AAdolph@gmail.com','1234 DaWrong Lane','Flonkerton','MD','12345','414-598-7445');
INSERT INTO RESERVATION VALUES ('20180625KJ9686669361064',1592,203,'KJ','2018-06-25','2018-06-30',null,'complete');
INSERT INTO INVOICECHARGE VALUES ('20180625KJ9686669361064-ch00001','20180625KJ9686669361064','2018-06-25',457.39,'Base room charge');
INSERT INTO INVOICECHARGE VALUES ('20180625KJ9686669361064-ch00002','20180625KJ9686669361064','2018-06-25',235.62,'Room Service');
INSERT INTO PAYMENT VALUES ('20180625KJ9686669361064-p00001','20180625KJ9686669361064','2018-06-27','CC',693.01,'Abram Adolph','4373816173209228',5,2026,845,'Mastercard');
-- ------- SAMPLE 593 ----------
INSERT INTO GUEST VALUES(1593,'Nena','Nunez','NNunez@yahoo.com','1234 DaWrong Lane','Flonkerton','MD','12345','323-076-7720');
INSERT INTO RESERVATION VALUES ('20180602KI4169442208740',1593,209,'KI','2018-06-02','2018-06-07',null,'complete');
INSERT INTO INVOICECHARGE VALUES ('20180602KI4169442208740-ch00001','20180602KI4169442208740','2018-06-02',281.46,'Base room charge');
INSERT INTO INVOICECHARGE VALUES ('20180602KI4169442208740-ch00002','20180602KI4169442208740','2018-06-02',144.99,'Room Service');
INSERT INTO PAYMENT (payment_id,invoice_id,payment_date,payment_type,payment_amount) VALUES ('20180602KI4169442208740-p00001','20180602KI4169442208740','2018-06-04','CA',426.45);
-- ------- SAMPLE 594 ----------
INSERT INTO GUEST VALUES(1594,'Kerstin','Khalaf','KKhalaf@yahoo.com','1234 DaWrong Lane','Flonkerton','MD','12345','281-086-5975');
INSERT INTO RESERVATION VALUES ('20200119KS5363449642595',1594,201,'KS','2020-01-19','2020-01-22',null,'complete');
INSERT INTO INVOICECHARGE VALUES ('20200119KS5363449642595-ch00001','20200119KS5363449642595','2020-01-19',319.84,'Base room charge');
INSERT INTO PAYMENT VALUES ('20200119KS5363449642595-p00001','20200119KS5363449642595','2020-01-21','CC',319.84,'Kerstin Khalaf','9245126363588413',8,2022,889,'Mastercard');
-- ------- SAMPLE 595 ----------
INSERT INTO GUEST VALUES(1595,'Shena','Sandoz','SSandoz@hotmail.com','1234 DaWrong Lane','Flonkerton','MD','12345','340-391-9290');
INSERT INTO RESERVATION VALUES ('20180829QS8928089286841',1595,118,'QS','2018-08-29','2018-09-02',null,'complete');
INSERT INTO INVOICECHARGE VALUES ('20180829QS8928089286841-ch00001','20180829QS8928089286841','2018-08-29',469.11,'Base room charge');
INSERT INTO PAYMENT VALUES ('20180829QS8928089286841-p00001','20180829QS8928089286841','2018-08-31','CC',469.11,'Shena Sandoz','2425706662624223',12,2023,326,'Mastercard');
-- ------- SAMPLE 596 ----------
INSERT INTO GUEST VALUES(1596,'Eda','Elmendorf','EElmendorf@gmail.com','1234 DaWrong Lane','Flonkerton','MD','12345','672-768-2273');
INSERT INTO RESERVATION VALUES ('20191102QD9745335121110',1596,106,'QD','2019-11-02','2019-11-06',null,'cancelled');
INSERT INTO INVOICECHARGE VALUES ('20191102QD9745335121110-ch00001','20191102QD9745335121110','2019-11-02',383.81,'Base room charge');
INSERT INTO PAYMENT VALUES ('20191102QD9745335121110-p00001','20191102QD9745335121110','2019-11-04','CC',383.81,'Eda Elmendorf','2544908965276499',11,2026,753,'Mastercard');
-- ------- SAMPLE 597 ----------
INSERT INTO GUEST VALUES(1597,'Demarcus','Dearborn','DDearborn@hotmail.com','1234 DaWrong Lane','Flonkerton','MD','12345','716-137-8445');
INSERT INTO RESERVATION VALUES ('20210401KJ7417651845510',1597,null,'KJ','2021-04-01','2021-04-05',null,'cancelled');
-- ------- SAMPLE 598 ----------
INSERT INTO GUEST VALUES(1598,'Shawn','Stefanski','SStefanski@hotmail.com','1234 DaWrong Lane','Flonkerton','MD','12345','265-769-6319');
INSERT INTO RESERVATION VALUES ('20200920KI1474830346874',1598,null,'KI','2020-09-20','2020-09-22',null,'active');
-- ------- SAMPLE 599 ----------
INSERT INTO GUEST VALUES(1599,'Willian','Wiest','WWiest@gmail.com','1234 DaWrong Lane','Flonkerton','MD','12345','830-425-8858');
INSERT INTO RESERVATION VALUES ('20180924QD2437400327740',1599,111,'QD','2018-09-24','2018-09-28',null,'complete');
INSERT INTO INVOICECHARGE VALUES ('20180924QD2437400327740-ch00001','20180924QD2437400327740','2018-09-24',383.81,'Base room charge');
INSERT INTO PAYMENT (payment_id,invoice_id,payment_date,payment_type,payment_amount) VALUES ('20180924QD2437400327740-p00001','20180924QD2437400327740','2018-09-26','CA',383.81);
-- ------- SAMPLE 600 ----------
INSERT INTO GUEST VALUES(1600,'Melony','Mcmartin','MMcmartin@gmail.com','1234 DaWrong Lane','Flonkerton','MD','12345','858-970-5751');
INSERT INTO RESERVATION VALUES ('20210317QD2504418673284',1600,null,'QD','2021-03-17','2021-03-21',null,'active');
-- ------- SAMPLE 601 ----------
INSERT INTO GUEST VALUES(1601,'Selene','Staiger','SStaiger@yahoo.com','1234 DaWrong Lane','Flonkerton','MD','12345','204-903-1110');
INSERT INTO RESERVATION VALUES ('20190512KI3042597339661',1601,120,'KI','2019-05-12','2019-05-15',null,'complete');
INSERT INTO INVOICECHARGE VALUES ('20190512KI3042597339661-ch00001','20190512KI3042597339661','2019-05-12',255.87,'Base room charge');
INSERT INTO PAYMENT VALUES ('20190512KI3042597339661-p00001','20190512KI3042597339661','2019-05-14','CC',255.87,'Selene Staiger','4324621974475069',3,2024,840,'Mastercard');
-- ------- SAMPLE 602 ----------
INSERT INTO GUEST VALUES(1602,'Leanora','Locke','LLocke@hotmail.com','1234 DaWrong Lane','Flonkerton','MD','12345','962-725-4507');
INSERT INTO RESERVATION VALUES ('20210501KJ9645014589567',1602,null,'KJ','2021-05-01','2021-05-04',null,'active');
-- ------- SAMPLE 603 ----------
INSERT INTO GUEST VALUES(1603,'Ella','Evanoff','EEvanoff@hotmail.com','1234 DaWrong Lane','Flonkerton','MD','12345','197-078-4717');
INSERT INTO RESERVATION VALUES ('20200928KS3404342430721',1603,null,'KS','2020-09-28','2020-09-30',null,'active');
INSERT INTO INVOICECHARGE VALUES ('20200928KS3404342430721-ch00001','20200928KS3404342430721','2020-09-28',213.23,'Base room charge');
INSERT INTO PAYMENT VALUES ('20200928KS3404342430721-p00001','20200928KS3404342430721','2020-09-30','CC',119,'Ella Evanoff','7270651248804141',2,2022,634,'Mastercard');
-- ------- SAMPLE 604 ----------
INSERT INTO GUEST VALUES(1604,'Freida','Forbis','FForbis@yahoo.com','1234 DaWrong Lane','Flonkerton','MD','12345','797-709-2598');
INSERT INTO RESERVATION VALUES ('20200130QD3166703889261',1604,116,'QD','2020-01-30','2020-02-01',null,'complete');
INSERT INTO INVOICECHARGE VALUES ('20200130QD3166703889261-ch00001','20200130QD3166703889261','2020-01-30',126.65,'Base room charge');
INSERT INTO INVOICECHARGE VALUES ('20200130QD3166703889261-ch00002','20200130QD3166703889261','2020-01-30',65.25,'Cleaning fee');
INSERT INTO PAYMENT (payment_id,invoice_id,payment_date,payment_type,payment_amount) VALUES ('20200130QD3166703889261-p00001','20200130QD3166703889261','2020-02-01','CA',191.9);
-- ------- SAMPLE 605 ----------
INSERT INTO GUEST VALUES(1605,'Ceola','Carasco','CCarasco@hotmail.com','1234 DaWrong Lane','Flonkerton','MD','12345','630-541-6599');
INSERT INTO RESERVATION VALUES ('20200323QS7374632612608',1605,118,'QS','2020-03-23','2020-03-26',null,'complete');
INSERT INTO INVOICECHARGE VALUES ('20200323QS7374632612608-ch00001','20200323QS7374632612608','2020-03-23',351.83,'Base room charge');
INSERT INTO PAYMENT (payment_id,invoice_id,payment_date,payment_type,payment_amount) VALUES ('20200323QS7374632612608-p00001','20200323QS7374632612608','2020-03-25','CA',351.83);
-- ------- SAMPLE 606 ----------
INSERT INTO GUEST VALUES(1606,'Jarrett','Janelle','JJanelle@yahoo.com','1234 DaWrong Lane','Flonkerton','MD','12345','319-738-6316');
INSERT INTO RESERVATION VALUES ('20200906QD4828015661899',1606,null,'QD','2020-09-06','2020-09-09',null,'active');
INSERT INTO INVOICECHARGE VALUES ('20200906QD4828015661899-ch00001','20200906QD4828015661899','2020-09-06',189.99,'Base room charge');
INSERT INTO INVOICECHARGE VALUES ('20200906QD4828015661899-ch00002','20200906QD4828015661899','2020-09-06',97.87,'Room Service');
INSERT INTO PAYMENT (payment_id,invoice_id,payment_date,payment_type,payment_amount) VALUES ('20200906QD4828015661899-p00001','20200906QD4828015661899','2020-09-08','CA',224);
-- ------- SAMPLE 607 ----------
INSERT INTO GUEST VALUES(1607,'Walker','Weatherhead','WWeatherhead@gmail.com','1234 DaWrong Lane','Flonkerton','MD','12345','562-368-5479');
INSERT INTO RESERVATION VALUES ('20180801KS5508515942824',1607,201,'KS','2018-08-01','2018-08-05',null,'complete');
INSERT INTO INVOICECHARGE VALUES ('20180801KS5508515942824-ch00001','20180801KS5508515942824','2018-08-01',426.46,'Base room charge');
INSERT INTO PAYMENT VALUES ('20180801KS5508515942824-p00001','20180801KS5508515942824','2018-08-03','CC',426.46,'Walker Weatherhead','2466662748894232',9,2022,914,'Mastercard');
-- ------- SAMPLE 608 ----------
INSERT INTO GUEST VALUES(1608,'Natalya','Neathery','NNeathery@gmail.com','1234 DaWrong Lane','Flonkerton','MD','12345','629-354-8236');
INSERT INTO RESERVATION VALUES ('20180508KJ4327024558974',1608,104,'KJ','2018-05-08','2018-05-13',null,'complete');
INSERT INTO INVOICECHARGE VALUES ('20180508KJ4327024558974-ch00001','20180508KJ4327024558974','2018-05-08',693.01,'Base room charge');
INSERT INTO PAYMENT VALUES ('20180508KJ4327024558974-p00001','20180508KJ4327024558974','2018-05-10','CC',693.01,'Natalya Neathery','7893950066296538',1,2027,596,'Mastercard');
-- ------- SAMPLE 609 ----------
INSERT INTO GUEST VALUES(1609,'Shaneka','Stribling','SStribling@gmail.com','1234 DaWrong Lane','Flonkerton','MD','12345','205-283-4408');
INSERT INTO RESERVATION VALUES ('20201014QS3938297208842',1609,null,'QS','2020-10-14','2020-10-15',null,'active');
INSERT INTO INVOICECHARGE VALUES ('20201014QS3938297208842-ch00001','20201014QS3938297208842','2020-10-14',117.28,'Base room charge');
INSERT INTO PAYMENT VALUES ('20201014QS3938297208842-p00001','20201014QS3938297208842','2020-10-16','CC',117.28,'Shaneka Stribling','5211469021276179',12,2023,190,'Mastercard');
-- ------- SAMPLE 610 ----------
INSERT INTO GUEST VALUES(1610,'Liliana','Lueck','LLueck@gmail.com','1234 DaWrong Lane','Flonkerton','MD','12345','137-329-5119');
INSERT INTO RESERVATION VALUES ('20180804QS6836682516960',1610,118,'QS','2018-08-04','2018-08-06',null,'complete');
INSERT INTO INVOICECHARGE VALUES ('20180804QS6836682516960-ch00001','20180804QS6836682516960','2018-08-04',154.8,'Base room charge');
INSERT INTO INVOICECHARGE VALUES ('20180804QS6836682516960-ch00002','20180804QS6836682516960','2018-08-04',79.75,'Room Service');
INSERT INTO PAYMENT VALUES ('20180804QS6836682516960-p00001','20180804QS6836682516960','2018-08-06','CC',234.55,'Liliana Lueck','8864309988053203',7,2024,507,'Mastercard');
-- ------- SAMPLE 611 ----------
INSERT INTO GUEST VALUES(1611,'Sherrie','Stultz','SStultz@gmail.com','1234 DaWrong Lane','Flonkerton','MD','12345','586-167-9905');
INSERT INTO RESERVATION VALUES ('20180806KJ7967789579544',1611,109,'KJ','2018-08-06','2018-08-09',null,'complete');
INSERT INTO INVOICECHARGE VALUES ('20180806KJ7967789579544-ch00001','20180806KJ7967789579544','2018-08-06',415.81,'Base room charge');
INSERT INTO PAYMENT (payment_id,invoice_id,payment_date,payment_type,payment_amount) VALUES ('20180806KJ7967789579544-p00001','20180806KJ7967789579544','2018-08-08','CA',415.81);
-- ------- SAMPLE 612 ----------
INSERT INTO GUEST VALUES(1612,'Kerstin','Khalaf','KKhalaf@gmail.com','1234 DaWrong Lane','Flonkerton','MD','12345','925-633-8456');
INSERT INTO RESERVATION VALUES ('20180510KS9141321922226',1612,102,'KS','2018-05-10','2018-05-14',null,'complete');
INSERT INTO INVOICECHARGE VALUES ('20180510KS9141321922226-ch00001','20180510KS9141321922226','2018-05-10',426.46,'Base room charge');
INSERT INTO PAYMENT VALUES ('20180510KS9141321922226-p00001','20180510KS9141321922226','2018-05-12','CC',426.46,'Kerstin Khalaf','5878757867457458',2,2027,721,'Mastercard');
-- ------- SAMPLE 613 ----------
INSERT INTO GUEST VALUES(1613,'Mario','Macdowell','MMacdowell@yahoo.com','1234 DaWrong Lane','Flonkerton','MD','12345','841-090-2544');
INSERT INTO RESERVATION VALUES ('20200731KS1361613005031',1613,null,'KS','2020-07-31','2020-08-05',null,'active');
INSERT INTO INVOICECHARGE VALUES ('20200731KS1361613005031-ch00001','20200731KS1361613005031','2020-07-31',351.83,'Base room charge');
INSERT INTO INVOICECHARGE VALUES ('20200731KS1361613005031-ch00002','20200731KS1361613005031','2020-07-31',181.24,'Cleaning fee');
INSERT INTO PAYMENT VALUES ('20200731KS1361613005031-p00001','20200731KS1361613005031','2020-08-02','CC',533.07,'Mario Macdowell','6803355723518573',2,2021,194,'Mastercard');
-- ------- SAMPLE 614 ----------
INSERT INTO GUEST VALUES(1614,'Anita','Amezcua','AAmezcua@hotmail.com','1234 DaWrong Lane','Flonkerton','MD','12345','380-882-2291');
INSERT INTO RESERVATION VALUES ('20180809QS2147855376671',1614,103,'QS','2018-08-09','2018-08-14',null,'complete');
INSERT INTO INVOICECHARGE VALUES ('20180809QS2147855376671-ch00001','20180809QS2147855376671','2018-08-09',387.01,'Base room charge');
INSERT INTO INVOICECHARGE VALUES ('20180809QS2147855376671-ch00002','20180809QS2147855376671','2018-08-09',199.37,'Room Service');
INSERT INTO PAYMENT (payment_id,invoice_id,payment_date,payment_type,payment_amount) VALUES ('20180809QS2147855376671-p00001','20180809QS2147855376671','2018-08-11','CA',586.38);
-- ------- SAMPLE 615 ----------
INSERT INTO GUEST VALUES(1615,'Sherryl','Shurtleff','SShurtleff@hotmail.com','1234 DaWrong Lane','Flonkerton','MD','12345','693-100-1296');
INSERT INTO RESERVATION VALUES ('20180616KI1368275036664',1615,120,'KI','2018-06-16','2018-06-17',null,'complete');
INSERT INTO INVOICECHARGE VALUES ('20180616KI1368275036664-ch00001','20180616KI1368275036664','2018-06-16',85.29,'Base room charge');
INSERT INTO PAYMENT VALUES ('20180616KI1368275036664-p00001','20180616KI1368275036664','2018-06-18','CC',85.29,'Sherryl Shurtleff','1315402035075352',1,2027,492,'Mastercard');
-- ------- SAMPLE 616 ----------
INSERT INTO GUEST VALUES(1616,'Boyce','Bate','BBate@yahoo.com','1234 DaWrong Lane','Flonkerton','MD','12345','301-739-5975');
INSERT INTO RESERVATION VALUES ('20190817KI6025539757514',1616,110,'KI','2019-08-17','2019-08-22',null,'complete');
INSERT INTO INVOICECHARGE VALUES ('20190817KI6025539757514-ch00001','20190817KI6025539757514','2019-08-17',281.46,'Base room charge');
INSERT INTO INVOICECHARGE VALUES ('20190817KI6025539757514-ch00002','20190817KI6025539757514','2019-08-17',144.99,'Cleaning fee');
INSERT INTO PAYMENT (payment_id,invoice_id,payment_date,payment_type,payment_amount) VALUES ('20190817KI6025539757514-p00001','20190817KI6025539757514','2019-08-19','CA',426.45);
-- ------- SAMPLE 617 ----------
INSERT INTO GUEST VALUES(1617,'Edmundo','Erickson','EErickson@yahoo.com','1234 DaWrong Lane','Flonkerton','MD','12345','048-684-8580');
INSERT INTO RESERVATION VALUES ('20180830KS1050492594420',1617,102,'KS','2018-08-30','2018-09-04',null,'complete');
INSERT INTO INVOICECHARGE VALUES ('20180830KS1050492594420-ch00001','20180830KS1050492594420','2018-08-30',351.83,'Base room charge');
INSERT INTO INVOICECHARGE VALUES ('20180830KS1050492594420-ch00002','20180830KS1050492594420','2018-08-30',181.24,'Cleaning fee');
INSERT INTO PAYMENT VALUES ('20180830KS1050492594420-p00001','20180830KS1050492594420','2018-09-01','CC',533.07,'Edmundo Erickson','6554526051760205',11,2023,220,'Mastercard');
-- ------- SAMPLE 618 ----------
INSERT INTO GUEST VALUES(1618,'Ngan','Nalley','NNalley@hotmail.com','1234 DaWrong Lane','Flonkerton','MD','12345','937-254-1366');
INSERT INTO RESERVATION VALUES ('20200131KS3807261905716',1618,102,'KS','2020-01-31','2020-02-04',null,'complete');
INSERT INTO INVOICECHARGE VALUES ('20200131KS3807261905716-ch00001','20200131KS3807261905716','2020-01-31',426.46,'Base room charge');
INSERT INTO PAYMENT (payment_id,invoice_id,payment_date,payment_type,payment_amount) VALUES ('20200131KS3807261905716-p00001','20200131KS3807261905716','2020-02-02','CA',426.46);
-- ------- SAMPLE 619 ----------
INSERT INTO GUEST VALUES(1619,'Mandi','Mcwain','MMcwain@gmail.com','1234 DaWrong Lane','Flonkerton','MD','12345','679-086-1563');
INSERT INTO RESERVATION VALUES ('20200306KI2161868213840',1619,110,'KI','2020-03-06','2020-03-09',null,'complete');
INSERT INTO INVOICECHARGE VALUES ('20200306KI2161868213840-ch00001','20200306KI2161868213840','2020-03-06',112.58,'Base room charge');
INSERT INTO INVOICECHARGE VALUES ('20200306KI2161868213840-ch00002','20200306KI2161868213840','2020-03-06',58,'Room Service');
INSERT INTO PAYMENT VALUES ('20200306KI2161868213840-p00001','20200306KI2161868213840','2020-03-08','CC',170.58,'Mandi Mcwain','5224451351155476',8,2022,655,'Mastercard');
-- ------- SAMPLE 620 ----------
INSERT INTO GUEST VALUES(1620,'Ngan','Nalley','NNalley@hotmail.com','1234 DaWrong Lane','Flonkerton','MD','12345','698-463-4506');
INSERT INTO RESERVATION VALUES ('20181119KS1289795468790',1620,107,'KS','2018-11-19','2018-11-20',null,'complete');
INSERT INTO INVOICECHARGE VALUES ('20181119KS1289795468790-ch00001','20181119KS1289795468790','2018-11-19',70.36,'Base room charge');
INSERT INTO INVOICECHARGE VALUES ('20181119KS1289795468790-ch00002','20181119KS1289795468790','2018-11-19',36.25,'Room Service');
INSERT INTO PAYMENT VALUES ('20181119KS1289795468790-p00001','20181119KS1289795468790','2018-11-21','CC',106.61,'Ngan Nalley','5757156171707934',4,2026,504,'Mastercard');
-- ------- SAMPLE 621 ----------
INSERT INTO GUEST VALUES(1621,'Aretha','Acy','AAcy@hotmail.com','1234 DaWrong Lane','Flonkerton','MD','12345','569-815-2684');
INSERT INTO RESERVATION VALUES ('20191031KI4129162631586',1621,209,'KI','2019-10-31','2019-11-01',null,'complete');
INSERT INTO INVOICECHARGE VALUES ('20191031KI4129162631586-ch00001','20191031KI4129162631586','2019-10-31',85.29,'Base room charge');
INSERT INTO PAYMENT VALUES ('20191031KI4129162631586-p00001','20191031KI4129162631586','2019-11-02','CC',85.29,'Aretha Acy','1384184623739269',5,2021,321,'Mastercard');
-- ------- SAMPLE 622 ----------
INSERT INTO GUEST VALUES(1622,'Stan','Schnell','SSchnell@yahoo.com','1234 DaWrong Lane','Flonkerton','MD','12345','452-829-3031');
INSERT INTO RESERVATION VALUES ('20181023QS3368607794494',1622,207,'QS','2018-10-23','2018-10-28',null,'complete');
INSERT INTO INVOICECHARGE VALUES ('20181023QS3368607794494-ch00001','20181023QS3368607794494','2018-10-23',387.01,'Base room charge');
INSERT INTO INVOICECHARGE VALUES ('20181023QS3368607794494-ch00002','20181023QS3368607794494','2018-10-23',199.37,'Room Service');
INSERT INTO PAYMENT (payment_id,invoice_id,payment_date,payment_type,payment_amount) VALUES ('20181023QS3368607794494-p00001','20181023QS3368607794494','2018-10-25','CA',586.38);
-- ------- SAMPLE 623 ----------
INSERT INTO GUEST VALUES(1623,'Romaine','Reck','RReck@hotmail.com','1234 DaWrong Lane','Flonkerton','MD','12345','257-511-1161');
INSERT INTO RESERVATION VALUES ('20200501KI6839064570208',1623,120,'KI','2020-05-01','2020-05-02',null,'complete');
INSERT INTO INVOICECHARGE VALUES ('20200501KI6839064570208-ch00001','20200501KI6839064570208','2020-05-01',56.29,'Base room charge');
INSERT INTO INVOICECHARGE VALUES ('20200501KI6839064570208-ch00002','20200501KI6839064570208','2020-05-01',29,'Cleaning fee');
INSERT INTO PAYMENT VALUES ('20200501KI6839064570208-p00001','20200501KI6839064570208','2020-05-03','CC',85.29,'Romaine Reck','9267095817297495',2,2022,669,'Mastercard');
-- ------- SAMPLE 624 ----------
INSERT INTO GUEST VALUES(1624,'Abram','Adolph','AAdolph@gmail.com','1234 DaWrong Lane','Flonkerton','MD','12345','582-032-0766');
INSERT INTO RESERVATION VALUES ('20181218QS4379291068598',1624,202,'QS','2018-12-18','2018-12-20',null,'complete');
INSERT INTO INVOICECHARGE VALUES ('20181218QS4379291068598-ch00001','20181218QS4379291068598','2018-12-18',154.8,'Base room charge');
INSERT INTO INVOICECHARGE VALUES ('20181218QS4379291068598-ch00002','20181218QS4379291068598','2018-12-18',79.75,'Room Service');
INSERT INTO PAYMENT VALUES ('20181218QS4379291068598-p00001','20181218QS4379291068598','2018-12-20','CC',234.55,'Abram Adolph','9233723047755310',11,2024,339,'Mastercard');
-- ------- SAMPLE 625 ----------
INSERT INTO GUEST VALUES(1625,'Rose','Royall','RRoyall@hotmail.com','1234 DaWrong Lane','Flonkerton','MD','12345','609-917-1197');
INSERT INTO RESERVATION VALUES ('20180703QD9974437108686',1625,205,'QD','2018-07-03','2018-07-07',null,'complete');
INSERT INTO INVOICECHARGE VALUES ('20180703QD9974437108686-ch00001','20180703QD9974437108686','2018-07-03',383.81,'Base room charge');
INSERT INTO PAYMENT (payment_id,invoice_id,payment_date,payment_type,payment_amount) VALUES ('20180703QD9974437108686-p00001','20180703QD9974437108686','2018-07-05','CA',383.81);
-- ------- SAMPLE 626 ----------
INSERT INTO GUEST VALUES(1626,'Anita','Amezcua','AAmezcua@yahoo.com','1234 DaWrong Lane','Flonkerton','MD','12345','031-408-0309');
INSERT INTO RESERVATION VALUES ('20200927KI6984161383517',1626,null,'KI','2020-09-27','2020-10-01',null,'active');
INSERT INTO INVOICECHARGE VALUES ('20200927KI6984161383517-ch00001','20200927KI6984161383517','2020-09-27',225.17,'Base room charge');
INSERT INTO INVOICECHARGE VALUES ('20200927KI6984161383517-ch00002','20200927KI6984161383517','2020-09-27',115.99,'Cleaning fee');
INSERT INTO PAYMENT (payment_id,invoice_id,payment_date,payment_type,payment_amount) VALUES ('20200927KI6984161383517-p00001','20200927KI6984161383517','2020-09-29','CA',257);
-- ------- SAMPLE 627 ----------
INSERT INTO GUEST VALUES(1627,'Ella','Evanoff','EEvanoff@hotmail.com','1234 DaWrong Lane','Flonkerton','MD','12345','279-534-6048');
INSERT INTO RESERVATION VALUES ('20210423KS2856331392701',1627,null,'KS','2021-04-23','2021-04-24',null,'active');
INSERT INTO INVOICECHARGE VALUES ('20210423KS2856331392701-ch00001','20210423KS2856331392701','2021-04-23',106.61,'Base room charge');
INSERT INTO PAYMENT VALUES ('20210423KS2856331392701-p00001','20210423KS2856331392701','2021-04-25','CC',106.61,'Ella Evanoff','5348053511929646',1,2022,358,'Mastercard');
-- ------- SAMPLE 628 ----------
INSERT INTO GUEST VALUES(1628,'Len','Linquist','LLinquist@yahoo.com','1234 DaWrong Lane','Flonkerton','MD','12345','963-172-4177');
INSERT INTO RESERVATION VALUES ('20210429QD8827472646099',1628,null,'QD','2021-04-29','2021-04-30',null,'active');
INSERT INTO INVOICECHARGE VALUES ('20210429QD8827472646099-ch00001','20210429QD8827472646099','2021-04-29',63.33,'Base room charge');
INSERT INTO INVOICECHARGE VALUES ('20210429QD8827472646099-ch00002','20210429QD8827472646099','2021-04-29',32.62,'Cleaning fee');
INSERT INTO PAYMENT VALUES ('20210429QD8827472646099-p00001','20210429QD8827472646099','2021-05-01','CC',95.95,'Len Linquist','5631897647612341',4,2021,601,'Mastercard');
-- ------- SAMPLE 629 ----------
INSERT INTO GUEST VALUES(1629,'Walker','Weatherhead','WWeatherhead@gmail.com','1234 DaWrong Lane','Flonkerton','MD','12345','938-879-3167');
INSERT INTO RESERVATION VALUES ('20210119KJ2805253428604',1629,null,'KJ','2021-01-19','2021-01-20',null,'active');
INSERT INTO INVOICECHARGE VALUES ('20210119KJ2805253428604-ch00001','20210119KJ2805253428604','2021-01-19',91.48,'Base room charge');
INSERT INTO INVOICECHARGE VALUES ('20210119KJ2805253428604-ch00002','20210119KJ2805253428604','2021-01-19',47.12,'Cleaning fee');
INSERT INTO PAYMENT VALUES ('20210119KJ2805253428604-p00001','20210119KJ2805253428604','2021-01-21','CC',138.6,'Walker Weatherhead','2580857469057757',3,2021,160,'Mastercard');
-- ------- SAMPLE 630 ----------
INSERT INTO GUEST VALUES(1630,'Rossana','Running','RRunning@hotmail.com','1234 DaWrong Lane','Flonkerton','MD','12345','780-184-2830');
INSERT INTO RESERVATION VALUES ('20190224QS7821403977994',1630,108,'QS','2019-02-24','2019-03-01',null,'complete');
INSERT INTO INVOICECHARGE VALUES ('20190224QS7821403977994-ch00001','20190224QS7821403977994','2019-02-24',387.01,'Base room charge');
INSERT INTO INVOICECHARGE VALUES ('20190224QS7821403977994-ch00002','20190224QS7821403977994','2019-02-24',199.37,'Cleaning fee');
INSERT INTO PAYMENT (payment_id,invoice_id,payment_date,payment_type,payment_amount) VALUES ('20190224QS7821403977994-p00001','20190224QS7821403977994','2019-02-26','CA',586.38);
-- ------- SAMPLE 631 ----------
INSERT INTO GUEST VALUES(1631,'Asa','Allan','AAllan@gmail.com','1234 DaWrong Lane','Flonkerton','MD','12345','004-142-6310');
INSERT INTO RESERVATION VALUES ('20190626KJ7290783132059',1631,104,'KJ','2019-06-26','2019-06-29',null,'complete');
INSERT INTO INVOICECHARGE VALUES ('20190626KJ7290783132059-ch00001','20190626KJ7290783132059','2019-06-26',415.81,'Base room charge');
INSERT INTO PAYMENT VALUES ('20190626KJ7290783132059-p00001','20190626KJ7290783132059','2019-06-28','CC',415.81,'Asa Allan','6683484670547582',6,2024,904,'Mastercard');
-- ------- SAMPLE 632 ----------
INSERT INTO GUEST VALUES(1632,'Walter','Wellington','WWellington@hotmail.com','1234 DaWrong Lane','Flonkerton','MD','12345','211-253-4754');
INSERT INTO RESERVATION VALUES ('20210412QS5049706744369',1632,null,'QS','2021-04-12','2021-04-13',null,'cancelled');
-- ------- SAMPLE 633 ----------
INSERT INTO GUEST VALUES(1633,'Tanner','Tomasello','TTomasello@yahoo.com','1234 DaWrong Lane','Flonkerton','MD','12345','662-388-9416');
INSERT INTO RESERVATION VALUES ('20200530KI6582967687543',1633,null,'KI','2020-05-30','2020-06-02',null,'active');
INSERT INTO INVOICECHARGE VALUES ('20200530KI6582967687543-ch00001','20200530KI6582967687543','2020-05-30',168.87,'Base room charge');
INSERT INTO INVOICECHARGE VALUES ('20200530KI6582967687543-ch00002','20200530KI6582967687543','2020-05-30',87,'Room Service');
INSERT INTO PAYMENT VALUES ('20200530KI6582967687543-p00001','20200530KI6582967687543','2020-06-01','CC',255.87,'Tanner Tomasello','2636507063455851',5,2024,850,'Mastercard');
-- ------- SAMPLE 634 ----------
INSERT INTO GUEST VALUES(1634,'Reita','Rudder','RRudder@gmail.com','1234 DaWrong Lane','Flonkerton','MD','12345','062-252-2576');
INSERT INTO RESERVATION VALUES ('20201110KI8348350256728',1634,null,'KI','2020-11-10','2020-11-11',null,'active');
INSERT INTO INVOICECHARGE VALUES ('20201110KI8348350256728-ch00001','20201110KI8348350256728','2020-11-10',56.29,'Base room charge');
INSERT INTO INVOICECHARGE VALUES ('20201110KI8348350256728-ch00002','20201110KI8348350256728','2020-11-10',29,'Cleaning fee');
INSERT INTO PAYMENT VALUES ('20201110KI8348350256728-p00001','20201110KI8348350256728','2020-11-12','CC',85.29,'Reita Rudder','3569124087726631',12,2026,280,'Mastercard');
-- ------- SAMPLE 635 ----------
INSERT INTO GUEST VALUES(1635,'Kaley','Kilmon','KKilmon@yahoo.com','1234 DaWrong Lane','Flonkerton','MD','12345','848-421-3762');
INSERT INTO RESERVATION VALUES ('20191228QD7118009277425',1635,116,'QD','2019-12-28','2019-12-31',null,'complete');
INSERT INTO INVOICECHARGE VALUES ('20191228QD7118009277425-ch00001','20191228QD7118009277425','2019-12-28',287.86,'Base room charge');
INSERT INTO PAYMENT VALUES ('20191228QD7118009277425-p00001','20191228QD7118009277425','2019-12-30','CC',287.86,'Kaley Kilmon','4563933410882291',10,2025,525,'Mastercard');
-- ------- SAMPLE 636 ----------
INSERT INTO GUEST VALUES(1636,'Vicky','Vanderhoff','VVanderhoff@gmail.com','1234 DaWrong Lane','Flonkerton','MD','12345','833-923-9664');
INSERT INTO RESERVATION VALUES ('20191101KI1906281823204',1636,110,'KI','2019-11-01','2019-11-02',null,'complete');
INSERT INTO INVOICECHARGE VALUES ('20191101KI1906281823204-ch00001','20191101KI1906281823204','2019-11-01',85.29,'Base room charge');
INSERT INTO PAYMENT VALUES ('20191101KI1906281823204-p00001','20191101KI1906281823204','2019-11-03','CC',85.29,'Vicky Vanderhoff','6445391881285604',11,2025,968,'Mastercard');
-- ------- SAMPLE 637 ----------
INSERT INTO GUEST VALUES(1637,'Jeanene','Jacobo','JJacobo@yahoo.com','1234 DaWrong Lane','Flonkerton','MD','12345','784-181-7549');
INSERT INTO RESERVATION VALUES ('20200212KJ1666167869073',1637,203,'KJ','2020-02-12','2020-02-17',null,'complete');
INSERT INTO INVOICECHARGE VALUES ('20200212KJ1666167869073-ch00001','20200212KJ1666167869073','2020-02-12',693.01,'Base room charge');
INSERT INTO PAYMENT VALUES ('20200212KJ1666167869073-p00001','20200212KJ1666167869073','2020-02-14','CC',693.01,'Jeanene Jacobo','4644831028499172',2,2025,447,'Mastercard');
-- ------- SAMPLE 638 ----------
INSERT INTO GUEST VALUES(1638,'Liliana','Lueck','LLueck@gmail.com','1234 DaWrong Lane','Flonkerton','MD','12345','936-262-4138');
INSERT INTO RESERVATION VALUES ('20201024QS5856711428961',1638,null,'QS','2020-10-24','2020-10-28',null,'active');
INSERT INTO INVOICECHARGE VALUES ('20201024QS5856711428961-ch00001','20201024QS5856711428961','2020-10-24',469.11,'Base room charge');
INSERT INTO PAYMENT VALUES ('20201024QS5856711428961-p00001','20201024QS5856711428961','2020-10-26','CC',469.11,'Liliana Lueck','9695013063753845',1,2022,948,'Mastercard');
-- ------- SAMPLE 639 ----------
INSERT INTO GUEST VALUES(1639,'Raven','Rybicki','RRybicki@gmail.com','1234 DaWrong Lane','Flonkerton','MD','12345','896-268-3099');
INSERT INTO RESERVATION VALUES ('20180917KS9528644857723',1639,201,'KS','2018-09-17','2018-09-20',null,'complete');
INSERT INTO INVOICECHARGE VALUES ('20180917KS9528644857723-ch00001','20180917KS9528644857723','2018-09-17',211.09,'Base room charge');
INSERT INTO INVOICECHARGE VALUES ('20180917KS9528644857723-ch00002','20180917KS9528644857723','2018-09-17',108.75,'Cleaning fee');
INSERT INTO PAYMENT VALUES ('20180917KS9528644857723-p00001','20180917KS9528644857723','2018-09-19','CC',319.84,'Raven Rybicki','7631495413446733',6,2021,346,'Mastercard');
-- ------- SAMPLE 640 ----------
INSERT INTO GUEST VALUES(1640,'Dorothea','Dipaolo','DDipaolo@yahoo.com','1234 DaWrong Lane','Flonkerton','MD','12345','968-310-4570');
INSERT INTO RESERVATION VALUES ('20200905QS5363607951206',1640,null,'QS','2020-09-05','2020-09-07',null,'active');
INSERT INTO INVOICECHARGE VALUES ('20200905QS5363607951206-ch00001','20200905QS5363607951206','2020-09-05',234.55,'Base room charge');
INSERT INTO PAYMENT (payment_id,invoice_id,payment_date,payment_type,payment_amount) VALUES ('20200905QS5363607951206-p00001','20200905QS5363607951206','2020-09-07','CA',234.55);
-- ------- SAMPLE 641 ----------
INSERT INTO GUEST VALUES(1641,'Asa','Allan','AAllan@yahoo.com','1234 DaWrong Lane','Flonkerton','MD','12345','618-923-2311');
INSERT INTO RESERVATION VALUES ('20181202QD6399099163020',1641,116,'QD','2018-12-02','2018-12-03',null,'complete');
INSERT INTO INVOICECHARGE VALUES ('20181202QD6399099163020-ch00001','20181202QD6399099163020','2018-12-02',63.33,'Base room charge');
INSERT INTO INVOICECHARGE VALUES ('20181202QD6399099163020-ch00002','20181202QD6399099163020','2018-12-02',32.62,'Room Service');
INSERT INTO PAYMENT VALUES ('20181202QD6399099163020-p00001','20181202QD6399099163020','2018-12-04','CC',95.95,'Asa Allan','8513401464886733',7,2021,782,'Mastercard');
-- ------- SAMPLE 642 ----------
INSERT INTO GUEST VALUES(1642,'Gwyneth','Gamber','GGamber@yahoo.com','1234 DaWrong Lane','Flonkerton','MD','12345','259-893-5834');
INSERT INTO RESERVATION VALUES ('20210424KJ6413365520771',1642,null,'KJ','2021-04-24','2021-04-25',null,'active');
INSERT INTO INVOICECHARGE VALUES ('20210424KJ6413365520771-ch00001','20210424KJ6413365520771','2021-04-24',138.6,'Base room charge');
INSERT INTO PAYMENT (payment_id,invoice_id,payment_date,payment_type,payment_amount) VALUES ('20210424KJ6413365520771-p00001','20210424KJ6413365520771','2021-04-26','CA',138.6);
-- ------- SAMPLE 643 ----------
INSERT INTO GUEST VALUES(1643,'Jeanene','Jacobo','JJacobo@hotmail.com','1234 DaWrong Lane','Flonkerton','MD','12345','693-669-3159');
INSERT INTO RESERVATION VALUES ('20200727QS9572778016657',1643,null,'QS','2020-07-27','2020-08-01',null,'active');
INSERT INTO INVOICECHARGE VALUES ('20200727QS9572778016657-ch00001','20200727QS9572778016657','2020-07-27',586.38,'Base room charge');
INSERT INTO PAYMENT VALUES ('20200727QS9572778016657-p00001','20200727QS9572778016657','2020-07-29','CC',586.38,'Jeanene Jacobo','4588415062174754',7,2021,837,'Mastercard');
-- ------- SAMPLE 644 ----------
INSERT INTO GUEST VALUES(1644,'Missy','Mcclintock','MMcclintock@gmail.com','1234 DaWrong Lane','Flonkerton','MD','12345','050-696-5581');
INSERT INTO RESERVATION VALUES ('20190602KS8349691269206',1644,201,'KS','2019-06-02','2019-06-06',null,'complete');
INSERT INTO INVOICECHARGE VALUES ('20190602KS8349691269206-ch00001','20190602KS8349691269206','2019-06-02',426.46,'Base room charge');
INSERT INTO PAYMENT VALUES ('20190602KS8349691269206-p00001','20190602KS8349691269206','2019-06-04','CC',426.46,'Missy Mcclintock','9740448721982333',9,2025,225,'Mastercard');
-- ------- SAMPLE 645 ----------
INSERT INTO GUEST VALUES(1645,'Fleta','Fickel','FFickel@hotmail.com','1234 DaWrong Lane','Flonkerton','MD','12345','375-358-9323');
INSERT INTO RESERVATION VALUES ('20181003KI8816108797769',1645,204,'KI','2018-10-03','2018-10-04',null,'complete');
INSERT INTO INVOICECHARGE VALUES ('20181003KI8816108797769-ch00001','20181003KI8816108797769','2018-10-03',85.29,'Base room charge');
INSERT INTO PAYMENT (payment_id,invoice_id,payment_date,payment_type,payment_amount) VALUES ('20181003KI8816108797769-p00001','20181003KI8816108797769','2018-10-05','CA',85.29);
-- ------- SAMPLE 646 ----------
INSERT INTO GUEST VALUES(1646,'Rachell','Riser','RRiser@gmail.com','1234 DaWrong Lane','Flonkerton','MD','12345','930-763-2783');
INSERT INTO RESERVATION VALUES ('20180809KS8251493655722',1646,107,'KS','2018-08-09','2018-08-10',null,'cancelled');
INSERT INTO INVOICECHARGE VALUES ('20180809KS8251493655722-ch00001','20180809KS8251493655722','2018-08-09',70.36,'Base room charge');
INSERT INTO INVOICECHARGE VALUES ('20180809KS8251493655722-ch00002','20180809KS8251493655722','2018-08-09',36.25,'Room Service');
INSERT INTO PAYMENT VALUES ('20180809KS8251493655722-p00001','20180809KS8251493655722','2018-08-11','CC',106.61,'Rachell Riser','7742368986895823',10,2024,62,'Mastercard');
-- ------- SAMPLE 647 ----------
INSERT INTO GUEST VALUES(1647,'Daron','Dycus','DDycus@hotmail.com','1234 DaWrong Lane','Flonkerton','MD','12345','386-775-2941');
INSERT INTO RESERVATION VALUES ('20180628QD8134285866649',1647,106,'QD','2018-06-28','2018-06-29',null,'complete');
INSERT INTO INVOICECHARGE VALUES ('20180628QD8134285866649-ch00001','20180628QD8134285866649','2018-06-28',95.95,'Base room charge');
INSERT INTO PAYMENT VALUES ('20180628QD8134285866649-p00001','20180628QD8134285866649','2018-06-30','CC',95.95,'Daron Dycus','9297922091897257',11,2026,24,'Mastercard');
-- ------- SAMPLE 648 ----------
INSERT INTO GUEST VALUES(1648,'Deandra','Dimauro','DDimauro@hotmail.com','1234 DaWrong Lane','Flonkerton','MD','12345','818-056-5288');
INSERT INTO RESERVATION VALUES ('20201107QS6994429457961',1648,null,'QS','2020-11-07','2020-11-09',null,'active');
INSERT INTO INVOICECHARGE VALUES ('20201107QS6994429457961-ch00001','20201107QS6994429457961','2020-11-07',234.55,'Base room charge');
INSERT INTO PAYMENT (payment_id,invoice_id,payment_date,payment_type,payment_amount) VALUES ('20201107QS6994429457961-p00001','20201107QS6994429457961','2020-11-09','CA',234.55);
-- ------- SAMPLE 649 ----------
INSERT INTO GUEST VALUES(1649,'Fleta','Fickel','FFickel@hotmail.com','1234 DaWrong Lane','Flonkerton','MD','12345','561-863-5344');
INSERT INTO RESERVATION VALUES ('20190826QS6028275683952',1649,108,'QS','2019-08-26','2019-08-31',null,'complete');
INSERT INTO INVOICECHARGE VALUES ('20190826QS6028275683952-ch00001','20190826QS6028275683952','2019-08-26',586.38,'Base room charge');
INSERT INTO PAYMENT (payment_id,invoice_id,payment_date,payment_type,payment_amount) VALUES ('20190826QS6028275683952-p00001','20190826QS6028275683952','2019-08-28','CA',586.38);
-- ------- SAMPLE 650 ----------
INSERT INTO GUEST VALUES(1650,'Shena','Sandoz','SSandoz@hotmail.com','1234 DaWrong Lane','Flonkerton','MD','12345','681-032-3624');
INSERT INTO RESERVATION VALUES ('20200204QD2523644930512',1650,200,'QD','2020-02-04','2020-02-08',null,'complete');
INSERT INTO INVOICECHARGE VALUES ('20200204QD2523644930512-ch00001','20200204QD2523644930512','2020-02-04',253.31,'Base room charge');
INSERT INTO INVOICECHARGE VALUES ('20200204QD2523644930512-ch00002','20200204QD2523644930512','2020-02-04',130.5,'Cleaning fee');
INSERT INTO PAYMENT VALUES ('20200204QD2523644930512-p00001','20200204QD2523644930512','2020-02-06','CC',383.81,'Shena Sandoz','5147240867671562',4,2022,147,'Mastercard');
-- ------- SAMPLE 651 ----------
INSERT INTO GUEST VALUES(1651,'Kandra','Kelty','KKelty@gmail.com','1234 DaWrong Lane','Flonkerton','MD','12345','785-202-4018');
INSERT INTO RESERVATION VALUES ('20190902KS5876184479380',1651,107,'KS','2019-09-02','2019-09-03',null,'complete');
INSERT INTO INVOICECHARGE VALUES ('20190902KS5876184479380-ch00001','20190902KS5876184479380','2019-09-02',106.61,'Base room charge');
INSERT INTO PAYMENT VALUES ('20190902KS5876184479380-p00001','20190902KS5876184479380','2019-09-04','CC',106.61,'Kandra Kelty','8034733297366881',6,2023,438,'Mastercard');
-- ------- SAMPLE 652 ----------
INSERT INTO GUEST VALUES(1652,'Major','Meng','MMeng@gmail.com','1234 DaWrong Lane','Flonkerton','MD','12345','770-639-4170');
INSERT INTO RESERVATION VALUES ('20190503QS8599640799006',1652,207,'QS','2019-05-03','2019-05-04',null,'complete');
INSERT INTO INVOICECHARGE VALUES ('20190503QS8599640799006-ch00001','20190503QS8599640799006','2019-05-03',77.4,'Base room charge');
INSERT INTO INVOICECHARGE VALUES ('20190503QS8599640799006-ch00002','20190503QS8599640799006','2019-05-03',39.88,'Room Service');
INSERT INTO PAYMENT VALUES ('20190503QS8599640799006-p00001','20190503QS8599640799006','2019-05-05','CC',117.28,'Major Meng','3704535411529770',7,2026,554,'Mastercard');
-- ------- SAMPLE 653 ----------
INSERT INTO GUEST VALUES(1653,'Sherryl','Shurtleff','SShurtleff@gmail.com','1234 DaWrong Lane','Flonkerton','MD','12345','922-230-2892');
INSERT INTO RESERVATION VALUES ('20181216QS7659626267349',1653,103,'QS','2018-12-16','2018-12-20',null,'complete');
INSERT INTO INVOICECHARGE VALUES ('20181216QS7659626267349-ch00001','20181216QS7659626267349','2018-12-16',469.11,'Base room charge');
INSERT INTO PAYMENT VALUES ('20181216QS7659626267349-p00001','20181216QS7659626267349','2018-12-18','CC',469.11,'Sherryl Shurtleff','1043898476142157',10,2022,899,'Mastercard');
-- ------- SAMPLE 654 ----------
INSERT INTO GUEST VALUES(1654,'Francie','Fairbank','FFairbank@hotmail.com','1234 DaWrong Lane','Flonkerton','MD','12345','472-796-4050');
INSERT INTO RESERVATION VALUES ('20201026QS5093384048148',1654,null,'QS','2020-10-26','2020-10-28',null,'active');
INSERT INTO INVOICECHARGE VALUES ('20201026QS5093384048148-ch00001','20201026QS5093384048148','2020-10-26',234.55,'Base room charge');
INSERT INTO PAYMENT (payment_id,invoice_id,payment_date,payment_type,payment_amount) VALUES ('20201026QS5093384048148-p00001','20201026QS5093384048148','2020-10-28','CA',234.55);
-- ------- SAMPLE 655 ----------
INSERT INTO GUEST VALUES(1655,'Claribel','Catanzaro','CCatanzaro@hotmail.com','1234 DaWrong Lane','Flonkerton','MD','12345','590-577-8094');
INSERT INTO RESERVATION VALUES ('20201125QD5158023299969',1655,null,'QD','2020-11-25','2020-11-26',null,'active');
INSERT INTO INVOICECHARGE VALUES ('20201125QD5158023299969-ch00001','20201125QD5158023299969','2020-11-25',63.33,'Base room charge');
INSERT INTO INVOICECHARGE VALUES ('20201125QD5158023299969-ch00002','20201125QD5158023299969','2020-11-25',32.62,'Cleaning fee');
INSERT INTO PAYMENT (payment_id,invoice_id,payment_date,payment_type,payment_amount) VALUES ('20201125QD5158023299969-p00001','20201125QD5158023299969','2020-11-27','CA',95.95);
-- ------- SAMPLE 656 ----------
INSERT INTO GUEST VALUES(1656,'Rose','Royall','RRoyall@yahoo.com','1234 DaWrong Lane','Flonkerton','MD','12345','108-910-0657');
INSERT INTO RESERVATION VALUES ('20200331KJ7379843336748',1656,203,'KJ','2020-03-31','2020-04-05',null,'cancelled');
INSERT INTO INVOICECHARGE VALUES ('20200331KJ7379843336748-ch00001','20200331KJ7379843336748','2020-03-31',693.01,'Base room charge');
INSERT INTO PAYMENT VALUES ('20200331KJ7379843336748-p00001','20200331KJ7379843336748','2020-04-02','CC',693.01,'Rose Royall','2544965539161574',8,2025,239,'Mastercard');
-- ------- SAMPLE 657 ----------
INSERT INTO GUEST VALUES(1657,'Leanora','Locke','LLocke@yahoo.com','1234 DaWrong Lane','Flonkerton','MD','12345','814-620-0661');
INSERT INTO RESERVATION VALUES ('20191213KJ5898927440567',1657,114,'KJ','2019-12-13','2019-12-16',null,'complete');
INSERT INTO INVOICECHARGE VALUES ('20191213KJ5898927440567-ch00001','20191213KJ5898927440567','2019-12-13',274.43,'Base room charge');
INSERT INTO INVOICECHARGE VALUES ('20191213KJ5898927440567-ch00002','20191213KJ5898927440567','2019-12-13',141.38,'Room Service');
INSERT INTO PAYMENT (payment_id,invoice_id,payment_date,payment_type,payment_amount) VALUES ('20191213KJ5898927440567-p00001','20191213KJ5898927440567','2019-12-15','CA',415.81);
-- ------- SAMPLE 658 ----------
INSERT INTO GUEST VALUES(1658,'Ginger','Gordillo','GGordillo@yahoo.com','1234 DaWrong Lane','Flonkerton','MD','12345','580-815-3133');
INSERT INTO RESERVATION VALUES ('20210110KI2887027554358',1658,null,'KI','2021-01-10','2021-01-15',null,'cancelled');
INSERT INTO INVOICECHARGE VALUES ('20210110KI2887027554358-ch00001','20210110KI2887027554358','2021-01-10',281.46,'Base room charge');
INSERT INTO INVOICECHARGE VALUES ('20210110KI2887027554358-ch00002','20210110KI2887027554358','2021-01-10',144.99,'Cleaning fee');
INSERT INTO PAYMENT (payment_id,invoice_id,payment_date,payment_type,payment_amount) VALUES ('20210110KI2887027554358-p00001','20210110KI2887027554358','2021-01-12','CA',426.45);
-- ------- SAMPLE 659 ----------
INSERT INTO GUEST VALUES(1659,'Doyle','Dykema','DDykema@hotmail.com','1234 DaWrong Lane','Flonkerton','MD','12345','986-506-5607');
INSERT INTO RESERVATION VALUES ('20210207QS8948663725696',1659,null,'QS','2021-02-07','2021-02-09',null,'active');
INSERT INTO INVOICECHARGE VALUES ('20210207QS8948663725696-ch00001','20210207QS8948663725696','2021-02-07',154.8,'Base room charge');
INSERT INTO INVOICECHARGE VALUES ('20210207QS8948663725696-ch00002','20210207QS8948663725696','2021-02-07',79.75,'Cleaning fee');
INSERT INTO PAYMENT VALUES ('20210207QS8948663725696-p00001','20210207QS8948663725696','2021-02-09','CC',11,'Doyle Dykema','3953311220706994',3,2025,177,'Mastercard');
-- ------- SAMPLE 660 ----------
INSERT INTO GUEST VALUES(1660,'Delsie','Delong','DDelong@yahoo.com','1234 DaWrong Lane','Flonkerton','MD','12345','283-604-5931');
INSERT INTO RESERVATION VALUES ('20200506KJ3823227676965',1660,119,'KJ','2020-05-06','2020-05-07',null,'complete');
INSERT INTO INVOICECHARGE VALUES ('20200506KJ3823227676965-ch00001','20200506KJ3823227676965','2020-05-06',91.48,'Base room charge');
INSERT INTO INVOICECHARGE VALUES ('20200506KJ3823227676965-ch00002','20200506KJ3823227676965','2020-05-06',47.12,'Room Service');
INSERT INTO PAYMENT VALUES ('20200506KJ3823227676965-p00001','20200506KJ3823227676965','2020-05-08','CC',134,'Delsie Delong','9021357653032763',11,2022,788,'Mastercard');
-- ------- SAMPLE 661 ----------
INSERT INTO GUEST VALUES(1661,'Serafina','Singh','SSingh@gmail.com','1234 DaWrong Lane','Flonkerton','MD','12345','895-169-7651');
INSERT INTO RESERVATION VALUES ('20200229QD4094886010404',1661,200,'QD','2020-02-29','2020-03-03',null,'complete');
INSERT INTO INVOICECHARGE VALUES ('20200229QD4094886010404-ch00001','20200229QD4094886010404','2020-02-29',189.99,'Base room charge');
INSERT INTO INVOICECHARGE VALUES ('20200229QD4094886010404-ch00002','20200229QD4094886010404','2020-02-29',97.87,'Cleaning fee');
INSERT INTO PAYMENT (payment_id,invoice_id,payment_date,payment_type,payment_amount) VALUES ('20200229QD4094886010404-p00001','20200229QD4094886010404','2020-03-02','CA',287.86);
-- ------- SAMPLE 662 ----------
INSERT INTO GUEST VALUES(1662,'Lucius','Liles','LLiles@hotmail.com','1234 DaWrong Lane','Flonkerton','MD','12345','174-555-5783');
INSERT INTO RESERVATION VALUES ('20210312KI3248190186013',1662,null,'KI','2021-03-12','2021-03-13',null,'active');
-- ------- SAMPLE 663 ----------
INSERT INTO GUEST VALUES(1663,'Floy','Feinstein','FFeinstein@yahoo.com','1234 DaWrong Lane','Flonkerton','MD','12345','416-959-1364');
INSERT INTO RESERVATION VALUES ('20180705QS2871135244034',1663,103,'QS','2018-07-05','2018-07-10',null,'cancelled');
INSERT INTO INVOICECHARGE VALUES ('20180705QS2871135244034-ch00001','20180705QS2871135244034','2018-07-05',586.38,'Base room charge');
INSERT INTO PAYMENT VALUES ('20180705QS2871135244034-p00001','20180705QS2871135244034','2018-07-07','CC',586.38,'Floy Feinstein','4598102672008481',5,2021,701,'Mastercard');
-- ------- SAMPLE 664 ----------
INSERT INTO GUEST VALUES(1664,'Natalia','Nowacki','NNowacki@yahoo.com','1234 DaWrong Lane','Flonkerton','MD','12345','074-596-6680');
INSERT INTO RESERVATION VALUES ('20200417KS6530998494367',1664,117,'KS','2020-04-17','2020-04-19',null,'complete');
INSERT INTO INVOICECHARGE VALUES ('20200417KS6530998494367-ch00001','20200417KS6530998494367','2020-04-17',213.23,'Base room charge');
INSERT INTO PAYMENT (payment_id,invoice_id,payment_date,payment_type,payment_amount) VALUES ('20200417KS6530998494367-p00001','20200417KS6530998494367','2020-04-19','CA',213.23);
-- ------- SAMPLE 665 ----------
INSERT INTO GUEST VALUES(1665,'Gwyneth','Gamber','GGamber@yahoo.com','1234 DaWrong Lane','Flonkerton','MD','12345','447-661-7644');
INSERT INTO RESERVATION VALUES ('20201210QD2102858028647',1665,null,'QD','2020-12-10','2020-12-13',null,'active');
INSERT INTO INVOICECHARGE VALUES ('20201210QD2102858028647-ch00001','20201210QD2102858028647','2020-12-10',189.99,'Base room charge');
INSERT INTO INVOICECHARGE VALUES ('20201210QD2102858028647-ch00002','20201210QD2102858028647','2020-12-10',97.87,'Cleaning fee');
INSERT INTO PAYMENT VALUES ('20201210QD2102858028647-p00001','20201210QD2102858028647','2020-12-12','CC',287.86,'Gwyneth Gamber','4206244752126986',5,2024,405,'Mastercard');
-- ------- SAMPLE 666 ----------
INSERT INTO GUEST VALUES(1666,'Reita','Rudder','RRudder@gmail.com','1234 DaWrong Lane','Flonkerton','MD','12345','105-616-8206');
INSERT INTO RESERVATION VALUES ('20200922KJ2849664209319',1666,null,'KJ','2020-09-22','2020-09-26',null,'active');
INSERT INTO INVOICECHARGE VALUES ('20200922KJ2849664209319-ch00001','20200922KJ2849664209319','2020-09-22',554.41,'Base room charge');
INSERT INTO PAYMENT (payment_id,invoice_id,payment_date,payment_type,payment_amount) VALUES ('20200922KJ2849664209319-p00001','20200922KJ2849664209319','2020-09-24','CA',554.41);
-- ------- SAMPLE 667 ----------
INSERT INTO GUEST VALUES(1667,'Claribel','Catanzaro','CCatanzaro@yahoo.com','1234 DaWrong Lane','Flonkerton','MD','12345','354-415-5195');
INSERT INTO RESERVATION VALUES ('20191109KJ3222611427372',1667,119,'KJ','2019-11-09','2019-11-12',null,'complete');
INSERT INTO INVOICECHARGE VALUES ('20191109KJ3222611427372-ch00001','20191109KJ3222611427372','2019-11-09',274.43,'Base room charge');
INSERT INTO INVOICECHARGE VALUES ('20191109KJ3222611427372-ch00002','20191109KJ3222611427372','2019-11-09',141.38,'Cleaning fee');
INSERT INTO PAYMENT (payment_id,invoice_id,payment_date,payment_type,payment_amount) VALUES ('20191109KJ3222611427372-p00001','20191109KJ3222611427372','2019-11-11','CA',415.81);
-- ------- SAMPLE 668 ----------
INSERT INTO GUEST VALUES(1668,'Buffy','Beattie','BBeattie@hotmail.com','1234 DaWrong Lane','Flonkerton','MD','12345','588-652-0869');
INSERT INTO RESERVATION VALUES ('20191227KI3171062933418',1668,115,'KI','2019-12-27','2019-12-30',null,'complete');
INSERT INTO INVOICECHARGE VALUES ('20191227KI3171062933418-ch00001','20191227KI3171062933418','2019-12-27',255.87,'Base room charge');
INSERT INTO PAYMENT VALUES ('20191227KI3171062933418-p00001','20191227KI3171062933418','2019-12-29','CC',255.87,'Buffy Beattie','7340848054122702',9,2027,330,'Mastercard');
-- ------- SAMPLE 669 ----------
INSERT INTO GUEST VALUES(1669,'Raisa','Romito','RRomito@hotmail.com','1234 DaWrong Lane','Flonkerton','MD','12345','992-858-9574');
INSERT INTO RESERVATION VALUES ('20210216QS6190073165939',1669,null,'QS','2021-02-16','2021-02-18',null,'active');
INSERT INTO INVOICECHARGE VALUES ('20210216QS6190073165939-ch00001','20210216QS6190073165939','2021-02-16',234.55,'Base room charge');
INSERT INTO PAYMENT VALUES ('20210216QS6190073165939-p00001','20210216QS6190073165939','2021-02-18','CC',191,'Raisa Romito','4971624458301269',3,2021,554,'Mastercard');
-- ------- SAMPLE 670 ----------
INSERT INTO GUEST VALUES(1670,'Alverta','Arce','AArce@hotmail.com','1234 DaWrong Lane','Flonkerton','MD','12345','383-118-7762');
INSERT INTO RESERVATION VALUES ('20200320QD6922804470726',1670,116,'QD','2020-03-20','2020-03-23',null,'complete');
INSERT INTO INVOICECHARGE VALUES ('20200320QD6922804470726-ch00001','20200320QD6922804470726','2020-03-20',287.86,'Base room charge');
INSERT INTO PAYMENT VALUES ('20200320QD6922804470726-p00001','20200320QD6922804470726','2020-03-22','CC',287.86,'Alverta Arce','3351683940138253',2,2024,735,'Mastercard');
-- ------- SAMPLE 671 ----------
INSERT INTO GUEST VALUES(1671,'Buford','Biddy','BBiddy@hotmail.com','1234 DaWrong Lane','Flonkerton','MD','12345','707-628-4226');
INSERT INTO RESERVATION VALUES ('20200314KI9970147193913',1671,115,'KI','2020-03-14','2020-03-17',null,'complete');
INSERT INTO INVOICECHARGE VALUES ('20200314KI9970147193913-ch00001','20200314KI9970147193913','2020-03-14',168.87,'Base room charge');
INSERT INTO INVOICECHARGE VALUES ('20200314KI9970147193913-ch00002','20200314KI9970147193913','2020-03-14',87,'Cleaning fee');
INSERT INTO PAYMENT VALUES ('20200314KI9970147193913-p00001','20200314KI9970147193913','2020-03-16','CC',255.87,'Buford Biddy','1761308526465331',8,2021,420,'Mastercard');
-- ------- SAMPLE 672 ----------
INSERT INTO GUEST VALUES(1672,'Eryn','Edenfield','EEdenfield@yahoo.com','1234 DaWrong Lane','Flonkerton','MD','12345','417-686-2530');
INSERT INTO RESERVATION VALUES ('20181201KJ9782692334214',1672,119,'KJ','2018-12-01','2018-12-04',null,'cancelled');
INSERT INTO INVOICECHARGE VALUES ('20181201KJ9782692334214-ch00001','20181201KJ9782692334214','2018-12-01',415.81,'Base room charge');
INSERT INTO PAYMENT VALUES ('20181201KJ9782692334214-p00001','20181201KJ9782692334214','2018-12-03','CC',415.81,'Eryn Edenfield','2222387736752170',1,2024,477,'Mastercard');
-- ------- SAMPLE 673 ----------
INSERT INTO GUEST VALUES(1673,'Adrianna','Aungst','AAungst@yahoo.com','1234 DaWrong Lane','Flonkerton','MD','12345','070-208-0104');
INSERT INTO RESERVATION VALUES ('20181208KS8036727526580',1673,102,'KS','2018-12-08','2018-12-13',null,'complete');
INSERT INTO INVOICECHARGE VALUES ('20181208KS8036727526580-ch00001','20181208KS8036727526580','2018-12-08',351.83,'Base room charge');
INSERT INTO INVOICECHARGE VALUES ('20181208KS8036727526580-ch00002','20181208KS8036727526580','2018-12-08',181.24,'Room Service');
INSERT INTO PAYMENT VALUES ('20181208KS8036727526580-p00001','20181208KS8036727526580','2018-12-10','CC',533.07,'Adrianna Aungst','5821619172370538',5,2022,265,'Mastercard');
-- ------- SAMPLE 674 ----------
INSERT INTO GUEST VALUES(1674,'Kandra','Kelty','KKelty@gmail.com','1234 DaWrong Lane','Flonkerton','MD','12345','931-830-6015');
INSERT INTO RESERVATION VALUES ('20200707KJ2668404541435',1674,null,'KJ','2020-07-07','2020-07-10',null,'active');
INSERT INTO INVOICECHARGE VALUES ('20200707KJ2668404541435-ch00001','20200707KJ2668404541435','2020-07-07',274.43,'Base room charge');
INSERT INTO INVOICECHARGE VALUES ('20200707KJ2668404541435-ch00002','20200707KJ2668404541435','2020-07-07',141.38,'Cleaning fee');
INSERT INTO PAYMENT (payment_id,invoice_id,payment_date,payment_type,payment_amount) VALUES ('20200707KJ2668404541435-p00001','20200707KJ2668404541435','2020-07-09','CA',415.81);
-- ------- SAMPLE 675 ----------
INSERT INTO GUEST VALUES(1675,'Keturah','Kagawa','KKagawa@gmail.com','1234 DaWrong Lane','Flonkerton','MD','12345','166-670-2256');
INSERT INTO RESERVATION VALUES ('20191116KJ4688267554110',1675,208,'KJ','2019-11-16','2019-11-17',null,'complete');
INSERT INTO INVOICECHARGE VALUES ('20191116KJ4688267554110-ch00001','20191116KJ4688267554110','2019-11-16',91.48,'Base room charge');
INSERT INTO INVOICECHARGE VALUES ('20191116KJ4688267554110-ch00002','20191116KJ4688267554110','2019-11-16',47.12,'Room Service');
INSERT INTO PAYMENT (payment_id,invoice_id,payment_date,payment_type,payment_amount) VALUES ('20191116KJ4688267554110-p00001','20191116KJ4688267554110','2019-11-18','CA',138.6);
-- ------- SAMPLE 676 ----------
INSERT INTO GUEST VALUES(1676,'Romaine','Reck','RReck@hotmail.com','1234 DaWrong Lane','Flonkerton','MD','12345','118-738-0684');
INSERT INTO RESERVATION VALUES ('20181124KI5836912526825',1676,105,'KI','2018-11-24','2018-11-25',null,'complete');
INSERT INTO INVOICECHARGE VALUES ('20181124KI5836912526825-ch00001','20181124KI5836912526825','2018-11-24',56.29,'Base room charge');
INSERT INTO INVOICECHARGE VALUES ('20181124KI5836912526825-ch00002','20181124KI5836912526825','2018-11-24',29,'Cleaning fee');
INSERT INTO PAYMENT VALUES ('20181124KI5836912526825-p00001','20181124KI5836912526825','2018-11-26','CC',85.29,'Romaine Reck','4831991685696594',11,2026,125,'Mastercard');
-- ------- SAMPLE 677 ----------
INSERT INTO GUEST VALUES(1677,'Sherryl','Shurtleff','SShurtleff@hotmail.com','1234 DaWrong Lane','Flonkerton','MD','12345','811-678-6841');
INSERT INTO RESERVATION VALUES ('20181209KI1110950901405',1677,115,'KI','2018-12-09','2018-12-11',null,'complete');
INSERT INTO INVOICECHARGE VALUES ('20181209KI1110950901405-ch00001','20181209KI1110950901405','2018-12-09',170.58,'Base room charge');
INSERT INTO PAYMENT VALUES ('20181209KI1110950901405-p00001','20181209KI1110950901405','2018-12-11','CC',170.58,'Sherryl Shurtleff','8258298681641720',11,2021,371,'Mastercard');
-- ------- SAMPLE 678 ----------
INSERT INTO GUEST VALUES(1678,'Jamey','Jen','JJen@hotmail.com','1234 DaWrong Lane','Flonkerton','MD','12345','671-945-4582');
INSERT INTO RESERVATION VALUES ('20190906KS3702753339106',1678,201,'KS','2019-09-06','2019-09-07',null,'cancelled');
INSERT INTO INVOICECHARGE VALUES ('20190906KS3702753339106-ch00001','20190906KS3702753339106','2019-09-06',106.61,'Base room charge');
INSERT INTO PAYMENT VALUES ('20190906KS3702753339106-p00001','20190906KS3702753339106','2019-09-08','CC',106.61,'Jamey Jen','1237480268517145',2,2026,33,'Mastercard');
-- ------- SAMPLE 679 ----------
INSERT INTO GUEST VALUES(1679,'Shenna','Salmi','SSalmi@hotmail.com','1234 DaWrong Lane','Flonkerton','MD','12345','341-278-9932');
INSERT INTO RESERVATION VALUES ('20201218KI5807998961279',1679,null,'KI','2020-12-18','2020-12-23',null,'active');
INSERT INTO INVOICECHARGE VALUES ('20201218KI5807998961279-ch00001','20201218KI5807998961279','2020-12-18',426.45,'Base room charge');
INSERT INTO PAYMENT VALUES ('20201218KI5807998961279-p00001','20201218KI5807998961279','2020-12-20','CC',426.45,'Shenna Salmi','4383858576145784',9,2024,302,'Mastercard');
-- ------- SAMPLE 680 ----------
INSERT INTO GUEST VALUES(1680,'Hanna','Hastie','HHastie@yahoo.com','1234 DaWrong Lane','Flonkerton','MD','12345','461-129-3875');
INSERT INTO RESERVATION VALUES ('20201213QD2869126636432',1680,null,'QD','2020-12-13','2020-12-15',null,'active');
INSERT INTO INVOICECHARGE VALUES ('20201213QD2869126636432-ch00001','20201213QD2869126636432','2020-12-13',126.65,'Base room charge');
INSERT INTO INVOICECHARGE VALUES ('20201213QD2869126636432-ch00002','20201213QD2869126636432','2020-12-13',65.25,'Room Service');
INSERT INTO PAYMENT VALUES ('20201213QD2869126636432-p00001','20201213QD2869126636432','2020-12-15','CC',191.9,'Hanna Hastie','3814065713496042',12,2022,473,'Mastercard');
-- ------- SAMPLE 681 ----------
INSERT INTO GUEST VALUES(1681,'Darrin','Drum','DDrum@hotmail.com','1234 DaWrong Lane','Flonkerton','MD','12345','224-703-5742');
INSERT INTO RESERVATION VALUES ('20200319KI2171189380652',1681,204,'KI','2020-03-19','2020-03-20',null,'complete');
INSERT INTO INVOICECHARGE VALUES ('20200319KI2171189380652-ch00001','20200319KI2171189380652','2020-03-19',85.29,'Base room charge');
INSERT INTO PAYMENT (payment_id,invoice_id,payment_date,payment_type,payment_amount) VALUES ('20200319KI2171189380652-p00001','20200319KI2171189380652','2020-03-21','CA',85.29);
-- ------- SAMPLE 682 ----------
INSERT INTO GUEST VALUES(1682,'Malia','Molden','MMolden@yahoo.com','1234 DaWrong Lane','Flonkerton','MD','12345','958-598-6132');
INSERT INTO RESERVATION VALUES ('20210307KJ8302104582096',1682,null,'KJ','2021-03-07','2021-03-08',null,'cancelled');
INSERT INTO INVOICECHARGE VALUES ('20210307KJ8302104582096-ch00001','20210307KJ8302104582096','2021-03-07',138.6,'Base room charge');
INSERT INTO PAYMENT VALUES ('20210307KJ8302104582096-p00001','20210307KJ8302104582096','2021-03-09','CC',138.6,'Malia Molden','7937361400883405',6,2026,828,'Mastercard');
-- ------- SAMPLE 683 ----------
INSERT INTO GUEST VALUES(1683,'Hedwig','Hinz','HHinz@gmail.com','1234 DaWrong Lane','Flonkerton','MD','12345','906-459-4924');
INSERT INTO RESERVATION VALUES ('20180605KJ8143021388217',1683,109,'KJ','2018-06-05','2018-06-07',null,'complete');
INSERT INTO INVOICECHARGE VALUES ('20180605KJ8143021388217-ch00001','20180605KJ8143021388217','2018-06-05',277.2,'Base room charge');
INSERT INTO PAYMENT VALUES ('20180605KJ8143021388217-p00001','20180605KJ8143021388217','2018-06-07','CC',277.2,'Hedwig Hinz','8589476322617964',4,2021,267,'Mastercard');
-- ------- SAMPLE 684 ----------
INSERT INTO GUEST VALUES(1684,'Deandre','Defore','DDefore@gmail.com','1234 DaWrong Lane','Flonkerton','MD','12345','391-835-1588');
INSERT INTO RESERVATION VALUES ('20180620QS3785734227742',1684,118,'QS','2018-06-20','2018-06-21',null,'complete');
INSERT INTO INVOICECHARGE VALUES ('20180620QS3785734227742-ch00001','20180620QS3785734227742','2018-06-20',117.28,'Base room charge');
INSERT INTO PAYMENT VALUES ('20180620QS3785734227742-p00001','20180620QS3785734227742','2018-06-22','CC',117.28,'Deandre Defore','9631655663829338',3,2026,721,'Mastercard');
-- ------- SAMPLE 685 ----------
INSERT INTO GUEST VALUES(1685,'Tomika','Teran','TTeran@yahoo.com','1234 DaWrong Lane','Flonkerton','MD','12345','002-777-2974');
INSERT INTO RESERVATION VALUES ('20180823QD5567085024932',1685,200,'QD','2018-08-23','2018-08-27',null,'complete');
INSERT INTO INVOICECHARGE VALUES ('20180823QD5567085024932-ch00001','20180823QD5567085024932','2018-08-23',383.81,'Base room charge');
INSERT INTO PAYMENT (payment_id,invoice_id,payment_date,payment_type,payment_amount) VALUES ('20180823QD5567085024932-p00001','20180823QD5567085024932','2018-08-25','CA',383.81);
-- ------- SAMPLE 686 ----------
INSERT INTO GUEST VALUES(1686,'Deandra','Dimauro','DDimauro@yahoo.com','1234 DaWrong Lane','Flonkerton','MD','12345','411-734-5624');
INSERT INTO RESERVATION VALUES ('20190910QS8541085932834',1686,207,'QS','2019-09-10','2019-09-13',null,'complete');
INSERT INTO INVOICECHARGE VALUES ('20190910QS8541085932834-ch00001','20190910QS8541085932834','2019-09-10',232.21,'Base room charge');
INSERT INTO INVOICECHARGE VALUES ('20190910QS8541085932834-ch00002','20190910QS8541085932834','2019-09-10',119.62,'Cleaning fee');
INSERT INTO PAYMENT VALUES ('20190910QS8541085932834-p00001','20190910QS8541085932834','2019-09-12','CC',351.83,'Deandra Dimauro','2617768587014471',9,2027,32,'Mastercard');
-- ------- SAMPLE 687 ----------
INSERT INTO GUEST VALUES(1687,'Collin','Chaparro','CChaparro@gmail.com','1234 DaWrong Lane','Flonkerton','MD','12345','281-215-0454');
INSERT INTO RESERVATION VALUES ('20201201QS9583828379112',1687,null,'QS','2020-12-01','2020-12-04',null,'active');
-- ------- SAMPLE 688 ----------
INSERT INTO GUEST VALUES(1688,'Rose','Royall','RRoyall@gmail.com','1234 DaWrong Lane','Flonkerton','MD','12345','624-472-7054');
INSERT INTO RESERVATION VALUES ('20200405QD3891730713157',1688,205,'QD','2020-04-05','2020-04-07',null,'complete');
INSERT INTO INVOICECHARGE VALUES ('20200405QD3891730713157-ch00001','20200405QD3891730713157','2020-04-05',191.9,'Base room charge');
INSERT INTO PAYMENT VALUES ('20200405QD3891730713157-p00001','20200405QD3891730713157','2020-04-07','CC',191.9,'Rose Royall','4409691756005996',1,2023,628,'Mastercard');
-- ------- SAMPLE 689 ----------
INSERT INTO GUEST VALUES(1689,'Ella','Evanoff','EEvanoff@gmail.com','1234 DaWrong Lane','Flonkerton','MD','12345','298-942-1184');
INSERT INTO RESERVATION VALUES ('20180929QS1213765113503',1689,108,'QS','2018-09-29','2018-10-04',null,'complete');
INSERT INTO INVOICECHARGE VALUES ('20180929QS1213765113503-ch00001','20180929QS1213765113503','2018-09-29',586.38,'Base room charge');
INSERT INTO PAYMENT VALUES ('20180929QS1213765113503-p00001','20180929QS1213765113503','2018-10-01','CC',586.38,'Ella Evanoff','1252551634943301',1,2025,668,'Mastercard');
-- ------- SAMPLE 690 ----------
INSERT INTO GUEST VALUES(1690,'Freida','Forbis','FForbis@yahoo.com','1234 DaWrong Lane','Flonkerton','MD','12345','511-955-8672');
INSERT INTO RESERVATION VALUES ('20200228QS2328263034587',1690,202,'QS','2020-02-28','2020-03-03',null,'complete');
INSERT INTO INVOICECHARGE VALUES ('20200228QS2328263034587-ch00001','20200228QS2328263034587','2020-02-28',309.61,'Base room charge');
INSERT INTO INVOICECHARGE VALUES ('20200228QS2328263034587-ch00002','20200228QS2328263034587','2020-02-28',159.5,'Cleaning fee');
INSERT INTO PAYMENT VALUES ('20200228QS2328263034587-p00001','20200228QS2328263034587','2020-03-01','CC',469.11,'Freida Forbis','3832366431643037',6,2027,613,'Mastercard');
-- ------- SAMPLE 691 ----------
INSERT INTO GUEST VALUES(1691,'Kasey','Kipp','KKipp@gmail.com','1234 DaWrong Lane','Flonkerton','MD','12345','778-370-3889');
INSERT INTO RESERVATION VALUES ('20201112KI6373672676589',1691,null,'KI','2020-11-12','2020-11-14',null,'cancelled');
INSERT INTO INVOICECHARGE VALUES ('20201112KI6373672676589-ch00001','20201112KI6373672676589','2020-11-12',112.58,'Base room charge');
INSERT INTO INVOICECHARGE VALUES ('20201112KI6373672676589-ch00002','20201112KI6373672676589','2020-11-12',58,'Cleaning fee');
INSERT INTO PAYMENT (payment_id,invoice_id,payment_date,payment_type,payment_amount) VALUES ('20201112KI6373672676589-p00001','20201112KI6373672676589','2020-11-14','CA',170.58);
-- ------- SAMPLE 692 ----------
INSERT INTO GUEST VALUES(1692,'Louisa','Laroque','LLaroque@hotmail.com','1234 DaWrong Lane','Flonkerton','MD','12345','163-418-1584');
INSERT INTO RESERVATION VALUES ('20180629KS8700126275461',1692,107,'KS','2018-06-29','2018-06-30',null,'complete');
INSERT INTO INVOICECHARGE VALUES ('20180629KS8700126275461-ch00001','20180629KS8700126275461','2018-06-29',70.36,'Base room charge');
INSERT INTO INVOICECHARGE VALUES ('20180629KS8700126275461-ch00002','20180629KS8700126275461','2018-06-29',36.25,'Room Service');
INSERT INTO PAYMENT VALUES ('20180629KS8700126275461-p00001','20180629KS8700126275461','2018-07-01','CC',106.61,'Louisa Laroque','8289258387807401',1,2026,907,'Mastercard');
-- ------- SAMPLE 693 ----------
INSERT INTO GUEST VALUES(1693,'Yuette','Yetman','YYetman@hotmail.com','1234 DaWrong Lane','Flonkerton','MD','12345','514-415-8490');
INSERT INTO RESERVATION VALUES ('20181127KJ8788382498487',1693,109,'KJ','2018-11-27','2018-12-01',null,'complete');
INSERT INTO INVOICECHARGE VALUES ('20181127KJ8788382498487-ch00001','20181127KJ8788382498487','2018-11-27',365.91,'Base room charge');
INSERT INTO INVOICECHARGE VALUES ('20181127KJ8788382498487-ch00002','20181127KJ8788382498487','2018-11-27',188.5,'Room Service');
INSERT INTO PAYMENT VALUES ('20181127KJ8788382498487-p00001','20181127KJ8788382498487','2018-11-29','CC',554.41,'Yuette Yetman','5263160706288094',2,2022,695,'Mastercard');
-- ------- SAMPLE 694 ----------
INSERT INTO GUEST VALUES(1694,'James','Janey','JJaney@yahoo.com','1234 DaWrong Lane','Flonkerton','MD','12345','486-107-5819');
INSERT INTO RESERVATION VALUES ('20200722QS5003355799537',1694,null,'QS','2020-07-22','2020-07-26',null,'active');
-- ------- SAMPLE 695 ----------
INSERT INTO GUEST VALUES(1695,'Walker','Weatherhead','WWeatherhead@yahoo.com','1234 DaWrong Lane','Flonkerton','MD','12345','586-444-1108');
INSERT INTO RESERVATION VALUES ('20191205KI5251803749352',1695,105,'KI','2019-12-05','2019-12-06',null,'complete');
INSERT INTO INVOICECHARGE VALUES ('20191205KI5251803749352-ch00001','20191205KI5251803749352','2019-12-05',56.29,'Base room charge');
INSERT INTO INVOICECHARGE VALUES ('20191205KI5251803749352-ch00002','20191205KI5251803749352','2019-12-05',29,'Cleaning fee');
INSERT INTO PAYMENT (payment_id,invoice_id,payment_date,payment_type,payment_amount) VALUES ('20191205KI5251803749352-p00001','20191205KI5251803749352','2019-12-07','CA',85.29);
-- ------- SAMPLE 696 ----------
INSERT INTO GUEST VALUES(1696,'Stacie','Schupp','SSchupp@hotmail.com','1234 DaWrong Lane','Flonkerton','MD','12345','777-016-7688');
INSERT INTO RESERVATION VALUES ('20210506KS5113117507064',1696,null,'KS','2021-05-06','2021-05-07',null,'active');
INSERT INTO INVOICECHARGE VALUES ('20210506KS5113117507064-ch00001','20210506KS5113117507064','2021-05-06',106.61,'Base room charge');
INSERT INTO PAYMENT VALUES ('20210506KS5113117507064-p00001','20210506KS5113117507064','2021-05-08','CC',103,'Stacie Schupp','1852816397773387',2,2027,795,'Mastercard');
-- ------- SAMPLE 697 ----------
INSERT INTO GUEST VALUES(1697,'Elfriede','Esslinger','EEsslinger@hotmail.com','1234 DaWrong Lane','Flonkerton','MD','12345','438-091-1171');
INSERT INTO RESERVATION VALUES ('20200311QS9365418986967',1697,113,'QS','2020-03-11','2020-03-14',null,'complete');
INSERT INTO INVOICECHARGE VALUES ('20200311QS9365418986967-ch00001','20200311QS9365418986967','2020-03-11',351.83,'Base room charge');
INSERT INTO PAYMENT VALUES ('20200311QS9365418986967-p00001','20200311QS9365418986967','2020-03-13','CC',351.83,'Elfriede Esslinger','6835503600994516',8,2023,202,'Mastercard');
-- ------- SAMPLE 698 ----------
INSERT INTO GUEST VALUES(1698,'Kasey','Kipp','KKipp@gmail.com','1234 DaWrong Lane','Flonkerton','MD','12345','842-737-8616');
INSERT INTO RESERVATION VALUES ('20210203KS2191883804726',1698,null,'KS','2021-02-03','2021-02-04',null,'active');
-- ------- SAMPLE 699 ----------
INSERT INTO GUEST VALUES(1699,'Tish','Tusing','TTusing@gmail.com','1234 DaWrong Lane','Flonkerton','MD','12345','786-391-1253');
INSERT INTO RESERVATION VALUES ('20190719QD1620193323892',1699,101,'QD','2019-07-19','2019-07-24',null,'complete');
INSERT INTO INVOICECHARGE VALUES ('20190719QD1620193323892-ch00001','20190719QD1620193323892','2019-07-19',316.64,'Base room charge');
INSERT INTO INVOICECHARGE VALUES ('20190719QD1620193323892-ch00002','20190719QD1620193323892','2019-07-19',163.12,'Cleaning fee');
INSERT INTO PAYMENT VALUES ('20190719QD1620193323892-p00001','20190719QD1620193323892','2019-07-21','CC',479.76,'Tish Tusing','8701108600280322',10,2025,311,'Mastercard');
-- ------- SAMPLE 700 ----------
INSERT INTO GUEST VALUES(1700,'Mario','Macdowell','MMacdowell@gmail.com','1234 DaWrong Lane','Flonkerton','MD','12345','028-851-9445');
INSERT INTO RESERVATION VALUES ('20190910KS6004768372169',1700,117,'KS','2019-09-10','2019-09-12',null,'complete');
INSERT INTO INVOICECHARGE VALUES ('20190910KS6004768372169-ch00001','20190910KS6004768372169','2019-09-10',213.23,'Base room charge');
INSERT INTO PAYMENT VALUES ('20190910KS6004768372169-p00001','20190910KS6004768372169','2019-09-12','CC',213.23,'Mario Macdowell','8453272888740067',11,2026,57,'Mastercard');
-- ------- SAMPLE 701 ----------
INSERT INTO GUEST VALUES(1701,'Georgianne','Guadarrama','GGuadarrama@yahoo.com','1234 DaWrong Lane','Flonkerton','MD','12345','343-052-3826');
INSERT INTO RESERVATION VALUES ('20200330KS4985523245190',1701,107,'KS','2020-03-30','2020-04-04',null,'complete');
INSERT INTO INVOICECHARGE VALUES ('20200330KS4985523245190-ch00001','20200330KS4985523245190','2020-03-30',351.83,'Base room charge');
INSERT INTO INVOICECHARGE VALUES ('20200330KS4985523245190-ch00002','20200330KS4985523245190','2020-03-30',181.24,'Room Service');
INSERT INTO PAYMENT VALUES ('20200330KS4985523245190-p00001','20200330KS4985523245190','2020-04-01','CC',533.07,'Georgianne Guadarrama','4631149908069659',3,2021,447,'Mastercard');
-- ------- SAMPLE 702 ----------
INSERT INTO GUEST VALUES(1702,'Piedad','Proctor','PProctor@yahoo.com','1234 DaWrong Lane','Flonkerton','MD','12345','261-227-1748');
INSERT INTO RESERVATION VALUES ('20210203KJ1307878928429',1702,null,'KJ','2021-02-03','2021-02-07',null,'active');
INSERT INTO INVOICECHARGE VALUES ('20210203KJ1307878928429-ch00001','20210203KJ1307878928429','2021-02-03',365.91,'Base room charge');
INSERT INTO INVOICECHARGE VALUES ('20210203KJ1307878928429-ch00002','20210203KJ1307878928429','2021-02-03',188.5,'Cleaning fee');
INSERT INTO PAYMENT VALUES ('20210203KJ1307878928429-p00001','20210203KJ1307878928429','2021-02-05','CC',554.41,'Piedad Proctor','9371843628962154',7,2024,859,'Mastercard');
-- ------- SAMPLE 703 ----------
INSERT INTO GUEST VALUES(1703,'Deangelo','Deloera','DDeloera@hotmail.com','1234 DaWrong Lane','Flonkerton','MD','12345','790-577-3611');
INSERT INTO RESERVATION VALUES ('20181130KI6138071903329',1703,209,'KI','2018-11-30','2018-12-05',null,'complete');
INSERT INTO INVOICECHARGE VALUES ('20181130KI6138071903329-ch00001','20181130KI6138071903329','2018-11-30',281.46,'Base room charge');
INSERT INTO INVOICECHARGE VALUES ('20181130KI6138071903329-ch00002','20181130KI6138071903329','2018-11-30',144.99,'Cleaning fee');
INSERT INTO PAYMENT VALUES ('20181130KI6138071903329-p00001','20181130KI6138071903329','2018-12-02','CC',426.45,'Deangelo Deloera','4532159937038263',1,2027,226,'Mastercard');
-- ------- SAMPLE 704 ----------
INSERT INTO GUEST VALUES(1704,'Jammie','Jo','JJo@gmail.com','1234 DaWrong Lane','Flonkerton','MD','12345','009-883-1765');
INSERT INTO RESERVATION VALUES ('20180908KJ3034712366879',1704,109,'KJ','2018-09-08','2018-09-09',null,'complete');
INSERT INTO INVOICECHARGE VALUES ('20180908KJ3034712366879-ch00001','20180908KJ3034712366879','2018-09-08',91.48,'Base room charge');
INSERT INTO INVOICECHARGE VALUES ('20180908KJ3034712366879-ch00002','20180908KJ3034712366879','2018-09-08',47.12,'Room Service');
INSERT INTO PAYMENT (payment_id,invoice_id,payment_date,payment_type,payment_amount) VALUES ('20180908KJ3034712366879-p00001','20180908KJ3034712366879','2018-09-10','CA',138.6);
-- ------- SAMPLE 705 ----------
INSERT INTO GUEST VALUES(1705,'Abel','Alire','AAlire@yahoo.com','1234 DaWrong Lane','Flonkerton','MD','12345','705-353-0620');
INSERT INTO RESERVATION VALUES ('20201225KJ5662579454396',1705,null,'KJ','2020-12-25','2020-12-29',null,'active');
INSERT INTO INVOICECHARGE VALUES ('20201225KJ5662579454396-ch00001','20201225KJ5662579454396','2020-12-25',554.41,'Base room charge');
INSERT INTO PAYMENT VALUES ('20201225KJ5662579454396-p00001','20201225KJ5662579454396','2020-12-27','CC',501,'Abel Alire','4993061499075516',3,2022,800,'Mastercard');
-- ------- SAMPLE 706 ----------
INSERT INTO GUEST VALUES(1706,'James','Janey','JJaney@hotmail.com','1234 DaWrong Lane','Flonkerton','MD','12345','730-732-5423');
INSERT INTO RESERVATION VALUES ('20190731KS4344403989622',1706,201,'KS','2019-07-31','2019-08-04',null,'cancelled');
INSERT INTO INVOICECHARGE VALUES ('20190731KS4344403989622-ch00001','20190731KS4344403989622','2019-07-31',426.46,'Base room charge');
INSERT INTO PAYMENT VALUES ('20190731KS4344403989622-p00001','20190731KS4344403989622','2019-08-02','CC',426.46,'James Janey','5453033075871908',3,2024,584,'Mastercard');
-- ------- SAMPLE 707 ----------
INSERT INTO GUEST VALUES(1707,'Yuette','Yetman','YYetman@hotmail.com','1234 DaWrong Lane','Flonkerton','MD','12345','038-205-0603');
INSERT INTO RESERVATION VALUES ('20200128QS1051233687655',1707,207,'QS','2020-01-28','2020-01-29',null,'complete');
INSERT INTO INVOICECHARGE VALUES ('20200128QS1051233687655-ch00001','20200128QS1051233687655','2020-01-28',117.28,'Base room charge');
INSERT INTO PAYMENT (payment_id,invoice_id,payment_date,payment_type,payment_amount) VALUES ('20200128QS1051233687655-p00001','20200128QS1051233687655','2020-01-30','CA',117.28);
-- ------- SAMPLE 708 ----------
INSERT INTO GUEST VALUES(1708,'Alverta','Arce','AArce@hotmail.com','1234 DaWrong Lane','Flonkerton','MD','12345','473-970-1670');
INSERT INTO RESERVATION VALUES ('20180922QS5410939251766',1708,103,'QS','2018-09-22','2018-09-23',null,'complete');
INSERT INTO INVOICECHARGE VALUES ('20180922QS5410939251766-ch00001','20180922QS5410939251766','2018-09-22',117.28,'Base room charge');
INSERT INTO PAYMENT VALUES ('20180922QS5410939251766-p00001','20180922QS5410939251766','2018-09-24','CC',117.28,'Alverta Arce','4476507700677730',1,2023,705,'Mastercard');
-- ------- SAMPLE 709 ----------
INSERT INTO GUEST VALUES(1709,'Tish','Tusing','TTusing@hotmail.com','1234 DaWrong Lane','Flonkerton','MD','12345','013-651-3353');
INSERT INTO RESERVATION VALUES ('20190915QD3434198388635',1709,205,'QD','2019-09-15','2019-09-18',null,'complete');
INSERT INTO INVOICECHARGE VALUES ('20190915QD3434198388635-ch00001','20190915QD3434198388635','2019-09-15',287.86,'Base room charge');
INSERT INTO PAYMENT VALUES ('20190915QD3434198388635-p00001','20190915QD3434198388635','2019-09-17','CC',287.86,'Tish Tusing','3878628748153926',7,2025,752,'Mastercard');
-- ------- SAMPLE 710 ----------
INSERT INTO GUEST VALUES(1710,'Sherrie','Stultz','SStultz@gmail.com','1234 DaWrong Lane','Flonkerton','MD','12345','163-491-9351');
INSERT INTO RESERVATION VALUES ('20181121QS6073425693676',1710,118,'QS','2018-11-21','2018-11-26',null,'complete');
INSERT INTO INVOICECHARGE VALUES ('20181121QS6073425693676-ch00001','20181121QS6073425693676','2018-11-21',586.38,'Base room charge');
INSERT INTO PAYMENT VALUES ('20181121QS6073425693676-p00001','20181121QS6073425693676','2018-11-23','CC',586.38,'Sherrie Stultz','2340068471164276',5,2027,169,'Mastercard');
-- ------- SAMPLE 711 ----------
INSERT INTO GUEST VALUES(1711,'Delsie','Dunstan','DDunstan@hotmail.com','1234 DaWrong Lane','Flonkerton','MD','12345','759-546-7629');
INSERT INTO RESERVATION VALUES ('20191009QD7597854446559',1711,106,'QD','2019-10-09','2019-10-14',null,'complete');
INSERT INTO INVOICECHARGE VALUES ('20191009QD7597854446559-ch00001','20191009QD7597854446559','2019-10-09',479.76,'Base room charge');
INSERT INTO PAYMENT VALUES ('20191009QD7597854446559-p00001','20191009QD7597854446559','2019-10-11','CC',479.76,'Delsie Dunstan','2451555522866982',1,2023,879,'Mastercard');
-- ------- SAMPLE 712 ----------
INSERT INTO GUEST VALUES(1712,'Theodora','Trickey','TTrickey@gmail.com','1234 DaWrong Lane','Flonkerton','MD','12345','422-391-0344');
INSERT INTO RESERVATION VALUES ('20181010KS9291623525647',1712,112,'KS','2018-10-10','2018-10-13',null,'complete');
INSERT INTO INVOICECHARGE VALUES ('20181010KS9291623525647-ch00001','20181010KS9291623525647','2018-10-10',319.84,'Base room charge');
INSERT INTO PAYMENT VALUES ('20181010KS9291623525647-p00001','20181010KS9291623525647','2018-10-12','CC',319.84,'Theodora Trickey','1431436635324521',10,2022,209,'Mastercard');
-- ------- SAMPLE 713 ----------
INSERT INTO GUEST VALUES(1713,'Ceola','Carasco','CCarasco@gmail.com','1234 DaWrong Lane','Flonkerton','MD','12345','103-011-4350');
INSERT INTO RESERVATION VALUES ('20210322KJ7694019939366',1713,null,'KJ','2021-03-22','2021-03-23',null,'active');
-- ------- SAMPLE 714 ----------
INSERT INTO GUEST VALUES(1714,'Buford','Biddy','BBiddy@yahoo.com','1234 DaWrong Lane','Flonkerton','MD','12345','555-529-5306');
INSERT INTO RESERVATION VALUES ('20200307KI5504678145240',1714,110,'KI','2020-03-07','2020-03-12',null,'complete');
INSERT INTO INVOICECHARGE VALUES ('20200307KI5504678145240-ch00001','20200307KI5504678145240','2020-03-07',341.16,'Base room charge');
INSERT INTO PAYMENT VALUES ('20200307KI5504678145240-p00001','20200307KI5504678145240','2020-03-09','CC',341.16,'Buford Biddy','9357448584271595',7,2026,362,'Mastercard');
-- ------- SAMPLE 715 ----------
INSERT INTO GUEST VALUES(1715,'Raisa','Romito','RRomito@yahoo.com','1234 DaWrong Lane','Flonkerton','MD','12345','858-945-3672');
INSERT INTO RESERVATION VALUES ('20190218QS5366828260102',1715,202,'QS','2019-02-18','2019-02-19',null,'cancelled');
INSERT INTO INVOICECHARGE VALUES ('20190218QS5366828260102-ch00001','20190218QS5366828260102','2019-02-18',117.28,'Base room charge');
INSERT INTO PAYMENT VALUES ('20190218QS5366828260102-p00001','20190218QS5366828260102','2019-02-20','CC',117.28,'Raisa Romito','3798799523787816',7,2027,588,'Mastercard');
-- ------- SAMPLE 716 ----------
INSERT INTO GUEST VALUES(1716,'Gwyneth','Gamber','GGamber@yahoo.com','1234 DaWrong Lane','Flonkerton','MD','12345','723-379-4792');
INSERT INTO RESERVATION VALUES ('20191026QD5491368810026',1716,111,'QD','2019-10-26','2019-10-30',null,'complete');
INSERT INTO INVOICECHARGE VALUES ('20191026QD5491368810026-ch00001','20191026QD5491368810026','2019-10-26',253.31,'Base room charge');
INSERT INTO INVOICECHARGE VALUES ('20191026QD5491368810026-ch00002','20191026QD5491368810026','2019-10-26',130.5,'Cleaning fee');
INSERT INTO PAYMENT VALUES ('20191026QD5491368810026-p00001','20191026QD5491368810026','2019-10-28','CC',383.81,'Gwyneth Gamber','3423463933985173',6,2021,448,'Mastercard');
-- ------- SAMPLE 717 ----------
INSERT INTO GUEST VALUES(1717,'Lakenya','Langston','LLangston@gmail.com','1234 DaWrong Lane','Flonkerton','MD','12345','200-433-4450');
INSERT INTO RESERVATION VALUES ('20190514KJ7225337490850',1717,114,'KJ','2019-05-14','2019-05-18',null,'complete');
INSERT INTO INVOICECHARGE VALUES ('20190514KJ7225337490850-ch00001','20190514KJ7225337490850','2019-05-14',365.91,'Base room charge');
INSERT INTO INVOICECHARGE VALUES ('20190514KJ7225337490850-ch00002','20190514KJ7225337490850','2019-05-14',188.5,'Cleaning fee');
INSERT INTO PAYMENT VALUES ('20190514KJ7225337490850-p00001','20190514KJ7225337490850','2019-05-16','CC',554.41,'Lakenya Langston','1371058376734592',7,2024,436,'Mastercard');
-- ------- SAMPLE 718 ----------
INSERT INTO GUEST VALUES(1718,'Shawna','Schmit','SSchmit@gmail.com','1234 DaWrong Lane','Flonkerton','MD','12345','340-382-1559');
INSERT INTO RESERVATION VALUES ('20210101QD5211540710675',1718,null,'QD','2021-01-01','2021-01-04',null,'active');
-- ------- SAMPLE 719 ----------
INSERT INTO GUEST VALUES(1719,'Laraine','Lazar','LLazar@yahoo.com','1234 DaWrong Lane','Flonkerton','MD','12345','746-626-2656');
INSERT INTO RESERVATION VALUES ('20210122QD1553762530047',1719,null,'QD','2021-01-22','2021-01-26',null,'active');
INSERT INTO INVOICECHARGE VALUES ('20210122QD1553762530047-ch00001','20210122QD1553762530047','2021-01-22',253.31,'Base room charge');
INSERT INTO INVOICECHARGE VALUES ('20210122QD1553762530047-ch00002','20210122QD1553762530047','2021-01-22',130.5,'Room Service');
INSERT INTO PAYMENT (payment_id,invoice_id,payment_date,payment_type,payment_amount) VALUES ('20210122QD1553762530047-p00001','20210122QD1553762530047','2021-01-24','CA',383.81);
-- ------- SAMPLE 720 ----------
INSERT INTO GUEST VALUES(1720,'Randal','Rohman','RRohman@gmail.com','1234 DaWrong Lane','Flonkerton','MD','12345','203-503-3094');
INSERT INTO RESERVATION VALUES ('20190901QS5997292243421',1720,207,'QS','2019-09-01','2019-09-05',null,'complete');
INSERT INTO INVOICECHARGE VALUES ('20190901QS5997292243421-ch00001','20190901QS5997292243421','2019-09-01',469.11,'Base room charge');
INSERT INTO PAYMENT VALUES ('20190901QS5997292243421-p00001','20190901QS5997292243421','2019-09-03','CC',469.11,'Randal Rohman','8206083929618590',3,2026,464,'Mastercard');
-- ------- SAMPLE 721 ----------
INSERT INTO GUEST VALUES(1721,'Abram','Adolph','AAdolph@yahoo.com','1234 DaWrong Lane','Flonkerton','MD','12345','963-998-7117');
INSERT INTO RESERVATION VALUES ('20190125KS6819499976422',1721,112,'KS','2019-01-25','2019-01-26',null,'complete');
INSERT INTO INVOICECHARGE VALUES ('20190125KS6819499976422-ch00001','20190125KS6819499976422','2019-01-25',70.36,'Base room charge');
INSERT INTO INVOICECHARGE VALUES ('20190125KS6819499976422-ch00002','20190125KS6819499976422','2019-01-25',36.25,'Room Service');
INSERT INTO PAYMENT (payment_id,invoice_id,payment_date,payment_type,payment_amount) VALUES ('20190125KS6819499976422-p00001','20190125KS6819499976422','2019-01-27','CA',106.61);
-- ------- SAMPLE 722 ----------
INSERT INTO GUEST VALUES(1722,'Sherryl','Shurtleff','SShurtleff@yahoo.com','1234 DaWrong Lane','Flonkerton','MD','12345','353-258-3261');
INSERT INTO RESERVATION VALUES ('20200302KS5430580447658',1722,201,'KS','2020-03-02','2020-03-06',null,'complete');
INSERT INTO INVOICECHARGE VALUES ('20200302KS5430580447658-ch00001','20200302KS5430580447658','2020-03-02',426.46,'Base room charge');
INSERT INTO PAYMENT VALUES ('20200302KS5430580447658-p00001','20200302KS5430580447658','2020-03-04','CC',426.46,'Sherryl Shurtleff','3855848815452732',4,2027,906,'Mastercard');
-- ------- SAMPLE 723 ----------
INSERT INTO GUEST VALUES(1723,'Hanna','Hastie','HHastie@gmail.com','1234 DaWrong Lane','Flonkerton','MD','12345','938-239-8350');
INSERT INTO RESERVATION VALUES ('20180706QS7270828625511',1723,113,'QS','2018-07-06','2018-07-07',null,'complete');
INSERT INTO INVOICECHARGE VALUES ('20180706QS7270828625511-ch00001','20180706QS7270828625511','2018-07-06',77.4,'Base room charge');
INSERT INTO INVOICECHARGE VALUES ('20180706QS7270828625511-ch00002','20180706QS7270828625511','2018-07-06',39.88,'Room Service');
INSERT INTO PAYMENT (payment_id,invoice_id,payment_date,payment_type,payment_amount) VALUES ('20180706QS7270828625511-p00001','20180706QS7270828625511','2018-07-08','CA',117.28);
-- ------- SAMPLE 724 ----------
INSERT INTO GUEST VALUES(1724,'Selene','Staiger','SStaiger@yahoo.com','1234 DaWrong Lane','Flonkerton','MD','12345','576-595-4847');
INSERT INTO RESERVATION VALUES ('20190323KJ4977487680225',1724,119,'KJ','2019-03-23','2019-03-26',null,'cancelled');
INSERT INTO INVOICECHARGE VALUES ('20190323KJ4977487680225-ch00001','20190323KJ4977487680225','2019-03-23',274.43,'Base room charge');
INSERT INTO INVOICECHARGE VALUES ('20190323KJ4977487680225-ch00002','20190323KJ4977487680225','2019-03-23',141.38,'Room Service');
INSERT INTO PAYMENT (payment_id,invoice_id,payment_date,payment_type,payment_amount) VALUES ('20190323KJ4977487680225-p00001','20190323KJ4977487680225','2019-03-25','CA',415.81);
-- ------- SAMPLE 725 ----------
INSERT INTO GUEST VALUES(1725,'Kandra','Kelty','KKelty@hotmail.com','1234 DaWrong Lane','Flonkerton','MD','12345','156-490-9427');
INSERT INTO RESERVATION VALUES ('20190930KI7509970333128',1725,204,'KI','2019-09-30','2019-10-05',null,'complete');
INSERT INTO INVOICECHARGE VALUES ('20190930KI7509970333128-ch00001','20190930KI7509970333128','2019-09-30',426.45,'Base room charge');
INSERT INTO PAYMENT VALUES ('20190930KI7509970333128-p00001','20190930KI7509970333128','2019-10-02','CC',426.45,'Kandra Kelty','7834606199813210',7,2027,620,'Mastercard');
-- ------- SAMPLE 726 ----------
INSERT INTO GUEST VALUES(1726,'Shae','Sansom','SSansom@hotmail.com','1234 DaWrong Lane','Flonkerton','MD','12345','581-280-2138');
INSERT INTO RESERVATION VALUES ('20210403QD6692737947121',1726,null,'QD','2021-04-03','2021-04-07',null,'active');
INSERT INTO INVOICECHARGE VALUES ('20210403QD6692737947121-ch00001','20210403QD6692737947121','2021-04-03',253.31,'Base room charge');
INSERT INTO INVOICECHARGE VALUES ('20210403QD6692737947121-ch00002','20210403QD6692737947121','2021-04-03',130.5,'Cleaning fee');
INSERT INTO PAYMENT (payment_id,invoice_id,payment_date,payment_type,payment_amount) VALUES ('20210403QD6692737947121-p00001','20210403QD6692737947121','2021-04-05','CA',383.81);
-- ------- SAMPLE 727 ----------
INSERT INTO GUEST VALUES(1727,'Leanora','Locke','LLocke@gmail.com','1234 DaWrong Lane','Flonkerton','MD','12345','515-134-6615');
INSERT INTO RESERVATION VALUES ('20200311QS9928240053840',1727,207,'QS','2020-03-11','2020-03-13',null,'complete');
INSERT INTO INVOICECHARGE VALUES ('20200311QS9928240053840-ch00001','20200311QS9928240053840','2020-03-11',154.8,'Base room charge');
INSERT INTO INVOICECHARGE VALUES ('20200311QS9928240053840-ch00002','20200311QS9928240053840','2020-03-11',79.75,'Room Service');
INSERT INTO PAYMENT (payment_id,invoice_id,payment_date,payment_type,payment_amount) VALUES ('20200311QS9928240053840-p00001','20200311QS9928240053840','2020-03-13','CA',234.55);
-- ------- SAMPLE 728 ----------
INSERT INTO GUEST VALUES(1728,'Alverta','Arce','AArce@gmail.com','1234 DaWrong Lane','Flonkerton','MD','12345','365-696-1795');
INSERT INTO RESERVATION VALUES ('20181024QD3221045623705',1728,200,'QD','2018-10-24','2018-10-27',null,'complete');
INSERT INTO INVOICECHARGE VALUES ('20181024QD3221045623705-ch00001','20181024QD3221045623705','2018-10-24',189.99,'Base room charge');
INSERT INTO INVOICECHARGE VALUES ('20181024QD3221045623705-ch00002','20181024QD3221045623705','2018-10-24',97.87,'Cleaning fee');
INSERT INTO PAYMENT VALUES ('20181024QD3221045623705-p00001','20181024QD3221045623705','2018-10-26','CC',287.86,'Alverta Arce','4318024337510601',9,2023,617,'Mastercard');
-- ------- SAMPLE 729 ----------
INSERT INTO GUEST VALUES(1729,'Abram','Adolph','AAdolph@gmail.com','1234 DaWrong Lane','Flonkerton','MD','12345','859-422-5773');
INSERT INTO RESERVATION VALUES ('20210414KI3411665897000',1729,null,'KI','2021-04-14','2021-04-19',null,'active');
INSERT INTO INVOICECHARGE VALUES ('20210414KI3411665897000-ch00001','20210414KI3411665897000','2021-04-14',426.45,'Base room charge');
INSERT INTO PAYMENT VALUES ('20210414KI3411665897000-p00001','20210414KI3411665897000','2021-04-16','CC',426.45,'Abram Adolph','9640665192249031',3,2021,221,'Mastercard');
-- ------- SAMPLE 730 ----------
INSERT INTO GUEST VALUES(1730,'Dorian','Delbosque','DDelbosque@gmail.com','1234 DaWrong Lane','Flonkerton','MD','12345','641-446-5052');
INSERT INTO RESERVATION VALUES ('20191112KI4930473483762',1730,105,'KI','2019-11-12','2019-11-17',null,'complete');
INSERT INTO INVOICECHARGE VALUES ('20191112KI4930473483762-ch00001','20191112KI4930473483762','2019-11-12',426.45,'Base room charge');
INSERT INTO PAYMENT VALUES ('20191112KI4930473483762-p00001','20191112KI4930473483762','2019-11-14','CC',426.45,'Dorian Delbosque','6032001988933825',12,2027,930,'Mastercard');
-- ------- SAMPLE 731 ----------
INSERT INTO GUEST VALUES(1731,'Tai','Tookes','TTookes@hotmail.com','1234 DaWrong Lane','Flonkerton','MD','12345','185-658-8691');
INSERT INTO RESERVATION VALUES ('20180731KI7066610546644',1731,120,'KI','2018-07-31','2018-08-04',null,'cancelled');
INSERT INTO INVOICECHARGE VALUES ('20180731KI7066610546644-ch00001','20180731KI7066610546644','2018-07-31',341.16,'Base room charge');
INSERT INTO PAYMENT (payment_id,invoice_id,payment_date,payment_type,payment_amount) VALUES ('20180731KI7066610546644-p00001','20180731KI7066610546644','2018-08-02','CA',341.16);
-- ------- SAMPLE 732 ----------
INSERT INTO GUEST VALUES(1732,'Mandi','Mcwain','MMcwain@gmail.com','1234 DaWrong Lane','Flonkerton','MD','12345','972-141-8415');
INSERT INTO RESERVATION VALUES ('20200406KJ6043370980464',1732,104,'KJ','2020-04-06','2020-04-09',null,'complete');
INSERT INTO INVOICECHARGE VALUES ('20200406KJ6043370980464-ch00001','20200406KJ6043370980464','2020-04-06',274.43,'Base room charge');
INSERT INTO INVOICECHARGE VALUES ('20200406KJ6043370980464-ch00002','20200406KJ6043370980464','2020-04-06',141.38,'Cleaning fee');
INSERT INTO PAYMENT VALUES ('20200406KJ6043370980464-p00001','20200406KJ6043370980464','2020-04-08','CC',415.81,'Mandi Mcwain','1603077219292284',5,2022,5,'Mastercard');
-- ------- SAMPLE 733 ----------
INSERT INTO GUEST VALUES(1733,'Kasey','Kipp','KKipp@yahoo.com','1234 DaWrong Lane','Flonkerton','MD','12345','276-257-2368');
INSERT INTO RESERVATION VALUES ('20201115QS5061610769748',1733,null,'QS','2020-11-15','2020-11-17',null,'active');
INSERT INTO INVOICECHARGE VALUES ('20201115QS5061610769748-ch00001','20201115QS5061610769748','2020-11-15',154.8,'Base room charge');
INSERT INTO INVOICECHARGE VALUES ('20201115QS5061610769748-ch00002','20201115QS5061610769748','2020-11-15',79.75,'Room Service');
INSERT INTO PAYMENT VALUES ('20201115QS5061610769748-p00001','20201115QS5061610769748','2020-11-17','CC',99,'Kasey Kipp','6967243948089104',2,2021,755,'Mastercard');
-- ------- SAMPLE 734 ----------
INSERT INTO GUEST VALUES(1734,'Len','Linquist','LLinquist@yahoo.com','1234 DaWrong Lane','Flonkerton','MD','12345','953-973-2961');
INSERT INTO RESERVATION VALUES ('20201220QD9821380567137',1734,null,'QD','2020-12-20','2020-12-25',null,'active');
-- ------- SAMPLE 735 ----------
INSERT INTO GUEST VALUES(1735,'Julene','Jahn','JJahn@yahoo.com','1234 DaWrong Lane','Flonkerton','MD','12345','598-322-4662');
INSERT INTO RESERVATION VALUES ('20200505KI3789850433502',1735,105,'KI','2020-05-05','2020-05-06',null,'complete');
INSERT INTO INVOICECHARGE VALUES ('20200505KI3789850433502-ch00001','20200505KI3789850433502','2020-05-05',85.29,'Base room charge');
INSERT INTO PAYMENT VALUES ('20200505KI3789850433502-p00001','20200505KI3789850433502','2020-05-07','CC',85.29,'Julene Jahn','2239298234139606',3,2022,144,'Mastercard');
-- ------- SAMPLE 736 ----------
INSERT INTO GUEST VALUES(1736,'Nena','Nunez','NNunez@yahoo.com','1234 DaWrong Lane','Flonkerton','MD','12345','903-220-7266');
INSERT INTO RESERVATION VALUES ('20201014KS3708225154721',1736,null,'KS','2020-10-14','2020-10-18',null,'cancelled');
INSERT INTO INVOICECHARGE VALUES ('20201014KS3708225154721-ch00001','20201014KS3708225154721','2020-10-14',281.46,'Base room charge');
INSERT INTO INVOICECHARGE VALUES ('20201014KS3708225154721-ch00002','20201014KS3708225154721','2020-10-14',145,'Room Service');
INSERT INTO PAYMENT VALUES ('20201014KS3708225154721-p00001','20201014KS3708225154721','2020-10-16','CC',363,'Nena Nunez','8358043687062047',4,2022,122,'Mastercard');
-- ------- SAMPLE 737 ----------
INSERT INTO GUEST VALUES(1737,'Mario','Macdowell','MMacdowell@hotmail.com','1234 DaWrong Lane','Flonkerton','MD','12345','754-566-1730');
INSERT INTO RESERVATION VALUES ('20210107KS1035506248271',1737,null,'KS','2021-01-07','2021-01-10',null,'active');
INSERT INTO INVOICECHARGE VALUES ('20210107KS1035506248271-ch00001','20210107KS1035506248271','2021-01-07',211.09,'Base room charge');
INSERT INTO INVOICECHARGE VALUES ('20210107KS1035506248271-ch00002','20210107KS1035506248271','2021-01-07',108.75,'Room Service');
INSERT INTO PAYMENT VALUES ('20210107KS1035506248271-p00001','20210107KS1035506248271','2021-01-09','CC',319.84,'Mario Macdowell','3560917296131646',2,2024,682,'Mastercard');
-- ------- SAMPLE 738 ----------
INSERT INTO GUEST VALUES(1738,'Raven','Rybicki','RRybicki@yahoo.com','1234 DaWrong Lane','Flonkerton','MD','12345','335-878-5306');
INSERT INTO RESERVATION VALUES ('20181124KJ2764043619198',1738,114,'KJ','2018-11-24','2018-11-28',null,'complete');
INSERT INTO INVOICECHARGE VALUES ('20181124KJ2764043619198-ch00001','20181124KJ2764043619198','2018-11-24',365.91,'Base room charge');
INSERT INTO INVOICECHARGE VALUES ('20181124KJ2764043619198-ch00002','20181124KJ2764043619198','2018-11-24',188.5,'Cleaning fee');
INSERT INTO PAYMENT VALUES ('20181124KJ2764043619198-p00001','20181124KJ2764043619198','2018-11-26','CC',554.41,'Raven Rybicki','8597805759576231',8,2026,330,'Mastercard');
-- ------- SAMPLE 739 ----------
INSERT INTO GUEST VALUES(1739,'Pearlene','Priestly','PPriestly@yahoo.com','1234 DaWrong Lane','Flonkerton','MD','12345','317-928-3561');
INSERT INTO RESERVATION VALUES ('20201026QS1931169115156',1739,null,'QS','2020-10-26','2020-10-27',null,'active');
INSERT INTO INVOICECHARGE VALUES ('20201026QS1931169115156-ch00001','20201026QS1931169115156','2020-10-26',77.4,'Base room charge');
INSERT INTO INVOICECHARGE VALUES ('20201026QS1931169115156-ch00002','20201026QS1931169115156','2020-10-26',39.88,'Cleaning fee');
INSERT INTO PAYMENT VALUES ('20201026QS1931169115156-p00001','20201026QS1931169115156','2020-10-28','CC',117.28,'Pearlene Priestly','9064663525124819',2,2022,852,'Mastercard');
-- ------- SAMPLE 740 ----------
INSERT INTO GUEST VALUES(1740,'Mandi','Mcwain','MMcwain@gmail.com','1234 DaWrong Lane','Flonkerton','MD','12345','242-310-0011');
INSERT INTO RESERVATION VALUES ('20191104QD3889155110832',1740,111,'QD','2019-11-04','2019-11-08',null,'complete');
INSERT INTO INVOICECHARGE VALUES ('20191104QD3889155110832-ch00001','20191104QD3889155110832','2019-11-04',383.81,'Base room charge');
INSERT INTO PAYMENT VALUES ('20191104QD3889155110832-p00001','20191104QD3889155110832','2019-11-06','CC',383.81,'Mandi Mcwain','7571922984299569',7,2026,484,'Mastercard');
-- ------- SAMPLE 741 ----------
INSERT INTO GUEST VALUES(1741,'Eda','Elmendorf','EElmendorf@hotmail.com','1234 DaWrong Lane','Flonkerton','MD','12345','286-036-0027');
INSERT INTO RESERVATION VALUES ('20190316KS8450623818604',1741,117,'KS','2019-03-16','2019-03-20',null,'complete');
INSERT INTO INVOICECHARGE VALUES ('20190316KS8450623818604-ch00001','20190316KS8450623818604','2019-03-16',281.46,'Base room charge');
INSERT INTO INVOICECHARGE VALUES ('20190316KS8450623818604-ch00002','20190316KS8450623818604','2019-03-16',145,'Room Service');
INSERT INTO PAYMENT VALUES ('20190316KS8450623818604-p00001','20190316KS8450623818604','2019-03-18','CC',426.46,'Eda Elmendorf','9277037353551484',10,2021,916,'Mastercard');
-- ------- SAMPLE 742 ----------
INSERT INTO GUEST VALUES(1742,'Stan','Schnell','SSchnell@gmail.com','1234 DaWrong Lane','Flonkerton','MD','12345','653-993-0339');
INSERT INTO RESERVATION VALUES ('20200113QS4442116468069',1742,118,'QS','2020-01-13','2020-01-15',null,'complete');
INSERT INTO INVOICECHARGE VALUES ('20200113QS4442116468069-ch00001','20200113QS4442116468069','2020-01-13',234.55,'Base room charge');
INSERT INTO PAYMENT (payment_id,invoice_id,payment_date,payment_type,payment_amount) VALUES ('20200113QS4442116468069-p00001','20200113QS4442116468069','2020-01-15','CA',234.55);
-- ------- SAMPLE 743 ----------
INSERT INTO GUEST VALUES(1743,'Bradley','Bently','BBently@hotmail.com','1234 DaWrong Lane','Flonkerton','MD','12345','095-650-2962');
INSERT INTO RESERVATION VALUES ('20200326KI4858193068899',1743,209,'KI','2020-03-26','2020-03-30',null,'complete');
INSERT INTO INVOICECHARGE VALUES ('20200326KI4858193068899-ch00001','20200326KI4858193068899','2020-03-26',225.17,'Base room charge');
INSERT INTO INVOICECHARGE VALUES ('20200326KI4858193068899-ch00002','20200326KI4858193068899','2020-03-26',115.99,'Room Service');
INSERT INTO PAYMENT VALUES ('20200326KI4858193068899-p00001','20200326KI4858193068899','2020-03-28','CC',341.16,'Bradley Bently','4672058214267871',1,2027,376,'Mastercard');
-- ------- SAMPLE 744 ----------
INSERT INTO GUEST VALUES(1744,'Leighann','Leith','LLeith@hotmail.com','1234 DaWrong Lane','Flonkerton','MD','12345','894-465-9784');
INSERT INTO RESERVATION VALUES ('20190520QD3124977626001',1744,200,'QD','2019-05-20','2019-05-25',null,'complete');
INSERT INTO INVOICECHARGE VALUES ('20190520QD3124977626001-ch00001','20190520QD3124977626001','2019-05-20',316.64,'Base room charge');
INSERT INTO INVOICECHARGE VALUES ('20190520QD3124977626001-ch00002','20190520QD3124977626001','2019-05-20',163.12,'Cleaning fee');
INSERT INTO PAYMENT VALUES ('20190520QD3124977626001-p00001','20190520QD3124977626001','2019-05-22','CC',479.76,'Leighann Leith','6830910968683763',1,2023,97,'Mastercard');
-- ------- SAMPLE 745 ----------
INSERT INTO GUEST VALUES(1745,'Clara','Crimmins','CCrimmins@yahoo.com','1234 DaWrong Lane','Flonkerton','MD','12345','795-667-1905');
INSERT INTO RESERVATION VALUES ('20200309KI1789167310345',1745,110,'KI','2020-03-09','2020-03-10',null,'complete');
INSERT INTO INVOICECHARGE VALUES ('20200309KI1789167310345-ch00001','20200309KI1789167310345','2020-03-09',56.29,'Base room charge');
INSERT INTO INVOICECHARGE VALUES ('20200309KI1789167310345-ch00002','20200309KI1789167310345','2020-03-09',29,'Cleaning fee');
INSERT INTO PAYMENT (payment_id,invoice_id,payment_date,payment_type,payment_amount) VALUES ('20200309KI1789167310345-p00001','20200309KI1789167310345','2020-03-11','CA',85.29);
-- ------- SAMPLE 746 ----------
INSERT INTO GUEST VALUES(1746,'Shandi','Scharf','SScharf@hotmail.com','1234 DaWrong Lane','Flonkerton','MD','12345','734-568-3803');
INSERT INTO RESERVATION VALUES ('20180731KJ7201254340888',1746,104,'KJ','2018-07-31','2018-08-02',null,'complete');
INSERT INTO INVOICECHARGE VALUES ('20180731KJ7201254340888-ch00001','20180731KJ7201254340888','2018-07-31',277.2,'Base room charge');
INSERT INTO PAYMENT (payment_id,invoice_id,payment_date,payment_type,payment_amount) VALUES ('20180731KJ7201254340888-p00001','20180731KJ7201254340888','2018-08-02','CA',277.2);
-- ------- SAMPLE 747 ----------
INSERT INTO GUEST VALUES(1747,'Shandi','Scharf','SScharf@hotmail.com','1234 DaWrong Lane','Flonkerton','MD','12345','088-011-6342');
INSERT INTO RESERVATION VALUES ('20190511QD6237652481558',1747,111,'QD','2019-05-11','2019-05-15',null,'complete');
INSERT INTO INVOICECHARGE VALUES ('20190511QD6237652481558-ch00001','20190511QD6237652481558','2019-05-11',253.31,'Base room charge');
INSERT INTO INVOICECHARGE VALUES ('20190511QD6237652481558-ch00002','20190511QD6237652481558','2019-05-11',130.5,'Room Service');
INSERT INTO PAYMENT VALUES ('20190511QD6237652481558-p00001','20190511QD6237652481558','2019-05-13','CC',383.81,'Shandi Scharf','9110384178347608',1,2024,614,'Mastercard');
-- ------- SAMPLE 748 ----------
INSERT INTO GUEST VALUES(1748,'Freida','Forbis','FForbis@yahoo.com','1234 DaWrong Lane','Flonkerton','MD','12345','702-352-8344');
INSERT INTO RESERVATION VALUES ('20201222KJ7122121960551',1748,null,'KJ','2020-12-22','2020-12-24',null,'active');
INSERT INTO INVOICECHARGE VALUES ('20201222KJ7122121960551-ch00001','20201222KJ7122121960551','2020-12-22',277.2,'Base room charge');
INSERT INTO PAYMENT VALUES ('20201222KJ7122121960551-p00001','20201222KJ7122121960551','2020-12-24','CC',19,'Freida Forbis','8906517659998208',2,2027,574,'Mastercard');
-- ------- SAMPLE 749 ----------
INSERT INTO GUEST VALUES(1749,'Rickie','Redfern','RRedfern@yahoo.com','1234 DaWrong Lane','Flonkerton','MD','12345','212-773-3754');
INSERT INTO RESERVATION VALUES ('20190407QS6428229394881',1749,202,'QS','2019-04-07','2019-04-12',null,'complete');
INSERT INTO INVOICECHARGE VALUES ('20190407QS6428229394881-ch00001','20190407QS6428229394881','2019-04-07',387.01,'Base room charge');
INSERT INTO INVOICECHARGE VALUES ('20190407QS6428229394881-ch00002','20190407QS6428229394881','2019-04-07',199.37,'Cleaning fee');
INSERT INTO PAYMENT VALUES ('20190407QS6428229394881-p00001','20190407QS6428229394881','2019-04-09','CC',586.38,'Rickie Redfern','4281416166381042',1,2025,695,'Mastercard');
-- ------- SAMPLE 750 ----------
INSERT INTO GUEST VALUES(1750,'Deandre','Defore','DDefore@gmail.com','1234 DaWrong Lane','Flonkerton','MD','12345','628-305-3826');
INSERT INTO RESERVATION VALUES ('20200914KJ8338897685857',1750,null,'KJ','2020-09-14','2020-09-16',null,'active');
INSERT INTO INVOICECHARGE VALUES ('20200914KJ8338897685857-ch00001','20200914KJ8338897685857','2020-09-14',182.95,'Base room charge');
INSERT INTO INVOICECHARGE VALUES ('20200914KJ8338897685857-ch00002','20200914KJ8338897685857','2020-09-14',94.25,'Cleaning fee');
INSERT INTO PAYMENT VALUES ('20200914KJ8338897685857-p00001','20200914KJ8338897685857','2020-09-16','CC',277.2,'Deandre Defore','8587754694345252',12,2021,800,'Mastercard');
-- ------- SAMPLE 751 ----------
INSERT INTO GUEST VALUES(1751,'Sherryl','Shurtleff','SShurtleff@gmail.com','1234 DaWrong Lane','Flonkerton','MD','12345','194-962-0893');
INSERT INTO RESERVATION VALUES ('20180522QD6835412769862',1751,101,'QD','2018-05-22','2018-05-24',null,'complete');
INSERT INTO INVOICECHARGE VALUES ('20180522QD6835412769862-ch00001','20180522QD6835412769862','2018-05-22',126.65,'Base room charge');
INSERT INTO INVOICECHARGE VALUES ('20180522QD6835412769862-ch00002','20180522QD6835412769862','2018-05-22',65.25,'Cleaning fee');
INSERT INTO PAYMENT VALUES ('20180522QD6835412769862-p00001','20180522QD6835412769862','2018-05-24','CC',191.9,'Sherryl Shurtleff','3035897452042540',2,2022,481,'Mastercard');
-- ------- SAMPLE 752 ----------
INSERT INTO GUEST VALUES(1752,'Yuette','Yetman','YYetman@gmail.com','1234 DaWrong Lane','Flonkerton','MD','12345','141-011-6697');
INSERT INTO RESERVATION VALUES ('20201220KI6480727125487',1752,null,'KI','2020-12-20','2020-12-25',null,'active');
INSERT INTO INVOICECHARGE VALUES ('20201220KI6480727125487-ch00001','20201220KI6480727125487','2020-12-20',281.46,'Base room charge');
INSERT INTO INVOICECHARGE VALUES ('20201220KI6480727125487-ch00002','20201220KI6480727125487','2020-12-20',144.99,'Room Service');
INSERT INTO PAYMENT VALUES ('20201220KI6480727125487-p00001','20201220KI6480727125487','2020-12-22','CC',426.45,'Yuette Yetman','2422070235414156',6,2027,577,'Mastercard');
-- ------- SAMPLE 753 ----------
INSERT INTO GUEST VALUES(1753,'Shena','Sandoz','SSandoz@hotmail.com','1234 DaWrong Lane','Flonkerton','MD','12345','052-994-1852');
INSERT INTO RESERVATION VALUES ('20200724QS5910499159428',1753,null,'QS','2020-07-24','2020-07-28',null,'active');
INSERT INTO INVOICECHARGE VALUES ('20200724QS5910499159428-ch00001','20200724QS5910499159428','2020-07-24',469.11,'Base room charge');
INSERT INTO PAYMENT VALUES ('20200724QS5910499159428-p00001','20200724QS5910499159428','2020-07-26','CC',456,'Shena Sandoz','7302445151426987',12,2027,293,'Mastercard');
-- ------- SAMPLE 754 ----------
INSERT INTO GUEST VALUES(1754,'Cherry','Chiarello','CChiarello@gmail.com','1234 DaWrong Lane','Flonkerton','MD','12345','490-215-3285');
INSERT INTO RESERVATION VALUES ('20200916KS3296275992569',1754,null,'KS','2020-09-16','2020-09-18',null,'active');
-- ------- SAMPLE 755 ----------
INSERT INTO GUEST VALUES(1755,'Selene','Staiger','SStaiger@hotmail.com','1234 DaWrong Lane','Flonkerton','MD','12345','087-072-4221');
INSERT INTO RESERVATION VALUES ('20190515QS9621489292976',1755,108,'QS','2019-05-15','2019-05-16',null,'cancelled');
INSERT INTO INVOICECHARGE VALUES ('20190515QS9621489292976-ch00001','20190515QS9621489292976','2019-05-15',77.4,'Base room charge');
INSERT INTO INVOICECHARGE VALUES ('20190515QS9621489292976-ch00002','20190515QS9621489292976','2019-05-15',39.88,'Cleaning fee');
INSERT INTO PAYMENT (payment_id,invoice_id,payment_date,payment_type,payment_amount) VALUES ('20190515QS9621489292976-p00001','20190515QS9621489292976','2019-05-17','CA',117.28);
-- ------- SAMPLE 756 ----------
INSERT INTO GUEST VALUES(1756,'Dorian','Delbosque','DDelbosque@gmail.com','1234 DaWrong Lane','Flonkerton','MD','12345','621-153-2441');
INSERT INTO RESERVATION VALUES ('20191205KJ8913128125203',1756,203,'KJ','2019-12-05','2019-12-08',null,'complete');
INSERT INTO INVOICECHARGE VALUES ('20191205KJ8913128125203-ch00001','20191205KJ8913128125203','2019-12-05',274.43,'Base room charge');
INSERT INTO INVOICECHARGE VALUES ('20191205KJ8913128125203-ch00002','20191205KJ8913128125203','2019-12-05',141.38,'Room Service');
INSERT INTO PAYMENT (payment_id,invoice_id,payment_date,payment_type,payment_amount) VALUES ('20191205KJ8913128125203-p00001','20191205KJ8913128125203','2019-12-07','CA',415.81);
-- ------- SAMPLE 757 ----------
INSERT INTO GUEST VALUES(1757,'Tai','Tookes','TTookes@gmail.com','1234 DaWrong Lane','Flonkerton','MD','12345','460-657-8287');
INSERT INTO RESERVATION VALUES ('20201105KS9747972102329',1757,null,'KS','2020-11-05','2020-11-10',null,'active');
INSERT INTO INVOICECHARGE VALUES ('20201105KS9747972102329-ch00001','20201105KS9747972102329','2020-11-05',351.83,'Base room charge');
INSERT INTO INVOICECHARGE VALUES ('20201105KS9747972102329-ch00002','20201105KS9747972102329','2020-11-05',181.24,'Cleaning fee');
INSERT INTO PAYMENT (payment_id,invoice_id,payment_date,payment_type,payment_amount) VALUES ('20201105KS9747972102329-p00001','20201105KS9747972102329','2020-11-07','CA',533.07);
-- ------- SAMPLE 758 ----------
INSERT INTO GUEST VALUES(1758,'Len','Linquist','LLinquist@hotmail.com','1234 DaWrong Lane','Flonkerton','MD','12345','114-944-6787');
INSERT INTO RESERVATION VALUES ('20191127QS8996878552228',1758,103,'QS','2019-11-27','2019-11-30',null,'complete');
INSERT INTO INVOICECHARGE VALUES ('20191127QS8996878552228-ch00001','20191127QS8996878552228','2019-11-27',232.21,'Base room charge');
INSERT INTO INVOICECHARGE VALUES ('20191127QS8996878552228-ch00002','20191127QS8996878552228','2019-11-27',119.62,'Room Service');
INSERT INTO PAYMENT VALUES ('20191127QS8996878552228-p00001','20191127QS8996878552228','2019-11-29','CC',351.83,'Len Linquist','1493061592387138',4,2023,711,'Mastercard');
-- ------- SAMPLE 759 ----------
INSERT INTO GUEST VALUES(1759,'Stan','Schnell','SSchnell@gmail.com','1234 DaWrong Lane','Flonkerton','MD','12345','123-573-8109');
INSERT INTO RESERVATION VALUES ('20190224KI2304941116039',1759,209,'KI','2019-02-24','2019-02-28',null,'complete');
INSERT INTO INVOICECHARGE VALUES ('20190224KI2304941116039-ch00001','20190224KI2304941116039','2019-02-24',341.16,'Base room charge');
INSERT INTO PAYMENT (payment_id,invoice_id,payment_date,payment_type,payment_amount) VALUES ('20190224KI2304941116039-p00001','20190224KI2304941116039','2019-02-26','CA',341.16);
-- ------- SAMPLE 760 ----------
INSERT INTO GUEST VALUES(1760,'Yuette','Yetman','YYetman@hotmail.com','1234 DaWrong Lane','Flonkerton','MD','12345','168-796-5288');
INSERT INTO RESERVATION VALUES ('20181116QS1745142939181',1760,108,'QS','2018-11-16','2018-11-21',null,'complete');
INSERT INTO INVOICECHARGE VALUES ('20181116QS1745142939181-ch00001','20181116QS1745142939181','2018-11-16',387.01,'Base room charge');
INSERT INTO INVOICECHARGE VALUES ('20181116QS1745142939181-ch00002','20181116QS1745142939181','2018-11-16',199.37,'Cleaning fee');
INSERT INTO PAYMENT VALUES ('20181116QS1745142939181-p00001','20181116QS1745142939181','2018-11-18','CC',586.38,'Yuette Yetman','2321998927358116',10,2022,165,'Mastercard');
-- ------- SAMPLE 761 ----------
INSERT INTO GUEST VALUES(1761,'Piedad','Proctor','PProctor@gmail.com','1234 DaWrong Lane','Flonkerton','MD','12345','367-460-9145');
INSERT INTO RESERVATION VALUES ('20190617QD1763821257902',1761,200,'QD','2019-06-17','2019-06-19',null,'complete');
INSERT INTO INVOICECHARGE VALUES ('20190617QD1763821257902-ch00001','20190617QD1763821257902','2019-06-17',191.9,'Base room charge');
INSERT INTO PAYMENT VALUES ('20190617QD1763821257902-p00001','20190617QD1763821257902','2019-06-19','CC',191.9,'Piedad Proctor','4952807575912524',8,2022,294,'Mastercard');
-- ------- SAMPLE 762 ----------
INSERT INTO GUEST VALUES(1762,'Melaine','Miskell','MMiskell@gmail.com','1234 DaWrong Lane','Flonkerton','MD','12345','215-703-3562');
INSERT INTO RESERVATION VALUES ('20210308QS7410183196696',1762,null,'QS','2021-03-08','2021-03-10',null,'active');
INSERT INTO INVOICECHARGE VALUES ('20210308QS7410183196696-ch00001','20210308QS7410183196696','2021-03-08',154.8,'Base room charge');
INSERT INTO INVOICECHARGE VALUES ('20210308QS7410183196696-ch00002','20210308QS7410183196696','2021-03-08',79.75,'Cleaning fee');
INSERT INTO PAYMENT VALUES ('20210308QS7410183196696-p00001','20210308QS7410183196696','2021-03-10','CC',234.55,'Melaine Miskell','5315925160280660',8,2022,650,'Mastercard');
-- ------- SAMPLE 763 ----------
INSERT INTO GUEST VALUES(1763,'Shera','Shorter','SShorter@gmail.com','1234 DaWrong Lane','Flonkerton','MD','12345','351-370-4882');
INSERT INTO RESERVATION VALUES ('20191228QS1080335608913',1763,103,'QS','2019-12-28','2019-12-30',null,'complete');
INSERT INTO INVOICECHARGE VALUES ('20191228QS1080335608913-ch00001','20191228QS1080335608913','2019-12-28',234.55,'Base room charge');
INSERT INTO PAYMENT VALUES ('20191228QS1080335608913-p00001','20191228QS1080335608913','2019-12-30','CC',234.55,'Shera Shorter','8967089632016750',12,2021,792,'Mastercard');
-- ------- SAMPLE 764 ----------
INSERT INTO GUEST VALUES(1764,'Shae','Sansom','SSansom@hotmail.com','1234 DaWrong Lane','Flonkerton','MD','12345','642-276-9475');
INSERT INTO RESERVATION VALUES ('20200128KJ6609368320329',1764,203,'KJ','2020-01-28','2020-02-02',null,'complete');
INSERT INTO INVOICECHARGE VALUES ('20200128KJ6609368320329-ch00001','20200128KJ6609368320329','2020-01-28',457.39,'Base room charge');
INSERT INTO INVOICECHARGE VALUES ('20200128KJ6609368320329-ch00002','20200128KJ6609368320329','2020-01-28',235.62,'Room Service');
INSERT INTO PAYMENT VALUES ('20200128KJ6609368320329-p00001','20200128KJ6609368320329','2020-01-30','CC',693.01,'Shae Sansom','1797162841251742',2,2021,540,'Mastercard');
-- ------- SAMPLE 765 ----------
INSERT INTO GUEST VALUES(1765,'Selene','Staiger','SStaiger@gmail.com','1234 DaWrong Lane','Flonkerton','MD','12345','840-508-5232');
INSERT INTO RESERVATION VALUES ('20191215KJ3991388737988',1765,109,'KJ','2019-12-15','2019-12-20',null,'complete');
INSERT INTO INVOICECHARGE VALUES ('20191215KJ3991388737988-ch00001','20191215KJ3991388737988','2019-12-15',693.01,'Base room charge');
INSERT INTO PAYMENT VALUES ('20191215KJ3991388737988-p00001','20191215KJ3991388737988','2019-12-17','CC',693.01,'Selene Staiger','8218811083948211',8,2027,162,'Mastercard');
-- ------- SAMPLE 766 ----------
INSERT INTO GUEST VALUES(1766,'Lillia','Linen','LLinen@hotmail.com','1234 DaWrong Lane','Flonkerton','MD','12345','188-531-1337');
INSERT INTO RESERVATION VALUES ('20190406KI4270241225301',1766,110,'KI','2019-04-06','2019-04-11',null,'cancelled');
INSERT INTO INVOICECHARGE VALUES ('20190406KI4270241225301-ch00001','20190406KI4270241225301','2019-04-06',426.45,'Base room charge');
INSERT INTO PAYMENT VALUES ('20190406KI4270241225301-p00001','20190406KI4270241225301','2019-04-08','CC',426.45,'Lillia Linen','5002982496388134',12,2027,642,'Mastercard');
-- ------- SAMPLE 767 ----------
INSERT INTO GUEST VALUES(1767,'Shad','Sitler','SSitler@yahoo.com','1234 DaWrong Lane','Flonkerton','MD','12345','453-784-6500');
INSERT INTO RESERVATION VALUES ('20190123QS7154796891487',1767,118,'QS','2019-01-23','2019-01-26',null,'complete');
INSERT INTO INVOICECHARGE VALUES ('20190123QS7154796891487-ch00001','20190123QS7154796891487','2019-01-23',351.83,'Base room charge');
INSERT INTO PAYMENT VALUES ('20190123QS7154796891487-p00001','20190123QS7154796891487','2019-01-25','CC',351.83,'Shad Sitler','5650214339285305',5,2023,311,'Mastercard');
-- ------- SAMPLE 768 ----------
INSERT INTO GUEST VALUES(1768,'Rosemarie','Roeser','RRoeser@gmail.com','1234 DaWrong Lane','Flonkerton','MD','12345','468-618-7306');
INSERT INTO RESERVATION VALUES ('20200804KI5940221650880',1768,null,'KI','2020-08-04','2020-08-09',null,'active');
INSERT INTO INVOICECHARGE VALUES ('20200804KI5940221650880-ch00001','20200804KI5940221650880','2020-08-04',426.45,'Base room charge');
INSERT INTO PAYMENT VALUES ('20200804KI5940221650880-p00001','20200804KI5940221650880','2020-08-06','CC',426.45,'Rosemarie Roeser','3349409539245023',9,2023,846,'Mastercard');
-- ------- SAMPLE 769 ----------
INSERT INTO GUEST VALUES(1769,'Hanna','Hastie','HHastie@yahoo.com','1234 DaWrong Lane','Flonkerton','MD','12345','737-848-4347');
INSERT INTO RESERVATION VALUES ('20201123QD8947177250109',1769,null,'QD','2020-11-23','2020-11-26',null,'active');
INSERT INTO INVOICECHARGE VALUES ('20201123QD8947177250109-ch00001','20201123QD8947177250109','2020-11-23',189.99,'Base room charge');
INSERT INTO INVOICECHARGE VALUES ('20201123QD8947177250109-ch00002','20201123QD8947177250109','2020-11-23',97.87,'Cleaning fee');
INSERT INTO PAYMENT VALUES ('20201123QD8947177250109-p00001','20201123QD8947177250109','2020-11-25','CC',287.86,'Hanna Hastie','3099986647130242',3,2022,342,'Mastercard');
-- ------- SAMPLE 770 ----------
INSERT INTO GUEST VALUES(1770,'Hanna','Hastie','HHastie@gmail.com','1234 DaWrong Lane','Flonkerton','MD','12345','794-157-1871');
INSERT INTO RESERVATION VALUES ('20200330KJ9577474229179',1770,109,'KJ','2020-03-30','2020-04-02',null,'complete');
INSERT INTO INVOICECHARGE VALUES ('20200330KJ9577474229179-ch00001','20200330KJ9577474229179','2020-03-30',274.43,'Base room charge');
INSERT INTO INVOICECHARGE VALUES ('20200330KJ9577474229179-ch00002','20200330KJ9577474229179','2020-03-30',141.38,'Cleaning fee');
INSERT INTO PAYMENT VALUES ('20200330KJ9577474229179-p00001','20200330KJ9577474229179','2020-04-01','CC',415.81,'Hanna Hastie','3597812366413240',1,2027,545,'Mastercard');
-- ------- SAMPLE 771 ----------
INSERT INTO GUEST VALUES(1771,'Major','Meng','MMeng@hotmail.com','1234 DaWrong Lane','Flonkerton','MD','12345','186-215-8202');
INSERT INTO RESERVATION VALUES ('20200918KJ3338160350353',1771,null,'KJ','2020-09-18','2020-09-21',null,'active');
INSERT INTO INVOICECHARGE VALUES ('20200918KJ3338160350353-ch00001','20200918KJ3338160350353','2020-09-18',274.43,'Base room charge');
INSERT INTO INVOICECHARGE VALUES ('20200918KJ3338160350353-ch00002','20200918KJ3338160350353','2020-09-18',141.38,'Cleaning fee');
INSERT INTO PAYMENT (payment_id,invoice_id,payment_date,payment_type,payment_amount) VALUES ('20200918KJ3338160350353-p00001','20200918KJ3338160350353','2020-09-20','CA',415.81);
-- ------- SAMPLE 772 ----------
INSERT INTO GUEST VALUES(1772,'Shenna','Salmi','SSalmi@hotmail.com','1234 DaWrong Lane','Flonkerton','MD','12345','305-846-1514');
INSERT INTO RESERVATION VALUES ('20190120QS6258601366926',1772,207,'QS','2019-01-20','2019-01-25',null,'complete');
INSERT INTO INVOICECHARGE VALUES ('20190120QS6258601366926-ch00001','20190120QS6258601366926','2019-01-20',586.38,'Base room charge');
INSERT INTO PAYMENT VALUES ('20190120QS6258601366926-p00001','20190120QS6258601366926','2019-01-22','CC',586.38,'Shenna Salmi','8453418314693148',6,2024,356,'Mastercard');
-- ------- SAMPLE 773 ----------
INSERT INTO GUEST VALUES(1773,'Luella','Lundstrom','LLundstrom@gmail.com','1234 DaWrong Lane','Flonkerton','MD','12345','109-330-6112');
INSERT INTO RESERVATION VALUES ('20180810KI9251765566485',1773,115,'KI','2018-08-10','2018-08-12',null,'complete');
INSERT INTO INVOICECHARGE VALUES ('20180810KI9251765566485-ch00001','20180810KI9251765566485','2018-08-10',170.58,'Base room charge');
INSERT INTO PAYMENT VALUES ('20180810KI9251765566485-p00001','20180810KI9251765566485','2018-08-12','CC',170.58,'Luella Lundstrom','5094323581956036',3,2021,729,'Mastercard');
-- ------- SAMPLE 774 ----------
INSERT INTO GUEST VALUES(1774,'Kenisha','Kane','KKane@gmail.com','1234 DaWrong Lane','Flonkerton','MD','12345','989-789-2201');
INSERT INTO RESERVATION VALUES ('20200604KJ1704125885777',1774,null,'KJ','2020-06-04','2020-06-09',null,'active');
INSERT INTO INVOICECHARGE VALUES ('20200604KJ1704125885777-ch00001','20200604KJ1704125885777','2020-06-04',693.01,'Base room charge');
INSERT INTO PAYMENT VALUES ('20200604KJ1704125885777-p00001','20200604KJ1704125885777','2020-06-06','CC',548,'Kenisha Kane','5163608014313745',2,2021,12,'Mastercard');
-- ------- SAMPLE 775 ----------
INSERT INTO GUEST VALUES(1775,'Floy','Feinstein','FFeinstein@yahoo.com','1234 DaWrong Lane','Flonkerton','MD','12345','206-487-8776');
INSERT INTO RESERVATION VALUES ('20200415KJ9670207787240',1775,208,'KJ','2020-04-15','2020-04-17',null,'complete');
INSERT INTO INVOICECHARGE VALUES ('20200415KJ9670207787240-ch00001','20200415KJ9670207787240','2020-04-15',182.95,'Base room charge');
INSERT INTO INVOICECHARGE VALUES ('20200415KJ9670207787240-ch00002','20200415KJ9670207787240','2020-04-15',94.25,'Cleaning fee');
INSERT INTO PAYMENT VALUES ('20200415KJ9670207787240-p00001','20200415KJ9670207787240','2020-04-17','CC',277.2,'Floy Feinstein','8113411413549218',3,2022,623,'Mastercard');
-- ------- SAMPLE 776 ----------
INSERT INTO GUEST VALUES(1776,'Fiona','Figgs','FFiggs@hotmail.com','1234 DaWrong Lane','Flonkerton','MD','12345','036-792-9810');
INSERT INTO RESERVATION VALUES ('20180819KS2900809955488',1776,206,'KS','2018-08-19','2018-08-20',null,'cancelled');
INSERT INTO INVOICECHARGE VALUES ('20180819KS2900809955488-ch00001','20180819KS2900809955488','2018-08-19',106.61,'Base room charge');
INSERT INTO PAYMENT VALUES ('20180819KS2900809955488-p00001','20180819KS2900809955488','2018-08-21','CC',106.61,'Fiona Figgs','9283259887443353',11,2027,320,'Mastercard');
-- ------- SAMPLE 777 ----------
INSERT INTO GUEST VALUES(1777,'Shaneka','Stribling','SStribling@hotmail.com','1234 DaWrong Lane','Flonkerton','MD','12345','343-609-2358');
INSERT INTO RESERVATION VALUES ('20200301KS1065362262681',1777,102,'KS','2020-03-01','2020-03-05',null,'complete');
INSERT INTO INVOICECHARGE VALUES ('20200301KS1065362262681-ch00001','20200301KS1065362262681','2020-03-01',281.46,'Base room charge');
INSERT INTO INVOICECHARGE VALUES ('20200301KS1065362262681-ch00002','20200301KS1065362262681','2020-03-01',145,'Room Service');
INSERT INTO PAYMENT VALUES ('20200301KS1065362262681-p00001','20200301KS1065362262681','2020-03-03','CC',426.46,'Shaneka Stribling','4288481470554278',5,2025,177,'Mastercard');
-- ------- SAMPLE 778 ----------
INSERT INTO GUEST VALUES(1778,'Francie','Fairbank','FFairbank@yahoo.com','1234 DaWrong Lane','Flonkerton','MD','12345','855-195-9399');
INSERT INTO RESERVATION VALUES ('20180612KI8954206569742',1778,120,'KI','2018-06-12','2018-06-17',null,'complete');
INSERT INTO INVOICECHARGE VALUES ('20180612KI8954206569742-ch00001','20180612KI8954206569742','2018-06-12',281.46,'Base room charge');
INSERT INTO INVOICECHARGE VALUES ('20180612KI8954206569742-ch00002','20180612KI8954206569742','2018-06-12',144.99,'Room Service');
INSERT INTO PAYMENT VALUES ('20180612KI8954206569742-p00001','20180612KI8954206569742','2018-06-14','CC',426.45,'Francie Fairbank','4599625140676229',2,2021,871,'Mastercard');
-- ------- SAMPLE 779 ----------
INSERT INTO GUEST VALUES(1779,'Fonda','Foreman','FForeman@hotmail.com','1234 DaWrong Lane','Flonkerton','MD','12345','989-609-8167');
INSERT INTO RESERVATION VALUES ('20191029QD9614271166626',1779,116,'QD','2019-10-29','2019-10-30',null,'complete');
INSERT INTO INVOICECHARGE VALUES ('20191029QD9614271166626-ch00001','20191029QD9614271166626','2019-10-29',63.33,'Base room charge');
INSERT INTO INVOICECHARGE VALUES ('20191029QD9614271166626-ch00002','20191029QD9614271166626','2019-10-29',32.62,'Room Service');
INSERT INTO PAYMENT VALUES ('20191029QD9614271166626-p00001','20191029QD9614271166626','2019-10-31','CC',95.95,'Fonda Foreman','2717445706318093',10,2025,667,'Mastercard');
-- ------- SAMPLE 780 ----------
INSERT INTO GUEST VALUES(1780,'Kerstin','Khalaf','KKhalaf@gmail.com','1234 DaWrong Lane','Flonkerton','MD','12345','007-098-7617');
INSERT INTO RESERVATION VALUES ('20191116KS8245786033309',1780,112,'KS','2019-11-16','2019-11-17',null,'cancelled');
INSERT INTO INVOICECHARGE VALUES ('20191116KS8245786033309-ch00001','20191116KS8245786033309','2019-11-16',106.61,'Base room charge');
INSERT INTO PAYMENT (payment_id,invoice_id,payment_date,payment_type,payment_amount) VALUES ('20191116KS8245786033309-p00001','20191116KS8245786033309','2019-11-18','CA',106.61);
-- ------- SAMPLE 781 ----------
INSERT INTO GUEST VALUES(1781,'Willian','Wiest','WWiest@gmail.com','1234 DaWrong Lane','Flonkerton','MD','12345','536-366-7395');
INSERT INTO RESERVATION VALUES ('20200929QS4794975781757',1781,null,'QS','2020-09-29','2020-10-02',null,'active');
INSERT INTO INVOICECHARGE VALUES ('20200929QS4794975781757-ch00001','20200929QS4794975781757','2020-09-29',351.83,'Base room charge');
INSERT INTO PAYMENT VALUES ('20200929QS4794975781757-p00001','20200929QS4794975781757','2020-10-01','CC',351.83,'Willian Wiest','3026697191446189',4,2021,786,'Mastercard');
-- ------- SAMPLE 782 ----------
INSERT INTO GUEST VALUES(1782,'Asa','Allan','AAllan@gmail.com','1234 DaWrong Lane','Flonkerton','MD','12345','850-714-3191');
INSERT INTO RESERVATION VALUES ('20181009KI5903773568321',1782,120,'KI','2018-10-09','2018-10-14',null,'complete');
INSERT INTO INVOICECHARGE VALUES ('20181009KI5903773568321-ch00001','20181009KI5903773568321','2018-10-09',281.46,'Base room charge');
INSERT INTO INVOICECHARGE VALUES ('20181009KI5903773568321-ch00002','20181009KI5903773568321','2018-10-09',144.99,'Room Service');
INSERT INTO PAYMENT VALUES ('20181009KI5903773568321-p00001','20181009KI5903773568321','2018-10-11','CC',426.45,'Asa Allan','8051538965531032',3,2024,208,'Mastercard');
-- ------- SAMPLE 783 ----------
INSERT INTO GUEST VALUES(1783,'Florentino','Feth','FFeth@yahoo.com','1234 DaWrong Lane','Flonkerton','MD','12345','064-198-5596');
INSERT INTO RESERVATION VALUES ('20191022KS3017003530351',1783,102,'KS','2019-10-22','2019-10-26',null,'complete');
INSERT INTO INVOICECHARGE VALUES ('20191022KS3017003530351-ch00001','20191022KS3017003530351','2019-10-22',426.46,'Base room charge');
INSERT INTO PAYMENT VALUES ('20191022KS3017003530351-p00001','20191022KS3017003530351','2019-10-24','CC',426.46,'Florentino Feth','3667112268200892',11,2025,407,'Mastercard');
-- ------- SAMPLE 784 ----------
INSERT INTO GUEST VALUES(1784,'Dorian','Delbosque','DDelbosque@hotmail.com','1234 DaWrong Lane','Flonkerton','MD','12345','165-219-8502');
INSERT INTO RESERVATION VALUES ('20201006QD9979552808157',1784,null,'QD','2020-10-06','2020-10-08',null,'active');
INSERT INTO INVOICECHARGE VALUES ('20201006QD9979552808157-ch00001','20201006QD9979552808157','2020-10-06',191.9,'Base room charge');
INSERT INTO PAYMENT VALUES ('20201006QD9979552808157-p00001','20201006QD9979552808157','2020-10-08','CC',14,'Dorian Delbosque','1305520248823093',6,2024,123,'Mastercard');
-- ------- SAMPLE 785 ----------
INSERT INTO GUEST VALUES(1785,'Tomika','Teran','TTeran@yahoo.com','1234 DaWrong Lane','Flonkerton','MD','12345','931-218-9470');
INSERT INTO RESERVATION VALUES ('20180917KI1738328420044',1785,204,'KI','2018-09-17','2018-09-20',null,'complete');
INSERT INTO INVOICECHARGE VALUES ('20180917KI1738328420044-ch00001','20180917KI1738328420044','2018-09-17',168.87,'Base room charge');
INSERT INTO INVOICECHARGE VALUES ('20180917KI1738328420044-ch00002','20180917KI1738328420044','2018-09-17',87,'Cleaning fee');
INSERT INTO PAYMENT (payment_id,invoice_id,payment_date,payment_type,payment_amount) VALUES ('20180917KI1738328420044-p00001','20180917KI1738328420044','2018-09-19','CA',255.87);
-- ------- SAMPLE 786 ----------
INSERT INTO GUEST VALUES(1786,'Deangelo','Deloera','DDeloera@gmail.com','1234 DaWrong Lane','Flonkerton','MD','12345','889-120-9463');
INSERT INTO RESERVATION VALUES ('20180714QS4803133704110',1786,108,'QS','2018-07-14','2018-07-19',null,'complete');
INSERT INTO INVOICECHARGE VALUES ('20180714QS4803133704110-ch00001','20180714QS4803133704110','2018-07-14',387.01,'Base room charge');
INSERT INTO INVOICECHARGE VALUES ('20180714QS4803133704110-ch00002','20180714QS4803133704110','2018-07-14',199.37,'Cleaning fee');
INSERT INTO PAYMENT (payment_id,invoice_id,payment_date,payment_type,payment_amount) VALUES ('20180714QS4803133704110-p00001','20180714QS4803133704110','2018-07-16','CA',586.38);
-- ------- SAMPLE 787 ----------
INSERT INTO GUEST VALUES(1787,'Darrin','Drum','DDrum@yahoo.com','1234 DaWrong Lane','Flonkerton','MD','12345','508-365-0623');
INSERT INTO RESERVATION VALUES ('20200723KJ7300719006103',1787,null,'KJ','2020-07-23','2020-07-28',null,'active');
INSERT INTO INVOICECHARGE VALUES ('20200723KJ7300719006103-ch00001','20200723KJ7300719006103','2020-07-23',457.39,'Base room charge');
INSERT INTO INVOICECHARGE VALUES ('20200723KJ7300719006103-ch00002','20200723KJ7300719006103','2020-07-23',235.62,'Cleaning fee');
INSERT INTO PAYMENT (payment_id,invoice_id,payment_date,payment_type,payment_amount) VALUES ('20200723KJ7300719006103-p00001','20200723KJ7300719006103','2020-07-25','CA',693.01);
-- ------- SAMPLE 788 ----------
INSERT INTO GUEST VALUES(1788,'Edmundo','Erickson','EErickson@gmail.com','1234 DaWrong Lane','Flonkerton','MD','12345','536-468-1213');
INSERT INTO RESERVATION VALUES ('20181027KJ6069583474360',1788,114,'KJ','2018-10-27','2018-11-01',null,'complete');
INSERT INTO INVOICECHARGE VALUES ('20181027KJ6069583474360-ch00001','20181027KJ6069583474360','2018-10-27',457.39,'Base room charge');
INSERT INTO INVOICECHARGE VALUES ('20181027KJ6069583474360-ch00002','20181027KJ6069583474360','2018-10-27',235.62,'Room Service');
INSERT INTO PAYMENT VALUES ('20181027KJ6069583474360-p00001','20181027KJ6069583474360','2018-10-29','CC',693.01,'Edmundo Erickson','9216435395348899',11,2026,605,'Mastercard');
-- ------- SAMPLE 789 ----------
INSERT INTO GUEST VALUES(1789,'Laraine','Lazar','LLazar@gmail.com','1234 DaWrong Lane','Flonkerton','MD','12345','843-021-6862');
INSERT INTO RESERVATION VALUES ('20200815QD1393125283718',1789,null,'QD','2020-08-15','2020-08-17',null,'active');
INSERT INTO INVOICECHARGE VALUES ('20200815QD1393125283718-ch00001','20200815QD1393125283718','2020-08-15',126.65,'Base room charge');
INSERT INTO INVOICECHARGE VALUES ('20200815QD1393125283718-ch00002','20200815QD1393125283718','2020-08-15',65.25,'Cleaning fee');
INSERT INTO PAYMENT VALUES ('20200815QD1393125283718-p00001','20200815QD1393125283718','2020-08-17','CC',191.9,'Laraine Lazar','8541695266323574',9,2021,467,'Mastercard');
-- ------- SAMPLE 790 ----------
INSERT INTO GUEST VALUES(1790,'Marylynn','Musson','MMusson@yahoo.com','1234 DaWrong Lane','Flonkerton','MD','12345','558-622-7190');
INSERT INTO RESERVATION VALUES ('20191225QD3878215521192',1790,111,'QD','2019-12-25','2019-12-27',null,'complete');
INSERT INTO INVOICECHARGE VALUES ('20191225QD3878215521192-ch00001','20191225QD3878215521192','2019-12-25',191.9,'Base room charge');
INSERT INTO PAYMENT VALUES ('20191225QD3878215521192-p00001','20191225QD3878215521192','2019-12-27','CC',191.9,'Marylynn Musson','7689096173645837',2,2025,630,'Mastercard');
-- ------- SAMPLE 791 ----------
INSERT INTO GUEST VALUES(1791,'Nena','Nunez','NNunez@hotmail.com','1234 DaWrong Lane','Flonkerton','MD','12345','857-648-3909');
INSERT INTO RESERVATION VALUES ('20190603KI6465051324098',1791,120,'KI','2019-06-03','2019-06-08',null,'complete');
INSERT INTO INVOICECHARGE VALUES ('20190603KI6465051324098-ch00001','20190603KI6465051324098','2019-06-03',426.45,'Base room charge');
INSERT INTO PAYMENT VALUES ('20190603KI6465051324098-p00001','20190603KI6465051324098','2019-06-05','CC',426.45,'Nena Nunez','3833107715580776',1,2024,962,'Mastercard');
-- ------- SAMPLE 792 ----------
INSERT INTO GUEST VALUES(1792,'Natalia','Nowacki','NNowacki@gmail.com','1234 DaWrong Lane','Flonkerton','MD','12345','170-021-5479');
INSERT INTO RESERVATION VALUES ('20201009KJ6349319629761',1792,null,'KJ','2020-10-09','2020-10-13',null,'active');
-- ------- SAMPLE 793 ----------
INSERT INTO GUEST VALUES(1793,'Boris','Berner','BBerner@gmail.com','1234 DaWrong Lane','Flonkerton','MD','12345','250-472-2552');
INSERT INTO RESERVATION VALUES ('20200911KI6840624291300',1793,null,'KI','2020-09-11','2020-09-12',null,'active');
INSERT INTO INVOICECHARGE VALUES ('20200911KI6840624291300-ch00001','20200911KI6840624291300','2020-09-11',85.29,'Base room charge');
INSERT INTO PAYMENT VALUES ('20200911KI6840624291300-p00001','20200911KI6840624291300','2020-09-13','CC',85.29,'Boris Berner','2746601306023119',9,2021,607,'Mastercard');
-- ------- SAMPLE 794 ----------
INSERT INTO GUEST VALUES(1794,'Serafina','Singh','SSingh@yahoo.com','1234 DaWrong Lane','Flonkerton','MD','12345','884-813-5635');
INSERT INTO RESERVATION VALUES ('20201005QD1982533253728',1794,null,'QD','2020-10-05','2020-10-08',null,'active');
INSERT INTO INVOICECHARGE VALUES ('20201005QD1982533253728-ch00001','20201005QD1982533253728','2020-10-05',189.99,'Base room charge');
INSERT INTO INVOICECHARGE VALUES ('20201005QD1982533253728-ch00002','20201005QD1982533253728','2020-10-05',97.87,'Cleaning fee');
INSERT INTO PAYMENT VALUES ('20201005QD1982533253728-p00001','20201005QD1982533253728','2020-10-07','CC',155,'Serafina Singh','3998855736525228',6,2022,304,'Mastercard');
-- ------- SAMPLE 795 ----------
INSERT INTO GUEST VALUES(1795,'Theodora','Trickey','TTrickey@hotmail.com','1234 DaWrong Lane','Flonkerton','MD','12345','042-687-2181');
INSERT INTO RESERVATION VALUES ('20191112QS2180464228374',1795,103,'QS','2019-11-12','2019-11-17',null,'complete');
INSERT INTO INVOICECHARGE VALUES ('20191112QS2180464228374-ch00001','20191112QS2180464228374','2019-11-12',586.38,'Base room charge');
INSERT INTO PAYMENT VALUES ('20191112QS2180464228374-p00001','20191112QS2180464228374','2019-11-14','CC',586.38,'Theodora Trickey','3673640286728543',1,2026,132,'Mastercard');
-- ------- SAMPLE 796 ----------
INSERT INTO GUEST VALUES(1796,'Eryn','Edenfield','EEdenfield@yahoo.com','1234 DaWrong Lane','Flonkerton','MD','12345','046-704-4578');
INSERT INTO RESERVATION VALUES ('20181006QD3707849715859',1796,106,'QD','2018-10-06','2018-10-07',null,'complete');
INSERT INTO INVOICECHARGE VALUES ('20181006QD3707849715859-ch00001','20181006QD3707849715859','2018-10-06',95.95,'Base room charge');
INSERT INTO PAYMENT VALUES ('20181006QD3707849715859-p00001','20181006QD3707849715859','2018-10-08','CC',95.95,'Eryn Edenfield','4640678250305946',2,2024,578,'Mastercard');
-- ------- SAMPLE 797 ----------
INSERT INTO GUEST VALUES(1797,'Julene','Jahn','JJahn@gmail.com','1234 DaWrong Lane','Flonkerton','MD','12345','482-875-6531');
INSERT INTO RESERVATION VALUES ('20190607KI2877949049110',1797,209,'KI','2019-06-07','2019-06-12',null,'complete');
INSERT INTO INVOICECHARGE VALUES ('20190607KI2877949049110-ch00001','20190607KI2877949049110','2019-06-07',281.46,'Base room charge');
INSERT INTO INVOICECHARGE VALUES ('20190607KI2877949049110-ch00002','20190607KI2877949049110','2019-06-07',144.99,'Cleaning fee');
INSERT INTO PAYMENT VALUES ('20190607KI2877949049110-p00001','20190607KI2877949049110','2019-06-09','CC',426.45,'Julene Jahn','9744891669148025',3,2021,783,'Mastercard');
-- ------- SAMPLE 798 ----------
INSERT INTO GUEST VALUES(1798,'Sherryl','Shurtleff','SShurtleff@yahoo.com','1234 DaWrong Lane','Flonkerton','MD','12345','117-325-3227');
INSERT INTO RESERVATION VALUES ('20180531KS6654191400030',1798,107,'KS','2018-05-31','2018-06-04',null,'complete');
INSERT INTO INVOICECHARGE VALUES ('20180531KS6654191400030-ch00001','20180531KS6654191400030','2018-05-31',281.46,'Base room charge');
INSERT INTO INVOICECHARGE VALUES ('20180531KS6654191400030-ch00002','20180531KS6654191400030','2018-05-31',145,'Cleaning fee');
INSERT INTO PAYMENT VALUES ('20180531KS6654191400030-p00001','20180531KS6654191400030','2018-06-02','CC',426.46,'Sherryl Shurtleff','8925536605235782',7,2022,512,'Mastercard');
-- ------- SAMPLE 799 ----------
INSERT INTO GUEST VALUES(1799,'Georgianne','Guadarrama','GGuadarrama@gmail.com','1234 DaWrong Lane','Flonkerton','MD','12345','627-042-1013');
INSERT INTO RESERVATION VALUES ('20190416QS2979909655490',1799,202,'QS','2019-04-16','2019-04-20',null,'complete');
INSERT INTO INVOICECHARGE VALUES ('20190416QS2979909655490-ch00001','20190416QS2979909655490','2019-04-16',309.61,'Base room charge');
INSERT INTO INVOICECHARGE VALUES ('20190416QS2979909655490-ch00002','20190416QS2979909655490','2019-04-16',159.5,'Room Service');
INSERT INTO PAYMENT VALUES ('20190416QS2979909655490-p00001','20190416QS2979909655490','2019-04-18','CC',469.11,'Georgianne Guadarrama','9170037055230537',3,2021,723,'Mastercard');
-- ------- SAMPLE 800 ----------
INSERT INTO GUEST VALUES(1800,'Pearlene','Priestly','PPriestly@yahoo.com','1234 DaWrong Lane','Flonkerton','MD','12345','191-756-9612');
INSERT INTO RESERVATION VALUES ('20190605KJ2890940464804',1800,109,'KJ','2019-06-05','2019-06-08',null,'cancelled');
INSERT INTO INVOICECHARGE VALUES ('20190605KJ2890940464804-ch00001','20190605KJ2890940464804','2019-06-05',415.81,'Base room charge');
INSERT INTO PAYMENT VALUES ('20190605KJ2890940464804-p00001','20190605KJ2890940464804','2019-06-07','CC',415.81,'Pearlene Priestly','7250306987683878',3,2027,655,'Mastercard');
-- ------- SAMPLE 801 ----------
INSERT INTO GUEST VALUES(1801,'Liliana','Lueck','LLueck@hotmail.com','1234 DaWrong Lane','Flonkerton','MD','12345','256-975-3126');
INSERT INTO RESERVATION VALUES ('20190715KI2082867929072',1801,204,'KI','2019-07-15','2019-07-19',null,'complete');
INSERT INTO INVOICECHARGE VALUES ('20190715KI2082867929072-ch00001','20190715KI2082867929072','2019-07-15',225.17,'Base room charge');
INSERT INTO INVOICECHARGE VALUES ('20190715KI2082867929072-ch00002','20190715KI2082867929072','2019-07-15',115.99,'Cleaning fee');
INSERT INTO PAYMENT VALUES ('20190715KI2082867929072-p00001','20190715KI2082867929072','2019-07-17','CC',341.16,'Liliana Lueck','7933054390688530',9,2026,799,'Mastercard');
-- ------- SAMPLE 802 ----------
INSERT INTO GUEST VALUES(1802,'Fredericka','Farney','FFarney@gmail.com','1234 DaWrong Lane','Flonkerton','MD','12345','901-632-0574');
INSERT INTO RESERVATION VALUES ('20191112KS2097642225125',1802,107,'KS','2019-11-12','2019-11-15',null,'complete');
INSERT INTO INVOICECHARGE VALUES ('20191112KS2097642225125-ch00001','20191112KS2097642225125','2019-11-12',211.09,'Base room charge');
INSERT INTO INVOICECHARGE VALUES ('20191112KS2097642225125-ch00002','20191112KS2097642225125','2019-11-12',108.75,'Cleaning fee');
INSERT INTO PAYMENT VALUES ('20191112KS2097642225125-p00001','20191112KS2097642225125','2019-11-14','CC',319.84,'Fredericka Farney','5908779982459612',4,2024,854,'Mastercard');
-- ------- SAMPLE 803 ----------
INSERT INTO GUEST VALUES(1803,'Shena','Sandoz','SSandoz@yahoo.com','1234 DaWrong Lane','Flonkerton','MD','12345','445-387-7660');
INSERT INTO RESERVATION VALUES ('20210204QD2148257231661',1803,null,'QD','2021-02-04','2021-02-09',null,'active');
-- ------- SAMPLE 804 ----------
INSERT INTO GUEST VALUES(1804,'Romelia','Rigdon','RRigdon@gmail.com','1234 DaWrong Lane','Flonkerton','MD','12345','727-403-9668');
INSERT INTO RESERVATION VALUES ('20180530KJ8559870697271',1804,114,'KJ','2018-05-30','2018-05-31',null,'cancelled');
INSERT INTO INVOICECHARGE VALUES ('20180530KJ8559870697271-ch00001','20180530KJ8559870697271','2018-05-30',91.48,'Base room charge');
INSERT INTO INVOICECHARGE VALUES ('20180530KJ8559870697271-ch00002','20180530KJ8559870697271','2018-05-30',47.12,'Room Service');
INSERT INTO PAYMENT VALUES ('20180530KJ8559870697271-p00001','20180530KJ8559870697271','2018-06-01','CC',138.6,'Romelia Rigdon','1728791195943098',6,2022,938,'Mastercard');
-- ------- SAMPLE 805 ----------
INSERT INTO GUEST VALUES(1805,'Mario','Macdowell','MMacdowell@hotmail.com','1234 DaWrong Lane','Flonkerton','MD','12345','283-564-5176');
INSERT INTO RESERVATION VALUES ('20200820KI6883485746800',1805,null,'KI','2020-08-20','2020-08-23',null,'active');
INSERT INTO INVOICECHARGE VALUES ('20200820KI6883485746800-ch00001','20200820KI6883485746800','2020-08-20',168.87,'Base room charge');
INSERT INTO INVOICECHARGE VALUES ('20200820KI6883485746800-ch00002','20200820KI6883485746800','2020-08-20',87,'Cleaning fee');
INSERT INTO PAYMENT (payment_id,invoice_id,payment_date,payment_type,payment_amount) VALUES ('20200820KI6883485746800-p00001','20200820KI6883485746800','2020-08-22','CA',255.87);
-- ------- SAMPLE 806 ----------
INSERT INTO GUEST VALUES(1806,'Danette','Dammann','DDammann@gmail.com','1234 DaWrong Lane','Flonkerton','MD','12345','644-708-1642');
INSERT INTO RESERVATION VALUES ('20190415QD6304593748635',1806,200,'QD','2019-04-15','2019-04-19',null,'complete');
INSERT INTO INVOICECHARGE VALUES ('20190415QD6304593748635-ch00001','20190415QD6304593748635','2019-04-15',383.81,'Base room charge');
INSERT INTO PAYMENT VALUES ('20190415QD6304593748635-p00001','20190415QD6304593748635','2019-04-17','CC',383.81,'Danette Dammann','2820362899991589',4,2027,577,'Mastercard');
-- ------- SAMPLE 807 ----------
INSERT INTO GUEST VALUES(1807,'Delora','Delph','DDelph@yahoo.com','1234 DaWrong Lane','Flonkerton','MD','12345','083-520-1713');
INSERT INTO RESERVATION VALUES ('20200317QS9232025431280',1807,113,'QS','2020-03-17','2020-03-22',null,'complete');
INSERT INTO INVOICECHARGE VALUES ('20200317QS9232025431280-ch00001','20200317QS9232025431280','2020-03-17',586.38,'Base room charge');
INSERT INTO PAYMENT VALUES ('20200317QS9232025431280-p00001','20200317QS9232025431280','2020-03-19','CC',586.38,'Delora Delph','6787846516633461',3,2025,338,'Mastercard');
-- ------- SAMPLE 808 ----------
INSERT INTO GUEST VALUES(1808,'Ceola','Carasco','CCarasco@hotmail.com','1234 DaWrong Lane','Flonkerton','MD','12345','353-084-4039');
INSERT INTO RESERVATION VALUES ('20181028KI9064722448281',1808,105,'KI','2018-10-28','2018-10-30',null,'complete');
INSERT INTO INVOICECHARGE VALUES ('20181028KI9064722448281-ch00001','20181028KI9064722448281','2018-10-28',170.58,'Base room charge');
INSERT INTO PAYMENT (payment_id,invoice_id,payment_date,payment_type,payment_amount) VALUES ('20181028KI9064722448281-p00001','20181028KI9064722448281','2018-10-30','CA',170.58);
-- ------- SAMPLE 809 ----------
INSERT INTO GUEST VALUES(1809,'Melony','Mcmartin','MMcmartin@hotmail.com','1234 DaWrong Lane','Flonkerton','MD','12345','904-922-2638');
INSERT INTO RESERVATION VALUES ('20210330KJ2199319210341',1809,null,'KJ','2021-03-30','2021-04-03',null,'active');
-- ------- SAMPLE 810 ----------
INSERT INTO GUEST VALUES(1810,'Christine','Ciampa','CCiampa@hotmail.com','1234 DaWrong Lane','Flonkerton','MD','12345','455-140-5629');
INSERT INTO RESERVATION VALUES ('20200704KJ7526578254850',1810,null,'KJ','2020-07-04','2020-07-08',null,'active');
-- ------- SAMPLE 811 ----------
INSERT INTO GUEST VALUES(1811,'Nena','Nunez','NNunez@gmail.com','1234 DaWrong Lane','Flonkerton','MD','12345','872-276-6939');
INSERT INTO RESERVATION VALUES ('20191030KS7874945013027',1811,112,'KS','2019-10-30','2019-11-02',null,'complete');
INSERT INTO INVOICECHARGE VALUES ('20191030KS7874945013027-ch00001','20191030KS7874945013027','2019-10-30',211.09,'Base room charge');
INSERT INTO INVOICECHARGE VALUES ('20191030KS7874945013027-ch00002','20191030KS7874945013027','2019-10-30',108.75,'Cleaning fee');
INSERT INTO PAYMENT VALUES ('20191030KS7874945013027-p00001','20191030KS7874945013027','2019-11-01','CC',319.84,'Nena Nunez','9976089032607108',7,2022,630,'Mastercard');
-- ------- SAMPLE 812 ----------
INSERT INTO GUEST VALUES(1812,'Raven','Rybicki','RRybicki@hotmail.com','1234 DaWrong Lane','Flonkerton','MD','12345','791-384-1334');
INSERT INTO RESERVATION VALUES ('20210411KJ4471467799493',1812,null,'KJ','2021-04-11','2021-04-13',null,'active');
INSERT INTO INVOICECHARGE VALUES ('20210411KJ4471467799493-ch00001','20210411KJ4471467799493','2021-04-11',182.95,'Base room charge');
INSERT INTO INVOICECHARGE VALUES ('20210411KJ4471467799493-ch00002','20210411KJ4471467799493','2021-04-11',94.25,'Cleaning fee');
INSERT INTO PAYMENT VALUES ('20210411KJ4471467799493-p00001','20210411KJ4471467799493','2021-04-13','CC',277.2,'Raven Rybicki','5306259975148118',6,2027,415,'Mastercard');
-- ------- SAMPLE 813 ----------
INSERT INTO GUEST VALUES(1813,'Bessie','Buhler','BBuhler@hotmail.com','1234 DaWrong Lane','Flonkerton','MD','12345','313-459-7263');
INSERT INTO RESERVATION VALUES ('20210329QS3746525322279',1813,null,'QS','2021-03-29','2021-04-01',null,'active');
INSERT INTO INVOICECHARGE VALUES ('20210329QS3746525322279-ch00001','20210329QS3746525322279','2021-03-29',232.21,'Base room charge');
INSERT INTO INVOICECHARGE VALUES ('20210329QS3746525322279-ch00002','20210329QS3746525322279','2021-03-29',119.62,'Cleaning fee');
INSERT INTO PAYMENT VALUES ('20210329QS3746525322279-p00001','20210329QS3746525322279','2021-03-31','CC',351.83,'Bessie Buhler','1593763887870109',1,2022,925,'Mastercard');
-- ------- SAMPLE 814 ----------
INSERT INTO GUEST VALUES(1814,'Shae','Sansom','SSansom@yahoo.com','1234 DaWrong Lane','Flonkerton','MD','12345','758-726-5398');
INSERT INTO RESERVATION VALUES ('20200403KJ9189835303682',1814,104,'KJ','2020-04-03','2020-04-06',null,'complete');
INSERT INTO INVOICECHARGE VALUES ('20200403KJ9189835303682-ch00001','20200403KJ9189835303682','2020-04-03',274.43,'Base room charge');
INSERT INTO INVOICECHARGE VALUES ('20200403KJ9189835303682-ch00002','20200403KJ9189835303682','2020-04-03',141.38,'Cleaning fee');
INSERT INTO PAYMENT VALUES ('20200403KJ9189835303682-p00001','20200403KJ9189835303682','2020-04-05','CC',415.81,'Shae Sansom','1453475200517911',10,2025,953,'Mastercard');
-- ------- SAMPLE 815 ----------
INSERT INTO GUEST VALUES(1815,'Freida','Forbis','FForbis@hotmail.com','1234 DaWrong Lane','Flonkerton','MD','12345','877-342-4846');
INSERT INTO RESERVATION VALUES ('20201013QS6738161173116',1815,null,'QS','2020-10-13','2020-10-14',null,'cancelled');
INSERT INTO INVOICECHARGE VALUES ('20201013QS6738161173116-ch00001','20201013QS6738161173116','2020-10-13',77.4,'Base room charge');
INSERT INTO INVOICECHARGE VALUES ('20201013QS6738161173116-ch00002','20201013QS6738161173116','2020-10-13',39.88,'Room Service');
INSERT INTO PAYMENT VALUES ('20201013QS6738161173116-p00001','20201013QS6738161173116','2020-10-15','CC',91,'Freida Forbis','8711736516332020',5,2021,21,'Mastercard');
-- ------- SAMPLE 816 ----------
INSERT INTO GUEST VALUES(1816,'Lakenya','Langston','LLangston@gmail.com','1234 DaWrong Lane','Flonkerton','MD','12345','515-247-4397');
INSERT INTO RESERVATION VALUES ('20190711KI8296679585489',1816,115,'KI','2019-07-11','2019-07-14',null,'complete');
INSERT INTO INVOICECHARGE VALUES ('20190711KI8296679585489-ch00001','20190711KI8296679585489','2019-07-11',168.87,'Base room charge');
INSERT INTO INVOICECHARGE VALUES ('20190711KI8296679585489-ch00002','20190711KI8296679585489','2019-07-11',87,'Room Service');
INSERT INTO PAYMENT VALUES ('20190711KI8296679585489-p00001','20190711KI8296679585489','2019-07-13','CC',255.87,'Lakenya Langston','5404406947371995',6,2025,128,'Mastercard');
-- ------- SAMPLE 817 ----------
INSERT INTO GUEST VALUES(1817,'Louisa','Laroque','LLaroque@gmail.com','1234 DaWrong Lane','Flonkerton','MD','12345','352-783-6259');
INSERT INTO RESERVATION VALUES ('20190208KS5690986783324',1817,112,'KS','2019-02-08','2019-02-13',null,'complete');
INSERT INTO INVOICECHARGE VALUES ('20190208KS5690986783324-ch00001','20190208KS5690986783324','2019-02-08',351.83,'Base room charge');
INSERT INTO INVOICECHARGE VALUES ('20190208KS5690986783324-ch00002','20190208KS5690986783324','2019-02-08',181.24,'Room Service');
INSERT INTO PAYMENT VALUES ('20190208KS5690986783324-p00001','20190208KS5690986783324','2019-02-10','CC',533.07,'Louisa Laroque','4134713060622701',4,2026,120,'Mastercard');
-- ------- SAMPLE 818 ----------
INSERT INTO GUEST VALUES(1818,'Len','Linquist','LLinquist@gmail.com','1234 DaWrong Lane','Flonkerton','MD','12345','070-997-6676');
INSERT INTO RESERVATION VALUES ('20190104KI2630723679074',1818,105,'KI','2019-01-04','2019-01-09',null,'complete');
INSERT INTO INVOICECHARGE VALUES ('20190104KI2630723679074-ch00001','20190104KI2630723679074','2019-01-04',281.46,'Base room charge');
INSERT INTO INVOICECHARGE VALUES ('20190104KI2630723679074-ch00002','20190104KI2630723679074','2019-01-04',144.99,'Cleaning fee');
INSERT INTO PAYMENT VALUES ('20190104KI2630723679074-p00001','20190104KI2630723679074','2019-01-06','CC',426.45,'Len Linquist','2414748027988720',12,2022,829,'Mastercard');
-- ------- SAMPLE 819 ----------
INSERT INTO GUEST VALUES(1819,'Kathern','Korn','KKorn@yahoo.com','1234 DaWrong Lane','Flonkerton','MD','12345','110-431-9379');
INSERT INTO RESERVATION VALUES ('20190413KS2449336770181',1819,112,'KS','2019-04-13','2019-04-15',null,'complete');
INSERT INTO INVOICECHARGE VALUES ('20190413KS2449336770181-ch00001','20190413KS2449336770181','2019-04-13',140.73,'Base room charge');
INSERT INTO INVOICECHARGE VALUES ('20190413KS2449336770181-ch00002','20190413KS2449336770181','2019-04-13',72.5,'Cleaning fee');
INSERT INTO PAYMENT VALUES ('20190413KS2449336770181-p00001','20190413KS2449336770181','2019-04-15','CC',213.23,'Kathern Korn','7309588497359719',10,2022,592,'Mastercard');
-- ------- SAMPLE 820 ----------
INSERT INTO GUEST VALUES(1820,'Eryn','Edenfield','EEdenfield@hotmail.com','1234 DaWrong Lane','Flonkerton','MD','12345','265-731-7836');
INSERT INTO RESERVATION VALUES ('20190308KS1128260523281',1820,102,'KS','2019-03-08','2019-03-11',null,'complete');
INSERT INTO INVOICECHARGE VALUES ('20190308KS1128260523281-ch00001','20190308KS1128260523281','2019-03-08',213.23,'Base room charge');
INSERT INTO PAYMENT VALUES ('20190308KS1128260523281-p00001','20190308KS1128260523281','2019-03-10','CC',213.23,'Eryn Edenfield','4717363385876867',1,2024,782,'Mastercard');
-- ------- SAMPLE 821 ----------
INSERT INTO GUEST VALUES(1821,'Stacie','Schupp','SSchupp@yahoo.com','1234 DaWrong Lane','Flonkerton','MD','12345','640-213-2430');
INSERT INTO RESERVATION VALUES ('20181022QS6270554192672',1821,202,'QS','2018-10-22','2018-10-24',null,'cancelled');
INSERT INTO INVOICECHARGE VALUES ('20181022QS6270554192672-ch00001','20181022QS6270554192672','2018-10-22',234.55,'Base room charge');
INSERT INTO PAYMENT VALUES ('20181022QS6270554192672-p00001','20181022QS6270554192672','2018-10-24','CC',234.55,'Stacie Schupp','4418640902477385',12,2025,425,'Mastercard');
-- ------- SAMPLE 822 ----------
INSERT INTO GUEST VALUES(1822,'Kerstin','Khalaf','KKhalaf@gmail.com','1234 DaWrong Lane','Flonkerton','MD','12345','816-992-6788');
INSERT INTO RESERVATION VALUES ('20180621QS7112026542132',1822,108,'QS','2018-06-21','2018-06-26',null,'cancelled');
INSERT INTO INVOICECHARGE VALUES ('20180621QS7112026542132-ch00001','20180621QS7112026542132','2018-06-21',586.38,'Base room charge');
INSERT INTO PAYMENT VALUES ('20180621QS7112026542132-p00001','20180621QS7112026542132','2018-06-23','CC',586.38,'Kerstin Khalaf','5686934553724849',4,2024,250,'Mastercard');
-- ------- SAMPLE 823 ----------
INSERT INTO GUEST VALUES(1823,'Shenna','Salmi','SSalmi@gmail.com','1234 DaWrong Lane','Flonkerton','MD','12345','725-928-5599');
INSERT INTO RESERVATION VALUES ('20201104KJ7618129116381',1823,null,'KJ','2020-11-04','2020-11-07',null,'active');
INSERT INTO INVOICECHARGE VALUES ('20201104KJ7618129116381-ch00001','20201104KJ7618129116381','2020-11-04',415.81,'Base room charge');
INSERT INTO PAYMENT (payment_id,invoice_id,payment_date,payment_type,payment_amount) VALUES ('20201104KJ7618129116381-p00001','20201104KJ7618129116381','2020-11-06','CA',415.81);
-- ------- SAMPLE 824 ----------
INSERT INTO GUEST VALUES(1824,'Selene','Staiger','SStaiger@yahoo.com','1234 DaWrong Lane','Flonkerton','MD','12345','034-835-8770');
INSERT INTO RESERVATION VALUES ('20180902QS1606626041321',1824,108,'QS','2018-09-02','2018-09-03',null,'complete');
INSERT INTO INVOICECHARGE VALUES ('20180902QS1606626041321-ch00001','20180902QS1606626041321','2018-09-02',117.28,'Base room charge');
INSERT INTO PAYMENT VALUES ('20180902QS1606626041321-p00001','20180902QS1606626041321','2018-09-04','CC',117.28,'Selene Staiger','4852382783040646',9,2023,412,'Mastercard');
-- ------- SAMPLE 825 ----------
INSERT INTO GUEST VALUES(1825,'Rossana','Running','RRunning@yahoo.com','1234 DaWrong Lane','Flonkerton','MD','12345','923-216-6937');
INSERT INTO RESERVATION VALUES ('20180907KS9862407387179',1825,102,'KS','2018-09-07','2018-09-11',null,'complete');
INSERT INTO INVOICECHARGE VALUES ('20180907KS9862407387179-ch00001','20180907KS9862407387179','2018-09-07',281.46,'Base room charge');
INSERT INTO INVOICECHARGE VALUES ('20180907KS9862407387179-ch00002','20180907KS9862407387179','2018-09-07',145,'Room Service');
INSERT INTO PAYMENT VALUES ('20180907KS9862407387179-p00001','20180907KS9862407387179','2018-09-09','CC',426.46,'Rossana Running','1951250798351524',11,2025,857,'Mastercard');
-- ------- SAMPLE 826 ----------
INSERT INTO GUEST VALUES(1826,'Tish','Tusing','TTusing@hotmail.com','1234 DaWrong Lane','Flonkerton','MD','12345','951-935-9782');
INSERT INTO RESERVATION VALUES ('20200716QD9209572391735',1826,null,'QD','2020-07-16','2020-07-17',null,'cancelled');
INSERT INTO INVOICECHARGE VALUES ('20200716QD9209572391735-ch00001','20200716QD9209572391735','2020-07-16',95.95,'Base room charge');
INSERT INTO PAYMENT (payment_id,invoice_id,payment_date,payment_type,payment_amount) VALUES ('20200716QD9209572391735-p00001','20200716QD9209572391735','2020-07-18','CA',28);
-- ------- SAMPLE 827 ----------
INSERT INTO GUEST VALUES(1827,'Bell','Belizaire','BBelizaire@hotmail.com','1234 DaWrong Lane','Flonkerton','MD','12345','421-280-3081');
INSERT INTO RESERVATION VALUES ('20191011QS5794273682926',1827,118,'QS','2019-10-11','2019-10-14',null,'complete');
INSERT INTO INVOICECHARGE VALUES ('20191011QS5794273682926-ch00001','20191011QS5794273682926','2019-10-11',232.21,'Base room charge');
INSERT INTO INVOICECHARGE VALUES ('20191011QS5794273682926-ch00002','20191011QS5794273682926','2019-10-11',119.62,'Room Service');
INSERT INTO PAYMENT (payment_id,invoice_id,payment_date,payment_type,payment_amount) VALUES ('20191011QS5794273682926-p00001','20191011QS5794273682926','2019-10-13','CA',351.83);
-- ------- SAMPLE 828 ----------
INSERT INTO GUEST VALUES(1828,'Shad','Sitler','SSitler@gmail.com','1234 DaWrong Lane','Flonkerton','MD','12345','593-080-2108');
INSERT INTO RESERVATION VALUES ('20190311KI5917901151535',1828,105,'KI','2019-03-11','2019-03-14',null,'cancelled');
INSERT INTO INVOICECHARGE VALUES ('20190311KI5917901151535-ch00001','20190311KI5917901151535','2019-03-11',255.87,'Base room charge');
INSERT INTO PAYMENT VALUES ('20190311KI5917901151535-p00001','20190311KI5917901151535','2019-03-13','CC',255.87,'Shad Sitler','1317352391329606',11,2023,981,'Mastercard');
-- ------- SAMPLE 829 ----------
INSERT INTO GUEST VALUES(1829,'Tifany','Temple','TTemple@yahoo.com','1234 DaWrong Lane','Flonkerton','MD','12345','843-454-1512');
INSERT INTO RESERVATION VALUES ('20181110QS6987588516430',1829,113,'QS','2018-11-10','2018-11-14',null,'complete');
INSERT INTO INVOICECHARGE VALUES ('20181110QS6987588516430-ch00001','20181110QS6987588516430','2018-11-10',469.11,'Base room charge');
INSERT INTO PAYMENT VALUES ('20181110QS6987588516430-p00001','20181110QS6987588516430','2018-11-12','CC',469.11,'Tifany Temple','5543286824180496',12,2026,84,'Mastercard');
-- ------- SAMPLE 830 ----------
INSERT INTO GUEST VALUES(1830,'Major','Meng','MMeng@yahoo.com','1234 DaWrong Lane','Flonkerton','MD','12345','229-244-7576');
INSERT INTO RESERVATION VALUES ('20181110QS9811743491852',1830,103,'QS','2018-11-10','2018-11-13',null,'complete');
INSERT INTO INVOICECHARGE VALUES ('20181110QS9811743491852-ch00001','20181110QS9811743491852','2018-11-10',351.83,'Base room charge');
INSERT INTO PAYMENT VALUES ('20181110QS9811743491852-p00001','20181110QS9811743491852','2018-11-12','CC',351.83,'Major Meng','7555659548176379',7,2026,513,'Mastercard');
-- ------- SAMPLE 831 ----------
INSERT INTO GUEST VALUES(1831,'Malia','Molden','MMolden@gmail.com','1234 DaWrong Lane','Flonkerton','MD','12345','951-561-7208');
INSERT INTO RESERVATION VALUES ('20181016KI4637658694185',1831,120,'KI','2018-10-16','2018-10-17',null,'complete');
INSERT INTO INVOICECHARGE VALUES ('20181016KI4637658694185-ch00001','20181016KI4637658694185','2018-10-16',85.29,'Base room charge');
INSERT INTO PAYMENT VALUES ('20181016KI4637658694185-p00001','20181016KI4637658694185','2018-10-18','CC',85.29,'Malia Molden','1539693228849672',5,2023,626,'Mastercard');
-- ------- SAMPLE 832 ----------
INSERT INTO GUEST VALUES(1832,'Florentino','Feth','FFeth@gmail.com','1234 DaWrong Lane','Flonkerton','MD','12345','353-587-5657');
INSERT INTO RESERVATION VALUES ('20180909KS1644846834128',1832,112,'KS','2018-09-09','2018-09-10',null,'complete');
INSERT INTO INVOICECHARGE VALUES ('20180909KS1644846834128-ch00001','20180909KS1644846834128','2018-09-09',70.36,'Base room charge');
INSERT INTO INVOICECHARGE VALUES ('20180909KS1644846834128-ch00002','20180909KS1644846834128','2018-09-09',36.25,'Cleaning fee');
INSERT INTO PAYMENT VALUES ('20180909KS1644846834128-p00001','20180909KS1644846834128','2018-09-11','CC',106.61,'Florentino Feth','5801114023427995',10,2024,680,'Mastercard');
-- ------- SAMPLE 833 ----------
INSERT INTO GUEST VALUES(1833,'Tish','Tusing','TTusing@yahoo.com','1234 DaWrong Lane','Flonkerton','MD','12345','780-538-5284');
INSERT INTO RESERVATION VALUES ('20200718QS4439419369759',1833,null,'QS','2020-07-18','2020-07-20',null,'active');
-- ------- SAMPLE 834 ----------
INSERT INTO GUEST VALUES(1834,'Tifany','Temple','TTemple@yahoo.com','1234 DaWrong Lane','Flonkerton','MD','12345','101-295-7704');
INSERT INTO RESERVATION VALUES ('20190319QS5606523366686',1834,207,'QS','2019-03-19','2019-03-23',null,'complete');
INSERT INTO INVOICECHARGE VALUES ('20190319QS5606523366686-ch00001','20190319QS5606523366686','2019-03-19',309.61,'Base room charge');
INSERT INTO INVOICECHARGE VALUES ('20190319QS5606523366686-ch00002','20190319QS5606523366686','2019-03-19',159.5,'Room Service');
INSERT INTO PAYMENT (payment_id,invoice_id,payment_date,payment_type,payment_amount) VALUES ('20190319QS5606523366686-p00001','20190319QS5606523366686','2019-03-21','CA',469.11);
-- ------- SAMPLE 835 ----------
INSERT INTO GUEST VALUES(1835,'Kenisha','Kane','KKane@yahoo.com','1234 DaWrong Lane','Flonkerton','MD','12345','415-211-2658');
INSERT INTO RESERVATION VALUES ('20180609KI1270987273574',1835,110,'KI','2018-06-09','2018-06-12',null,'complete');
INSERT INTO INVOICECHARGE VALUES ('20180609KI1270987273574-ch00001','20180609KI1270987273574','2018-06-09',168.87,'Base room charge');
INSERT INTO INVOICECHARGE VALUES ('20180609KI1270987273574-ch00002','20180609KI1270987273574','2018-06-09',87,'Cleaning fee');
INSERT INTO PAYMENT (payment_id,invoice_id,payment_date,payment_type,payment_amount) VALUES ('20180609KI1270987273574-p00001','20180609KI1270987273574','2018-06-11','CA',255.87);
-- ------- SAMPLE 836 ----------
INSERT INTO GUEST VALUES(1836,'Kandra','Kelty','KKelty@gmail.com','1234 DaWrong Lane','Flonkerton','MD','12345','556-404-8168');
INSERT INTO RESERVATION VALUES ('20190305KI1416558965706',1836,120,'KI','2019-03-05','2019-03-08',null,'complete');
INSERT INTO INVOICECHARGE VALUES ('20190305KI1416558965706-ch00001','20190305KI1416558965706','2019-03-05',168.87,'Base room charge');
INSERT INTO INVOICECHARGE VALUES ('20190305KI1416558965706-ch00002','20190305KI1416558965706','2019-03-05',87,'Room Service');
INSERT INTO PAYMENT VALUES ('20190305KI1416558965706-p00001','20190305KI1416558965706','2019-03-07','CC',255.87,'Kandra Kelty','5451143942385643',7,2023,343,'Mastercard');
-- ------- SAMPLE 837 ----------
INSERT INTO GUEST VALUES(1837,'Luella','Lundstrom','LLundstrom@gmail.com','1234 DaWrong Lane','Flonkerton','MD','12345','776-642-2034');
INSERT INTO RESERVATION VALUES ('20191218KI9170332283201',1837,115,'KI','2019-12-18','2019-12-20',null,'complete');
INSERT INTO INVOICECHARGE VALUES ('20191218KI9170332283201-ch00001','20191218KI9170332283201','2019-12-18',112.58,'Base room charge');
INSERT INTO INVOICECHARGE VALUES ('20191218KI9170332283201-ch00002','20191218KI9170332283201','2019-12-18',58,'Room Service');
INSERT INTO PAYMENT (payment_id,invoice_id,payment_date,payment_type,payment_amount) VALUES ('20191218KI9170332283201-p00001','20191218KI9170332283201','2019-12-20','CA',170.58);
-- ------- SAMPLE 838 ----------
INSERT INTO GUEST VALUES(1838,'Serafina','Singh','SSingh@gmail.com','1234 DaWrong Lane','Flonkerton','MD','12345','090-408-3589');
INSERT INTO RESERVATION VALUES ('20200310QD7709323813180',1838,101,'QD','2020-03-10','2020-03-14',null,'complete');
INSERT INTO INVOICECHARGE VALUES ('20200310QD7709323813180-ch00001','20200310QD7709323813180','2020-03-10',253.31,'Base room charge');
INSERT INTO INVOICECHARGE VALUES ('20200310QD7709323813180-ch00002','20200310QD7709323813180','2020-03-10',130.5,'Room Service');
INSERT INTO PAYMENT VALUES ('20200310QD7709323813180-p00001','20200310QD7709323813180','2020-03-12','CC',383.81,'Serafina Singh','1565737187247099',8,2027,271,'Mastercard');
-- ------- SAMPLE 839 ----------
INSERT INTO GUEST VALUES(1839,'Ginger','Gordillo','GGordillo@hotmail.com','1234 DaWrong Lane','Flonkerton','MD','12345','815-062-8445');
INSERT INTO RESERVATION VALUES ('20190821QS3780885217391',1839,103,'QS','2019-08-21','2019-08-26',null,'complete');
INSERT INTO INVOICECHARGE VALUES ('20190821QS3780885217391-ch00001','20190821QS3780885217391','2019-08-21',586.38,'Base room charge');
INSERT INTO PAYMENT VALUES ('20190821QS3780885217391-p00001','20190821QS3780885217391','2019-08-23','CC',586.38,'Ginger Gordillo','9492053449302313',3,2024,578,'Mastercard');
-- ------- SAMPLE 840 ----------
INSERT INTO GUEST VALUES(1840,'Ngan','Nalley','NNalley@hotmail.com','1234 DaWrong Lane','Flonkerton','MD','12345','605-892-1783');
INSERT INTO RESERVATION VALUES ('20210328KS3493964265311',1840,null,'KS','2021-03-28','2021-04-01',null,'active');
INSERT INTO INVOICECHARGE VALUES ('20210328KS3493964265311-ch00001','20210328KS3493964265311','2021-03-28',281.46,'Base room charge');
INSERT INTO INVOICECHARGE VALUES ('20210328KS3493964265311-ch00002','20210328KS3493964265311','2021-03-28',145,'Room Service');
INSERT INTO PAYMENT VALUES ('20210328KS3493964265311-p00001','20210328KS3493964265311','2021-03-30','CC',426.46,'Ngan Nalley','7302603611565816',2,2024,901,'Mastercard');
-- ------- SAMPLE 841 ----------
INSERT INTO GUEST VALUES(1841,'Adrianna','Aungst','AAungst@hotmail.com','1234 DaWrong Lane','Flonkerton','MD','12345','073-832-6056');
INSERT INTO RESERVATION VALUES ('20200530KS6057511278301',1841,null,'KS','2020-05-30','2020-06-01',null,'active');
INSERT INTO INVOICECHARGE VALUES ('20200530KS6057511278301-ch00001','20200530KS6057511278301','2020-05-30',140.73,'Base room charge');
INSERT INTO INVOICECHARGE VALUES ('20200530KS6057511278301-ch00002','20200530KS6057511278301','2020-05-30',72.5,'Cleaning fee');
INSERT INTO PAYMENT (payment_id,invoice_id,payment_date,payment_type,payment_amount) VALUES ('20200530KS6057511278301-p00001','20200530KS6057511278301','2020-06-01','CA',213.23);
-- ------- SAMPLE 842 ----------
INSERT INTO GUEST VALUES(1842,'Freida','Forbis','FForbis@yahoo.com','1234 DaWrong Lane','Flonkerton','MD','12345','861-296-5261');
INSERT INTO RESERVATION VALUES ('20210408QS5207043077197',1842,null,'QS','2021-04-08','2021-04-09',null,'cancelled');
INSERT INTO INVOICECHARGE VALUES ('20210408QS5207043077197-ch00001','20210408QS5207043077197','2021-04-08',77.4,'Base room charge');
INSERT INTO INVOICECHARGE VALUES ('20210408QS5207043077197-ch00002','20210408QS5207043077197','2021-04-08',39.88,'Cleaning fee');
INSERT INTO PAYMENT VALUES ('20210408QS5207043077197-p00001','20210408QS5207043077197','2021-04-10','CC',117.28,'Freida Forbis','1804769584051095',6,2021,27,'Mastercard');
-- ------- SAMPLE 843 ----------
INSERT INTO GUEST VALUES(1843,'Daron','Dycus','DDycus@gmail.com','1234 DaWrong Lane','Flonkerton','MD','12345','281-228-3713');
INSERT INTO RESERVATION VALUES ('20181014KS1048721718042',1843,107,'KS','2018-10-14','2018-10-15',null,'complete');
INSERT INTO INVOICECHARGE VALUES ('20181014KS1048721718042-ch00001','20181014KS1048721718042','2018-10-14',106.61,'Base room charge');
INSERT INTO PAYMENT VALUES ('20181014KS1048721718042-p00001','20181014KS1048721718042','2018-10-16','CC',106.61,'Daron Dycus','3652632245464921',11,2025,938,'Mastercard');
-- ------- SAMPLE 844 ----------
INSERT INTO GUEST VALUES(1844,'Kerstin','Khalaf','KKhalaf@yahoo.com','1234 DaWrong Lane','Flonkerton','MD','12345','293-618-8548');
INSERT INTO RESERVATION VALUES ('20190611KS4105158488451',1844,201,'KS','2019-06-11','2019-06-16',null,'complete');
INSERT INTO INVOICECHARGE VALUES ('20190611KS4105158488451-ch00001','20190611KS4105158488451','2019-06-11',533.07,'Base room charge');
INSERT INTO PAYMENT VALUES ('20190611KS4105158488451-p00001','20190611KS4105158488451','2019-06-13','CC',533.07,'Kerstin Khalaf','7068188624558232',10,2025,3,'Mastercard');
-- ------- SAMPLE 845 ----------
INSERT INTO GUEST VALUES(1845,'Tish','Tusing','TTusing@gmail.com','1234 DaWrong Lane','Flonkerton','MD','12345','833-317-4846');
INSERT INTO RESERVATION VALUES ('20200809KS3712615250952',1845,null,'KS','2020-08-09','2020-08-10',null,'active');
INSERT INTO INVOICECHARGE VALUES ('20200809KS3712615250952-ch00001','20200809KS3712615250952','2020-08-09',106.61,'Base room charge');
INSERT INTO PAYMENT VALUES ('20200809KS3712615250952-p00001','20200809KS3712615250952','2020-08-11','CC',106.61,'Tish Tusing','1655905561127939',7,2025,599,'Mastercard');
-- ------- SAMPLE 846 ----------
INSERT INTO GUEST VALUES(1846,'Lincoln','Lattea','LLattea@yahoo.com','1234 DaWrong Lane','Flonkerton','MD','12345','714-832-2752');
INSERT INTO RESERVATION VALUES ('20180527QS4177592031211',1846,113,'QS','2018-05-27','2018-05-31',null,'complete');
INSERT INTO INVOICECHARGE VALUES ('20180527QS4177592031211-ch00001','20180527QS4177592031211','2018-05-27',469.11,'Base room charge');
INSERT INTO PAYMENT VALUES ('20180527QS4177592031211-p00001','20180527QS4177592031211','2018-05-29','CC',469.11,'Lincoln Lattea','3552940193025754',3,2025,89,'Mastercard');
-- ------- SAMPLE 847 ----------
INSERT INTO GUEST VALUES(1847,'Dane','Dumond','DDumond@gmail.com','1234 DaWrong Lane','Flonkerton','MD','12345','081-363-7778');
INSERT INTO RESERVATION VALUES ('20200323KJ1139175333506',1847,104,'KJ','2020-03-23','2020-03-26',null,'complete');
INSERT INTO INVOICECHARGE VALUES ('20200323KJ1139175333506-ch00001','20200323KJ1139175333506','2020-03-23',274.43,'Base room charge');
INSERT INTO INVOICECHARGE VALUES ('20200323KJ1139175333506-ch00002','20200323KJ1139175333506','2020-03-23',141.38,'Cleaning fee');
INSERT INTO PAYMENT VALUES ('20200323KJ1139175333506-p00001','20200323KJ1139175333506','2020-03-25','CC',415.81,'Dane Dumond','4660635027950046',2,2025,700,'Mastercard');
-- ------- SAMPLE 848 ----------
INSERT INTO GUEST VALUES(1848,'Adrianna','Aungst','AAungst@yahoo.com','1234 DaWrong Lane','Flonkerton','MD','12345','208-272-6159');
INSERT INTO RESERVATION VALUES ('20180804KI6451189077608',1848,204,'KI','2018-08-04','2018-08-06',null,'cancelled');
INSERT INTO INVOICECHARGE VALUES ('20180804KI6451189077608-ch00001','20180804KI6451189077608','2018-08-04',170.58,'Base room charge');
INSERT INTO PAYMENT VALUES ('20180804KI6451189077608-p00001','20180804KI6451189077608','2018-08-06','CC',170.58,'Adrianna Aungst','7693330594535449',4,2026,73,'Mastercard');
-- ------- SAMPLE 849 ----------
INSERT INTO GUEST VALUES(1849,'Eryn','Edenfield','EEdenfield@yahoo.com','1234 DaWrong Lane','Flonkerton','MD','12345','188-256-2362');
INSERT INTO RESERVATION VALUES ('20200604KI1432350564615',1849,null,'KI','2020-06-04','2020-06-05',null,'active');
-- ------- SAMPLE 850 ----------
INSERT INTO GUEST VALUES(1850,'Bessie','Buhler','BBuhler@hotmail.com','1234 DaWrong Lane','Flonkerton','MD','12345','370-815-1899');
INSERT INTO RESERVATION VALUES ('20200406KJ7150618543171',1850,104,'KJ','2020-04-06','2020-04-10',null,'complete');
INSERT INTO INVOICECHARGE VALUES ('20200406KJ7150618543171-ch00001','20200406KJ7150618543171','2020-04-06',365.91,'Base room charge');
INSERT INTO INVOICECHARGE VALUES ('20200406KJ7150618543171-ch00002','20200406KJ7150618543171','2020-04-06',188.5,'Room Service');
INSERT INTO PAYMENT VALUES ('20200406KJ7150618543171-p00001','20200406KJ7150618543171','2020-04-08','CC',554.41,'Bessie Buhler','4019449979194504',7,2022,804,'Mastercard');
-- ------- SAMPLE 851 ----------
INSERT INTO GUEST VALUES(1851,'Walker','Weatherhead','WWeatherhead@yahoo.com','1234 DaWrong Lane','Flonkerton','MD','12345','048-550-0313');
INSERT INTO RESERVATION VALUES ('20190701QS3071699761215',1851,103,'QS','2019-07-01','2019-07-06',null,'complete');
INSERT INTO INVOICECHARGE VALUES ('20190701QS3071699761215-ch00001','20190701QS3071699761215','2019-07-01',586.38,'Base room charge');
INSERT INTO PAYMENT VALUES ('20190701QS3071699761215-p00001','20190701QS3071699761215','2019-07-03','CC',586.38,'Walker Weatherhead','3045730579805700',8,2026,502,'Mastercard');
-- ------- SAMPLE 852 ----------
INSERT INTO GUEST VALUES(1852,'Natalia','Nowacki','NNowacki@yahoo.com','1234 DaWrong Lane','Flonkerton','MD','12345','889-167-9574');
INSERT INTO RESERVATION VALUES ('20180913KI7280100495518',1852,209,'KI','2018-09-13','2018-09-16',null,'complete');
INSERT INTO INVOICECHARGE VALUES ('20180913KI7280100495518-ch00001','20180913KI7280100495518','2018-09-13',255.87,'Base room charge');
INSERT INTO PAYMENT (payment_id,invoice_id,payment_date,payment_type,payment_amount) VALUES ('20180913KI7280100495518-p00001','20180913KI7280100495518','2018-09-15','CA',255.87);
-- ------- SAMPLE 853 ----------
INSERT INTO GUEST VALUES(1853,'Heather','Hartin','HHartin@hotmail.com','1234 DaWrong Lane','Flonkerton','MD','12345','603-378-8466');
INSERT INTO RESERVATION VALUES ('20200518QD4620961847557',1853,null,'QD','2020-05-18','2020-05-20',null,'active');
INSERT INTO INVOICECHARGE VALUES ('20200518QD4620961847557-ch00001','20200518QD4620961847557','2020-05-18',126.65,'Base room charge');
INSERT INTO INVOICECHARGE VALUES ('20200518QD4620961847557-ch00002','20200518QD4620961847557','2020-05-18',65.25,'Cleaning fee');
INSERT INTO PAYMENT VALUES ('20200518QD4620961847557-p00001','20200518QD4620961847557','2020-05-20','CC',191.9,'Heather Hartin','6682234084259507',10,2027,358,'Mastercard');
-- ------- SAMPLE 854 ----------
INSERT INTO GUEST VALUES(1854,'Willian','Wiest','WWiest@yahoo.com','1234 DaWrong Lane','Flonkerton','MD','12345','953-462-1213');
INSERT INTO RESERVATION VALUES ('20200515KI7010066562048',1854,null,'KI','2020-05-15','2020-05-18',null,'cancelled');
INSERT INTO INVOICECHARGE VALUES ('20200515KI7010066562048-ch00001','20200515KI7010066562048','2020-05-15',255.87,'Base room charge');
INSERT INTO PAYMENT VALUES ('20200515KI7010066562048-p00001','20200515KI7010066562048','2020-05-17','CC',50,'Willian Wiest','5127153127001273',9,2022,646,'Mastercard');
-- ------- SAMPLE 855 ----------
INSERT INTO GUEST VALUES(1855,'Darrin','Drum','DDrum@hotmail.com','1234 DaWrong Lane','Flonkerton','MD','12345','200-756-7788');
INSERT INTO RESERVATION VALUES ('20191109KS6334983465562',1855,102,'KS','2019-11-09','2019-11-13',null,'complete');
INSERT INTO INVOICECHARGE VALUES ('20191109KS6334983465562-ch00001','20191109KS6334983465562','2019-11-09',281.46,'Base room charge');
INSERT INTO INVOICECHARGE VALUES ('20191109KS6334983465562-ch00002','20191109KS6334983465562','2019-11-09',145,'Cleaning fee');
INSERT INTO PAYMENT VALUES ('20191109KS6334983465562-p00001','20191109KS6334983465562','2019-11-11','CC',426.46,'Darrin Drum','1348982435618875',9,2023,341,'Mastercard');
-- ------- SAMPLE 856 ----------
INSERT INTO GUEST VALUES(1856,'Kathlyn','Kinser','KKinser@hotmail.com','1234 DaWrong Lane','Flonkerton','MD','12345','665-917-3990');
INSERT INTO RESERVATION VALUES ('20191213QD2683715246559',1856,111,'QD','2019-12-13','2019-12-15',null,'complete');
INSERT INTO INVOICECHARGE VALUES ('20191213QD2683715246559-ch00001','20191213QD2683715246559','2019-12-13',191.9,'Base room charge');
INSERT INTO PAYMENT VALUES ('20191213QD2683715246559-p00001','20191213QD2683715246559','2019-12-15','CC',191.9,'Kathlyn Kinser','1003974082170612',7,2021,210,'Mastercard');
-- ------- SAMPLE 857 ----------
INSERT INTO GUEST VALUES(1857,'Hanna','Hastie','HHastie@yahoo.com','1234 DaWrong Lane','Flonkerton','MD','12345','370-580-3628');
INSERT INTO RESERVATION VALUES ('20190925QD7008879793988',1857,106,'QD','2019-09-25','2019-09-27',null,'complete');
INSERT INTO INVOICECHARGE VALUES ('20190925QD7008879793988-ch00001','20190925QD7008879793988','2019-09-25',126.65,'Base room charge');
INSERT INTO INVOICECHARGE VALUES ('20190925QD7008879793988-ch00002','20190925QD7008879793988','2019-09-25',65.25,'Room Service');
INSERT INTO PAYMENT VALUES ('20190925QD7008879793988-p00001','20190925QD7008879793988','2019-09-27','CC',191.9,'Hanna Hastie','5793462201155585',11,2025,621,'Mastercard');
-- ------- SAMPLE 858 ----------
INSERT INTO GUEST VALUES(1858,'Romaine','Reck','RReck@gmail.com','1234 DaWrong Lane','Flonkerton','MD','12345','321-598-0420');
INSERT INTO RESERVATION VALUES ('20191208KJ9225914528133',1858,203,'KJ','2019-12-08','2019-12-12',null,'complete');
INSERT INTO INVOICECHARGE VALUES ('20191208KJ9225914528133-ch00001','20191208KJ9225914528133','2019-12-08',365.91,'Base room charge');
INSERT INTO INVOICECHARGE VALUES ('20191208KJ9225914528133-ch00002','20191208KJ9225914528133','2019-12-08',188.5,'Cleaning fee');
INSERT INTO PAYMENT VALUES ('20191208KJ9225914528133-p00001','20191208KJ9225914528133','2019-12-10','CC',554.41,'Romaine Reck','6394946399250312',9,2026,722,'Mastercard');
-- ------- SAMPLE 859 ----------
INSERT INTO GUEST VALUES(1859,'Darrin','Drum','DDrum@hotmail.com','1234 DaWrong Lane','Flonkerton','MD','12345','894-966-5521');
INSERT INTO RESERVATION VALUES ('20200427QS3840087747449',1859,108,'QS','2020-04-27','2020-04-29',null,'complete');
INSERT INTO INVOICECHARGE VALUES ('20200427QS3840087747449-ch00001','20200427QS3840087747449','2020-04-27',154.8,'Base room charge');
INSERT INTO INVOICECHARGE VALUES ('20200427QS3840087747449-ch00002','20200427QS3840087747449','2020-04-27',79.75,'Room Service');
INSERT INTO PAYMENT VALUES ('20200427QS3840087747449-p00001','20200427QS3840087747449','2020-04-29','CC',234.55,'Darrin Drum','7058340499524325',7,2022,189,'Mastercard');
-- ------- SAMPLE 860 ----------
INSERT INTO GUEST VALUES(1860,'Corene','Carmody','CCarmody@hotmail.com','1234 DaWrong Lane','Flonkerton','MD','12345','171-133-9280');
INSERT INTO RESERVATION VALUES ('20180908KJ3279047873053',1860,208,'KJ','2018-09-08','2018-09-13',null,'complete');
INSERT INTO INVOICECHARGE VALUES ('20180908KJ3279047873053-ch00001','20180908KJ3279047873053','2018-09-08',693.01,'Base room charge');
INSERT INTO PAYMENT VALUES ('20180908KJ3279047873053-p00001','20180908KJ3279047873053','2018-09-10','CC',693.01,'Corene Carmody','7709538347171625',11,2022,915,'Mastercard');
-- ------- SAMPLE 861 ----------
INSERT INTO GUEST VALUES(1861,'Alverta','Arce','AArce@hotmail.com','1234 DaWrong Lane','Flonkerton','MD','12345','954-054-6320');
INSERT INTO RESERVATION VALUES ('20210407KJ9804449718200',1861,null,'KJ','2021-04-07','2021-04-11',null,'active');
-- ------- SAMPLE 862 ----------
INSERT INTO GUEST VALUES(1862,'Gwyneth','Gamber','GGamber@gmail.com','1234 DaWrong Lane','Flonkerton','MD','12345','428-208-0207');
INSERT INTO RESERVATION VALUES ('20181031QD5515610653243',1862,111,'QD','2018-10-31','2018-11-02',null,'complete');
INSERT INTO INVOICECHARGE VALUES ('20181031QD5515610653243-ch00001','20181031QD5515610653243','2018-10-31',191.9,'Base room charge');
INSERT INTO PAYMENT (payment_id,invoice_id,payment_date,payment_type,payment_amount) VALUES ('20181031QD5515610653243-p00001','20181031QD5515610653243','2018-11-02','CA',191.9);
-- ------- SAMPLE 863 ----------
INSERT INTO GUEST VALUES(1863,'Lorean','Loden','LLoden@yahoo.com','1234 DaWrong Lane','Flonkerton','MD','12345','146-044-9086');
INSERT INTO RESERVATION VALUES ('20180825QD4028017333484',1863,106,'QD','2018-08-25','2018-08-26',null,'complete');
INSERT INTO INVOICECHARGE VALUES ('20180825QD4028017333484-ch00001','20180825QD4028017333484','2018-08-25',95.95,'Base room charge');
INSERT INTO PAYMENT VALUES ('20180825QD4028017333484-p00001','20180825QD4028017333484','2018-08-27','CC',95.95,'Lorean Loden','2405342500945789',4,2027,859,'Mastercard');
-- ------- SAMPLE 864 ----------
INSERT INTO GUEST VALUES(1864,'Elfriede','Esslinger','EEsslinger@hotmail.com','1234 DaWrong Lane','Flonkerton','MD','12345','345-847-9536');
INSERT INTO RESERVATION VALUES ('20181210KS3317922498672',1864,112,'KS','2018-12-10','2018-12-14',null,'complete');
INSERT INTO INVOICECHARGE VALUES ('20181210KS3317922498672-ch00001','20181210KS3317922498672','2018-12-10',426.46,'Base room charge');
INSERT INTO PAYMENT (payment_id,invoice_id,payment_date,payment_type,payment_amount) VALUES ('20181210KS3317922498672-p00001','20181210KS3317922498672','2018-12-12','CA',426.46);
-- ------- SAMPLE 865 ----------
INSERT INTO GUEST VALUES(1865,'Rose','Royall','RRoyall@gmail.com','1234 DaWrong Lane','Flonkerton','MD','12345','503-985-4948');
INSERT INTO RESERVATION VALUES ('20190226KI6970414629138',1865,105,'KI','2019-02-26','2019-02-28',null,'complete');
INSERT INTO INVOICECHARGE VALUES ('20190226KI6970414629138-ch00001','20190226KI6970414629138','2019-02-26',170.58,'Base room charge');
INSERT INTO PAYMENT VALUES ('20190226KI6970414629138-p00001','20190226KI6970414629138','2019-02-28','CC',170.58,'Rose Royall','5552953760398026',8,2022,365,'Mastercard');
-- ------- SAMPLE 866 ----------
INSERT INTO GUEST VALUES(1866,'Ella','Evanoff','EEvanoff@yahoo.com','1234 DaWrong Lane','Flonkerton','MD','12345','284-339-5612');
INSERT INTO RESERVATION VALUES ('20191118KS4942140762568',1866,102,'KS','2019-11-18','2019-11-19',null,'complete');
INSERT INTO INVOICECHARGE VALUES ('20191118KS4942140762568-ch00001','20191118KS4942140762568','2019-11-18',70.36,'Base room charge');
INSERT INTO INVOICECHARGE VALUES ('20191118KS4942140762568-ch00002','20191118KS4942140762568','2019-11-18',36.25,'Cleaning fee');
INSERT INTO PAYMENT (payment_id,invoice_id,payment_date,payment_type,payment_amount) VALUES ('20191118KS4942140762568-p00001','20191118KS4942140762568','2019-11-20','CA',106.61);
-- ------- SAMPLE 867 ----------
INSERT INTO GUEST VALUES(1867,'Francie','Fairbank','FFairbank@yahoo.com','1234 DaWrong Lane','Flonkerton','MD','12345','968-536-6794');
INSERT INTO RESERVATION VALUES ('20200202QS4737905453414',1867,103,'QS','2020-02-02','2020-02-05',null,'complete');
INSERT INTO INVOICECHARGE VALUES ('20200202QS4737905453414-ch00001','20200202QS4737905453414','2020-02-02',351.83,'Base room charge');
INSERT INTO PAYMENT VALUES ('20200202QS4737905453414-p00001','20200202QS4737905453414','2020-02-04','CC',351.83,'Francie Fairbank','7873577695330515',8,2022,834,'Mastercard');
-- ------- SAMPLE 868 ----------
INSERT INTO GUEST VALUES(1868,'Willian','Wiest','WWiest@yahoo.com','1234 DaWrong Lane','Flonkerton','MD','12345','663-442-6150');
INSERT INTO RESERVATION VALUES ('20200127QD8362337336202',1868,111,'QD','2020-01-27','2020-02-01',null,'complete');
INSERT INTO INVOICECHARGE VALUES ('20200127QD8362337336202-ch00001','20200127QD8362337336202','2020-01-27',316.64,'Base room charge');
INSERT INTO INVOICECHARGE VALUES ('20200127QD8362337336202-ch00002','20200127QD8362337336202','2020-01-27',163.12,'Cleaning fee');
INSERT INTO PAYMENT VALUES ('20200127QD8362337336202-p00001','20200127QD8362337336202','2020-01-29','CC',479.76,'Willian Wiest','9646168514004727',5,2027,906,'Mastercard');
-- ------- SAMPLE 869 ----------
INSERT INTO GUEST VALUES(1869,'Sherrie','Stultz','SStultz@yahoo.com','1234 DaWrong Lane','Flonkerton','MD','12345','275-973-5342');
INSERT INTO RESERVATION VALUES ('20191112KJ8956326662905',1869,208,'KJ','2019-11-12','2019-11-14',null,'complete');
INSERT INTO INVOICECHARGE VALUES ('20191112KJ8956326662905-ch00001','20191112KJ8956326662905','2019-11-12',182.95,'Base room charge');
INSERT INTO INVOICECHARGE VALUES ('20191112KJ8956326662905-ch00002','20191112KJ8956326662905','2019-11-12',94.25,'Cleaning fee');
INSERT INTO PAYMENT VALUES ('20191112KJ8956326662905-p00001','20191112KJ8956326662905','2019-11-14','CC',277.2,'Sherrie Stultz','9393746671380123',7,2023,998,'Mastercard');
-- ------- SAMPLE 870 ----------
INSERT INTO GUEST VALUES(1870,'Delsie','Delong','DDelong@gmail.com','1234 DaWrong Lane','Flonkerton','MD','12345','358-473-8187');
INSERT INTO RESERVATION VALUES ('20191017KJ7713179772536',1870,109,'KJ','2019-10-17','2019-10-18',null,'complete');
INSERT INTO INVOICECHARGE VALUES ('20191017KJ7713179772536-ch00001','20191017KJ7713179772536','2019-10-17',91.48,'Base room charge');
INSERT INTO INVOICECHARGE VALUES ('20191017KJ7713179772536-ch00002','20191017KJ7713179772536','2019-10-17',47.12,'Room Service');
INSERT INTO PAYMENT VALUES ('20191017KJ7713179772536-p00001','20191017KJ7713179772536','2019-10-19','CC',138.6,'Delsie Delong','3567980181775397',5,2026,403,'Mastercard');
-- ------- SAMPLE 871 ----------
INSERT INTO GUEST VALUES(1871,'Fonda','Foreman','FForeman@hotmail.com','1234 DaWrong Lane','Flonkerton','MD','12345','969-369-0843');
INSERT INTO RESERVATION VALUES ('20201127KJ1411770248330',1871,null,'KJ','2020-11-27','2020-12-01',null,'active');
INSERT INTO INVOICECHARGE VALUES ('20201127KJ1411770248330-ch00001','20201127KJ1411770248330','2020-11-27',365.91,'Base room charge');
INSERT INTO INVOICECHARGE VALUES ('20201127KJ1411770248330-ch00002','20201127KJ1411770248330','2020-11-27',188.5,'Cleaning fee');
INSERT INTO PAYMENT VALUES ('20201127KJ1411770248330-p00001','20201127KJ1411770248330','2020-11-29','CC',554.41,'Fonda Foreman','1335473682907511',3,2021,706,'Mastercard');
-- ------- SAMPLE 872 ----------
INSERT INTO GUEST VALUES(1872,'Buffy','Beattie','BBeattie@hotmail.com','1234 DaWrong Lane','Flonkerton','MD','12345','182-768-8817');
INSERT INTO RESERVATION VALUES ('20190913QS6997284778076',1872,113,'QS','2019-09-13','2019-09-14',null,'complete');
INSERT INTO INVOICECHARGE VALUES ('20190913QS6997284778076-ch00001','20190913QS6997284778076','2019-09-13',117.28,'Base room charge');
INSERT INTO PAYMENT VALUES ('20190913QS6997284778076-p00001','20190913QS6997284778076','2019-09-15','CC',117.28,'Buffy Beattie','7828272147631620',5,2021,389,'Mastercard');
-- ------- SAMPLE 873 ----------
INSERT INTO GUEST VALUES(1873,'Jeanene','Jacobo','JJacobo@yahoo.com','1234 DaWrong Lane','Flonkerton','MD','12345','903-795-3013');
INSERT INTO RESERVATION VALUES ('20200115QS1521545168782',1873,202,'QS','2020-01-15','2020-01-17',null,'complete');
INSERT INTO INVOICECHARGE VALUES ('20200115QS1521545168782-ch00001','20200115QS1521545168782','2020-01-15',154.8,'Base room charge');
INSERT INTO INVOICECHARGE VALUES ('20200115QS1521545168782-ch00002','20200115QS1521545168782','2020-01-15',79.75,'Cleaning fee');
INSERT INTO PAYMENT VALUES ('20200115QS1521545168782-p00001','20200115QS1521545168782','2020-01-17','CC',234.55,'Jeanene Jacobo','8278349656222779',6,2025,476,'Mastercard');
-- ------- SAMPLE 874 ----------
INSERT INTO GUEST VALUES(1874,'Natalya','Neathery','NNeathery@gmail.com','1234 DaWrong Lane','Flonkerton','MD','12345','162-833-3641');
INSERT INTO RESERVATION VALUES ('20191106KS7905641079333',1874,117,'KS','2019-11-06','2019-11-10',null,'complete');
INSERT INTO INVOICECHARGE VALUES ('20191106KS7905641079333-ch00001','20191106KS7905641079333','2019-11-06',281.46,'Base room charge');
INSERT INTO INVOICECHARGE VALUES ('20191106KS7905641079333-ch00002','20191106KS7905641079333','2019-11-06',145,'Room Service');
INSERT INTO PAYMENT VALUES ('20191106KS7905641079333-p00001','20191106KS7905641079333','2019-11-08','CC',426.46,'Natalya Neathery','7332564236153515',10,2023,826,'Mastercard');
-- ------- SAMPLE 875 ----------
INSERT INTO GUEST VALUES(1875,'Boyce','Bate','BBate@yahoo.com','1234 DaWrong Lane','Flonkerton','MD','12345','082-992-5273');
INSERT INTO RESERVATION VALUES ('20200518KI3251604829999',1875,null,'KI','2020-05-18','2020-05-23',null,'active');
INSERT INTO INVOICECHARGE VALUES ('20200518KI3251604829999-ch00001','20200518KI3251604829999','2020-05-18',426.45,'Base room charge');
INSERT INTO PAYMENT VALUES ('20200518KI3251604829999-p00001','20200518KI3251604829999','2020-05-20','CC',426.45,'Boyce Bate','6495648935458661',1,2025,135,'Mastercard');
-- ------- SAMPLE 876 ----------
INSERT INTO GUEST VALUES(1876,'Shaneka','Stribling','SStribling@hotmail.com','1234 DaWrong Lane','Flonkerton','MD','12345','458-065-3069');
INSERT INTO RESERVATION VALUES ('20190602KJ7409655063823',1876,119,'KJ','2019-06-02','2019-06-05',null,'complete');
INSERT INTO INVOICECHARGE VALUES ('20190602KJ7409655063823-ch00001','20190602KJ7409655063823','2019-06-02',274.43,'Base room charge');
INSERT INTO INVOICECHARGE VALUES ('20190602KJ7409655063823-ch00002','20190602KJ7409655063823','2019-06-02',141.38,'Cleaning fee');
INSERT INTO PAYMENT (payment_id,invoice_id,payment_date,payment_type,payment_amount) VALUES ('20190602KJ7409655063823-p00001','20190602KJ7409655063823','2019-06-04','CA',415.81);
-- ------- SAMPLE 877 ----------
INSERT INTO GUEST VALUES(1877,'Ginger','Gordillo','GGordillo@gmail.com','1234 DaWrong Lane','Flonkerton','MD','12345','320-259-4767');
INSERT INTO RESERVATION VALUES ('20180927KJ3416942155858',1877,104,'KJ','2018-09-27','2018-10-01',null,'complete');
INSERT INTO INVOICECHARGE VALUES ('20180927KJ3416942155858-ch00001','20180927KJ3416942155858','2018-09-27',554.41,'Base room charge');
INSERT INTO PAYMENT VALUES ('20180927KJ3416942155858-p00001','20180927KJ3416942155858','2018-09-29','CC',554.41,'Ginger Gordillo','9745396257184740',1,2025,407,'Mastercard');
-- ------- SAMPLE 878 ----------
INSERT INTO GUEST VALUES(1878,'Dorothea','Dipaolo','DDipaolo@gmail.com','1234 DaWrong Lane','Flonkerton','MD','12345','539-453-5700');
INSERT INTO RESERVATION VALUES ('20180511KS1744589748105',1878,112,'KS','2018-05-11','2018-05-15',null,'complete');
INSERT INTO INVOICECHARGE VALUES ('20180511KS1744589748105-ch00001','20180511KS1744589748105','2018-05-11',426.46,'Base room charge');
INSERT INTO PAYMENT VALUES ('20180511KS1744589748105-p00001','20180511KS1744589748105','2018-05-13','CC',426.46,'Dorothea Dipaolo','5724765448400061',2,2026,827,'Mastercard');
-- ------- SAMPLE 879 ----------
INSERT INTO GUEST VALUES(1879,'Willian','Wiest','WWiest@gmail.com','1234 DaWrong Lane','Flonkerton','MD','12345','787-229-5289');
INSERT INTO RESERVATION VALUES ('20200522QD3799508386576',1879,null,'QD','2020-05-22','2020-05-27',null,'active');
INSERT INTO INVOICECHARGE VALUES ('20200522QD3799508386576-ch00001','20200522QD3799508386576','2020-05-22',479.76,'Base room charge');
INSERT INTO PAYMENT VALUES ('20200522QD3799508386576-p00001','20200522QD3799508386576','2020-05-24','CC',479.76,'Willian Wiest','8102438125285682',12,2021,70,'Mastercard');
-- ------- SAMPLE 880 ----------
INSERT INTO GUEST VALUES(1880,'Deandre','Defore','DDefore@hotmail.com','1234 DaWrong Lane','Flonkerton','MD','12345','356-038-7628');
INSERT INTO RESERVATION VALUES ('20190322KS8331878136882',1880,102,'KS','2019-03-22','2019-03-25',null,'complete');
INSERT INTO INVOICECHARGE VALUES ('20190322KS8331878136882-ch00001','20190322KS8331878136882','2019-03-22',319.84,'Base room charge');
INSERT INTO PAYMENT (payment_id,invoice_id,payment_date,payment_type,payment_amount) VALUES ('20190322KS8331878136882-p00001','20190322KS8331878136882','2019-03-24','CA',319.84);
-- ------- SAMPLE 881 ----------
INSERT INTO GUEST VALUES(1881,'Raven','Rybicki','RRybicki@hotmail.com','1234 DaWrong Lane','Flonkerton','MD','12345','926-462-4243');
INSERT INTO RESERVATION VALUES ('20200322KS6125816214403',1881,102,'KS','2020-03-22','2020-03-24',null,'complete');
INSERT INTO INVOICECHARGE VALUES ('20200322KS6125816214403-ch00001','20200322KS6125816214403','2020-03-22',140.73,'Base room charge');
INSERT INTO INVOICECHARGE VALUES ('20200322KS6125816214403-ch00002','20200322KS6125816214403','2020-03-22',72.5,'Cleaning fee');
INSERT INTO PAYMENT VALUES ('20200322KS6125816214403-p00001','20200322KS6125816214403','2020-03-24','CC',213.23,'Raven Rybicki','3694997722088521',10,2024,845,'Mastercard');
-- ------- SAMPLE 882 ----------
INSERT INTO GUEST VALUES(1882,'Jammie','Jo','JJo@gmail.com','1234 DaWrong Lane','Flonkerton','MD','12345','372-997-5788');
INSERT INTO RESERVATION VALUES ('20180519QS2223587112823',1882,118,'QS','2018-05-19','2018-05-23',null,'complete');
INSERT INTO INVOICECHARGE VALUES ('20180519QS2223587112823-ch00001','20180519QS2223587112823','2018-05-19',309.61,'Base room charge');
INSERT INTO INVOICECHARGE VALUES ('20180519QS2223587112823-ch00002','20180519QS2223587112823','2018-05-19',159.5,'Cleaning fee');
INSERT INTO PAYMENT (payment_id,invoice_id,payment_date,payment_type,payment_amount) VALUES ('20180519QS2223587112823-p00001','20180519QS2223587112823','2018-05-21','CA',469.11);
-- ------- SAMPLE 883 ----------
INSERT INTO GUEST VALUES(1883,'Dorothea','Dipaolo','DDipaolo@hotmail.com','1234 DaWrong Lane','Flonkerton','MD','12345','503-249-6419');
INSERT INTO RESERVATION VALUES ('20190703KS1672346534029',1883,107,'KS','2019-07-03','2019-07-06',null,'complete');
INSERT INTO INVOICECHARGE VALUES ('20190703KS1672346534029-ch00001','20190703KS1672346534029','2019-07-03',319.84,'Base room charge');
INSERT INTO PAYMENT VALUES ('20190703KS1672346534029-p00001','20190703KS1672346534029','2019-07-05','CC',319.84,'Dorothea Dipaolo','8881833358725381',9,2022,655,'Mastercard');
-- ------- SAMPLE 884 ----------
INSERT INTO GUEST VALUES(1884,'Shandi','Scharf','SScharf@hotmail.com','1234 DaWrong Lane','Flonkerton','MD','12345','183-191-0329');
INSERT INTO RESERVATION VALUES ('20190524QS3734684416734',1884,207,'QS','2019-05-24','2019-05-28',null,'complete');
INSERT INTO INVOICECHARGE VALUES ('20190524QS3734684416734-ch00001','20190524QS3734684416734','2019-05-24',309.61,'Base room charge');
INSERT INTO INVOICECHARGE VALUES ('20190524QS3734684416734-ch00002','20190524QS3734684416734','2019-05-24',159.5,'Room Service');
INSERT INTO PAYMENT VALUES ('20190524QS3734684416734-p00001','20190524QS3734684416734','2019-05-26','CC',469.11,'Shandi Scharf','5892223299089258',2,2024,374,'Mastercard');
-- ------- SAMPLE 885 ----------
INSERT INTO GUEST VALUES(1885,'Georgianne','Guadarrama','GGuadarrama@yahoo.com','1234 DaWrong Lane','Flonkerton','MD','12345','749-268-1687');
INSERT INTO RESERVATION VALUES ('20210405KS2541845443057',1885,null,'KS','2021-04-05','2021-04-09',null,'active');
-- ------- SAMPLE 886 ----------
INSERT INTO GUEST VALUES(1886,'Floy','Feinstein','FFeinstein@gmail.com','1234 DaWrong Lane','Flonkerton','MD','12345','456-977-3519');
INSERT INTO RESERVATION VALUES ('20180729QD2193698931614',1886,101,'QD','2018-07-29','2018-07-31',null,'complete');
INSERT INTO INVOICECHARGE VALUES ('20180729QD2193698931614-ch00001','20180729QD2193698931614','2018-07-29',191.9,'Base room charge');
INSERT INTO PAYMENT (payment_id,invoice_id,payment_date,payment_type,payment_amount) VALUES ('20180729QD2193698931614-p00001','20180729QD2193698931614','2018-07-31','CA',191.9);
-- ------- SAMPLE 887 ----------
INSERT INTO GUEST VALUES(1887,'Eryn','Edenfield','EEdenfield@gmail.com','1234 DaWrong Lane','Flonkerton','MD','12345','306-237-9755');
INSERT INTO RESERVATION VALUES ('20181126KI1039724095395',1887,209,'KI','2018-11-26','2018-11-30',null,'complete');
INSERT INTO INVOICECHARGE VALUES ('20181126KI1039724095395-ch00001','20181126KI1039724095395','2018-11-26',341.16,'Base room charge');
INSERT INTO PAYMENT VALUES ('20181126KI1039724095395-p00001','20181126KI1039724095395','2018-11-28','CC',341.16,'Eryn Edenfield','9019343927821797',6,2022,479,'Mastercard');
-- ------- SAMPLE 888 ----------
INSERT INTO GUEST VALUES(1888,'Malia','Molden','MMolden@hotmail.com','1234 DaWrong Lane','Flonkerton','MD','12345','934-140-1285');
INSERT INTO RESERVATION VALUES ('20200414QS4531894901524',1888,103,'QS','2020-04-14','2020-04-15',null,'complete');
INSERT INTO INVOICECHARGE VALUES ('20200414QS4531894901524-ch00001','20200414QS4531894901524','2020-04-14',117.28,'Base room charge');
INSERT INTO PAYMENT (payment_id,invoice_id,payment_date,payment_type,payment_amount) VALUES ('20200414QS4531894901524-p00001','20200414QS4531894901524','2020-04-16','CA',117.28);
-- ------- SAMPLE 889 ----------
INSERT INTO GUEST VALUES(1889,'Keturah','Kagawa','KKagawa@hotmail.com','1234 DaWrong Lane','Flonkerton','MD','12345','048-029-3154');
INSERT INTO RESERVATION VALUES ('20200529QS5324052341887',1889,null,'QS','2020-05-29','2020-06-03',null,'active');
INSERT INTO INVOICECHARGE VALUES ('20200529QS5324052341887-ch00001','20200529QS5324052341887','2020-05-29',586.38,'Base room charge');
INSERT INTO PAYMENT VALUES ('20200529QS5324052341887-p00001','20200529QS5324052341887','2020-05-31','CC',586.38,'Keturah Kagawa','1605130821998813',6,2022,611,'Mastercard');
-- ------- SAMPLE 890 ----------
INSERT INTO GUEST VALUES(1890,'Piedad','Proctor','PProctor@gmail.com','1234 DaWrong Lane','Flonkerton','MD','12345','521-970-6748');
INSERT INTO RESERVATION VALUES ('20190306KI4730818402854',1890,204,'KI','2019-03-06','2019-03-11',null,'complete');
INSERT INTO INVOICECHARGE VALUES ('20190306KI4730818402854-ch00001','20190306KI4730818402854','2019-03-06',225.17,'Base room charge');
INSERT INTO INVOICECHARGE VALUES ('20190306KI4730818402854-ch00002','20190306KI4730818402854','2019-03-06',115.99,'Room Service');
INSERT INTO PAYMENT VALUES ('20190306KI4730818402854-p00001','20190306KI4730818402854','2019-03-08','CC',341.16,'Piedad Proctor','5642913614225145',8,2026,682,'Mastercard');
-- ------- SAMPLE 891 ----------
INSERT INTO GUEST VALUES(1891,'Francie','Fairbank','FFairbank@yahoo.com','1234 DaWrong Lane','Flonkerton','MD','12345','317-800-8986');
INSERT INTO RESERVATION VALUES ('20190527KI7757241796256',1891,110,'KI','2019-05-27','2019-06-01',null,'complete');
INSERT INTO INVOICECHARGE VALUES ('20190527KI7757241796256-ch00001','20190527KI7757241796256','2019-05-27',426.45,'Base room charge');
INSERT INTO PAYMENT (payment_id,invoice_id,payment_date,payment_type,payment_amount) VALUES ('20190527KI7757241796256-p00001','20190527KI7757241796256','2019-05-29','CA',426.45);
-- ------- SAMPLE 892 ----------
INSERT INTO GUEST VALUES(1892,'Walker','Weatherhead','WWeatherhead@hotmail.com','1234 DaWrong Lane','Flonkerton','MD','12345','355-526-7502');
INSERT INTO RESERVATION VALUES ('20190209QD2760881562392',1892,106,'QD','2019-02-09','2019-02-13',null,'complete');
INSERT INTO INVOICECHARGE VALUES ('20190209QD2760881562392-ch00001','20190209QD2760881562392','2019-02-09',253.31,'Base room charge');
INSERT INTO INVOICECHARGE VALUES ('20190209QD2760881562392-ch00002','20190209QD2760881562392','2019-02-09',130.5,'Cleaning fee');
INSERT INTO PAYMENT (payment_id,invoice_id,payment_date,payment_type,payment_amount) VALUES ('20190209QD2760881562392-p00001','20190209QD2760881562392','2019-02-11','CA',383.81);
-- ------- SAMPLE 893 ----------
INSERT INTO GUEST VALUES(1893,'Katerine','Kawakami','KKawakami@yahoo.com','1234 DaWrong Lane','Flonkerton','MD','12345','328-531-8699');
INSERT INTO RESERVATION VALUES ('20200802QD8712272635174',1893,null,'QD','2020-08-02','2020-08-04',null,'active');
INSERT INTO INVOICECHARGE VALUES ('20200802QD8712272635174-ch00001','20200802QD8712272635174','2020-08-02',126.65,'Base room charge');
INSERT INTO INVOICECHARGE VALUES ('20200802QD8712272635174-ch00002','20200802QD8712272635174','2020-08-02',65.25,'Room Service');
INSERT INTO PAYMENT (payment_id,invoice_id,payment_date,payment_type,payment_amount) VALUES ('20200802QD8712272635174-p00001','20200802QD8712272635174','2020-08-04','CA',191.9);
-- ------- SAMPLE 894 ----------
INSERT INTO GUEST VALUES(1894,'Shonda','Schult','SSchult@gmail.com','1234 DaWrong Lane','Flonkerton','MD','12345','592-272-9056');
INSERT INTO RESERVATION VALUES ('20190207QD3980223234246',1894,106,'QD','2019-02-07','2019-02-12',null,'complete');
INSERT INTO INVOICECHARGE VALUES ('20190207QD3980223234246-ch00001','20190207QD3980223234246','2019-02-07',316.64,'Base room charge');
INSERT INTO INVOICECHARGE VALUES ('20190207QD3980223234246-ch00002','20190207QD3980223234246','2019-02-07',163.12,'Room Service');
INSERT INTO PAYMENT VALUES ('20190207QD3980223234246-p00001','20190207QD3980223234246','2019-02-09','CC',479.76,'Shonda Schult','6753433335633823',9,2025,113,'Mastercard');
-- ------- SAMPLE 895 ----------
INSERT INTO GUEST VALUES(1895,'Shae','Sansom','SSansom@gmail.com','1234 DaWrong Lane','Flonkerton','MD','12345','779-716-4582');
INSERT INTO RESERVATION VALUES ('20200325QS8207546618243',1895,202,'QS','2020-03-25','2020-03-27',null,'cancelled');
INSERT INTO INVOICECHARGE VALUES ('20200325QS8207546618243-ch00001','20200325QS8207546618243','2020-03-25',234.55,'Base room charge');
INSERT INTO PAYMENT VALUES ('20200325QS8207546618243-p00001','20200325QS8207546618243','2020-03-27','CC',234.55,'Shae Sansom','2211948500733477',12,2026,808,'Mastercard');
-- ------- SAMPLE 896 ----------
INSERT INTO GUEST VALUES(1896,'Erminia','Eckard','EEckard@yahoo.com','1234 DaWrong Lane','Flonkerton','MD','12345','048-326-3202');
INSERT INTO RESERVATION VALUES ('20190205KJ7892382086265',1896,104,'KJ','2019-02-05','2019-02-08',null,'cancelled');
INSERT INTO INVOICECHARGE VALUES ('20190205KJ7892382086265-ch00001','20190205KJ7892382086265','2019-02-05',274.43,'Base room charge');
INSERT INTO INVOICECHARGE VALUES ('20190205KJ7892382086265-ch00002','20190205KJ7892382086265','2019-02-05',141.38,'Cleaning fee');
INSERT INTO PAYMENT VALUES ('20190205KJ7892382086265-p00001','20190205KJ7892382086265','2019-02-07','CC',415.81,'Erminia Eckard','4331077604024041',1,2021,909,'Mastercard');
-- ------- SAMPLE 897 ----------
INSERT INTO GUEST VALUES(1897,'Bessie','Buhler','BBuhler@hotmail.com','1234 DaWrong Lane','Flonkerton','MD','12345','889-957-2919');
INSERT INTO RESERVATION VALUES ('20191007QS2840714793083',1897,207,'QS','2019-10-07','2019-10-10',null,'complete');
INSERT INTO INVOICECHARGE VALUES ('20191007QS2840714793083-ch00001','20191007QS2840714793083','2019-10-07',232.21,'Base room charge');
INSERT INTO INVOICECHARGE VALUES ('20191007QS2840714793083-ch00002','20191007QS2840714793083','2019-10-07',119.62,'Cleaning fee');
INSERT INTO PAYMENT VALUES ('20191007QS2840714793083-p00001','20191007QS2840714793083','2019-10-09','CC',351.83,'Bessie Buhler','8539571393213190',5,2021,546,'Mastercard');
-- ------- SAMPLE 898 ----------
INSERT INTO GUEST VALUES(1898,'Floy','Feinstein','FFeinstein@yahoo.com','1234 DaWrong Lane','Flonkerton','MD','12345','930-724-8891');
INSERT INTO RESERVATION VALUES ('20181216QD1583496392175',1898,106,'QD','2018-12-16','2018-12-20',null,'complete');
INSERT INTO INVOICECHARGE VALUES ('20181216QD1583496392175-ch00001','20181216QD1583496392175','2018-12-16',383.81,'Base room charge');
INSERT INTO PAYMENT VALUES ('20181216QD1583496392175-p00001','20181216QD1583496392175','2018-12-18','CC',383.81,'Floy Feinstein','5147228717591210',10,2024,14,'Mastercard');
-- ------- SAMPLE 899 ----------
INSERT INTO GUEST VALUES(1899,'Kandra','Kelty','KKelty@hotmail.com','1234 DaWrong Lane','Flonkerton','MD','12345','783-329-9012');
INSERT INTO RESERVATION VALUES ('20200913QS2453260152221',1899,null,'QS','2020-09-13','2020-09-15',null,'active');
INSERT INTO INVOICECHARGE VALUES ('20200913QS2453260152221-ch00001','20200913QS2453260152221','2020-09-13',234.55,'Base room charge');
INSERT INTO PAYMENT VALUES ('20200913QS2453260152221-p00001','20200913QS2453260152221','2020-09-15','CC',142,'Kandra Kelty','9370444125353218',3,2027,317,'Mastercard');
-- ------- SAMPLE 900 ----------
INSERT INTO GUEST VALUES(1900,'Rose','Royall','RRoyall@gmail.com','1234 DaWrong Lane','Flonkerton','MD','12345','305-028-6127');
INSERT INTO RESERVATION VALUES ('20180910QD6194523165598',1900,101,'QD','2018-09-10','2018-09-13',null,'cancelled');
INSERT INTO INVOICECHARGE VALUES ('20180910QD6194523165598-ch00001','20180910QD6194523165598','2018-09-10',287.86,'Base room charge');
INSERT INTO PAYMENT VALUES ('20180910QD6194523165598-p00001','20180910QD6194523165598','2018-09-12','CC',287.86,'Rose Royall','6262046811655692',1,2025,641,'Mastercard');
-- ------- SAMPLE 901 ----------
INSERT INTO GUEST VALUES(1901,'Shae','Sansom','SSansom@gmail.com','1234 DaWrong Lane','Flonkerton','MD','12345','220-621-2765');
INSERT INTO RESERVATION VALUES ('20181213KI7560363577998',1901,120,'KI','2018-12-13','2018-12-18',null,'complete');
INSERT INTO INVOICECHARGE VALUES ('20181213KI7560363577998-ch00001','20181213KI7560363577998','2018-12-13',426.45,'Base room charge');
INSERT INTO PAYMENT VALUES ('20181213KI7560363577998-p00001','20181213KI7560363577998','2018-12-15','CC',426.45,'Shae Sansom','6247202903316414',3,2025,895,'Mastercard');
-- ------- SAMPLE 902 ----------
INSERT INTO GUEST VALUES(1902,'Alverta','Arce','AArce@hotmail.com','1234 DaWrong Lane','Flonkerton','MD','12345','120-686-4267');
INSERT INTO RESERVATION VALUES ('20201019KS9526123279203',1902,null,'KS','2020-10-19','2020-10-22',null,'active');
INSERT INTO INVOICECHARGE VALUES ('20201019KS9526123279203-ch00001','20201019KS9526123279203','2020-10-19',319.84,'Base room charge');
INSERT INTO PAYMENT VALUES ('20201019KS9526123279203-p00001','20201019KS9526123279203','2020-10-21','CC',10,'Alverta Arce','3169899787807158',2,2022,263,'Mastercard');
-- ------- SAMPLE 903 ----------
INSERT INTO GUEST VALUES(1903,'Randal','Rohman','RRohman@gmail.com','1234 DaWrong Lane','Flonkerton','MD','12345','442-680-9388');
INSERT INTO RESERVATION VALUES ('20190328KS7487021607269',1903,201,'KS','2019-03-28','2019-03-29',null,'complete');
INSERT INTO INVOICECHARGE VALUES ('20190328KS7487021607269-ch00001','20190328KS7487021607269','2019-03-28',106.61,'Base room charge');
INSERT INTO PAYMENT VALUES ('20190328KS7487021607269-p00001','20190328KS7487021607269','2019-03-30','CC',106.61,'Randal Rohman','4354514917601081',10,2026,111,'Mastercard');
-- ------- SAMPLE 904 ----------
INSERT INTO GUEST VALUES(1904,'Fiona','Figgs','FFiggs@hotmail.com','1234 DaWrong Lane','Flonkerton','MD','12345','431-889-8021');
INSERT INTO RESERVATION VALUES ('20191123QS4817866889823',1904,207,'QS','2019-11-23','2019-11-27',null,'complete');
INSERT INTO INVOICECHARGE VALUES ('20191123QS4817866889823-ch00001','20191123QS4817866889823','2019-11-23',309.61,'Base room charge');
INSERT INTO INVOICECHARGE VALUES ('20191123QS4817866889823-ch00002','20191123QS4817866889823','2019-11-23',159.5,'Room Service');
INSERT INTO PAYMENT VALUES ('20191123QS4817866889823-p00001','20191123QS4817866889823','2019-11-25','CC',469.11,'Fiona Figgs','6415215145336188',2,2027,172,'Mastercard');
-- ------- SAMPLE 905 ----------
INSERT INTO GUEST VALUES(1905,'Jeanene','Jacobo','JJacobo@yahoo.com','1234 DaWrong Lane','Flonkerton','MD','12345','468-778-3460');
INSERT INTO RESERVATION VALUES ('20180715KS2519912801379',1905,107,'KS','2018-07-15','2018-07-19',null,'complete');
INSERT INTO INVOICECHARGE VALUES ('20180715KS2519912801379-ch00001','20180715KS2519912801379','2018-07-15',426.46,'Base room charge');
INSERT INTO PAYMENT (payment_id,invoice_id,payment_date,payment_type,payment_amount) VALUES ('20180715KS2519912801379-p00001','20180715KS2519912801379','2018-07-17','CA',426.46);
-- ------- SAMPLE 906 ----------
INSERT INTO GUEST VALUES(1906,'Deandre','Defore','DDefore@gmail.com','1234 DaWrong Lane','Flonkerton','MD','12345','525-167-1214');
INSERT INTO RESERVATION VALUES ('20210501KJ8327736280973',1906,null,'KJ','2021-05-01','2021-05-06',null,'active');
-- ------- SAMPLE 907 ----------
INSERT INTO GUEST VALUES(1907,'Tifany','Temple','TTemple@gmail.com','1234 DaWrong Lane','Flonkerton','MD','12345','896-504-2132');
INSERT INTO RESERVATION VALUES ('20181007KJ7594954492053',1907,104,'KJ','2018-10-07','2018-10-12',null,'complete');
INSERT INTO INVOICECHARGE VALUES ('20181007KJ7594954492053-ch00001','20181007KJ7594954492053','2018-10-07',693.01,'Base room charge');
INSERT INTO PAYMENT VALUES ('20181007KJ7594954492053-p00001','20181007KJ7594954492053','2018-10-09','CC',693.01,'Tifany Temple','7304697090650434',1,2025,981,'Mastercard');
-- ------- SAMPLE 908 ----------
INSERT INTO GUEST VALUES(1908,'Melaine','Miskell','MMiskell@gmail.com','1234 DaWrong Lane','Flonkerton','MD','12345','661-061-2209');
INSERT INTO RESERVATION VALUES ('20181011KS2668352918249',1908,206,'KS','2018-10-11','2018-10-16',null,'complete');
INSERT INTO INVOICECHARGE VALUES ('20181011KS2668352918249-ch00001','20181011KS2668352918249','2018-10-11',351.83,'Base room charge');
INSERT INTO INVOICECHARGE VALUES ('20181011KS2668352918249-ch00002','20181011KS2668352918249','2018-10-11',181.24,'Cleaning fee');
INSERT INTO PAYMENT (payment_id,invoice_id,payment_date,payment_type,payment_amount) VALUES ('20181011KS2668352918249-p00001','20181011KS2668352918249','2018-10-13','CA',533.07);
-- ------- SAMPLE 909 ----------
INSERT INTO GUEST VALUES(1909,'Danette','Dammann','DDammann@hotmail.com','1234 DaWrong Lane','Flonkerton','MD','12345','077-758-4419');
INSERT INTO RESERVATION VALUES ('20190620QS9614551060370',1909,108,'QS','2019-06-20','2019-06-23',null,'complete');
INSERT INTO INVOICECHARGE VALUES ('20190620QS9614551060370-ch00001','20190620QS9614551060370','2019-06-20',351.83,'Base room charge');
INSERT INTO PAYMENT VALUES ('20190620QS9614551060370-p00001','20190620QS9614551060370','2019-06-22','CC',351.83,'Danette Dammann','9254366973568571',8,2025,393,'Mastercard');
-- ------- SAMPLE 910 ----------
INSERT INTO GUEST VALUES(1910,'Deandra','Dimauro','DDimauro@gmail.com','1234 DaWrong Lane','Flonkerton','MD','12345','251-464-7123');
INSERT INTO RESERVATION VALUES ('20200830KI5856625239353',1910,null,'KI','2020-08-30','2020-09-03',null,'active');
INSERT INTO INVOICECHARGE VALUES ('20200830KI5856625239353-ch00001','20200830KI5856625239353','2020-08-30',225.17,'Base room charge');
INSERT INTO INVOICECHARGE VALUES ('20200830KI5856625239353-ch00002','20200830KI5856625239353','2020-08-30',115.99,'Room Service');
INSERT INTO PAYMENT VALUES ('20200830KI5856625239353-p00001','20200830KI5856625239353','2020-09-01','CC',341.16,'Deandra Dimauro','8600132433651994',1,2026,406,'Mastercard');
-- ------- SAMPLE 911 ----------
INSERT INTO GUEST VALUES(1911,'Rickie','Redfern','RRedfern@hotmail.com','1234 DaWrong Lane','Flonkerton','MD','12345','027-003-6147');
INSERT INTO RESERVATION VALUES ('20191102QD6749579289340',1911,101,'QD','2019-11-02','2019-11-03',null,'complete');
INSERT INTO INVOICECHARGE VALUES ('20191102QD6749579289340-ch00001','20191102QD6749579289340','2019-11-02',95.95,'Base room charge');
INSERT INTO PAYMENT VALUES ('20191102QD6749579289340-p00001','20191102QD6749579289340','2019-11-04','CC',95.95,'Rickie Redfern','3918383185337886',10,2024,113,'Mastercard');
-- ------- SAMPLE 912 ----------
INSERT INTO GUEST VALUES(1912,'Florentino','Feth','FFeth@yahoo.com','1234 DaWrong Lane','Flonkerton','MD','12345','894-720-3587');
INSERT INTO RESERVATION VALUES ('20180901KS9038248417226',1912,107,'KS','2018-09-01','2018-09-03',null,'complete');
INSERT INTO INVOICECHARGE VALUES ('20180901KS9038248417226-ch00001','20180901KS9038248417226','2018-09-01',140.73,'Base room charge');
INSERT INTO INVOICECHARGE VALUES ('20180901KS9038248417226-ch00002','20180901KS9038248417226','2018-09-01',72.5,'Cleaning fee');
INSERT INTO PAYMENT VALUES ('20180901KS9038248417226-p00001','20180901KS9038248417226','2018-09-03','CC',213.23,'Florentino Feth','1498341541261759',8,2026,859,'Mastercard');
-- ------- SAMPLE 913 ----------
INSERT INTO GUEST VALUES(1913,'Deandra','Dimauro','DDimauro@gmail.com','1234 DaWrong Lane','Flonkerton','MD','12345','223-408-5391');
INSERT INTO RESERVATION VALUES ('20180603QD3354547479108',1913,111,'QD','2018-06-03','2018-06-06',null,'complete');
INSERT INTO INVOICECHARGE VALUES ('20180603QD3354547479108-ch00001','20180603QD3354547479108','2018-06-03',189.99,'Base room charge');
INSERT INTO INVOICECHARGE VALUES ('20180603QD3354547479108-ch00002','20180603QD3354547479108','2018-06-03',97.87,'Room Service');
INSERT INTO PAYMENT VALUES ('20180603QD3354547479108-p00001','20180603QD3354547479108','2018-06-05','CC',287.86,'Deandra Dimauro','7178779467275812',6,2026,103,'Mastercard');
-- ------- SAMPLE 914 ----------
INSERT INTO GUEST VALUES(1914,'Rick','Ritenour','RRitenour@hotmail.com','1234 DaWrong Lane','Flonkerton','MD','12345','821-288-7913');
INSERT INTO RESERVATION VALUES ('20181129QD5151599089799',1914,101,'QD','2018-11-29','2018-12-01',null,'complete');
INSERT INTO INVOICECHARGE VALUES ('20181129QD5151599089799-ch00001','20181129QD5151599089799','2018-11-29',191.9,'Base room charge');
INSERT INTO PAYMENT (payment_id,invoice_id,payment_date,payment_type,payment_amount) VALUES ('20181129QD5151599089799-p00001','20181129QD5151599089799','2018-12-01','CA',191.9);
-- ------- SAMPLE 915 ----------
INSERT INTO GUEST VALUES(1915,'Malia','Molden','MMolden@hotmail.com','1234 DaWrong Lane','Flonkerton','MD','12345','542-993-8206');
INSERT INTO RESERVATION VALUES ('20190515QS3680579691270',1915,113,'QS','2019-05-15','2019-05-18',null,'complete');
INSERT INTO INVOICECHARGE VALUES ('20190515QS3680579691270-ch00001','20190515QS3680579691270','2019-05-15',232.21,'Base room charge');
INSERT INTO INVOICECHARGE VALUES ('20190515QS3680579691270-ch00002','20190515QS3680579691270','2019-05-15',119.62,'Cleaning fee');
INSERT INTO PAYMENT VALUES ('20190515QS3680579691270-p00001','20190515QS3680579691270','2019-05-17','CC',351.83,'Malia Molden','4887823981467572',5,2024,672,'Mastercard');
-- ------- SAMPLE 916 ----------
INSERT INTO GUEST VALUES(1916,'Freida','Forbis','FForbis@gmail.com','1234 DaWrong Lane','Flonkerton','MD','12345','700-387-4120');
INSERT INTO RESERVATION VALUES ('20201221QD9353975643949',1916,null,'QD','2020-12-21','2020-12-23',null,'cancelled');
INSERT INTO INVOICECHARGE VALUES ('20201221QD9353975643949-ch00001','20201221QD9353975643949','2020-12-21',126.65,'Base room charge');
INSERT INTO INVOICECHARGE VALUES ('20201221QD9353975643949-ch00002','20201221QD9353975643949','2020-12-21',65.25,'Room Service');
INSERT INTO PAYMENT VALUES ('20201221QD9353975643949-p00001','20201221QD9353975643949','2020-12-23','CC',191.9,'Freida Forbis','3898074408098802',5,2025,840,'Mastercard');
-- ------- SAMPLE 917 ----------
INSERT INTO GUEST VALUES(1917,'Demarcus','Dearborn','DDearborn@gmail.com','1234 DaWrong Lane','Flonkerton','MD','12345','446-873-8176');
INSERT INTO RESERVATION VALUES ('20200326QD5864759016183',1917,101,'QD','2020-03-26','2020-03-30',null,'complete');
INSERT INTO INVOICECHARGE VALUES ('20200326QD5864759016183-ch00001','20200326QD5864759016183','2020-03-26',383.81,'Base room charge');
INSERT INTO PAYMENT VALUES ('20200326QD5864759016183-p00001','20200326QD5864759016183','2020-03-28','CC',383.81,'Demarcus Dearborn','6518339675568640',12,2024,678,'Mastercard');
-- ------- SAMPLE 918 ----------
INSERT INTO GUEST VALUES(1918,'Lakenya','Langston','LLangston@gmail.com','1234 DaWrong Lane','Flonkerton','MD','12345','558-232-4829');
INSERT INTO RESERVATION VALUES ('20190909KJ7977017520148',1918,104,'KJ','2019-09-09','2019-09-10',null,'complete');
INSERT INTO INVOICECHARGE VALUES ('20190909KJ7977017520148-ch00001','20190909KJ7977017520148','2019-09-09',91.48,'Base room charge');
INSERT INTO INVOICECHARGE VALUES ('20190909KJ7977017520148-ch00002','20190909KJ7977017520148','2019-09-09',47.12,'Room Service');
INSERT INTO PAYMENT VALUES ('20190909KJ7977017520148-p00001','20190909KJ7977017520148','2019-09-11','CC',138.6,'Lakenya Langston','3552275155781462',3,2027,262,'Mastercard');
-- ------- SAMPLE 919 ----------
INSERT INTO GUEST VALUES(1919,'Leighann','Leith','LLeith@gmail.com','1234 DaWrong Lane','Flonkerton','MD','12345','874-978-1565');
INSERT INTO RESERVATION VALUES ('20180809QS6556870307250',1919,207,'QS','2018-08-09','2018-08-12',null,'complete');
INSERT INTO INVOICECHARGE VALUES ('20180809QS6556870307250-ch00001','20180809QS6556870307250','2018-08-09',351.83,'Base room charge');
INSERT INTO PAYMENT VALUES ('20180809QS6556870307250-p00001','20180809QS6556870307250','2018-08-11','CC',351.83,'Leighann Leith','3825083638096456',3,2025,350,'Mastercard');
-- ------- SAMPLE 920 ----------
INSERT INTO GUEST VALUES(1920,'Abel','Alire','AAlire@hotmail.com','1234 DaWrong Lane','Flonkerton','MD','12345','649-967-0047');
INSERT INTO RESERVATION VALUES ('20201206KI3573466469255',1920,null,'KI','2020-12-06','2020-12-10',null,'active');
INSERT INTO INVOICECHARGE VALUES ('20201206KI3573466469255-ch00001','20201206KI3573466469255','2020-12-06',225.17,'Base room charge');
INSERT INTO INVOICECHARGE VALUES ('20201206KI3573466469255-ch00002','20201206KI3573466469255','2020-12-06',115.99,'Room Service');
INSERT INTO PAYMENT (payment_id,invoice_id,payment_date,payment_type,payment_amount) VALUES ('20201206KI3573466469255-p00001','20201206KI3573466469255','2020-12-08','CA',221);
-- ------- SAMPLE 921 ----------
INSERT INTO GUEST VALUES(1921,'Kandra','Kelty','KKelty@gmail.com','1234 DaWrong Lane','Flonkerton','MD','12345','268-587-6891');
INSERT INTO RESERVATION VALUES ('20200505QD7097339143802',1921,116,'QD','2020-05-05','2020-05-09',null,'complete');
-- ------- SAMPLE 922 ----------
INSERT INTO GUEST VALUES(1922,'Lucius','Liles','LLiles@gmail.com','1234 DaWrong Lane','Flonkerton','MD','12345','319-962-6095');
INSERT INTO RESERVATION VALUES ('20181120KI5289107911105',1922,209,'KI','2018-11-20','2018-11-25',null,'complete');
INSERT INTO INVOICECHARGE VALUES ('20181120KI5289107911105-ch00001','20181120KI5289107911105','2018-11-20',281.46,'Base room charge');
INSERT INTO INVOICECHARGE VALUES ('20181120KI5289107911105-ch00002','20181120KI5289107911105','2018-11-20',144.99,'Cleaning fee');
INSERT INTO PAYMENT VALUES ('20181120KI5289107911105-p00001','20181120KI5289107911105','2018-11-22','CC',426.45,'Lucius Liles','4465405266704385',5,2021,173,'Mastercard');
-- ------- SAMPLE 923 ----------
INSERT INTO GUEST VALUES(1923,'Raven','Rybicki','RRybicki@yahoo.com','1234 DaWrong Lane','Flonkerton','MD','12345','027-007-0630');
INSERT INTO RESERVATION VALUES ('20200815QD3084042782285',1923,null,'QD','2020-08-15','2020-08-17',null,'active');
-- ------- SAMPLE 924 ----------
INSERT INTO GUEST VALUES(1924,'Annie','Albrecht','AAlbrecht@hotmail.com','1234 DaWrong Lane','Flonkerton','MD','12345','433-132-1127');
INSERT INTO RESERVATION VALUES ('20200205QD4549260875837',1924,116,'QD','2020-02-05','2020-02-08',null,'cancelled');
INSERT INTO INVOICECHARGE VALUES ('20200205QD4549260875837-ch00001','20200205QD4549260875837','2020-02-05',189.99,'Base room charge');
INSERT INTO INVOICECHARGE VALUES ('20200205QD4549260875837-ch00002','20200205QD4549260875837','2020-02-05',97.87,'Room Service');
INSERT INTO PAYMENT VALUES ('20200205QD4549260875837-p00001','20200205QD4549260875837','2020-02-07','CC',287.86,'Annie Albrecht','4568372984662657',12,2021,929,'Mastercard');
-- ------- SAMPLE 925 ----------
INSERT INTO GUEST VALUES(1925,'Rickie','Redfern','RRedfern@yahoo.com','1234 DaWrong Lane','Flonkerton','MD','12345','917-884-7752');
INSERT INTO RESERVATION VALUES ('20200510KS4683952630583',1925,null,'KS','2020-05-10','2020-05-14',null,'active');
-- ------- SAMPLE 926 ----------
INSERT INTO GUEST VALUES(1926,'Ngan','Nalley','NNalley@hotmail.com','1234 DaWrong Lane','Flonkerton','MD','12345','604-604-3996');
INSERT INTO RESERVATION VALUES ('20180528KS2709272011630',1926,117,'KS','2018-05-28','2018-06-01',null,'complete');
INSERT INTO INVOICECHARGE VALUES ('20180528KS2709272011630-ch00001','20180528KS2709272011630','2018-05-28',281.46,'Base room charge');
INSERT INTO INVOICECHARGE VALUES ('20180528KS2709272011630-ch00002','20180528KS2709272011630','2018-05-28',145,'Room Service');
INSERT INTO PAYMENT VALUES ('20180528KS2709272011630-p00001','20180528KS2709272011630','2018-05-30','CC',426.46,'Ngan Nalley','3468059408117887',12,2023,815,'Mastercard');
-- ------- SAMPLE 927 ----------
INSERT INTO GUEST VALUES(1927,'Jamey','Jen','JJen@hotmail.com','1234 DaWrong Lane','Flonkerton','MD','12345','707-361-4384');
INSERT INTO RESERVATION VALUES ('20190928KJ7245573915998',1927,119,'KJ','2019-09-28','2019-09-29',null,'complete');
INSERT INTO INVOICECHARGE VALUES ('20190928KJ7245573915998-ch00001','20190928KJ7245573915998','2019-09-28',138.6,'Base room charge');
INSERT INTO PAYMENT (payment_id,invoice_id,payment_date,payment_type,payment_amount) VALUES ('20190928KJ7245573915998-p00001','20190928KJ7245573915998','2019-09-30','CA',138.6);
-- ------- SAMPLE 928 ----------
INSERT INTO GUEST VALUES(1928,'Abdul','Ashe','AAshe@hotmail.com','1234 DaWrong Lane','Flonkerton','MD','12345','741-683-7102');
INSERT INTO RESERVATION VALUES ('20191015QD6925252524897',1928,106,'QD','2019-10-15','2019-10-18',null,'cancelled');
INSERT INTO INVOICECHARGE VALUES ('20191015QD6925252524897-ch00001','20191015QD6925252524897','2019-10-15',287.86,'Base room charge');
INSERT INTO PAYMENT VALUES ('20191015QD6925252524897-p00001','20191015QD6925252524897','2019-10-17','CC',287.86,'Abdul Ashe','8021656059754857',2,2022,737,'Mastercard');
-- ------- SAMPLE 929 ----------
INSERT INTO GUEST VALUES(1929,'Asa','Allan','AAllan@gmail.com','1234 DaWrong Lane','Flonkerton','MD','12345','353-030-0076');
INSERT INTO RESERVATION VALUES ('20201114KI8988405928911',1929,null,'KI','2020-11-14','2020-11-17',null,'active');
INSERT INTO INVOICECHARGE VALUES ('20201114KI8988405928911-ch00001','20201114KI8988405928911','2020-11-14',168.87,'Base room charge');
INSERT INTO INVOICECHARGE VALUES ('20201114KI8988405928911-ch00002','20201114KI8988405928911','2020-11-14',87,'Room Service');
INSERT INTO PAYMENT VALUES ('20201114KI8988405928911-p00001','20201114KI8988405928911','2020-11-16','CC',255.87,'Asa Allan','4612536566567271',12,2022,231,'Mastercard');
-- ------- SAMPLE 930 ----------
INSERT INTO GUEST VALUES(1930,'Willian','Wiest','WWiest@yahoo.com','1234 DaWrong Lane','Flonkerton','MD','12345','950-281-4069');
INSERT INTO RESERVATION VALUES ('20210203KI3164726412663',1930,null,'KI','2021-02-03','2021-02-07',null,'active');
INSERT INTO INVOICECHARGE VALUES ('20210203KI3164726412663-ch00001','20210203KI3164726412663','2021-02-03',225.17,'Base room charge');
INSERT INTO INVOICECHARGE VALUES ('20210203KI3164726412663-ch00002','20210203KI3164726412663','2021-02-03',115.99,'Cleaning fee');
INSERT INTO PAYMENT VALUES ('20210203KI3164726412663-p00001','20210203KI3164726412663','2021-02-05','CC',341.16,'Willian Wiest','3515692158317103',9,2023,505,'Mastercard');
-- ------- SAMPLE 931 ----------
INSERT INTO GUEST VALUES(1931,'Reita','Rudder','RRudder@hotmail.com','1234 DaWrong Lane','Flonkerton','MD','12345','140-015-0657');
INSERT INTO RESERVATION VALUES ('20201126KJ5355520469198',1931,null,'KJ','2020-11-26','2020-11-28',null,'active');
INSERT INTO INVOICECHARGE VALUES ('20201126KJ5355520469198-ch00001','20201126KJ5355520469198','2020-11-26',182.95,'Base room charge');
INSERT INTO INVOICECHARGE VALUES ('20201126KJ5355520469198-ch00002','20201126KJ5355520469198','2020-11-26',94.25,'Cleaning fee');
INSERT INTO PAYMENT VALUES ('20201126KJ5355520469198-p00001','20201126KJ5355520469198','2020-11-28','CC',177,'Reita Rudder','4580875781699605',7,2025,450,'Mastercard');
-- ------- SAMPLE 932 ----------
INSERT INTO GUEST VALUES(1932,'Julene','Jahn','JJahn@hotmail.com','1234 DaWrong Lane','Flonkerton','MD','12345','441-923-9219');
INSERT INTO RESERVATION VALUES ('20190428QS7495398608130',1932,113,'QS','2019-04-28','2019-05-01',null,'complete');
INSERT INTO INVOICECHARGE VALUES ('20190428QS7495398608130-ch00001','20190428QS7495398608130','2019-04-28',351.83,'Base room charge');
INSERT INTO PAYMENT VALUES ('20190428QS7495398608130-p00001','20190428QS7495398608130','2019-04-30','CC',351.83,'Julene Jahn','8854427567551087',8,2027,535,'Mastercard');
-- ------- SAMPLE 933 ----------
INSERT INTO GUEST VALUES(1933,'Bell','Belizaire','BBelizaire@gmail.com','1234 DaWrong Lane','Flonkerton','MD','12345','060-585-2623');
INSERT INTO RESERVATION VALUES ('20191026KJ7817624299241',1933,119,'KJ','2019-10-26','2019-10-30',null,'complete');
INSERT INTO INVOICECHARGE VALUES ('20191026KJ7817624299241-ch00001','20191026KJ7817624299241','2019-10-26',554.41,'Base room charge');
INSERT INTO PAYMENT VALUES ('20191026KJ7817624299241-p00001','20191026KJ7817624299241','2019-10-28','CC',554.41,'Bell Belizaire','4072314972706498',5,2025,483,'Mastercard');
-- ------- SAMPLE 934 ----------
INSERT INTO GUEST VALUES(1934,'Irma','Irby','IIrby@gmail.com','1234 DaWrong Lane','Flonkerton','MD','12345','953-840-2694');
INSERT INTO RESERVATION VALUES ('20190216KI4430890207668',1934,105,'KI','2019-02-16','2019-02-20',null,'cancelled');
INSERT INTO INVOICECHARGE VALUES ('20190216KI4430890207668-ch00001','20190216KI4430890207668','2019-02-16',225.17,'Base room charge');
INSERT INTO INVOICECHARGE VALUES ('20190216KI4430890207668-ch00002','20190216KI4430890207668','2019-02-16',115.99,'Cleaning fee');
INSERT INTO PAYMENT VALUES ('20190216KI4430890207668-p00001','20190216KI4430890207668','2019-02-18','CC',341.16,'Irma Irby','7513668779165620',3,2027,534,'Mastercard');
-- ------- SAMPLE 935 ----------
INSERT INTO GUEST VALUES(1935,'Pearlene','Priestly','PPriestly@gmail.com','1234 DaWrong Lane','Flonkerton','MD','12345','305-851-0223');
INSERT INTO RESERVATION VALUES ('20181208KS6390700966343',1935,206,'KS','2018-12-08','2018-12-13',null,'complete');
INSERT INTO INVOICECHARGE VALUES ('20181208KS6390700966343-ch00001','20181208KS6390700966343','2018-12-08',533.07,'Base room charge');
INSERT INTO PAYMENT (payment_id,invoice_id,payment_date,payment_type,payment_amount) VALUES ('20181208KS6390700966343-p00001','20181208KS6390700966343','2018-12-10','CA',533.07);
-- ------- SAMPLE 936 ----------
INSERT INTO GUEST VALUES(1936,'Doyle','Dykema','DDykema@yahoo.com','1234 DaWrong Lane','Flonkerton','MD','12345','966-454-0964');
INSERT INTO RESERVATION VALUES ('20191114KS1149755673780',1936,107,'KS','2019-11-14','2019-11-19',null,'cancelled');
INSERT INTO INVOICECHARGE VALUES ('20191114KS1149755673780-ch00001','20191114KS1149755673780','2019-11-14',533.07,'Base room charge');
INSERT INTO PAYMENT VALUES ('20191114KS1149755673780-p00001','20191114KS1149755673780','2019-11-16','CC',533.07,'Doyle Dykema','2632518269710988',5,2024,259,'Mastercard');
-- ------- SAMPLE 937 ----------
INSERT INTO GUEST VALUES(1937,'Kaley','Kilmon','KKilmon@gmail.com','1234 DaWrong Lane','Flonkerton','MD','12345','352-006-1254');
INSERT INTO RESERVATION VALUES ('20181014QD5522300215173',1937,205,'QD','2018-10-14','2018-10-19',null,'complete');
INSERT INTO INVOICECHARGE VALUES ('20181014QD5522300215173-ch00001','20181014QD5522300215173','2018-10-14',479.76,'Base room charge');
INSERT INTO PAYMENT (payment_id,invoice_id,payment_date,payment_type,payment_amount) VALUES ('20181014QD5522300215173-p00001','20181014QD5522300215173','2018-10-16','CA',479.76);
-- ------- SAMPLE 938 ----------
INSERT INTO GUEST VALUES(1938,'Christine','Ciampa','CCiampa@hotmail.com','1234 DaWrong Lane','Flonkerton','MD','12345','223-009-8766');
INSERT INTO RESERVATION VALUES ('20190214KJ7492264947224',1938,208,'KJ','2019-02-14','2019-02-19',null,'complete');
INSERT INTO INVOICECHARGE VALUES ('20190214KJ7492264947224-ch00001','20190214KJ7492264947224','2019-02-14',457.39,'Base room charge');
INSERT INTO INVOICECHARGE VALUES ('20190214KJ7492264947224-ch00002','20190214KJ7492264947224','2019-02-14',235.62,'Room Service');
INSERT INTO PAYMENT (payment_id,invoice_id,payment_date,payment_type,payment_amount) VALUES ('20190214KJ7492264947224-p00001','20190214KJ7492264947224','2019-02-16','CA',693.01);
-- ------- SAMPLE 939 ----------
INSERT INTO GUEST VALUES(1939,'Shae','Sansom','SSansom@gmail.com','1234 DaWrong Lane','Flonkerton','MD','12345','069-093-4642');
INSERT INTO RESERVATION VALUES ('20191228KS7751411358469',1939,206,'KS','2019-12-28','2019-12-30',null,'complete');
INSERT INTO INVOICECHARGE VALUES ('20191228KS7751411358469-ch00001','20191228KS7751411358469','2019-12-28',140.73,'Base room charge');
INSERT INTO INVOICECHARGE VALUES ('20191228KS7751411358469-ch00002','20191228KS7751411358469','2019-12-28',72.5,'Room Service');
INSERT INTO PAYMENT (payment_id,invoice_id,payment_date,payment_type,payment_amount) VALUES ('20191228KS7751411358469-p00001','20191228KS7751411358469','2019-12-30','CA',213.23);
-- ------- SAMPLE 940 ----------
INSERT INTO GUEST VALUES(1940,'Tomika','Teran','TTeran@hotmail.com','1234 DaWrong Lane','Flonkerton','MD','12345','679-469-7551');
INSERT INTO RESERVATION VALUES ('20181221KI1579114327218',1940,105,'KI','2018-12-21','2018-12-25',null,'complete');
INSERT INTO INVOICECHARGE VALUES ('20181221KI1579114327218-ch00001','20181221KI1579114327218','2018-12-21',225.17,'Base room charge');
INSERT INTO INVOICECHARGE VALUES ('20181221KI1579114327218-ch00002','20181221KI1579114327218','2018-12-21',115.99,'Room Service');
INSERT INTO PAYMENT VALUES ('20181221KI1579114327218-p00001','20181221KI1579114327218','2018-12-23','CC',341.16,'Tomika Teran','7203884695421363',3,2026,409,'Mastercard');
-- ------- SAMPLE 941 ----------
INSERT INTO GUEST VALUES(1941,'Deandra','Dimauro','DDimauro@gmail.com','1234 DaWrong Lane','Flonkerton','MD','12345','392-365-1145');
INSERT INTO RESERVATION VALUES ('20201128KI8818202815989',1941,null,'KI','2020-11-28','2020-12-03',null,'active');
INSERT INTO INVOICECHARGE VALUES ('20201128KI8818202815989-ch00001','20201128KI8818202815989','2020-11-28',281.46,'Base room charge');
INSERT INTO INVOICECHARGE VALUES ('20201128KI8818202815989-ch00002','20201128KI8818202815989','2020-11-28',144.99,'Cleaning fee');
INSERT INTO PAYMENT VALUES ('20201128KI8818202815989-p00001','20201128KI8818202815989','2020-11-30','CC',426.45,'Deandra Dimauro','2691713441238051',12,2021,502,'Mastercard');
-- ------- SAMPLE 942 ----------
INSERT INTO GUEST VALUES(1942,'Deangelo','Deloera','DDeloera@hotmail.com','1234 DaWrong Lane','Flonkerton','MD','12345','378-750-9452');
INSERT INTO RESERVATION VALUES ('20180920KI8219936962551',1942,105,'KI','2018-09-20','2018-09-25',null,'complete');
INSERT INTO INVOICECHARGE VALUES ('20180920KI8219936962551-ch00001','20180920KI8219936962551','2018-09-20',426.45,'Base room charge');
INSERT INTO PAYMENT VALUES ('20180920KI8219936962551-p00001','20180920KI8219936962551','2018-09-22','CC',426.45,'Deangelo Deloera','3625351197407291',5,2022,146,'Mastercard');
-- ------- SAMPLE 943 ----------
INSERT INTO GUEST VALUES(1943,'Missy','Mcclintock','MMcclintock@gmail.com','1234 DaWrong Lane','Flonkerton','MD','12345','842-125-4046');
INSERT INTO RESERVATION VALUES ('20210324KJ8735551405978',1943,null,'KJ','2021-03-24','2021-03-27',null,'active');
INSERT INTO INVOICECHARGE VALUES ('20210324KJ8735551405978-ch00001','20210324KJ8735551405978','2021-03-24',415.81,'Base room charge');
INSERT INTO PAYMENT (payment_id,invoice_id,payment_date,payment_type,payment_amount) VALUES ('20210324KJ8735551405978-p00001','20210324KJ8735551405978','2021-03-26','CA',415.81);
-- ------- SAMPLE 944 ----------
INSERT INTO GUEST VALUES(1944,'Fredericka','Farney','FFarney@yahoo.com','1234 DaWrong Lane','Flonkerton','MD','12345','142-142-5812');
INSERT INTO RESERVATION VALUES ('20181001QD7719093951820',1944,106,'QD','2018-10-01','2018-10-06',null,'complete');
INSERT INTO INVOICECHARGE VALUES ('20181001QD7719093951820-ch00001','20181001QD7719093951820','2018-10-01',316.64,'Base room charge');
INSERT INTO INVOICECHARGE VALUES ('20181001QD7719093951820-ch00002','20181001QD7719093951820','2018-10-01',163.12,'Room Service');
INSERT INTO PAYMENT VALUES ('20181001QD7719093951820-p00001','20181001QD7719093951820','2018-10-03','CC',479.76,'Fredericka Farney','6030961901977162',4,2027,247,'Mastercard');
-- ------- SAMPLE 945 ----------
INSERT INTO GUEST VALUES(1945,'Freida','Forbis','FForbis@gmail.com','1234 DaWrong Lane','Flonkerton','MD','12345','638-031-6078');
INSERT INTO RESERVATION VALUES ('20200330KJ9233571743672',1945,114,'KJ','2020-03-30','2020-04-03',null,'complete');
INSERT INTO INVOICECHARGE VALUES ('20200330KJ9233571743672-ch00001','20200330KJ9233571743672','2020-03-30',554.41,'Base room charge');
INSERT INTO PAYMENT (payment_id,invoice_id,payment_date,payment_type,payment_amount) VALUES ('20200330KJ9233571743672-p00001','20200330KJ9233571743672','2020-04-01','CA',554.41);
-- ------- SAMPLE 946 ----------
INSERT INTO GUEST VALUES(1946,'Mandi','Mcwain','MMcwain@yahoo.com','1234 DaWrong Lane','Flonkerton','MD','12345','941-615-1983');
INSERT INTO RESERVATION VALUES ('20180803QD3555216488145',1946,205,'QD','2018-08-03','2018-08-07',null,'complete');
INSERT INTO INVOICECHARGE VALUES ('20180803QD3555216488145-ch00001','20180803QD3555216488145','2018-08-03',383.81,'Base room charge');
INSERT INTO PAYMENT VALUES ('20180803QD3555216488145-p00001','20180803QD3555216488145','2018-08-05','CC',383.81,'Mandi Mcwain','5741149489654307',8,2027,915,'Mastercard');
-- ------- SAMPLE 947 ----------
INSERT INTO GUEST VALUES(1947,'Marcelino','Meisner','MMeisner@gmail.com','1234 DaWrong Lane','Flonkerton','MD','12345','194-629-3468');
INSERT INTO RESERVATION VALUES ('20210429QD7756986070972',1947,null,'QD','2021-04-29','2021-05-03',null,'active');
-- ------- SAMPLE 948 ----------
INSERT INTO GUEST VALUES(1948,'Clara','Crimmins','CCrimmins@hotmail.com','1234 DaWrong Lane','Flonkerton','MD','12345','031-556-5713');
INSERT INTO RESERVATION VALUES ('20200121KS8922143237500',1948,201,'KS','2020-01-21','2020-01-26',null,'complete');
INSERT INTO INVOICECHARGE VALUES ('20200121KS8922143237500-ch00001','20200121KS8922143237500','2020-01-21',533.07,'Base room charge');
INSERT INTO PAYMENT VALUES ('20200121KS8922143237500-p00001','20200121KS8922143237500','2020-01-23','CC',533.07,'Clara Crimmins','1208870363737850',3,2023,437,'Mastercard');
-- ------- SAMPLE 949 ----------
INSERT INTO GUEST VALUES(1949,'Margorie','Mcnish','MMcnish@gmail.com','1234 DaWrong Lane','Flonkerton','MD','12345','669-172-0426');
INSERT INTO RESERVATION VALUES ('20180709KS8366959050607',1949,102,'KS','2018-07-09','2018-07-10',null,'complete');
INSERT INTO INVOICECHARGE VALUES ('20180709KS8366959050607-ch00001','20180709KS8366959050607','2018-07-09',106.61,'Base room charge');
INSERT INTO PAYMENT (payment_id,invoice_id,payment_date,payment_type,payment_amount) VALUES ('20180709KS8366959050607-p00001','20180709KS8366959050607','2018-07-11','CA',106.61);
-- ------- SAMPLE 950 ----------
INSERT INTO GUEST VALUES(1950,'Lincoln','Lattea','LLattea@gmail.com','1234 DaWrong Lane','Flonkerton','MD','12345','258-244-3205');
INSERT INTO RESERVATION VALUES ('20200913KS2528799390419',1950,null,'KS','2020-09-13','2020-09-17',null,'active');
INSERT INTO INVOICECHARGE VALUES ('20200913KS2528799390419-ch00001','20200913KS2528799390419','2020-09-13',281.46,'Base room charge');
INSERT INTO INVOICECHARGE VALUES ('20200913KS2528799390419-ch00002','20200913KS2528799390419','2020-09-13',145,'Room Service');
INSERT INTO PAYMENT VALUES ('20200913KS2528799390419-p00001','20200913KS2528799390419','2020-09-15','CC',94,'Lincoln Lattea','2262198823765861',8,2022,642,'Mastercard');
-- ------- SAMPLE 951 ----------
INSERT INTO GUEST VALUES(1951,'Aretha','Acy','AAcy@hotmail.com','1234 DaWrong Lane','Flonkerton','MD','12345','281-371-0178');
INSERT INTO RESERVATION VALUES ('20200421KS9506253517817',1951,201,'KS','2020-04-21','2020-04-26',null,'complete');
INSERT INTO INVOICECHARGE VALUES ('20200421KS9506253517817-ch00001','20200421KS9506253517817','2020-04-21',533.07,'Base room charge');
INSERT INTO PAYMENT (payment_id,invoice_id,payment_date,payment_type,payment_amount) VALUES ('20200421KS9506253517817-p00001','20200421KS9506253517817','2020-04-23','CA',533.07);
-- ------- SAMPLE 952 ----------
INSERT INTO GUEST VALUES(1952,'Jeanene','Jacobo','JJacobo@yahoo.com','1234 DaWrong Lane','Flonkerton','MD','12345','876-079-2387');
INSERT INTO RESERVATION VALUES ('20210114KS8577958971078',1952,null,'KS','2021-01-14','2021-01-15',null,'active');
INSERT INTO INVOICECHARGE VALUES ('20210114KS8577958971078-ch00001','20210114KS8577958971078','2021-01-14',70.36,'Base room charge');
INSERT INTO INVOICECHARGE VALUES ('20210114KS8577958971078-ch00002','20210114KS8577958971078','2021-01-14',36.25,'Room Service');
INSERT INTO PAYMENT VALUES ('20210114KS8577958971078-p00001','20210114KS8577958971078','2021-01-16','CC',106.61,'Jeanene Jacobo','5994916531109669',1,2023,299,'Mastercard');
-- ------- SAMPLE 953 ----------
INSERT INTO GUEST VALUES(1953,'Fonda','Foreman','FForeman@hotmail.com','1234 DaWrong Lane','Flonkerton','MD','12345','807-877-9526');
INSERT INTO RESERVATION VALUES ('20210303KI8025746703272',1953,null,'KI','2021-03-03','2021-03-04',null,'active');
INSERT INTO INVOICECHARGE VALUES ('20210303KI8025746703272-ch00001','20210303KI8025746703272','2021-03-03',85.29,'Base room charge');
INSERT INTO PAYMENT VALUES ('20210303KI8025746703272-p00001','20210303KI8025746703272','2021-03-05','CC',85.29,'Fonda Foreman','4668269303540919',11,2024,901,'Mastercard');
-- ------- SAMPLE 954 ----------
INSERT INTO GUEST VALUES(1954,'Francie','Fairbank','FFairbank@hotmail.com','1234 DaWrong Lane','Flonkerton','MD','12345','396-446-8332');
INSERT INTO RESERVATION VALUES ('20180829KI5635734342791',1954,120,'KI','2018-08-29','2018-08-31',null,'cancelled');
INSERT INTO INVOICECHARGE VALUES ('20180829KI5635734342791-ch00001','20180829KI5635734342791','2018-08-29',112.58,'Base room charge');
INSERT INTO INVOICECHARGE VALUES ('20180829KI5635734342791-ch00002','20180829KI5635734342791','2018-08-29',58,'Room Service');
INSERT INTO PAYMENT VALUES ('20180829KI5635734342791-p00001','20180829KI5635734342791','2018-08-31','CC',170.58,'Francie Fairbank','2257813406791166',6,2024,89,'Mastercard');
-- ------- SAMPLE 955 ----------
INSERT INTO GUEST VALUES(1955,'Natalia','Nowacki','NNowacki@yahoo.com','1234 DaWrong Lane','Flonkerton','MD','12345','151-426-2325');
INSERT INTO RESERVATION VALUES ('20200625KS9534335585289',1955,null,'KS','2020-06-25','2020-06-27',null,'active');
INSERT INTO INVOICECHARGE VALUES ('20200625KS9534335585289-ch00001','20200625KS9534335585289','2020-06-25',140.73,'Base room charge');
INSERT INTO INVOICECHARGE VALUES ('20200625KS9534335585289-ch00002','20200625KS9534335585289','2020-06-25',72.5,'Cleaning fee');
INSERT INTO PAYMENT VALUES ('20200625KS9534335585289-p00001','20200625KS9534335585289','2020-06-27','CC',213.23,'Natalia Nowacki','6587449469428974',9,2023,952,'Mastercard');
-- ------- SAMPLE 956 ----------
INSERT INTO GUEST VALUES(1956,'Tifany','Temple','TTemple@hotmail.com','1234 DaWrong Lane','Flonkerton','MD','12345','134-078-0922');
INSERT INTO RESERVATION VALUES ('20210324KJ6382563188309',1956,null,'KJ','2021-03-24','2021-03-25',null,'active');
-- ------- SAMPLE 957 ----------
INSERT INTO GUEST VALUES(1957,'Audrey','Aikens','AAikens@yahoo.com','1234 DaWrong Lane','Flonkerton','MD','12345','735-297-3703');
INSERT INTO RESERVATION VALUES ('20191102QD6972986772037',1957,106,'QD','2019-11-02','2019-11-07',null,'complete');
INSERT INTO INVOICECHARGE VALUES ('20191102QD6972986772037-ch00001','20191102QD6972986772037','2019-11-02',479.76,'Base room charge');
INSERT INTO PAYMENT (payment_id,invoice_id,payment_date,payment_type,payment_amount) VALUES ('20191102QD6972986772037-p00001','20191102QD6972986772037','2019-11-04','CA',479.76);
-- ------- SAMPLE 958 ----------
INSERT INTO GUEST VALUES(1958,'Keturah','Kagawa','KKagawa@yahoo.com','1234 DaWrong Lane','Flonkerton','MD','12345','718-293-2883');
INSERT INTO RESERVATION VALUES ('20200421KS3565650715968',1958,117,'KS','2020-04-21','2020-04-25',null,'complete');
INSERT INTO INVOICECHARGE VALUES ('20200421KS3565650715968-ch00001','20200421KS3565650715968','2020-04-21',426.46,'Base room charge');
INSERT INTO PAYMENT VALUES ('20200421KS3565650715968-p00001','20200421KS3565650715968','2020-04-23','CC',426.46,'Keturah Kagawa','2815012141452815',6,2021,180,'Mastercard');
-- ------- SAMPLE 959 ----------
INSERT INTO GUEST VALUES(1959,'Jammie','Jo','JJo@hotmail.com','1234 DaWrong Lane','Flonkerton','MD','12345','569-657-6285');
INSERT INTO RESERVATION VALUES ('20201024KJ2742091654179',1959,null,'KJ','2020-10-24','2020-10-25',null,'active');
INSERT INTO INVOICECHARGE VALUES ('20201024KJ2742091654179-ch00001','20201024KJ2742091654179','2020-10-24',91.48,'Base room charge');
INSERT INTO INVOICECHARGE VALUES ('20201024KJ2742091654179-ch00002','20201024KJ2742091654179','2020-10-24',47.12,'Room Service');
INSERT INTO PAYMENT VALUES ('20201024KJ2742091654179-p00001','20201024KJ2742091654179','2020-10-26','CC',4,'Jammie Jo','9828975325384244',2,2023,880,'Mastercard');
-- ------- SAMPLE 960 ----------
INSERT INTO GUEST VALUES(1960,'Bradley','Bently','BBently@yahoo.com','1234 DaWrong Lane','Flonkerton','MD','12345','481-947-7301');
INSERT INTO RESERVATION VALUES ('20210329KS2020324648160',1960,null,'KS','2021-03-29','2021-04-03',null,'cancelled');
INSERT INTO INVOICECHARGE VALUES ('20210329KS2020324648160-ch00001','20210329KS2020324648160','2021-03-29',351.83,'Base room charge');
INSERT INTO INVOICECHARGE VALUES ('20210329KS2020324648160-ch00002','20210329KS2020324648160','2021-03-29',181.24,'Cleaning fee');
INSERT INTO PAYMENT VALUES ('20210329KS2020324648160-p00001','20210329KS2020324648160','2021-03-31','CC',81,'Bradley Bently','4311802618100867',3,2026,485,'Mastercard');
-- ------- SAMPLE 961 ----------
INSERT INTO GUEST VALUES(1961,'Floy','Feinstein','FFeinstein@gmail.com','1234 DaWrong Lane','Flonkerton','MD','12345','927-699-4436');
INSERT INTO RESERVATION VALUES ('20191009KJ7420913171169',1961,109,'KJ','2019-10-09','2019-10-11',null,'complete');
INSERT INTO INVOICECHARGE VALUES ('20191009KJ7420913171169-ch00001','20191009KJ7420913171169','2019-10-09',182.95,'Base room charge');
INSERT INTO INVOICECHARGE VALUES ('20191009KJ7420913171169-ch00002','20191009KJ7420913171169','2019-10-09',94.25,'Room Service');
INSERT INTO PAYMENT (payment_id,invoice_id,payment_date,payment_type,payment_amount) VALUES ('20191009KJ7420913171169-p00001','20191009KJ7420913171169','2019-10-11','CA',277.2);
-- ------- SAMPLE 962 ----------
INSERT INTO GUEST VALUES(1962,'Delora','Delph','DDelph@hotmail.com','1234 DaWrong Lane','Flonkerton','MD','12345','841-634-0377');
INSERT INTO RESERVATION VALUES ('20180728QD9215732736206',1962,111,'QD','2018-07-28','2018-07-30',null,'complete');
INSERT INTO INVOICECHARGE VALUES ('20180728QD9215732736206-ch00001','20180728QD9215732736206','2018-07-28',126.65,'Base room charge');
INSERT INTO INVOICECHARGE VALUES ('20180728QD9215732736206-ch00002','20180728QD9215732736206','2018-07-28',65.25,'Room Service');
INSERT INTO PAYMENT VALUES ('20180728QD9215732736206-p00001','20180728QD9215732736206','2018-07-30','CC',191.9,'Delora Delph','8772337357423531',6,2026,10,'Mastercard');
-- ------- SAMPLE 963 ----------
INSERT INTO GUEST VALUES(1963,'Piedad','Proctor','PProctor@yahoo.com','1234 DaWrong Lane','Flonkerton','MD','12345','064-921-8880');
INSERT INTO RESERVATION VALUES ('20200516KI5692522463665',1963,null,'KI','2020-05-16','2020-05-19',null,'active');
INSERT INTO INVOICECHARGE VALUES ('20200516KI5692522463665-ch00001','20200516KI5692522463665','2020-05-16',255.87,'Base room charge');
INSERT INTO PAYMENT VALUES ('20200516KI5692522463665-p00001','20200516KI5692522463665','2020-05-18','CC',255.87,'Piedad Proctor','1463906716039130',5,2022,653,'Mastercard');
-- ------- SAMPLE 964 ----------
INSERT INTO GUEST VALUES(1964,'Florentino','Feth','FFeth@yahoo.com','1234 DaWrong Lane','Flonkerton','MD','12345','111-591-7681');
INSERT INTO RESERVATION VALUES ('20200320QS9895356176671',1964,113,'QS','2020-03-20','2020-03-25',null,'complete');
INSERT INTO INVOICECHARGE VALUES ('20200320QS9895356176671-ch00001','20200320QS9895356176671','2020-03-20',387.01,'Base room charge');
INSERT INTO INVOICECHARGE VALUES ('20200320QS9895356176671-ch00002','20200320QS9895356176671','2020-03-20',199.37,'Cleaning fee');
INSERT INTO PAYMENT VALUES ('20200320QS9895356176671-p00001','20200320QS9895356176671','2020-03-22','CC',586.38,'Florentino Feth','8260490299218893',8,2026,448,'Mastercard');
-- ------- SAMPLE 965 ----------
INSERT INTO GUEST VALUES(1965,'Floy','Feinstein','FFeinstein@hotmail.com','1234 DaWrong Lane','Flonkerton','MD','12345','690-138-5411');
INSERT INTO RESERVATION VALUES ('20180827KJ5609388865617',1965,119,'KJ','2018-08-27','2018-08-29',null,'complete');
INSERT INTO INVOICECHARGE VALUES ('20180827KJ5609388865617-ch00001','20180827KJ5609388865617','2018-08-27',182.95,'Base room charge');
INSERT INTO INVOICECHARGE VALUES ('20180827KJ5609388865617-ch00002','20180827KJ5609388865617','2018-08-27',94.25,'Room Service');
INSERT INTO PAYMENT VALUES ('20180827KJ5609388865617-p00001','20180827KJ5609388865617','2018-08-29','CC',277.2,'Floy Feinstein','5246075700463701',1,2027,524,'Mastercard');
-- ------- SAMPLE 966 ----------
INSERT INTO GUEST VALUES(1966,'Walker','Weatherhead','WWeatherhead@hotmail.com','1234 DaWrong Lane','Flonkerton','MD','12345','009-598-6187');
INSERT INTO RESERVATION VALUES ('20201016QS7340988407044',1966,null,'QS','2020-10-16','2020-10-19',null,'active');
INSERT INTO INVOICECHARGE VALUES ('20201016QS7340988407044-ch00001','20201016QS7340988407044','2020-10-16',351.83,'Base room charge');
INSERT INTO PAYMENT VALUES ('20201016QS7340988407044-p00001','20201016QS7340988407044','2020-10-18','CC',301,'Walker Weatherhead','8042676756875048',7,2024,230,'Mastercard');
-- ------- SAMPLE 967 ----------
INSERT INTO GUEST VALUES(1967,'Doyle','Dykema','DDykema@hotmail.com','1234 DaWrong Lane','Flonkerton','MD','12345','599-803-5861');
INSERT INTO RESERVATION VALUES ('20191019KJ4745542401884',1967,114,'KJ','2019-10-19','2019-10-20',null,'complete');
INSERT INTO INVOICECHARGE VALUES ('20191019KJ4745542401884-ch00001','20191019KJ4745542401884','2019-10-19',138.6,'Base room charge');
INSERT INTO PAYMENT (payment_id,invoice_id,payment_date,payment_type,payment_amount) VALUES ('20191019KJ4745542401884-p00001','20191019KJ4745542401884','2019-10-21','CA',138.6);
-- ------- SAMPLE 968 ----------
INSERT INTO GUEST VALUES(1968,'Jarrett','Janelle','JJanelle@yahoo.com','1234 DaWrong Lane','Flonkerton','MD','12345','995-016-3133');
INSERT INTO RESERVATION VALUES ('20180510KJ9546152078644',1968,119,'KJ','2018-05-10','2018-05-14',null,'complete');
INSERT INTO INVOICECHARGE VALUES ('20180510KJ9546152078644-ch00001','20180510KJ9546152078644','2018-05-10',365.91,'Base room charge');
INSERT INTO INVOICECHARGE VALUES ('20180510KJ9546152078644-ch00002','20180510KJ9546152078644','2018-05-10',188.5,'Room Service');
INSERT INTO PAYMENT VALUES ('20180510KJ9546152078644-p00001','20180510KJ9546152078644','2018-05-12','CC',554.41,'Jarrett Janelle','4091124779465803',5,2025,186,'Mastercard');
-- ------- SAMPLE 969 ----------
INSERT INTO GUEST VALUES(1969,'Katerine','Kawakami','KKawakami@yahoo.com','1234 DaWrong Lane','Flonkerton','MD','12345','442-350-0267');
INSERT INTO RESERVATION VALUES ('20191117KS1918242235998',1969,107,'KS','2019-11-17','2019-11-19',null,'complete');
INSERT INTO INVOICECHARGE VALUES ('20191117KS1918242235998-ch00001','20191117KS1918242235998','2019-11-17',140.73,'Base room charge');
INSERT INTO INVOICECHARGE VALUES ('20191117KS1918242235998-ch00002','20191117KS1918242235998','2019-11-17',72.5,'Cleaning fee');
INSERT INTO PAYMENT VALUES ('20191117KS1918242235998-p00001','20191117KS1918242235998','2019-11-19','CC',213.23,'Katerine Kawakami','3976472606567364',9,2025,675,'Mastercard');
-- ------- SAMPLE 970 ----------
INSERT INTO GUEST VALUES(1970,'Lynda','Linda','LLinda@hotmail.com','1234 DaWrong Lane','Flonkerton','MD','12345','303-752-6297');
INSERT INTO RESERVATION VALUES ('20200925KS6377004069014',1970,null,'KS','2020-09-25','2020-09-29',null,'active');
INSERT INTO INVOICECHARGE VALUES ('20200925KS6377004069014-ch00001','20200925KS6377004069014','2020-09-25',281.46,'Base room charge');
INSERT INTO INVOICECHARGE VALUES ('20200925KS6377004069014-ch00002','20200925KS6377004069014','2020-09-25',145,'Cleaning fee');
INSERT INTO PAYMENT (payment_id,invoice_id,payment_date,payment_type,payment_amount) VALUES ('20200925KS6377004069014-p00001','20200925KS6377004069014','2020-09-27','CA',232);
-- ------- SAMPLE 971 ----------
INSERT INTO GUEST VALUES(1971,'Walter','Wellington','WWellington@yahoo.com','1234 DaWrong Lane','Flonkerton','MD','12345','993-870-9106');
INSERT INTO RESERVATION VALUES ('20210130KI4241528560384',1971,null,'KI','2021-01-30','2021-02-03',null,'active');
-- ------- SAMPLE 972 ----------
INSERT INTO GUEST VALUES(1972,'Audrey','Aikens','AAikens@gmail.com','1234 DaWrong Lane','Flonkerton','MD','12345','303-305-8296');
INSERT INTO RESERVATION VALUES ('20181120KS2015664695288',1972,117,'KS','2018-11-20','2018-11-22',null,'cancelled');
INSERT INTO INVOICECHARGE VALUES ('20181120KS2015664695288-ch00001','20181120KS2015664695288','2018-11-20',213.23,'Base room charge');
INSERT INTO PAYMENT VALUES ('20181120KS2015664695288-p00001','20181120KS2015664695288','2018-11-22','CC',213.23,'Audrey Aikens','5270278340913138',6,2023,84,'Mastercard');
-- ------- SAMPLE 973 ----------
INSERT INTO GUEST VALUES(1973,'Randal','Rohman','RRohman@yahoo.com','1234 DaWrong Lane','Flonkerton','MD','12345','922-161-9170');
INSERT INTO RESERVATION VALUES ('20200215QS5483985570085',1973,108,'QS','2020-02-15','2020-02-18',null,'complete');
INSERT INTO INVOICECHARGE VALUES ('20200215QS5483985570085-ch00001','20200215QS5483985570085','2020-02-15',232.21,'Base room charge');
INSERT INTO INVOICECHARGE VALUES ('20200215QS5483985570085-ch00002','20200215QS5483985570085','2020-02-15',119.62,'Room Service');
INSERT INTO PAYMENT VALUES ('20200215QS5483985570085-p00001','20200215QS5483985570085','2020-02-17','CC',351.83,'Randal Rohman','5969153177144724',2,2022,438,'Mastercard');
-- ------- SAMPLE 974 ----------
INSERT INTO GUEST VALUES(1974,'Mandi','Mcwain','MMcwain@hotmail.com','1234 DaWrong Lane','Flonkerton','MD','12345','631-730-8016');
INSERT INTO RESERVATION VALUES ('20190725KJ9591116094593',1974,104,'KJ','2019-07-25','2019-07-28',null,'cancelled');
INSERT INTO INVOICECHARGE VALUES ('20190725KJ9591116094593-ch00001','20190725KJ9591116094593','2019-07-25',274.43,'Base room charge');
INSERT INTO INVOICECHARGE VALUES ('20190725KJ9591116094593-ch00002','20190725KJ9591116094593','2019-07-25',141.38,'Room Service');
INSERT INTO PAYMENT VALUES ('20190725KJ9591116094593-p00001','20190725KJ9591116094593','2019-07-27','CC',415.81,'Mandi Mcwain','5827320517281062',12,2025,239,'Mastercard');
-- ------- SAMPLE 975 ----------
INSERT INTO GUEST VALUES(1975,'Leanora','Locke','LLocke@gmail.com','1234 DaWrong Lane','Flonkerton','MD','12345','479-804-4669');
INSERT INTO RESERVATION VALUES ('20180623KS9615356080779',1975,201,'KS','2018-06-23','2018-06-27',null,'complete');
INSERT INTO INVOICECHARGE VALUES ('20180623KS9615356080779-ch00001','20180623KS9615356080779','2018-06-23',426.46,'Base room charge');
INSERT INTO PAYMENT VALUES ('20180623KS9615356080779-p00001','20180623KS9615356080779','2018-06-25','CC',426.46,'Leanora Locke','2708072642683453',10,2023,317,'Mastercard');
-- ------- SAMPLE 976 ----------
INSERT INTO GUEST VALUES(1976,'Delsie','Dunstan','DDunstan@yahoo.com','1234 DaWrong Lane','Flonkerton','MD','12345','533-641-7488');
INSERT INTO RESERVATION VALUES ('20200226KJ3596794805982',1976,208,'KJ','2020-02-26','2020-02-27',null,'complete');
INSERT INTO INVOICECHARGE VALUES ('20200226KJ3596794805982-ch00001','20200226KJ3596794805982','2020-02-26',91.48,'Base room charge');
INSERT INTO INVOICECHARGE VALUES ('20200226KJ3596794805982-ch00002','20200226KJ3596794805982','2020-02-26',47.12,'Cleaning fee');
INSERT INTO PAYMENT VALUES ('20200226KJ3596794805982-p00001','20200226KJ3596794805982','2020-02-28','CC',138.6,'Delsie Dunstan','2204248965775182',12,2021,906,'Mastercard');
-- ------- SAMPLE 977 ----------
INSERT INTO GUEST VALUES(1977,'Tai','Tookes','TTookes@gmail.com','1234 DaWrong Lane','Flonkerton','MD','12345','188-586-3119');
INSERT INTO RESERVATION VALUES ('20210101KI7443346772294',1977,null,'KI','2021-01-01','2021-01-04',null,'active');
INSERT INTO INVOICECHARGE VALUES ('20210101KI7443346772294-ch00001','20210101KI7443346772294','2021-01-01',168.87,'Base room charge');
INSERT INTO INVOICECHARGE VALUES ('20210101KI7443346772294-ch00002','20210101KI7443346772294','2021-01-01',87,'Cleaning fee');
INSERT INTO PAYMENT (payment_id,invoice_id,payment_date,payment_type,payment_amount) VALUES ('20210101KI7443346772294-p00001','20210101KI7443346772294','2021-01-03','CA',255.87);
-- ------- SAMPLE 978 ----------
INSERT INTO GUEST VALUES(1978,'Margorie','Mcnish','MMcnish@hotmail.com','1234 DaWrong Lane','Flonkerton','MD','12345','163-251-6496');
INSERT INTO RESERVATION VALUES ('20200508KJ8594266624793',1978,null,'KJ','2020-05-08','2020-05-12',null,'active');
INSERT INTO INVOICECHARGE VALUES ('20200508KJ8594266624793-ch00001','20200508KJ8594266624793','2020-05-08',365.91,'Base room charge');
INSERT INTO INVOICECHARGE VALUES ('20200508KJ8594266624793-ch00002','20200508KJ8594266624793','2020-05-08',188.5,'Cleaning fee');
INSERT INTO PAYMENT VALUES ('20200508KJ8594266624793-p00001','20200508KJ8594266624793','2020-05-10','CC',313,'Margorie Mcnish','9154309430904610',4,2022,502,'Mastercard');
-- ------- SAMPLE 979 ----------
INSERT INTO GUEST VALUES(1979,'Leonore','Losh','LLosh@hotmail.com','1234 DaWrong Lane','Flonkerton','MD','12345','662-669-1629');
INSERT INTO RESERVATION VALUES ('20210317QS5622931687521',1979,null,'QS','2021-03-17','2021-03-20',null,'active');
INSERT INTO INVOICECHARGE VALUES ('20210317QS5622931687521-ch00001','20210317QS5622931687521','2021-03-17',232.21,'Base room charge');
INSERT INTO INVOICECHARGE VALUES ('20210317QS5622931687521-ch00002','20210317QS5622931687521','2021-03-17',119.62,'Room Service');
INSERT INTO PAYMENT VALUES ('20210317QS5622931687521-p00001','20210317QS5622931687521','2021-03-19','CC',351.83,'Leonore Losh','1561526389009483',6,2027,143,'Mastercard');
-- ------- SAMPLE 980 ----------
INSERT INTO GUEST VALUES(1980,'Shae','Sansom','SSansom@yahoo.com','1234 DaWrong Lane','Flonkerton','MD','12345','425-690-0452');
INSERT INTO RESERVATION VALUES ('20201104KJ3421270250628',1980,null,'KJ','2020-11-04','2020-11-05',null,'cancelled');
INSERT INTO INVOICECHARGE VALUES ('20201104KJ3421270250628-ch00001','20201104KJ3421270250628','2020-11-04',91.48,'Base room charge');
INSERT INTO INVOICECHARGE VALUES ('20201104KJ3421270250628-ch00002','20201104KJ3421270250628','2020-11-04',47.12,'Room Service');
INSERT INTO PAYMENT VALUES ('20201104KJ3421270250628-p00001','20201104KJ3421270250628','2020-11-06','CC',138.6,'Shae Sansom','5775665815442767',10,2023,578,'Mastercard');
-- ------- SAMPLE 981 ----------
INSERT INTO GUEST VALUES(1981,'Sherryl','Shurtleff','SShurtleff@yahoo.com','1234 DaWrong Lane','Flonkerton','MD','12345','683-515-8056');
INSERT INTO RESERVATION VALUES ('20190607KJ4882116961039',1981,109,'KJ','2019-06-07','2019-06-10',null,'complete');
INSERT INTO INVOICECHARGE VALUES ('20190607KJ4882116961039-ch00001','20190607KJ4882116961039','2019-06-07',274.43,'Base room charge');
INSERT INTO INVOICECHARGE VALUES ('20190607KJ4882116961039-ch00002','20190607KJ4882116961039','2019-06-07',141.38,'Cleaning fee');
INSERT INTO PAYMENT VALUES ('20190607KJ4882116961039-p00001','20190607KJ4882116961039','2019-06-09','CC',415.81,'Sherryl Shurtleff','7038740944695862',11,2024,313,'Mastercard');
-- ------- SAMPLE 982 ----------
INSERT INTO GUEST VALUES(1982,'Shawna','Schmit','SSchmit@gmail.com','1234 DaWrong Lane','Flonkerton','MD','12345','293-157-6183');
INSERT INTO RESERVATION VALUES ('20180718QD6454608849472',1982,205,'QD','2018-07-18','2018-07-22',null,'complete');
INSERT INTO INVOICECHARGE VALUES ('20180718QD6454608849472-ch00001','20180718QD6454608849472','2018-07-18',253.31,'Base room charge');
INSERT INTO INVOICECHARGE VALUES ('20180718QD6454608849472-ch00002','20180718QD6454608849472','2018-07-18',130.5,'Room Service');
INSERT INTO PAYMENT VALUES ('20180718QD6454608849472-p00001','20180718QD6454608849472','2018-07-20','CC',383.81,'Shawna Schmit','4086989456983296',7,2026,998,'Mastercard');
-- ------- SAMPLE 983 ----------
INSERT INTO GUEST VALUES(1983,'Rachell','Riser','RRiser@gmail.com','1234 DaWrong Lane','Flonkerton','MD','12345','590-042-0153');
INSERT INTO RESERVATION VALUES ('20190817KS2665510307212',1983,112,'KS','2019-08-17','2019-08-20',null,'complete');
INSERT INTO INVOICECHARGE VALUES ('20190817KS2665510307212-ch00001','20190817KS2665510307212','2019-08-17',319.84,'Base room charge');
INSERT INTO PAYMENT VALUES ('20190817KS2665510307212-p00001','20190817KS2665510307212','2019-08-19','CC',319.84,'Rachell Riser','3739702304706269',11,2024,38,'Mastercard');
-- ------- SAMPLE 984 ----------
INSERT INTO GUEST VALUES(1984,'Rossana','Running','RRunning@gmail.com','1234 DaWrong Lane','Flonkerton','MD','12345','604-235-9186');
INSERT INTO RESERVATION VALUES ('20180614KI2230215636321',1984,204,'KI','2018-06-14','2018-06-18',null,'complete');
INSERT INTO INVOICECHARGE VALUES ('20180614KI2230215636321-ch00001','20180614KI2230215636321','2018-06-14',225.17,'Base room charge');
INSERT INTO INVOICECHARGE VALUES ('20180614KI2230215636321-ch00002','20180614KI2230215636321','2018-06-14',115.99,'Cleaning fee');
INSERT INTO PAYMENT VALUES ('20180614KI2230215636321-p00001','20180614KI2230215636321','2018-06-16','CC',341.16,'Rossana Running','9065968148389198',4,2023,292,'Mastercard');
-- ------- SAMPLE 985 ----------
INSERT INTO GUEST VALUES(1985,'James','Janey','JJaney@gmail.com','1234 DaWrong Lane','Flonkerton','MD','12345','289-459-6116');
INSERT INTO RESERVATION VALUES ('20190613KS7336418529719',1985,117,'KS','2019-06-13','2019-06-14',null,'complete');
INSERT INTO INVOICECHARGE VALUES ('20190613KS7336418529719-ch00001','20190613KS7336418529719','2019-06-13',106.61,'Base room charge');
INSERT INTO PAYMENT VALUES ('20190613KS7336418529719-p00001','20190613KS7336418529719','2019-06-15','CC',106.61,'James Janey','6067618036223253',1,2027,811,'Mastercard');
-- ------- SAMPLE 986 ----------
INSERT INTO GUEST VALUES(1986,'Annie','Albrecht','AAlbrecht@yahoo.com','1234 DaWrong Lane','Flonkerton','MD','12345','016-231-8276');
INSERT INTO RESERVATION VALUES ('20191028QD1304804286031',1986,116,'QD','2019-10-28','2019-11-01',null,'complete');
INSERT INTO INVOICECHARGE VALUES ('20191028QD1304804286031-ch00001','20191028QD1304804286031','2019-10-28',383.81,'Base room charge');
INSERT INTO PAYMENT (payment_id,invoice_id,payment_date,payment_type,payment_amount) VALUES ('20191028QD1304804286031-p00001','20191028QD1304804286031','2019-10-30','CA',383.81);
-- ------- SAMPLE 987 ----------
INSERT INTO GUEST VALUES(1987,'Dane','Dumond','DDumond@yahoo.com','1234 DaWrong Lane','Flonkerton','MD','12345','642-554-8662');
INSERT INTO RESERVATION VALUES ('20210228KS1691416882038',1987,null,'KS','2021-02-28','2021-03-05',null,'active');
INSERT INTO INVOICECHARGE VALUES ('20210228KS1691416882038-ch00001','20210228KS1691416882038','2021-02-28',351.83,'Base room charge');
INSERT INTO INVOICECHARGE VALUES ('20210228KS1691416882038-ch00002','20210228KS1691416882038','2021-02-28',181.24,'Cleaning fee');
INSERT INTO PAYMENT VALUES ('20210228KS1691416882038-p00001','20210228KS1691416882038','2021-03-02','CC',533.07,'Dane Dumond','5078340839039467',11,2026,543,'Mastercard');
-- ------- SAMPLE 988 ----------
INSERT INTO GUEST VALUES(1988,'Fiona','Figgs','FFiggs@yahoo.com','1234 DaWrong Lane','Flonkerton','MD','12345','537-077-8360');
INSERT INTO RESERVATION VALUES ('20190712QS5467734157869',1988,113,'QS','2019-07-12','2019-07-13',null,'complete');
INSERT INTO INVOICECHARGE VALUES ('20190712QS5467734157869-ch00001','20190712QS5467734157869','2019-07-12',77.4,'Base room charge');
INSERT INTO INVOICECHARGE VALUES ('20190712QS5467734157869-ch00002','20190712QS5467734157869','2019-07-12',39.88,'Room Service');
INSERT INTO PAYMENT VALUES ('20190712QS5467734157869-p00001','20190712QS5467734157869','2019-07-14','CC',117.28,'Fiona Figgs','8395840990097722',1,2022,212,'Mastercard');
-- ------- SAMPLE 989 ----------
INSERT INTO GUEST VALUES(1989,'Fiona','Figgs','FFiggs@yahoo.com','1234 DaWrong Lane','Flonkerton','MD','12345','233-067-5897');
INSERT INTO RESERVATION VALUES ('20200317KI3323376614518',1989,204,'KI','2020-03-17','2020-03-20',null,'complete');
INSERT INTO INVOICECHARGE VALUES ('20200317KI3323376614518-ch00001','20200317KI3323376614518','2020-03-17',168.87,'Base room charge');
INSERT INTO INVOICECHARGE VALUES ('20200317KI3323376614518-ch00002','20200317KI3323376614518','2020-03-17',87,'Room Service');
INSERT INTO PAYMENT (payment_id,invoice_id,payment_date,payment_type,payment_amount) VALUES ('20200317KI3323376614518-p00001','20200317KI3323376614518','2020-03-19','CA',255.87);
-- ------- SAMPLE 990 ----------
INSERT INTO GUEST VALUES(1990,'Melony','Mcmartin','MMcmartin@hotmail.com','1234 DaWrong Lane','Flonkerton','MD','12345','830-507-8676');
INSERT INTO RESERVATION VALUES ('20180921KJ6476448556231',1990,109,'KJ','2018-09-21','2018-09-25',null,'complete');
INSERT INTO INVOICECHARGE VALUES ('20180921KJ6476448556231-ch00001','20180921KJ6476448556231','2018-09-21',554.41,'Base room charge');
INSERT INTO PAYMENT VALUES ('20180921KJ6476448556231-p00001','20180921KJ6476448556231','2018-09-23','CC',554.41,'Melony Mcmartin','4192457244955505',2,2024,667,'Mastercard');
-- ------- SAMPLE 991 ----------
INSERT INTO GUEST VALUES(1991,'Bessie','Buhler','BBuhler@gmail.com','1234 DaWrong Lane','Flonkerton','MD','12345','878-631-3997');
INSERT INTO RESERVATION VALUES ('20210325KI9142386547029',1991,null,'KI','2021-03-25','2021-03-30',null,'active');
INSERT INTO INVOICECHARGE VALUES ('20210325KI9142386547029-ch00001','20210325KI9142386547029','2021-03-25',426.45,'Base room charge');
INSERT INTO PAYMENT VALUES ('20210325KI9142386547029-p00001','20210325KI9142386547029','2021-03-27','CC',426.45,'Bessie Buhler','5011054333851171',10,2021,512,'Mastercard');
-- ------- SAMPLE 992 ----------
INSERT INTO GUEST VALUES(1992,'Danette','Dammann','DDammann@gmail.com','1234 DaWrong Lane','Flonkerton','MD','12345','067-449-5174');
INSERT INTO RESERVATION VALUES ('20210210KS9488819311744',1992,null,'KS','2021-02-10','2021-02-15',null,'active');
INSERT INTO INVOICECHARGE VALUES ('20210210KS9488819311744-ch00001','20210210KS9488819311744','2021-02-10',351.83,'Base room charge');
INSERT INTO INVOICECHARGE VALUES ('20210210KS9488819311744-ch00002','20210210KS9488819311744','2021-02-10',181.24,'Cleaning fee');
INSERT INTO PAYMENT VALUES ('20210210KS9488819311744-p00001','20210210KS9488819311744','2021-02-12','CC',533.07,'Danette Dammann','3974620253525089',8,2025,223,'Mastercard');
-- ------- SAMPLE 993 ----------
INSERT INTO GUEST VALUES(1993,'Rachell','Riser','RRiser@yahoo.com','1234 DaWrong Lane','Flonkerton','MD','12345','589-772-4558');
INSERT INTO RESERVATION VALUES ('20200915QD1465749084873',1993,null,'QD','2020-09-15','2020-09-16',null,'active');
INSERT INTO INVOICECHARGE VALUES ('20200915QD1465749084873-ch00001','20200915QD1465749084873','2020-09-15',63.33,'Base room charge');
INSERT INTO INVOICECHARGE VALUES ('20200915QD1465749084873-ch00002','20200915QD1465749084873','2020-09-15',32.62,'Room Service');
INSERT INTO PAYMENT (payment_id,invoice_id,payment_date,payment_type,payment_amount) VALUES ('20200915QD1465749084873-p00001','20200915QD1465749084873','2020-09-17','CA',95.95);
-- ------- SAMPLE 994 ----------
INSERT INTO GUEST VALUES(1994,'Randal','Rohman','RRohman@yahoo.com','1234 DaWrong Lane','Flonkerton','MD','12345','818-416-9447');
INSERT INTO RESERVATION VALUES ('20201112KJ9942547076317',1994,null,'KJ','2020-11-12','2020-11-14',null,'active');
-- ------- SAMPLE 995 ----------
INSERT INTO GUEST VALUES(1995,'Tish','Tusing','TTusing@yahoo.com','1234 DaWrong Lane','Flonkerton','MD','12345','819-560-0050');
INSERT INTO RESERVATION VALUES ('20180514QD9570352689449',1995,106,'QD','2018-05-14','2018-05-16',null,'complete');
INSERT INTO INVOICECHARGE VALUES ('20180514QD9570352689449-ch00001','20180514QD9570352689449','2018-05-14',126.65,'Base room charge');
INSERT INTO INVOICECHARGE VALUES ('20180514QD9570352689449-ch00002','20180514QD9570352689449','2018-05-14',65.25,'Room Service');
INSERT INTO PAYMENT VALUES ('20180514QD9570352689449-p00001','20180514QD9570352689449','2018-05-16','CC',191.9,'Tish Tusing','4188103809543268',7,2024,739,'Mastercard');
-- ------- SAMPLE 996 ----------
INSERT INTO GUEST VALUES(1996,'Anita','Amezcua','AAmezcua@hotmail.com','1234 DaWrong Lane','Flonkerton','MD','12345','348-766-5546');
INSERT INTO RESERVATION VALUES ('20180722KJ5543657922537',1996,119,'KJ','2018-07-22','2018-07-24',null,'complete');
INSERT INTO INVOICECHARGE VALUES ('20180722KJ5543657922537-ch00001','20180722KJ5543657922537','2018-07-22',182.95,'Base room charge');
INSERT INTO INVOICECHARGE VALUES ('20180722KJ5543657922537-ch00002','20180722KJ5543657922537','2018-07-22',94.25,'Room Service');
INSERT INTO PAYMENT VALUES ('20180722KJ5543657922537-p00001','20180722KJ5543657922537','2018-07-24','CC',277.2,'Anita Amezcua','9073419327350845',1,2023,914,'Mastercard');
-- ------- SAMPLE 997 ----------
INSERT INTO GUEST VALUES(1997,'Rosemarie','Roeser','RRoeser@yahoo.com','1234 DaWrong Lane','Flonkerton','MD','12345','303-327-5449');
INSERT INTO RESERVATION VALUES ('20190207KJ9483237703386',1997,109,'KJ','2019-02-07','2019-02-10',null,'complete');
INSERT INTO INVOICECHARGE VALUES ('20190207KJ9483237703386-ch00001','20190207KJ9483237703386','2019-02-07',415.81,'Base room charge');
INSERT INTO PAYMENT VALUES ('20190207KJ9483237703386-p00001','20190207KJ9483237703386','2019-02-09','CC',415.81,'Rosemarie Roeser','7027624767827110',12,2027,169,'Mastercard');
-- ------- SAMPLE 998 ----------
INSERT INTO GUEST VALUES(1998,'Natalia','Nowacki','NNowacki@yahoo.com','1234 DaWrong Lane','Flonkerton','MD','12345','039-416-3611');
INSERT INTO RESERVATION VALUES ('20190621QS3993224782147',1998,113,'QS','2019-06-21','2019-06-24',null,'complete');
INSERT INTO INVOICECHARGE VALUES ('20190621QS3993224782147-ch00001','20190621QS3993224782147','2019-06-21',351.83,'Base room charge');
INSERT INTO PAYMENT VALUES ('20190621QS3993224782147-p00001','20190621QS3993224782147','2019-06-23','CC',351.83,'Natalia Nowacki','1517839404371930',1,2023,744,'Mastercard');
-- ------- SAMPLE 999 ----------
INSERT INTO GUEST VALUES(1999,'Danette','Dammann','DDammann@gmail.com','1234 DaWrong Lane','Flonkerton','MD','12345','884-447-7645');
INSERT INTO RESERVATION VALUES ('20191206KI6931093847711',1999,105,'KI','2019-12-06','2019-12-08',null,'complete');
INSERT INTO INVOICECHARGE VALUES ('20191206KI6931093847711-ch00001','20191206KI6931093847711','2019-12-06',112.58,'Base room charge');
INSERT INTO INVOICECHARGE VALUES ('20191206KI6931093847711-ch00002','20191206KI6931093847711','2019-12-06',58,'Cleaning fee');
INSERT INTO PAYMENT VALUES ('20191206KI6931093847711-p00001','20191206KI6931093847711','2019-12-08','CC',170.58,'Danette Dammann','9764266289182024',7,2025,203,'Mastercard');
-- ------- SAMPLE 1000 ----------
INSERT INTO GUEST VALUES(2000,'Delora','Delph','DDelph@gmail.com','1234 DaWrong Lane','Flonkerton','MD','12345','935-879-2817');
INSERT INTO RESERVATION VALUES ('20190220KI4600007083624',2000,115,'KI','2019-02-20','2019-02-24',null,'complete');
INSERT INTO INVOICECHARGE VALUES ('20190220KI4600007083624-ch00001','20190220KI4600007083624','2019-02-20',341.16,'Base room charge');
INSERT INTO PAYMENT VALUES ('20190220KI4600007083624-p00001','20190220KI4600007083624','2019-02-22','CC',341.16,'Delora Delph','7803842011807979',9,2027,148,'Mastercard');
-- ------- SAMPLE 1001 ----------
INSERT INTO GUEST VALUES(2001,'Bell','Belizaire','BBelizaire@hotmail.com','1234 DaWrong Lane','Flonkerton','MD','12345','723-963-5089');
INSERT INTO RESERVATION VALUES ('20190605QS5378885397315',2001,108,'QS','2019-06-05','2019-06-10',null,'complete');
INSERT INTO INVOICECHARGE VALUES ('20190605QS5378885397315-ch00001','20190605QS5378885397315','2019-06-05',586.38,'Base room charge');
INSERT INTO PAYMENT VALUES ('20190605QS5378885397315-p00001','20190605QS5378885397315','2019-06-07','CC',586.38,'Bell Belizaire','1499543777054798',6,2021,335,'Mastercard');
-- ------- SAMPLE 1002 ----------
INSERT INTO GUEST VALUES(2002,'Sherryl','Shurtleff','SShurtleff@gmail.com','1234 DaWrong Lane','Flonkerton','MD','12345','854-163-3662');
INSERT INTO RESERVATION VALUES ('20190501KS8549632604951',2002,206,'KS','2019-05-01','2019-05-03',null,'complete');
INSERT INTO INVOICECHARGE VALUES ('20190501KS8549632604951-ch00001','20190501KS8549632604951','2019-05-01',140.73,'Base room charge');
INSERT INTO INVOICECHARGE VALUES ('20190501KS8549632604951-ch00002','20190501KS8549632604951','2019-05-01',72.5,'Room Service');
INSERT INTO PAYMENT VALUES ('20190501KS8549632604951-p00001','20190501KS8549632604951','2019-05-03','CC',213.23,'Sherryl Shurtleff','4156324158663780',1,2023,790,'Mastercard');
-- ------- SAMPLE 1003 ----------
INSERT INTO GUEST VALUES(2003,'Alverta','Arce','AArce@gmail.com','1234 DaWrong Lane','Flonkerton','MD','12345','067-420-3076');
INSERT INTO RESERVATION VALUES ('20191219QS1080607092087',2003,108,'QS','2019-12-19','2019-12-21',null,'complete');
INSERT INTO INVOICECHARGE VALUES ('20191219QS1080607092087-ch00001','20191219QS1080607092087','2019-12-19',234.55,'Base room charge');
INSERT INTO PAYMENT VALUES ('20191219QS1080607092087-p00001','20191219QS1080607092087','2019-12-21','CC',234.55,'Alverta Arce','8136220669720879',1,2022,980,'Mastercard');
-- ------- SAMPLE 1004 ----------
INSERT INTO GUEST VALUES(2004,'Ginger','Gordillo','GGordillo@yahoo.com','1234 DaWrong Lane','Flonkerton','MD','12345','366-842-1083');
INSERT INTO RESERVATION VALUES ('20190921QS7206961170960',2004,202,'QS','2019-09-21','2019-09-24',null,'complete');
INSERT INTO INVOICECHARGE VALUES ('20190921QS7206961170960-ch00001','20190921QS7206961170960','2019-09-21',232.21,'Base room charge');
INSERT INTO INVOICECHARGE VALUES ('20190921QS7206961170960-ch00002','20190921QS7206961170960','2019-09-21',119.62,'Room Service');
INSERT INTO PAYMENT VALUES ('20190921QS7206961170960-p00001','20190921QS7206961170960','2019-09-23','CC',351.83,'Ginger Gordillo','5956495131110884',12,2025,674,'Mastercard');
-- ------- SAMPLE 1005 ----------
INSERT INTO GUEST VALUES(2005,'Ginger','Gordillo','GGordillo@yahoo.com','1234 DaWrong Lane','Flonkerton','MD','12345','595-033-8541');
INSERT INTO RESERVATION VALUES ('20181123KJ4085553377727',2005,104,'KJ','2018-11-23','2018-11-28',null,'complete');
INSERT INTO INVOICECHARGE VALUES ('20181123KJ4085553377727-ch00001','20181123KJ4085553377727','2018-11-23',457.39,'Base room charge');
INSERT INTO INVOICECHARGE VALUES ('20181123KJ4085553377727-ch00002','20181123KJ4085553377727','2018-11-23',235.62,'Cleaning fee');
INSERT INTO PAYMENT VALUES ('20181123KJ4085553377727-p00001','20181123KJ4085553377727','2018-11-25','CC',693.01,'Ginger Gordillo','1291810021929658',10,2024,420,'Mastercard');
-- ------- SAMPLE 1006 ----------
INSERT INTO GUEST VALUES(2006,'Jamey','Jen','JJen@yahoo.com','1234 DaWrong Lane','Flonkerton','MD','12345','819-209-6271');
INSERT INTO RESERVATION VALUES ('20190529KI5750968430561',2006,204,'KI','2019-05-29','2019-06-02',null,'complete');
INSERT INTO INVOICECHARGE VALUES ('20190529KI5750968430561-ch00001','20190529KI5750968430561','2019-05-29',225.17,'Base room charge');
INSERT INTO INVOICECHARGE VALUES ('20190529KI5750968430561-ch00002','20190529KI5750968430561','2019-05-29',115.99,'Room Service');
INSERT INTO PAYMENT (payment_id,invoice_id,payment_date,payment_type,payment_amount) VALUES ('20190529KI5750968430561-p00001','20190529KI5750968430561','2019-05-31','CA',341.16);
-- ------- SAMPLE 1007 ----------
INSERT INTO GUEST VALUES(2007,'Shae','Sansom','SSansom@gmail.com','1234 DaWrong Lane','Flonkerton','MD','12345','187-760-8142');
INSERT INTO RESERVATION VALUES ('20210217QS8460715686238',2007,null,'QS','2021-02-17','2021-02-20',null,'active');
INSERT INTO INVOICECHARGE VALUES ('20210217QS8460715686238-ch00001','20210217QS8460715686238','2021-02-17',351.83,'Base room charge');
INSERT INTO PAYMENT VALUES ('20210217QS8460715686238-p00001','20210217QS8460715686238','2021-02-19','CC',351.83,'Shae Sansom','9035691162523998',9,2021,714,'Mastercard');
-- ------- SAMPLE 1008 ----------
INSERT INTO GUEST VALUES(2008,'Lakenya','Langston','LLangston@yahoo.com','1234 DaWrong Lane','Flonkerton','MD','12345','227-577-3847');
INSERT INTO RESERVATION VALUES ('20191026KS4026136637686',2008,102,'KS','2019-10-26','2019-10-31',null,'complete');
INSERT INTO INVOICECHARGE VALUES ('20191026KS4026136637686-ch00001','20191026KS4026136637686','2019-10-26',533.07,'Base room charge');
INSERT INTO PAYMENT VALUES ('20191026KS4026136637686-p00001','20191026KS4026136637686','2019-10-28','CC',533.07,'Lakenya Langston','4459995529070122',3,2022,924,'Mastercard');
-- ------- SAMPLE 1009 ----------
INSERT INTO GUEST VALUES(2009,'Cherry','Chiarello','CChiarello@gmail.com','1234 DaWrong Lane','Flonkerton','MD','12345','840-282-1522');
INSERT INTO RESERVATION VALUES ('20200723QD3954319966511',2009,null,'QD','2020-07-23','2020-07-24',null,'active');
INSERT INTO INVOICECHARGE VALUES ('20200723QD3954319966511-ch00001','20200723QD3954319966511','2020-07-23',95.95,'Base room charge');
INSERT INTO PAYMENT VALUES ('20200723QD3954319966511-p00001','20200723QD3954319966511','2020-07-25','CC',56,'Cherry Chiarello','8608266046505700',3,2026,266,'Mastercard');
-- ------- SAMPLE 1010 ----------
INSERT INTO GUEST VALUES(2010,'Tomika','Teran','TTeran@gmail.com','1234 DaWrong Lane','Flonkerton','MD','12345','687-435-5500');
INSERT INTO RESERVATION VALUES ('20210123KI9171496345447',2010,null,'KI','2021-01-23','2021-01-24',null,'active');
INSERT INTO INVOICECHARGE VALUES ('20210123KI9171496345447-ch00001','20210123KI9171496345447','2021-01-23',85.29,'Base room charge');
INSERT INTO PAYMENT (payment_id,invoice_id,payment_date,payment_type,payment_amount) VALUES ('20210123KI9171496345447-p00001','20210123KI9171496345447','2021-01-25','CA',85.29);
-- ------- SAMPLE 1011 ----------
INSERT INTO GUEST VALUES(2011,'Dewey','Dye','DDye@yahoo.com','1234 DaWrong Lane','Flonkerton','MD','12345','511-738-8912');
INSERT INTO RESERVATION VALUES ('20190216KS1218891018940',2011,201,'KS','2019-02-16','2019-02-19',null,'complete');
INSERT INTO INVOICECHARGE VALUES ('20190216KS1218891018940-ch00001','20190216KS1218891018940','2019-02-16',319.84,'Base room charge');
INSERT INTO PAYMENT VALUES ('20190216KS1218891018940-p00001','20190216KS1218891018940','2019-02-18','CC',319.84,'Dewey Dye','1126005528845063',8,2025,65,'Mastercard');
-- ------- SAMPLE 1012 ----------
INSERT INTO GUEST VALUES(2012,'Annie','Albrecht','AAlbrecht@gmail.com','1234 DaWrong Lane','Flonkerton','MD','12345','273-484-7602');
INSERT INTO RESERVATION VALUES ('20191118QS2873895522650',2012,113,'QS','2019-11-18','2019-11-21',null,'complete');
INSERT INTO INVOICECHARGE VALUES ('20191118QS2873895522650-ch00001','20191118QS2873895522650','2019-11-18',351.83,'Base room charge');
INSERT INTO PAYMENT VALUES ('20191118QS2873895522650-p00001','20191118QS2873895522650','2019-11-20','CC',351.83,'Annie Albrecht','1973497706995190',10,2022,218,'Mastercard');
-- ------- SAMPLE 1013 ----------
INSERT INTO GUEST VALUES(2013,'Selene','Staiger','SStaiger@hotmail.com','1234 DaWrong Lane','Flonkerton','MD','12345','055-910-6616');
INSERT INTO RESERVATION VALUES ('20190720KI5940753712651',2013,105,'KI','2019-07-20','2019-07-24',null,'complete');
INSERT INTO INVOICECHARGE VALUES ('20190720KI5940753712651-ch00001','20190720KI5940753712651','2019-07-20',225.17,'Base room charge');
INSERT INTO INVOICECHARGE VALUES ('20190720KI5940753712651-ch00002','20190720KI5940753712651','2019-07-20',115.99,'Cleaning fee');
INSERT INTO PAYMENT VALUES ('20190720KI5940753712651-p00001','20190720KI5940753712651','2019-07-22','CC',341.16,'Selene Staiger','7280549271963031',5,2023,695,'Mastercard');
-- ------- SAMPLE 1014 ----------
INSERT INTO GUEST VALUES(2014,'Delora','Delph','DDelph@yahoo.com','1234 DaWrong Lane','Flonkerton','MD','12345','806-513-1412');
INSERT INTO RESERVATION VALUES ('20200106QS3906501619706',2014,207,'QS','2020-01-06','2020-01-07',null,'complete');
INSERT INTO INVOICECHARGE VALUES ('20200106QS3906501619706-ch00001','20200106QS3906501619706','2020-01-06',77.4,'Base room charge');
INSERT INTO INVOICECHARGE VALUES ('20200106QS3906501619706-ch00002','20200106QS3906501619706','2020-01-06',39.88,'Room Service');
INSERT INTO PAYMENT VALUES ('20200106QS3906501619706-p00001','20200106QS3906501619706','2020-01-08','CC',117.28,'Delora Delph','3732681273139505',1,2027,679,'Mastercard');
-- ------- SAMPLE 1015 ----------
INSERT INTO GUEST VALUES(2015,'Mario','Macdowell','MMacdowell@gmail.com','1234 DaWrong Lane','Flonkerton','MD','12345','161-532-0706');
INSERT INTO RESERVATION VALUES ('20201128QD6623453816517',2015,null,'QD','2020-11-28','2020-12-02',null,'active');
INSERT INTO INVOICECHARGE VALUES ('20201128QD6623453816517-ch00001','20201128QD6623453816517','2020-11-28',383.81,'Base room charge');
INSERT INTO PAYMENT VALUES ('20201128QD6623453816517-p00001','20201128QD6623453816517','2020-11-30','CC',383.81,'Mario Macdowell','1579174360152403',10,2025,194,'Mastercard');
-- ------- SAMPLE 1016 ----------
INSERT INTO GUEST VALUES(2016,'Keturah','Kagawa','KKagawa@yahoo.com','1234 DaWrong Lane','Flonkerton','MD','12345','075-732-3563');
INSERT INTO RESERVATION VALUES ('20201020KJ5098557947717',2016,null,'KJ','2020-10-20','2020-10-21',null,'active');
INSERT INTO INVOICECHARGE VALUES ('20201020KJ5098557947717-ch00001','20201020KJ5098557947717','2020-10-20',138.6,'Base room charge');
INSERT INTO PAYMENT VALUES ('20201020KJ5098557947717-p00001','20201020KJ5098557947717','2020-10-22','CC',100,'Keturah Kagawa','4722080013374309',9,2026,509,'Mastercard');
-- ------- SAMPLE 1017 ----------
INSERT INTO GUEST VALUES(2017,'Leanora','Locke','LLocke@yahoo.com','1234 DaWrong Lane','Flonkerton','MD','12345','089-278-1844');
INSERT INTO RESERVATION VALUES ('20180924QD3354008595289',2017,101,'QD','2018-09-24','2018-09-25',null,'complete');
INSERT INTO INVOICECHARGE VALUES ('20180924QD3354008595289-ch00001','20180924QD3354008595289','2018-09-24',63.33,'Base room charge');
INSERT INTO INVOICECHARGE VALUES ('20180924QD3354008595289-ch00002','20180924QD3354008595289','2018-09-24',32.62,'Cleaning fee');
INSERT INTO PAYMENT VALUES ('20180924QD3354008595289-p00001','20180924QD3354008595289','2018-09-26','CC',95.95,'Leanora Locke','9170813597109379',4,2021,394,'Mastercard');
-- ------- SAMPLE 1018 ----------
INSERT INTO GUEST VALUES(2018,'Abram','Adolph','AAdolph@hotmail.com','1234 DaWrong Lane','Flonkerton','MD','12345','698-756-2806');
INSERT INTO RESERVATION VALUES ('20210320QD8976509135456',2018,null,'QD','2021-03-20','2021-03-23',null,'active');
-- ------- SAMPLE 1019 ----------
INSERT INTO GUEST VALUES(2019,'Selene','Staiger','SStaiger@yahoo.com','1234 DaWrong Lane','Flonkerton','MD','12345','827-174-4826');
INSERT INTO RESERVATION VALUES ('20200111KS1509537177507',2019,107,'KS','2020-01-11','2020-01-15',null,'complete');
INSERT INTO INVOICECHARGE VALUES ('20200111KS1509537177507-ch00001','20200111KS1509537177507','2020-01-11',426.46,'Base room charge');
INSERT INTO PAYMENT VALUES ('20200111KS1509537177507-p00001','20200111KS1509537177507','2020-01-13','CC',426.46,'Selene Staiger','7149074173031329',12,2027,916,'Mastercard');
-- ------- SAMPLE 1020 ----------
INSERT INTO GUEST VALUES(2020,'Tish','Tusing','TTusing@hotmail.com','1234 DaWrong Lane','Flonkerton','MD','12345','395-232-8145');
INSERT INTO RESERVATION VALUES ('20181013QD8476091039483',2020,200,'QD','2018-10-13','2018-10-16',null,'complete');
INSERT INTO INVOICECHARGE VALUES ('20181013QD8476091039483-ch00001','20181013QD8476091039483','2018-10-13',287.86,'Base room charge');
INSERT INTO PAYMENT VALUES ('20181013QD8476091039483-p00001','20181013QD8476091039483','2018-10-15','CC',287.86,'Tish Tusing','4854307353939574',5,2024,333,'Mastercard');
-- ------- SAMPLE 1021 ----------
INSERT INTO GUEST VALUES(2021,'Julene','Jahn','JJahn@yahoo.com','1234 DaWrong Lane','Flonkerton','MD','12345','616-402-7965');
INSERT INTO RESERVATION VALUES ('20180528KJ6923799598223',2021,104,'KJ','2018-05-28','2018-06-01',null,'complete');
INSERT INTO INVOICECHARGE VALUES ('20180528KJ6923799598223-ch00001','20180528KJ6923799598223','2018-05-28',365.91,'Base room charge');
INSERT INTO INVOICECHARGE VALUES ('20180528KJ6923799598223-ch00002','20180528KJ6923799598223','2018-05-28',188.5,'Cleaning fee');
INSERT INTO PAYMENT VALUES ('20180528KJ6923799598223-p00001','20180528KJ6923799598223','2018-05-30','CC',554.41,'Julene Jahn','9715679547912358',8,2021,784,'Mastercard');
-- ------- SAMPLE 1022 ----------
INSERT INTO GUEST VALUES(2022,'Keturah','Kagawa','KKagawa@yahoo.com','1234 DaWrong Lane','Flonkerton','MD','12345','149-469-0080');
INSERT INTO RESERVATION VALUES ('20190411KI8958163657744',2022,120,'KI','2019-04-11','2019-04-12',null,'cancelled');
INSERT INTO INVOICECHARGE VALUES ('20190411KI8958163657744-ch00001','20190411KI8958163657744','2019-04-11',56.29,'Base room charge');
INSERT INTO INVOICECHARGE VALUES ('20190411KI8958163657744-ch00002','20190411KI8958163657744','2019-04-11',29,'Cleaning fee');
INSERT INTO PAYMENT VALUES ('20190411KI8958163657744-p00001','20190411KI8958163657744','2019-04-13','CC',85.29,'Keturah Kagawa','8444458348377701',2,2024,689,'Mastercard');
-- ------- SAMPLE 1023 ----------
INSERT INTO GUEST VALUES(2023,'Doyle','Dykema','DDykema@yahoo.com','1234 DaWrong Lane','Flonkerton','MD','12345','329-928-2447');
INSERT INTO RESERVATION VALUES ('20180620KS9857462206859',2023,112,'KS','2018-06-20','2018-06-24',null,'complete');
INSERT INTO INVOICECHARGE VALUES ('20180620KS9857462206859-ch00001','20180620KS9857462206859','2018-06-20',281.46,'Base room charge');
INSERT INTO INVOICECHARGE VALUES ('20180620KS9857462206859-ch00002','20180620KS9857462206859','2018-06-20',145,'Cleaning fee');
INSERT INTO PAYMENT VALUES ('20180620KS9857462206859-p00001','20180620KS9857462206859','2018-06-22','CC',426.46,'Doyle Dykema','6612396932045142',8,2023,293,'Mastercard');
-- ------- SAMPLE 1024 ----------
INSERT INTO GUEST VALUES(2024,'Daron','Dycus','DDycus@hotmail.com','1234 DaWrong Lane','Flonkerton','MD','12345','364-322-3586');
INSERT INTO RESERVATION VALUES ('20181024KI7496985498814',2024,209,'KI','2018-10-24','2018-10-27',null,'complete');
INSERT INTO INVOICECHARGE VALUES ('20181024KI7496985498814-ch00001','20181024KI7496985498814','2018-10-24',255.87,'Base room charge');
INSERT INTO PAYMENT VALUES ('20181024KI7496985498814-p00001','20181024KI7496985498814','2018-10-26','CC',255.87,'Daron Dycus','8456844912987244',5,2027,539,'Mastercard');
-- ------- SAMPLE 1025 ----------
INSERT INTO GUEST VALUES(2025,'Serafina','Singh','SSingh@yahoo.com','1234 DaWrong Lane','Flonkerton','MD','12345','864-763-2011');
INSERT INTO RESERVATION VALUES ('20180822KJ5975986766381',2025,203,'KJ','2018-08-22','2018-08-26',null,'complete');
INSERT INTO INVOICECHARGE VALUES ('20180822KJ5975986766381-ch00001','20180822KJ5975986766381','2018-08-22',554.41,'Base room charge');
INSERT INTO PAYMENT VALUES ('20180822KJ5975986766381-p00001','20180822KJ5975986766381','2018-08-24','CC',554.41,'Serafina Singh','7274019786259925',7,2026,213,'Mastercard');
-- ------- SAMPLE 1026 ----------
INSERT INTO GUEST VALUES(2026,'Theodora','Trickey','TTrickey@gmail.com','1234 DaWrong Lane','Flonkerton','MD','12345','026-723-5136');
INSERT INTO RESERVATION VALUES ('20200408QD5073299216428',2026,111,'QD','2020-04-08','2020-04-13',null,'complete');
INSERT INTO INVOICECHARGE VALUES ('20200408QD5073299216428-ch00001','20200408QD5073299216428','2020-04-08',316.64,'Base room charge');
INSERT INTO INVOICECHARGE VALUES ('20200408QD5073299216428-ch00002','20200408QD5073299216428','2020-04-08',163.12,'Cleaning fee');
INSERT INTO PAYMENT VALUES ('20200408QD5073299216428-p00001','20200408QD5073299216428','2020-04-10','CC',479.76,'Theodora Trickey','4790804016470514',6,2021,424,'Mastercard');
-- ------- SAMPLE 1027 ----------
INSERT INTO GUEST VALUES(2027,'Serafina','Singh','SSingh@gmail.com','1234 DaWrong Lane','Flonkerton','MD','12345','756-668-6807');
INSERT INTO RESERVATION VALUES ('20201120KJ7755371217426',2027,null,'KJ','2020-11-20','2020-11-25',null,'active');
-- ------- SAMPLE 1028 ----------
INSERT INTO GUEST VALUES(2028,'Tai','Tookes','TTookes@hotmail.com','1234 DaWrong Lane','Flonkerton','MD','12345','960-619-7501');
INSERT INTO RESERVATION VALUES ('20180609QD3143252241221',2028,111,'QD','2018-06-09','2018-06-10',null,'complete');
INSERT INTO INVOICECHARGE VALUES ('20180609QD3143252241221-ch00001','20180609QD3143252241221','2018-06-09',63.33,'Base room charge');
INSERT INTO INVOICECHARGE VALUES ('20180609QD3143252241221-ch00002','20180609QD3143252241221','2018-06-09',32.62,'Room Service');
INSERT INTO PAYMENT (payment_id,invoice_id,payment_date,payment_type,payment_amount) VALUES ('20180609QD3143252241221-p00001','20180609QD3143252241221','2018-06-11','CA',95.95);
-- ------- SAMPLE 1029 ----------
INSERT INTO GUEST VALUES(2029,'Tanner','Tomasello','TTomasello@hotmail.com','1234 DaWrong Lane','Flonkerton','MD','12345','179-496-6994');
INSERT INTO RESERVATION VALUES ('20200506KI6531591034898',2029,115,'KI','2020-05-06','2020-05-07',null,'complete');
INSERT INTO INVOICECHARGE VALUES ('20200506KI6531591034898-ch00001','20200506KI6531591034898','2020-05-06',56.29,'Base room charge');
INSERT INTO INVOICECHARGE VALUES ('20200506KI6531591034898-ch00002','20200506KI6531591034898','2020-05-06',29,'Cleaning fee');
INSERT INTO PAYMENT VALUES ('20200506KI6531591034898-p00001','20200506KI6531591034898','2020-05-08','CC',85.29,'Tanner Tomasello','1099386662542687',9,2027,936,'Mastercard');
-- ------- SAMPLE 1030 ----------
INSERT INTO GUEST VALUES(2030,'Freida','Forbis','FForbis@hotmail.com','1234 DaWrong Lane','Flonkerton','MD','12345','307-000-6149');
INSERT INTO RESERVATION VALUES ('20201021KJ8848349247097',2030,null,'KJ','2020-10-21','2020-10-23',null,'active');
INSERT INTO INVOICECHARGE VALUES ('20201021KJ8848349247097-ch00001','20201021KJ8848349247097','2020-10-21',277.2,'Base room charge');
INSERT INTO PAYMENT VALUES ('20201021KJ8848349247097-p00001','20201021KJ8848349247097','2020-10-23','CC',277.2,'Freida Forbis','6284941992734421',9,2023,284,'Mastercard');
-- ------- SAMPLE 1031 ----------
INSERT INTO GUEST VALUES(2031,'Shandi','Scharf','SScharf@hotmail.com','1234 DaWrong Lane','Flonkerton','MD','12345','270-488-2808');
INSERT INTO RESERVATION VALUES ('20190601QD5324587037478',2031,106,'QD','2019-06-01','2019-06-03',null,'cancelled');
INSERT INTO INVOICECHARGE VALUES ('20190601QD5324587037478-ch00001','20190601QD5324587037478','2019-06-01',191.9,'Base room charge');
INSERT INTO PAYMENT VALUES ('20190601QD5324587037478-p00001','20190601QD5324587037478','2019-06-03','CC',191.9,'Shandi Scharf','8327572969130382',9,2022,696,'Mastercard');
-- ------- SAMPLE 1032 ----------
INSERT INTO GUEST VALUES(2032,'Antwan','Albury','AAlbury@hotmail.com','1234 DaWrong Lane','Flonkerton','MD','12345','137-426-6335');
INSERT INTO RESERVATION VALUES ('20180708QD6709054589108',2032,200,'QD','2018-07-08','2018-07-12',null,'complete');
INSERT INTO INVOICECHARGE VALUES ('20180708QD6709054589108-ch00001','20180708QD6709054589108','2018-07-08',383.81,'Base room charge');
INSERT INTO PAYMENT VALUES ('20180708QD6709054589108-p00001','20180708QD6709054589108','2018-07-10','CC',383.81,'Antwan Albury','1864300060820539',8,2025,239,'Mastercard');
-- ------- SAMPLE 1033 ----------
INSERT INTO GUEST VALUES(2033,'Keturah','Kagawa','KKagawa@yahoo.com','1234 DaWrong Lane','Flonkerton','MD','12345','882-020-7147');
INSERT INTO RESERVATION VALUES ('20200808QD2811437014086',2033,null,'QD','2020-08-08','2020-08-12',null,'active');
INSERT INTO INVOICECHARGE VALUES ('20200808QD2811437014086-ch00001','20200808QD2811437014086','2020-08-08',383.81,'Base room charge');
INSERT INTO PAYMENT VALUES ('20200808QD2811437014086-p00001','20200808QD2811437014086','2020-08-10','CC',383.81,'Keturah Kagawa','7929498949479468',4,2021,259,'Mastercard');
-- ------- SAMPLE 1034 ----------
INSERT INTO GUEST VALUES(2034,'Shawna','Schmit','SSchmit@hotmail.com','1234 DaWrong Lane','Flonkerton','MD','12345','323-363-9453');
INSERT INTO RESERVATION VALUES ('20191004QS1851424749191',2034,108,'QS','2019-10-04','2019-10-08',null,'cancelled');
INSERT INTO INVOICECHARGE VALUES ('20191004QS1851424749191-ch00001','20191004QS1851424749191','2019-10-04',469.11,'Base room charge');
INSERT INTO PAYMENT VALUES ('20191004QS1851424749191-p00001','20191004QS1851424749191','2019-10-06','CC',469.11,'Shawna Schmit','2172946093424662',10,2022,46,'Mastercard');
-- ------- SAMPLE 1035 ----------
INSERT INTO GUEST VALUES(2035,'Shaneka','Stribling','SStribling@yahoo.com','1234 DaWrong Lane','Flonkerton','MD','12345','788-839-6873');
INSERT INTO RESERVATION VALUES ('20200613QD3569768052849',2035,null,'QD','2020-06-13','2020-06-17',null,'active');
INSERT INTO INVOICECHARGE VALUES ('20200613QD3569768052849-ch00001','20200613QD3569768052849','2020-06-13',383.81,'Base room charge');
INSERT INTO PAYMENT VALUES ('20200613QD3569768052849-p00001','20200613QD3569768052849','2020-06-15','CC',383.81,'Shaneka Stribling','2316121189123265',7,2024,713,'Mastercard');
-- ------- SAMPLE 1036 ----------
INSERT INTO GUEST VALUES(2036,'Katerine','Kawakami','KKawakami@yahoo.com','1234 DaWrong Lane','Flonkerton','MD','12345','411-880-1577');
INSERT INTO RESERVATION VALUES ('20200705KI9999633687328',2036,null,'KI','2020-07-05','2020-07-09',null,'active');
INSERT INTO INVOICECHARGE VALUES ('20200705KI9999633687328-ch00001','20200705KI9999633687328','2020-07-05',225.17,'Base room charge');
INSERT INTO INVOICECHARGE VALUES ('20200705KI9999633687328-ch00002','20200705KI9999633687328','2020-07-05',115.99,'Room Service');
INSERT INTO PAYMENT VALUES ('20200705KI9999633687328-p00001','20200705KI9999633687328','2020-07-07','CC',341.16,'Katerine Kawakami','3474157041301436',7,2026,846,'Mastercard');
-- ------- SAMPLE 1037 ----------
INSERT INTO GUEST VALUES(2037,'Natalia','Nowacki','NNowacki@yahoo.com','1234 DaWrong Lane','Flonkerton','MD','12345','402-830-6650');
INSERT INTO RESERVATION VALUES ('20191019KJ8962137907921',2037,203,'KJ','2019-10-19','2019-10-24',null,'complete');
INSERT INTO INVOICECHARGE VALUES ('20191019KJ8962137907921-ch00001','20191019KJ8962137907921','2019-10-19',693.01,'Base room charge');
INSERT INTO PAYMENT (payment_id,invoice_id,payment_date,payment_type,payment_amount) VALUES ('20191019KJ8962137907921-p00001','20191019KJ8962137907921','2019-10-21','CA',693.01);
-- ------- SAMPLE 1038 ----------
INSERT INTO GUEST VALUES(2038,'Walter','Wellington','WWellington@yahoo.com','1234 DaWrong Lane','Flonkerton','MD','12345','925-198-5624');
INSERT INTO RESERVATION VALUES ('20210426QS1928967893799',2038,null,'QS','2021-04-26','2021-04-28',null,'active');
INSERT INTO INVOICECHARGE VALUES ('20210426QS1928967893799-ch00001','20210426QS1928967893799','2021-04-26',154.8,'Base room charge');
INSERT INTO INVOICECHARGE VALUES ('20210426QS1928967893799-ch00002','20210426QS1928967893799','2021-04-26',79.75,'Room Service');
INSERT INTO PAYMENT VALUES ('20210426QS1928967893799-p00001','20210426QS1928967893799','2021-04-28','CC',234.55,'Walter Wellington','8206915120770344',11,2021,160,'Mastercard');
-- ------- SAMPLE 1039 ----------
INSERT INTO GUEST VALUES(2039,'Jammie','Jo','JJo@yahoo.com','1234 DaWrong Lane','Flonkerton','MD','12345','710-856-0689');
INSERT INTO RESERVATION VALUES ('20190609QS2238641740357',2039,118,'QS','2019-06-09','2019-06-14',null,'complete');
INSERT INTO INVOICECHARGE VALUES ('20190609QS2238641740357-ch00001','20190609QS2238641740357','2019-06-09',586.38,'Base room charge');
INSERT INTO PAYMENT VALUES ('20190609QS2238641740357-p00001','20190609QS2238641740357','2019-06-11','CC',586.38,'Jammie Jo','4924700317446618',3,2025,766,'Mastercard');
-- ------- SAMPLE 1040 ----------
INSERT INTO GUEST VALUES(2040,'Deangelo','Deloera','DDeloera@hotmail.com','1234 DaWrong Lane','Flonkerton','MD','12345','487-549-3752');
INSERT INTO RESERVATION VALUES ('20200405KJ6531783181900',2040,119,'KJ','2020-04-05','2020-04-09',null,'complete');
INSERT INTO INVOICECHARGE VALUES ('20200405KJ6531783181900-ch00001','20200405KJ6531783181900','2020-04-05',365.91,'Base room charge');
INSERT INTO INVOICECHARGE VALUES ('20200405KJ6531783181900-ch00002','20200405KJ6531783181900','2020-04-05',188.5,'Room Service');
INSERT INTO PAYMENT VALUES ('20200405KJ6531783181900-p00001','20200405KJ6531783181900','2020-04-07','CC',554.41,'Deangelo Deloera','6355360666806707',4,2023,953,'Mastercard');
-- ------- SAMPLE 1041 ----------
INSERT INTO GUEST VALUES(2041,'Sherryl','Shurtleff','SShurtleff@gmail.com','1234 DaWrong Lane','Flonkerton','MD','12345','603-726-8712');
INSERT INTO RESERVATION VALUES ('20181204KS9691228414063',2041,117,'KS','2018-12-04','2018-12-08',null,'complete');
INSERT INTO INVOICECHARGE VALUES ('20181204KS9691228414063-ch00001','20181204KS9691228414063','2018-12-04',426.46,'Base room charge');
INSERT INTO PAYMENT VALUES ('20181204KS9691228414063-p00001','20181204KS9691228414063','2018-12-06','CC',426.46,'Sherryl Shurtleff','7758426116534613',8,2026,142,'Mastercard');
-- ------- SAMPLE 1042 ----------
INSERT INTO GUEST VALUES(2042,'Tish','Tusing','TTusing@hotmail.com','1234 DaWrong Lane','Flonkerton','MD','12345','210-832-1938');
INSERT INTO RESERVATION VALUES ('20190924KI8686936732370',2042,110,'KI','2019-09-24','2019-09-29',null,'cancelled');
INSERT INTO INVOICECHARGE VALUES ('20190924KI8686936732370-ch00001','20190924KI8686936732370','2019-09-24',281.46,'Base room charge');
INSERT INTO INVOICECHARGE VALUES ('20190924KI8686936732370-ch00002','20190924KI8686936732370','2019-09-24',144.99,'Room Service');
INSERT INTO PAYMENT (payment_id,invoice_id,payment_date,payment_type,payment_amount) VALUES ('20190924KI8686936732370-p00001','20190924KI8686936732370','2019-09-26','CA',426.45);
-- ------- SAMPLE 1043 ----------
INSERT INTO GUEST VALUES(2043,'Stan','Schnell','SSchnell@yahoo.com','1234 DaWrong Lane','Flonkerton','MD','12345','064-148-9046');
INSERT INTO RESERVATION VALUES ('20190918QS6088136685091',2043,207,'QS','2019-09-18','2019-09-21',null,'complete');
INSERT INTO INVOICECHARGE VALUES ('20190918QS6088136685091-ch00001','20190918QS6088136685091','2019-09-18',232.21,'Base room charge');
INSERT INTO INVOICECHARGE VALUES ('20190918QS6088136685091-ch00002','20190918QS6088136685091','2019-09-18',119.62,'Room Service');
INSERT INTO PAYMENT VALUES ('20190918QS6088136685091-p00001','20190918QS6088136685091','2019-09-20','CC',351.83,'Stan Schnell','6128509751494705',4,2024,796,'Mastercard');
-- ------- SAMPLE 1044 ----------
INSERT INTO GUEST VALUES(2044,'Abdul','Ashe','AAshe@hotmail.com','1234 DaWrong Lane','Flonkerton','MD','12345','208-795-0170');
INSERT INTO RESERVATION VALUES ('20200302KI4399731682218',2044,120,'KI','2020-03-02','2020-03-06',null,'complete');
INSERT INTO INVOICECHARGE VALUES ('20200302KI4399731682218-ch00001','20200302KI4399731682218','2020-03-02',225.17,'Base room charge');
INSERT INTO INVOICECHARGE VALUES ('20200302KI4399731682218-ch00002','20200302KI4399731682218','2020-03-02',115.99,'Cleaning fee');
INSERT INTO PAYMENT VALUES ('20200302KI4399731682218-p00001','20200302KI4399731682218','2020-03-04','CC',341.16,'Abdul Ashe','3928625900177952',11,2024,31,'Mastercard');
-- ------- SAMPLE 1045 ----------
INSERT INTO GUEST VALUES(2045,'Buford','Biddy','BBiddy@gmail.com','1234 DaWrong Lane','Flonkerton','MD','12345','930-414-9242');
INSERT INTO RESERVATION VALUES ('20200720KS6657759446257',2045,null,'KS','2020-07-20','2020-07-21',null,'active');
-- ------- SAMPLE 1046 ----------
INSERT INTO GUEST VALUES(2046,'Deandre','Defore','DDefore@gmail.com','1234 DaWrong Lane','Flonkerton','MD','12345','318-715-6476');
INSERT INTO RESERVATION VALUES ('20210113QD5244579842128',2046,null,'QD','2021-01-13','2021-01-16',null,'active');
INSERT INTO INVOICECHARGE VALUES ('20210113QD5244579842128-ch00001','20210113QD5244579842128','2021-01-13',189.99,'Base room charge');
INSERT INTO INVOICECHARGE VALUES ('20210113QD5244579842128-ch00002','20210113QD5244579842128','2021-01-13',97.87,'Cleaning fee');
INSERT INTO PAYMENT VALUES ('20210113QD5244579842128-p00001','20210113QD5244579842128','2021-01-15','CC',287.86,'Deandre Defore','3098527328080565',11,2026,655,'Mastercard');
-- ------- SAMPLE 1047 ----------
INSERT INTO GUEST VALUES(2047,'Tish','Tusing','TTusing@yahoo.com','1234 DaWrong Lane','Flonkerton','MD','12345','331-643-1822');
INSERT INTO RESERVATION VALUES ('20180519QS5583397270909',2047,103,'QS','2018-05-19','2018-05-23',null,'cancelled');
INSERT INTO INVOICECHARGE VALUES ('20180519QS5583397270909-ch00001','20180519QS5583397270909','2018-05-19',309.61,'Base room charge');
INSERT INTO INVOICECHARGE VALUES ('20180519QS5583397270909-ch00002','20180519QS5583397270909','2018-05-19',159.5,'Cleaning fee');
INSERT INTO PAYMENT VALUES ('20180519QS5583397270909-p00001','20180519QS5583397270909','2018-05-21','CC',469.11,'Tish Tusing','8369071341214954',12,2026,246,'Mastercard');
-- ------- SAMPLE 1048 ----------
INSERT INTO GUEST VALUES(2048,'Abdul','Ashe','AAshe@yahoo.com','1234 DaWrong Lane','Flonkerton','MD','12345','393-377-5167');
INSERT INTO RESERVATION VALUES ('20200819KI7385565990598',2048,null,'KI','2020-08-19','2020-08-24',null,'active');
-- ------- SAMPLE 1049 ----------
INSERT INTO GUEST VALUES(2049,'Kathlyn','Kinser','KKinser@yahoo.com','1234 DaWrong Lane','Flonkerton','MD','12345','071-941-6374');
INSERT INTO RESERVATION VALUES ('20180726KS5935968945426',2049,102,'KS','2018-07-26','2018-07-30',null,'complete');
INSERT INTO INVOICECHARGE VALUES ('20180726KS5935968945426-ch00001','20180726KS5935968945426','2018-07-26',281.46,'Base room charge');
INSERT INTO INVOICECHARGE VALUES ('20180726KS5935968945426-ch00002','20180726KS5935968945426','2018-07-26',145,'Cleaning fee');
INSERT INTO PAYMENT VALUES ('20180726KS5935968945426-p00001','20180726KS5935968945426','2018-07-28','CC',426.46,'Kathlyn Kinser','3732902340971162',3,2022,190,'Mastercard');
-- ------- SAMPLE 1050 ----------
INSERT INTO GUEST VALUES(2050,'Leonore','Losh','LLosh@gmail.com','1234 DaWrong Lane','Flonkerton','MD','12345','130-718-5155');
INSERT INTO RESERVATION VALUES ('20181221KJ7754017936494',2050,119,'KJ','2018-12-21','2018-12-26',null,'complete');
INSERT INTO INVOICECHARGE VALUES ('20181221KJ7754017936494-ch00001','20181221KJ7754017936494','2018-12-21',457.39,'Base room charge');
INSERT INTO INVOICECHARGE VALUES ('20181221KJ7754017936494-ch00002','20181221KJ7754017936494','2018-12-21',235.62,'Room Service');
INSERT INTO PAYMENT VALUES ('20181221KJ7754017936494-p00001','20181221KJ7754017936494','2018-12-23','CC',693.01,'Leonore Losh','4190759345869057',9,2023,762,'Mastercard');
-- ------- SAMPLE 1051 ----------
INSERT INTO GUEST VALUES(2051,'Heather','Hartin','HHartin@hotmail.com','1234 DaWrong Lane','Flonkerton','MD','12345','907-399-5536');
INSERT INTO RESERVATION VALUES ('20191217KI2411412027618',2051,105,'KI','2019-12-17','2019-12-18',null,'complete');
INSERT INTO INVOICECHARGE VALUES ('20191217KI2411412027618-ch00001','20191217KI2411412027618','2019-12-17',56.29,'Base room charge');
INSERT INTO INVOICECHARGE VALUES ('20191217KI2411412027618-ch00002','20191217KI2411412027618','2019-12-17',29,'Room Service');
INSERT INTO PAYMENT VALUES ('20191217KI2411412027618-p00001','20191217KI2411412027618','2019-12-19','CC',85.29,'Heather Hartin','8683758942717552',1,2024,517,'Mastercard');
-- ------- SAMPLE 1052 ----------
INSERT INTO GUEST VALUES(2052,'Ceola','Carasco','CCarasco@hotmail.com','1234 DaWrong Lane','Flonkerton','MD','12345','860-256-5204');
INSERT INTO RESERVATION VALUES ('20190227QS2013209195167',2052,202,'QS','2019-02-27','2019-03-02',null,'cancelled');
INSERT INTO INVOICECHARGE VALUES ('20190227QS2013209195167-ch00001','20190227QS2013209195167','2019-02-27',351.83,'Base room charge');
INSERT INTO PAYMENT VALUES ('20190227QS2013209195167-p00001','20190227QS2013209195167','2019-03-01','CC',351.83,'Ceola Carasco','1735570503792775',8,2023,493,'Mastercard');
-- ------- SAMPLE 1053 ----------
INSERT INTO GUEST VALUES(2053,'Jenna','Jesse','JJesse@yahoo.com','1234 DaWrong Lane','Flonkerton','MD','12345','759-053-2180');
INSERT INTO RESERVATION VALUES ('20180609QD7279785821358',2053,116,'QD','2018-06-09','2018-06-10',null,'complete');
INSERT INTO INVOICECHARGE VALUES ('20180609QD7279785821358-ch00001','20180609QD7279785821358','2018-06-09',95.95,'Base room charge');
INSERT INTO PAYMENT (payment_id,invoice_id,payment_date,payment_type,payment_amount) VALUES ('20180609QD7279785821358-p00001','20180609QD7279785821358','2018-06-11','CA',95.95);
-- ------- SAMPLE 1054 ----------
INSERT INTO GUEST VALUES(2054,'Lillia','Linen','LLinen@hotmail.com','1234 DaWrong Lane','Flonkerton','MD','12345','810-211-0422');
INSERT INTO RESERVATION VALUES ('20200609QS6682159703255',2054,null,'QS','2020-06-09','2020-06-14',null,'active');
-- ------- SAMPLE 1055 ----------
INSERT INTO GUEST VALUES(2055,'Abel','Alire','AAlire@hotmail.com','1234 DaWrong Lane','Flonkerton','MD','12345','778-919-9299');
INSERT INTO RESERVATION VALUES ('20180520KJ2544049244743',2055,114,'KJ','2018-05-20','2018-05-21',null,'complete');
INSERT INTO INVOICECHARGE VALUES ('20180520KJ2544049244743-ch00001','20180520KJ2544049244743','2018-05-20',138.6,'Base room charge');
INSERT INTO PAYMENT VALUES ('20180520KJ2544049244743-p00001','20180520KJ2544049244743','2018-05-22','CC',138.6,'Abel Alire','5020084509305119',12,2023,454,'Mastercard');
-- ------- SAMPLE 1056 ----------
INSERT INTO GUEST VALUES(2056,'Clara','Crimmins','CCrimmins@yahoo.com','1234 DaWrong Lane','Flonkerton','MD','12345','971-025-5768');
INSERT INTO RESERVATION VALUES ('20201127KJ8673679320288',2056,null,'KJ','2020-11-27','2020-12-02',null,'active');
-- ------- SAMPLE 1057 ----------
INSERT INTO GUEST VALUES(2057,'Missy','Mcclintock','MMcclintock@gmail.com','1234 DaWrong Lane','Flonkerton','MD','12345','570-813-9370');
INSERT INTO RESERVATION VALUES ('20190212KI6014805132865',2057,209,'KI','2019-02-12','2019-02-14',null,'complete');
INSERT INTO INVOICECHARGE VALUES ('20190212KI6014805132865-ch00001','20190212KI6014805132865','2019-02-12',170.58,'Base room charge');
INSERT INTO PAYMENT VALUES ('20190212KI6014805132865-p00001','20190212KI6014805132865','2019-02-14','CC',170.58,'Missy Mcclintock','9122004035451232',1,2027,331,'Mastercard');
-- ------- SAMPLE 1058 ----------
INSERT INTO GUEST VALUES(2058,'Fiona','Figgs','FFiggs@hotmail.com','1234 DaWrong Lane','Flonkerton','MD','12345','264-090-1459');
INSERT INTO RESERVATION VALUES ('20190520KI9716220853387',2058,209,'KI','2019-05-20','2019-05-25',null,'complete');
INSERT INTO INVOICECHARGE VALUES ('20190520KI9716220853387-ch00001','20190520KI9716220853387','2019-05-20',281.46,'Base room charge');
INSERT INTO INVOICECHARGE VALUES ('20190520KI9716220853387-ch00002','20190520KI9716220853387','2019-05-20',144.99,'Cleaning fee');
INSERT INTO PAYMENT (payment_id,invoice_id,payment_date,payment_type,payment_amount) VALUES ('20190520KI9716220853387-p00001','20190520KI9716220853387','2019-05-22','CA',426.45);
-- ------- SAMPLE 1059 ----------
INSERT INTO GUEST VALUES(2059,'Kerstin','Khalaf','KKhalaf@yahoo.com','1234 DaWrong Lane','Flonkerton','MD','12345','107-299-0525');
INSERT INTO RESERVATION VALUES ('20181121QS7193999962957',2059,207,'QS','2018-11-21','2018-11-22',null,'complete');
INSERT INTO INVOICECHARGE VALUES ('20181121QS7193999962957-ch00001','20181121QS7193999962957','2018-11-21',117.28,'Base room charge');
INSERT INTO PAYMENT VALUES ('20181121QS7193999962957-p00001','20181121QS7193999962957','2018-11-23','CC',117.28,'Kerstin Khalaf','1003886926449356',2,2022,437,'Mastercard');
-- ------- SAMPLE 1060 ----------
INSERT INTO GUEST VALUES(2060,'Liliana','Lueck','LLueck@gmail.com','1234 DaWrong Lane','Flonkerton','MD','12345','682-964-7770');
INSERT INTO RESERVATION VALUES ('20200116KI1467517054358',2060,204,'KI','2020-01-16','2020-01-19',null,'complete');
INSERT INTO INVOICECHARGE VALUES ('20200116KI1467517054358-ch00001','20200116KI1467517054358','2020-01-16',168.87,'Base room charge');
INSERT INTO INVOICECHARGE VALUES ('20200116KI1467517054358-ch00002','20200116KI1467517054358','2020-01-16',87,'Room Service');
INSERT INTO PAYMENT VALUES ('20200116KI1467517054358-p00001','20200116KI1467517054358','2020-01-18','CC',255.87,'Liliana Lueck','1877615524461432',5,2024,697,'Mastercard');
-- ------- SAMPLE 1061 ----------
INSERT INTO GUEST VALUES(2061,'Boris','Berner','BBerner@hotmail.com','1234 DaWrong Lane','Flonkerton','MD','12345','884-791-4942');
INSERT INTO RESERVATION VALUES ('20180515QS5550211679014',2061,207,'QS','2018-05-15','2018-05-17',null,'complete');
INSERT INTO INVOICECHARGE VALUES ('20180515QS5550211679014-ch00001','20180515QS5550211679014','2018-05-15',154.8,'Base room charge');
INSERT INTO INVOICECHARGE VALUES ('20180515QS5550211679014-ch00002','20180515QS5550211679014','2018-05-15',79.75,'Room Service');
INSERT INTO PAYMENT VALUES ('20180515QS5550211679014-p00001','20180515QS5550211679014','2018-05-17','CC',234.55,'Boris Berner','9190828477060122',8,2024,561,'Mastercard');
-- ------- SAMPLE 1062 ----------
INSERT INTO GUEST VALUES(2062,'Erminia','Eckard','EEckard@hotmail.com','1234 DaWrong Lane','Flonkerton','MD','12345','318-923-4298');
INSERT INTO RESERVATION VALUES ('20180516KI8083568233510',2062,105,'KI','2018-05-16','2018-05-18',null,'complete');
INSERT INTO INVOICECHARGE VALUES ('20180516KI8083568233510-ch00001','20180516KI8083568233510','2018-05-16',112.58,'Base room charge');
INSERT INTO INVOICECHARGE VALUES ('20180516KI8083568233510-ch00002','20180516KI8083568233510','2018-05-16',58,'Room Service');
INSERT INTO PAYMENT (payment_id,invoice_id,payment_date,payment_type,payment_amount) VALUES ('20180516KI8083568233510-p00001','20180516KI8083568233510','2018-05-18','CA',170.58);
-- ------- SAMPLE 1063 ----------
INSERT INTO GUEST VALUES(2063,'Shonda','Schult','SSchult@gmail.com','1234 DaWrong Lane','Flonkerton','MD','12345','384-406-5173');
INSERT INTO RESERVATION VALUES ('20190918QS3299455350423',2063,103,'QS','2019-09-18','2019-09-23',null,'complete');
INSERT INTO INVOICECHARGE VALUES ('20190918QS3299455350423-ch00001','20190918QS3299455350423','2019-09-18',387.01,'Base room charge');
INSERT INTO INVOICECHARGE VALUES ('20190918QS3299455350423-ch00002','20190918QS3299455350423','2019-09-18',199.37,'Cleaning fee');
INSERT INTO PAYMENT VALUES ('20190918QS3299455350423-p00001','20190918QS3299455350423','2019-09-20','CC',586.38,'Shonda Schult','4188489816409425',9,2023,896,'Mastercard');
-- ------- SAMPLE 1064 ----------
INSERT INTO GUEST VALUES(2064,'Rickie','Redfern','RRedfern@yahoo.com','1234 DaWrong Lane','Flonkerton','MD','12345','858-577-1384');
INSERT INTO RESERVATION VALUES ('20180620KJ6151160299719',2064,119,'KJ','2018-06-20','2018-06-25',null,'complete');
INSERT INTO INVOICECHARGE VALUES ('20180620KJ6151160299719-ch00001','20180620KJ6151160299719','2018-06-20',693.01,'Base room charge');
INSERT INTO PAYMENT VALUES ('20180620KJ6151160299719-p00001','20180620KJ6151160299719','2018-06-22','CC',693.01,'Rickie Redfern','6701889550004296',10,2027,332,'Mastercard');
-- ------- SAMPLE 1065 ----------
INSERT INTO GUEST VALUES(2065,'Ginger','Gordillo','GGordillo@gmail.com','1234 DaWrong Lane','Flonkerton','MD','12345','344-058-5399');
INSERT INTO RESERVATION VALUES ('20181115QS5392534181354',2065,108,'QS','2018-11-15','2018-11-18',null,'complete');
INSERT INTO INVOICECHARGE VALUES ('20181115QS5392534181354-ch00001','20181115QS5392534181354','2018-11-15',232.21,'Base room charge');
INSERT INTO INVOICECHARGE VALUES ('20181115QS5392534181354-ch00002','20181115QS5392534181354','2018-11-15',119.62,'Room Service');
INSERT INTO PAYMENT (payment_id,invoice_id,payment_date,payment_type,payment_amount) VALUES ('20181115QS5392534181354-p00001','20181115QS5392534181354','2018-11-17','CA',351.83);
-- ------- SAMPLE 1066 ----------
INSERT INTO GUEST VALUES(2066,'Sherrie','Stultz','SStultz@gmail.com','1234 DaWrong Lane','Flonkerton','MD','12345','247-631-3527');
INSERT INTO RESERVATION VALUES ('20201228KJ1321564103201',2066,null,'KJ','2020-12-28','2021-01-02',null,'active');
INSERT INTO INVOICECHARGE VALUES ('20201228KJ1321564103201-ch00001','20201228KJ1321564103201','2020-12-28',457.39,'Base room charge');
INSERT INTO INVOICECHARGE VALUES ('20201228KJ1321564103201-ch00002','20201228KJ1321564103201','2020-12-28',235.62,'Cleaning fee');
INSERT INTO PAYMENT (payment_id,invoice_id,payment_date,payment_type,payment_amount) VALUES ('20201228KJ1321564103201-p00001','20201228KJ1321564103201','2020-12-30','CA',693.01);
-- ------- SAMPLE 1067 ----------
INSERT INTO GUEST VALUES(2067,'Leighann','Leith','LLeith@hotmail.com','1234 DaWrong Lane','Flonkerton','MD','12345','891-070-4289');
INSERT INTO RESERVATION VALUES ('20191212KS9335955989523',2067,206,'KS','2019-12-12','2019-12-15',null,'complete');
INSERT INTO INVOICECHARGE VALUES ('20191212KS9335955989523-ch00001','20191212KS9335955989523','2019-12-12',319.84,'Base room charge');
INSERT INTO PAYMENT VALUES ('20191212KS9335955989523-p00001','20191212KS9335955989523','2019-12-14','CC',319.84,'Leighann Leith','9835800933968631',4,2024,532,'Mastercard');
-- ------- SAMPLE 1068 ----------
INSERT INTO GUEST VALUES(2068,'Floy','Feinstein','FFeinstein@hotmail.com','1234 DaWrong Lane','Flonkerton','MD','12345','015-257-1457');
INSERT INTO RESERVATION VALUES ('20191201KS7564458701023',2068,206,'KS','2019-12-01','2019-12-06',null,'complete');
INSERT INTO INVOICECHARGE VALUES ('20191201KS7564458701023-ch00001','20191201KS7564458701023','2019-12-01',351.83,'Base room charge');
INSERT INTO INVOICECHARGE VALUES ('20191201KS7564458701023-ch00002','20191201KS7564458701023','2019-12-01',181.24,'Cleaning fee');
INSERT INTO PAYMENT VALUES ('20191201KS7564458701023-p00001','20191201KS7564458701023','2019-12-03','CC',533.07,'Floy Feinstein','2934068877456273',10,2021,601,'Mastercard');
-- ------- SAMPLE 1069 ----------
INSERT INTO GUEST VALUES(2069,'Lillia','Linen','LLinen@gmail.com','1234 DaWrong Lane','Flonkerton','MD','12345','839-287-0827');
INSERT INTO RESERVATION VALUES ('20190618KI3642607524754',2069,110,'KI','2019-06-18','2019-06-22',null,'complete');
INSERT INTO INVOICECHARGE VALUES ('20190618KI3642607524754-ch00001','20190618KI3642607524754','2019-06-18',225.17,'Base room charge');
INSERT INTO INVOICECHARGE VALUES ('20190618KI3642607524754-ch00002','20190618KI3642607524754','2019-06-18',115.99,'Cleaning fee');
INSERT INTO PAYMENT (payment_id,invoice_id,payment_date,payment_type,payment_amount) VALUES ('20190618KI3642607524754-p00001','20190618KI3642607524754','2019-06-20','CA',341.16);
-- ------- SAMPLE 1070 ----------
INSERT INTO GUEST VALUES(2070,'Gwyneth','Gamber','GGamber@hotmail.com','1234 DaWrong Lane','Flonkerton','MD','12345','077-230-5131');
INSERT INTO RESERVATION VALUES ('20180608KI5803001513121',2070,120,'KI','2018-06-08','2018-06-11',null,'complete');
INSERT INTO INVOICECHARGE VALUES ('20180608KI5803001513121-ch00001','20180608KI5803001513121','2018-06-08',255.87,'Base room charge');
INSERT INTO PAYMENT VALUES ('20180608KI5803001513121-p00001','20180608KI5803001513121','2018-06-10','CC',255.87,'Gwyneth Gamber','4129711527704365',10,2022,496,'Mastercard');
-- ------- SAMPLE 1071 ----------
INSERT INTO GUEST VALUES(2071,'Kandra','Kelty','KKelty@gmail.com','1234 DaWrong Lane','Flonkerton','MD','12345','783-196-6151');
INSERT INTO RESERVATION VALUES ('20180517KS8150677728031',2071,206,'KS','2018-05-17','2018-05-19',null,'complete');
INSERT INTO INVOICECHARGE VALUES ('20180517KS8150677728031-ch00001','20180517KS8150677728031','2018-05-17',140.73,'Base room charge');
INSERT INTO INVOICECHARGE VALUES ('20180517KS8150677728031-ch00002','20180517KS8150677728031','2018-05-17',72.5,'Room Service');
INSERT INTO PAYMENT VALUES ('20180517KS8150677728031-p00001','20180517KS8150677728031','2018-05-19','CC',213.23,'Kandra Kelty','9216360215128063',4,2027,217,'Mastercard');
-- ------- SAMPLE 1072 ----------
INSERT INTO GUEST VALUES(2072,'Hanna','Hastie','HHastie@yahoo.com','1234 DaWrong Lane','Flonkerton','MD','12345','241-966-8579');
INSERT INTO RESERVATION VALUES ('20190423KS3279662007202',2072,102,'KS','2019-04-23','2019-04-24',null,'complete');
INSERT INTO INVOICECHARGE VALUES ('20190423KS3279662007202-ch00001','20190423KS3279662007202','2019-04-23',106.61,'Base room charge');
INSERT INTO PAYMENT (payment_id,invoice_id,payment_date,payment_type,payment_amount) VALUES ('20190423KS3279662007202-p00001','20190423KS3279662007202','2019-04-25','CA',106.61);
-- ------- SAMPLE 1073 ----------
INSERT INTO GUEST VALUES(2073,'Shaneka','Stribling','SStribling@yahoo.com','1234 DaWrong Lane','Flonkerton','MD','12345','429-855-0768');
INSERT INTO RESERVATION VALUES ('20190915QD5630231228930',2073,111,'QD','2019-09-15','2019-09-18',null,'complete');
INSERT INTO INVOICECHARGE VALUES ('20190915QD5630231228930-ch00001','20190915QD5630231228930','2019-09-15',189.99,'Base room charge');
INSERT INTO INVOICECHARGE VALUES ('20190915QD5630231228930-ch00002','20190915QD5630231228930','2019-09-15',97.87,'Cleaning fee');
INSERT INTO PAYMENT VALUES ('20190915QD5630231228930-p00001','20190915QD5630231228930','2019-09-17','CC',287.86,'Shaneka Stribling','9169220387168086',1,2024,160,'Mastercard');
-- ------- SAMPLE 1074 ----------
INSERT INTO GUEST VALUES(2074,'Major','Meng','MMeng@hotmail.com','1234 DaWrong Lane','Flonkerton','MD','12345','539-097-9235');
INSERT INTO RESERVATION VALUES ('20200404QD9650106697603',2074,200,'QD','2020-04-04','2020-04-05',null,'complete');
INSERT INTO INVOICECHARGE VALUES ('20200404QD9650106697603-ch00001','20200404QD9650106697603','2020-04-04',95.95,'Base room charge');
INSERT INTO PAYMENT VALUES ('20200404QD9650106697603-p00001','20200404QD9650106697603','2020-04-06','CC',95.95,'Major Meng','5369376442284948',9,2022,759,'Mastercard');
-- ------- SAMPLE 1075 ----------
INSERT INTO GUEST VALUES(2075,'Rick','Ritenour','RRitenour@gmail.com','1234 DaWrong Lane','Flonkerton','MD','12345','646-402-1262');
INSERT INTO RESERVATION VALUES ('20200115KJ8164648836138',2075,208,'KJ','2020-01-15','2020-01-18',null,'complete');
INSERT INTO INVOICECHARGE VALUES ('20200115KJ8164648836138-ch00001','20200115KJ8164648836138','2020-01-15',274.43,'Base room charge');
INSERT INTO INVOICECHARGE VALUES ('20200115KJ8164648836138-ch00002','20200115KJ8164648836138','2020-01-15',141.38,'Room Service');
INSERT INTO PAYMENT (payment_id,invoice_id,payment_date,payment_type,payment_amount) VALUES ('20200115KJ8164648836138-p00001','20200115KJ8164648836138','2020-01-17','CA',415.81);
-- ------- SAMPLE 1076 ----------
INSERT INTO GUEST VALUES(2076,'Delora','Delph','DDelph@hotmail.com','1234 DaWrong Lane','Flonkerton','MD','12345','293-614-6493');
INSERT INTO RESERVATION VALUES ('20210331QD2116800135312',2076,null,'QD','2021-03-31','2021-04-04',null,'active');
-- ------- SAMPLE 1077 ----------
INSERT INTO GUEST VALUES(2077,'Sherryl','Shurtleff','SShurtleff@hotmail.com','1234 DaWrong Lane','Flonkerton','MD','12345','395-226-5471');
INSERT INTO RESERVATION VALUES ('20200324KS3083816334503',2077,117,'KS','2020-03-24','2020-03-29',null,'complete');
INSERT INTO INVOICECHARGE VALUES ('20200324KS3083816334503-ch00001','20200324KS3083816334503','2020-03-24',533.07,'Base room charge');
INSERT INTO PAYMENT (payment_id,invoice_id,payment_date,payment_type,payment_amount) VALUES ('20200324KS3083816334503-p00001','20200324KS3083816334503','2020-03-26','CA',533.07);
-- ------- SAMPLE 1078 ----------
INSERT INTO GUEST VALUES(2078,'Yuette','Yetman','YYetman@yahoo.com','1234 DaWrong Lane','Flonkerton','MD','12345','044-233-5886');
INSERT INTO RESERVATION VALUES ('20190927KS8478157506770',2078,112,'KS','2019-09-27','2019-09-28',null,'complete');
INSERT INTO INVOICECHARGE VALUES ('20190927KS8478157506770-ch00001','20190927KS8478157506770','2019-09-27',70.36,'Base room charge');
INSERT INTO INVOICECHARGE VALUES ('20190927KS8478157506770-ch00002','20190927KS8478157506770','2019-09-27',36.25,'Room Service');
INSERT INTO PAYMENT VALUES ('20190927KS8478157506770-p00001','20190927KS8478157506770','2019-09-29','CC',106.61,'Yuette Yetman','1582301666425091',6,2026,749,'Mastercard');
-- ------- SAMPLE 1079 ----------
INSERT INTO GUEST VALUES(2079,'Irma','Irby','IIrby@gmail.com','1234 DaWrong Lane','Flonkerton','MD','12345','668-415-1309');
INSERT INTO RESERVATION VALUES ('20190419KI3693393664372',2079,120,'KI','2019-04-19','2019-04-20',null,'complete');
INSERT INTO INVOICECHARGE VALUES ('20190419KI3693393664372-ch00001','20190419KI3693393664372','2019-04-19',56.29,'Base room charge');
INSERT INTO INVOICECHARGE VALUES ('20190419KI3693393664372-ch00002','20190419KI3693393664372','2019-04-19',29,'Cleaning fee');
INSERT INTO PAYMENT VALUES ('20190419KI3693393664372-p00001','20190419KI3693393664372','2019-04-21','CC',85.29,'Irma Irby','1614339853281893',11,2023,155,'Mastercard');
-- ------- SAMPLE 1080 ----------
INSERT INTO GUEST VALUES(2080,'Jenna','Jesse','JJesse@gmail.com','1234 DaWrong Lane','Flonkerton','MD','12345','253-594-2701');
INSERT INTO RESERVATION VALUES ('20210421QS7895666044971',2080,null,'QS','2021-04-21','2021-04-22',null,'active');
INSERT INTO INVOICECHARGE VALUES ('20210421QS7895666044971-ch00001','20210421QS7895666044971','2021-04-21',117.28,'Base room charge');
INSERT INTO PAYMENT VALUES ('20210421QS7895666044971-p00001','20210421QS7895666044971','2021-04-23','CC',117.28,'Jenna Jesse','2396450900773792',7,2025,617,'Mastercard');
-- ------- SAMPLE 1081 ----------
INSERT INTO GUEST VALUES(2081,'Abdul','Ashe','AAshe@yahoo.com','1234 DaWrong Lane','Flonkerton','MD','12345','548-113-9963');
INSERT INTO RESERVATION VALUES ('20190119KS7917384093695',2081,107,'KS','2019-01-19','2019-01-23',null,'complete');
INSERT INTO INVOICECHARGE VALUES ('20190119KS7917384093695-ch00001','20190119KS7917384093695','2019-01-19',426.46,'Base room charge');
INSERT INTO PAYMENT VALUES ('20190119KS7917384093695-p00001','20190119KS7917384093695','2019-01-21','CC',426.46,'Abdul Ashe','9965457635838620',3,2026,310,'Mastercard');
-- ------- SAMPLE 1082 ----------
INSERT INTO GUEST VALUES(2082,'Stacie','Schupp','SSchupp@yahoo.com','1234 DaWrong Lane','Flonkerton','MD','12345','897-989-2842');
INSERT INTO RESERVATION VALUES ('20180831KJ6599192948111',2082,203,'KJ','2018-08-31','2018-09-05',null,'complete');
INSERT INTO INVOICECHARGE VALUES ('20180831KJ6599192948111-ch00001','20180831KJ6599192948111','2018-08-31',457.39,'Base room charge');
INSERT INTO INVOICECHARGE VALUES ('20180831KJ6599192948111-ch00002','20180831KJ6599192948111','2018-08-31',235.62,'Room Service');
INSERT INTO PAYMENT (payment_id,invoice_id,payment_date,payment_type,payment_amount) VALUES ('20180831KJ6599192948111-p00001','20180831KJ6599192948111','2018-09-02','CA',693.01);
-- ------- SAMPLE 1083 ----------
INSERT INTO GUEST VALUES(2083,'Irma','Irby','IIrby@hotmail.com','1234 DaWrong Lane','Flonkerton','MD','12345','394-764-0217');
INSERT INTO RESERVATION VALUES ('20190106QS7698638236062',2083,103,'QS','2019-01-06','2019-01-09',null,'complete');
INSERT INTO INVOICECHARGE VALUES ('20190106QS7698638236062-ch00001','20190106QS7698638236062','2019-01-06',232.21,'Base room charge');
INSERT INTO INVOICECHARGE VALUES ('20190106QS7698638236062-ch00002','20190106QS7698638236062','2019-01-06',119.62,'Cleaning fee');
INSERT INTO PAYMENT (payment_id,invoice_id,payment_date,payment_type,payment_amount) VALUES ('20190106QS7698638236062-p00001','20190106QS7698638236062','2019-01-08','CA',351.83);
-- ------- SAMPLE 1084 ----------
INSERT INTO GUEST VALUES(2084,'Shawna','Schmit','SSchmit@gmail.com','1234 DaWrong Lane','Flonkerton','MD','12345','043-980-5457');
INSERT INTO RESERVATION VALUES ('20200130KI8884000292761',2084,120,'KI','2020-01-30','2020-02-02',null,'complete');
INSERT INTO INVOICECHARGE VALUES ('20200130KI8884000292761-ch00001','20200130KI8884000292761','2020-01-30',255.87,'Base room charge');
INSERT INTO PAYMENT VALUES ('20200130KI8884000292761-p00001','20200130KI8884000292761','2020-02-01','CC',255.87,'Shawna Schmit','8251459486768628',5,2022,576,'Mastercard');
-- ------- SAMPLE 1085 ----------
INSERT INTO GUEST VALUES(2085,'Lucius','Liles','LLiles@yahoo.com','1234 DaWrong Lane','Flonkerton','MD','12345','283-764-6510');
INSERT INTO RESERVATION VALUES ('20210414QS3745132397213',2085,null,'QS','2021-04-14','2021-04-16',null,'active');
INSERT INTO INVOICECHARGE VALUES ('20210414QS3745132397213-ch00001','20210414QS3745132397213','2021-04-14',154.8,'Base room charge');
INSERT INTO INVOICECHARGE VALUES ('20210414QS3745132397213-ch00002','20210414QS3745132397213','2021-04-14',79.75,'Room Service');
INSERT INTO PAYMENT VALUES ('20210414QS3745132397213-p00001','20210414QS3745132397213','2021-04-16','CC',186,'Lucius Liles','6661876019477458',4,2023,989,'Mastercard');
-- ------- SAMPLE 1086 ----------
INSERT INTO GUEST VALUES(2086,'Louisa','Laroque','LLaroque@gmail.com','1234 DaWrong Lane','Flonkerton','MD','12345','958-142-2887');
INSERT INTO RESERVATION VALUES ('20201009KJ5550181550038',2086,null,'KJ','2020-10-09','2020-10-10',null,'active');
INSERT INTO INVOICECHARGE VALUES ('20201009KJ5550181550038-ch00001','20201009KJ5550181550038','2020-10-09',138.6,'Base room charge');
INSERT INTO PAYMENT VALUES ('20201009KJ5550181550038-p00001','20201009KJ5550181550038','2020-10-11','CC',74,'Louisa Laroque','8961368146147882',3,2021,162,'Mastercard');
-- ------- SAMPLE 1087 ----------
INSERT INTO GUEST VALUES(2087,'Aretha','Acy','AAcy@hotmail.com','1234 DaWrong Lane','Flonkerton','MD','12345','203-673-9307');
INSERT INTO RESERVATION VALUES ('20200802KI6626175488983',2087,null,'KI','2020-08-02','2020-08-03',null,'active');
INSERT INTO INVOICECHARGE VALUES ('20200802KI6626175488983-ch00001','20200802KI6626175488983','2020-08-02',85.29,'Base room charge');
INSERT INTO PAYMENT VALUES ('20200802KI6626175488983-p00001','20200802KI6626175488983','2020-08-04','CC',55,'Aretha Acy','7302836785825939',12,2027,860,'Mastercard');
-- ------- SAMPLE 1088 ----------
INSERT INTO GUEST VALUES(2088,'Buffy','Beattie','BBeattie@hotmail.com','1234 DaWrong Lane','Flonkerton','MD','12345','545-900-2313');
INSERT INTO RESERVATION VALUES ('20210306QS4161286649100',2088,null,'QS','2021-03-06','2021-03-10',null,'active');
INSERT INTO INVOICECHARGE VALUES ('20210306QS4161286649100-ch00001','20210306QS4161286649100','2021-03-06',309.61,'Base room charge');
INSERT INTO INVOICECHARGE VALUES ('20210306QS4161286649100-ch00002','20210306QS4161286649100','2021-03-06',159.5,'Room Service');
INSERT INTO PAYMENT (payment_id,invoice_id,payment_date,payment_type,payment_amount) VALUES ('20210306QS4161286649100-p00001','20210306QS4161286649100','2021-03-08','CA',469.11);
-- ------- SAMPLE 1089 ----------
INSERT INTO GUEST VALUES(2089,'Claribel','Catanzaro','CCatanzaro@yahoo.com','1234 DaWrong Lane','Flonkerton','MD','12345','715-204-7276');
INSERT INTO RESERVATION VALUES ('20190618QS5605537002433',2089,118,'QS','2019-06-18','2019-06-23',null,'complete');
INSERT INTO INVOICECHARGE VALUES ('20190618QS5605537002433-ch00001','20190618QS5605537002433','2019-06-18',387.01,'Base room charge');
INSERT INTO INVOICECHARGE VALUES ('20190618QS5605537002433-ch00002','20190618QS5605537002433','2019-06-18',199.37,'Cleaning fee');
INSERT INTO PAYMENT VALUES ('20190618QS5605537002433-p00001','20190618QS5605537002433','2019-06-20','CC',586.38,'Claribel Catanzaro','5101810818909688',7,2023,326,'Mastercard');
-- ------- SAMPLE 1090 ----------
INSERT INTO GUEST VALUES(2090,'Romaine','Reck','RReck@hotmail.com','1234 DaWrong Lane','Flonkerton','MD','12345','957-246-4177');
INSERT INTO RESERVATION VALUES ('20200913QD8532095091502',2090,null,'QD','2020-09-13','2020-09-14',null,'active');
INSERT INTO INVOICECHARGE VALUES ('20200913QD8532095091502-ch00001','20200913QD8532095091502','2020-09-13',63.33,'Base room charge');
INSERT INTO INVOICECHARGE VALUES ('20200913QD8532095091502-ch00002','20200913QD8532095091502','2020-09-13',32.62,'Room Service');
INSERT INTO PAYMENT (payment_id,invoice_id,payment_date,payment_type,payment_amount) VALUES ('20200913QD8532095091502-p00001','20200913QD8532095091502','2020-09-15','CA',76);
-- ------- SAMPLE 1091 ----------
INSERT INTO GUEST VALUES(2091,'Laraine','Lazar','LLazar@gmail.com','1234 DaWrong Lane','Flonkerton','MD','12345','129-464-9319');
INSERT INTO RESERVATION VALUES ('20200209QD2219819448782',2091,111,'QD','2020-02-09','2020-02-11',null,'complete');
INSERT INTO INVOICECHARGE VALUES ('20200209QD2219819448782-ch00001','20200209QD2219819448782','2020-02-09',126.65,'Base room charge');
INSERT INTO INVOICECHARGE VALUES ('20200209QD2219819448782-ch00002','20200209QD2219819448782','2020-02-09',65.25,'Room Service');
INSERT INTO PAYMENT (payment_id,invoice_id,payment_date,payment_type,payment_amount) VALUES ('20200209QD2219819448782-p00001','20200209QD2219819448782','2020-02-11','CA',191.9);
-- ------- SAMPLE 1092 ----------
INSERT INTO GUEST VALUES(2092,'Freida','Forbis','FForbis@gmail.com','1234 DaWrong Lane','Flonkerton','MD','12345','963-481-0754');
INSERT INTO RESERVATION VALUES ('20210406KI5117258132860',2092,null,'KI','2021-04-06','2021-04-09',null,'cancelled');
-- ------- SAMPLE 1093 ----------
INSERT INTO GUEST VALUES(2093,'Marylynn','Musson','MMusson@hotmail.com','1234 DaWrong Lane','Flonkerton','MD','12345','421-433-7292');
INSERT INTO RESERVATION VALUES ('20180727QS7658328465349',2093,103,'QS','2018-07-27','2018-07-29',null,'complete');
INSERT INTO INVOICECHARGE VALUES ('20180727QS7658328465349-ch00001','20180727QS7658328465349','2018-07-27',234.55,'Base room charge');
INSERT INTO PAYMENT VALUES ('20180727QS7658328465349-p00001','20180727QS7658328465349','2018-07-29','CC',234.55,'Marylynn Musson','9577129102627849',5,2021,509,'Mastercard');
-- ------- SAMPLE 1094 ----------
INSERT INTO GUEST VALUES(2094,'Darrin','Drum','DDrum@gmail.com','1234 DaWrong Lane','Flonkerton','MD','12345','135-739-6745');
INSERT INTO RESERVATION VALUES ('20191124KI9355225844629',2094,115,'KI','2019-11-24','2019-11-27',null,'complete');
INSERT INTO INVOICECHARGE VALUES ('20191124KI9355225844629-ch00001','20191124KI9355225844629','2019-11-24',255.87,'Base room charge');
INSERT INTO PAYMENT (payment_id,invoice_id,payment_date,payment_type,payment_amount) VALUES ('20191124KI9355225844629-p00001','20191124KI9355225844629','2019-11-26','CA',255.87);
-- ------- SAMPLE 1095 ----------
INSERT INTO GUEST VALUES(2095,'Daron','Dycus','DDycus@yahoo.com','1234 DaWrong Lane','Flonkerton','MD','12345','095-848-7621');
INSERT INTO RESERVATION VALUES ('20190804KI4863506576677',2095,120,'KI','2019-08-04','2019-08-09',null,'cancelled');
INSERT INTO INVOICECHARGE VALUES ('20190804KI4863506576677-ch00001','20190804KI4863506576677','2019-08-04',281.46,'Base room charge');
INSERT INTO INVOICECHARGE VALUES ('20190804KI4863506576677-ch00002','20190804KI4863506576677','2019-08-04',144.99,'Room Service');
INSERT INTO PAYMENT VALUES ('20190804KI4863506576677-p00001','20190804KI4863506576677','2019-08-06','CC',426.45,'Daron Dycus','7459562467826470',3,2021,953,'Mastercard');
-- ------- SAMPLE 1096 ----------
INSERT INTO GUEST VALUES(2096,'Gwyneth','Gamber','GGamber@hotmail.com','1234 DaWrong Lane','Flonkerton','MD','12345','522-949-1452');
INSERT INTO RESERVATION VALUES ('20200507KS4691448597926',2096,null,'KS','2020-05-07','2020-05-11',null,'active');
INSERT INTO INVOICECHARGE VALUES ('20200507KS4691448597926-ch00001','20200507KS4691448597926','2020-05-07',426.46,'Base room charge');
INSERT INTO PAYMENT (payment_id,invoice_id,payment_date,payment_type,payment_amount) VALUES ('20200507KS4691448597926-p00001','20200507KS4691448597926','2020-05-09','CA',16);
-- ------- SAMPLE 1097 ----------
INSERT INTO GUEST VALUES(2097,'Daron','Dycus','DDycus@hotmail.com','1234 DaWrong Lane','Flonkerton','MD','12345','820-068-6101');
INSERT INTO RESERVATION VALUES ('20201117KJ2630880460352',2097,null,'KJ','2020-11-17','2020-11-21',null,'active');
INSERT INTO INVOICECHARGE VALUES ('20201117KJ2630880460352-ch00001','20201117KJ2630880460352','2020-11-17',554.41,'Base room charge');
INSERT INTO PAYMENT VALUES ('20201117KJ2630880460352-p00001','20201117KJ2630880460352','2020-11-19','CC',554.41,'Daron Dycus','6330858163676141',4,2025,91,'Mastercard');
-- ------- SAMPLE 1098 ----------
INSERT INTO GUEST VALUES(2098,'Heather','Hartin','HHartin@hotmail.com','1234 DaWrong Lane','Flonkerton','MD','12345','217-976-0348');
INSERT INTO RESERVATION VALUES ('20200917QS2175042380195',2098,null,'QS','2020-09-17','2020-09-19',null,'active');
INSERT INTO INVOICECHARGE VALUES ('20200917QS2175042380195-ch00001','20200917QS2175042380195','2020-09-17',154.8,'Base room charge');
INSERT INTO INVOICECHARGE VALUES ('20200917QS2175042380195-ch00002','20200917QS2175042380195','2020-09-17',79.75,'Cleaning fee');
INSERT INTO PAYMENT (payment_id,invoice_id,payment_date,payment_type,payment_amount) VALUES ('20200917QS2175042380195-p00001','20200917QS2175042380195','2020-09-19','CA',234.55);
-- ------- SAMPLE 1099 ----------
INSERT INTO GUEST VALUES(2099,'Erminia','Eckard','EEckard@gmail.com','1234 DaWrong Lane','Flonkerton','MD','12345','200-297-3291');
INSERT INTO RESERVATION VALUES ('20181117QD3302026317688',2099,205,'QD','2018-11-17','2018-11-20',null,'complete');
INSERT INTO INVOICECHARGE VALUES ('20181117QD3302026317688-ch00001','20181117QD3302026317688','2018-11-17',189.99,'Base room charge');
INSERT INTO INVOICECHARGE VALUES ('20181117QD3302026317688-ch00002','20181117QD3302026317688','2018-11-17',97.87,'Cleaning fee');
INSERT INTO PAYMENT VALUES ('20181117QD3302026317688-p00001','20181117QD3302026317688','2018-11-19','CC',287.86,'Erminia Eckard','5445009705860490',7,2027,746,'Mastercard');
-- ------- SAMPLE 1100 ----------
INSERT INTO GUEST VALUES(2100,'James','Janey','JJaney@hotmail.com','1234 DaWrong Lane','Flonkerton','MD','12345','345-720-5540');
INSERT INTO RESERVATION VALUES ('20191022KJ5848749965191',2100,109,'KJ','2019-10-22','2019-10-24',null,'complete');
INSERT INTO INVOICECHARGE VALUES ('20191022KJ5848749965191-ch00001','20191022KJ5848749965191','2019-10-22',277.2,'Base room charge');
INSERT INTO PAYMENT VALUES ('20191022KJ5848749965191-p00001','20191022KJ5848749965191','2019-10-24','CC',277.2,'James Janey','4811500018600499',2,2024,105,'Mastercard');
-- ------- SAMPLE 1101 ----------
INSERT INTO GUEST VALUES(2101,'Hanna','Hastie','HHastie@hotmail.com','1234 DaWrong Lane','Flonkerton','MD','12345','867-069-6205');
INSERT INTO RESERVATION VALUES ('20190904KI8915870105685',2101,120,'KI','2019-09-04','2019-09-09',null,'complete');
INSERT INTO INVOICECHARGE VALUES ('20190904KI8915870105685-ch00001','20190904KI8915870105685','2019-09-04',281.46,'Base room charge');
INSERT INTO INVOICECHARGE VALUES ('20190904KI8915870105685-ch00002','20190904KI8915870105685','2019-09-04',144.99,'Cleaning fee');
INSERT INTO PAYMENT VALUES ('20190904KI8915870105685-p00001','20190904KI8915870105685','2019-09-06','CC',426.45,'Hanna Hastie','8155476611198851',12,2023,403,'Mastercard');
-- ------- SAMPLE 1102 ----------
INSERT INTO GUEST VALUES(2102,'Katerine','Kawakami','KKawakami@yahoo.com','1234 DaWrong Lane','Flonkerton','MD','12345','164-772-2265');
INSERT INTO RESERVATION VALUES ('20210103KS8420073838314',2102,null,'KS','2021-01-03','2021-01-08',null,'active');
INSERT INTO INVOICECHARGE VALUES ('20210103KS8420073838314-ch00001','20210103KS8420073838314','2021-01-03',533.07,'Base room charge');
INSERT INTO PAYMENT VALUES ('20210103KS8420073838314-p00001','20210103KS8420073838314','2021-01-05','CC',533.07,'Katerine Kawakami','5560611127244641',10,2023,456,'Mastercard');
-- ------- SAMPLE 1103 ----------
INSERT INTO GUEST VALUES(2103,'Shad','Sitler','SSitler@yahoo.com','1234 DaWrong Lane','Flonkerton','MD','12345','982-757-7631');
INSERT INTO RESERVATION VALUES ('20181103KI2450821137692',2103,110,'KI','2018-11-03','2018-11-04',null,'complete');
INSERT INTO INVOICECHARGE VALUES ('20181103KI2450821137692-ch00001','20181103KI2450821137692','2018-11-03',56.29,'Base room charge');
INSERT INTO INVOICECHARGE VALUES ('20181103KI2450821137692-ch00002','20181103KI2450821137692','2018-11-03',29,'Room Service');
INSERT INTO PAYMENT VALUES ('20181103KI2450821137692-p00001','20181103KI2450821137692','2018-11-05','CC',85.29,'Shad Sitler','9500468079635905',10,2025,189,'Mastercard');
-- ------- SAMPLE 1104 ----------
INSERT INTO GUEST VALUES(2104,'Heather','Hartin','HHartin@gmail.com','1234 DaWrong Lane','Flonkerton','MD','12345','162-443-6505');
INSERT INTO RESERVATION VALUES ('20190930QD8456688461765',2104,106,'QD','2019-09-30','2019-10-03',null,'complete');
INSERT INTO INVOICECHARGE VALUES ('20190930QD8456688461765-ch00001','20190930QD8456688461765','2019-09-30',287.86,'Base room charge');
INSERT INTO PAYMENT VALUES ('20190930QD8456688461765-p00001','20190930QD8456688461765','2019-10-02','CC',287.86,'Heather Hartin','6070625870555097',2,2022,703,'Mastercard');
-- ------- SAMPLE 1105 ----------
INSERT INTO GUEST VALUES(2105,'Collin','Chaparro','CChaparro@yahoo.com','1234 DaWrong Lane','Flonkerton','MD','12345','652-380-0299');
INSERT INTO RESERVATION VALUES ('20181113KJ4204917143476',2105,208,'KJ','2018-11-13','2018-11-15',null,'complete');
INSERT INTO INVOICECHARGE VALUES ('20181113KJ4204917143476-ch00001','20181113KJ4204917143476','2018-11-13',277.2,'Base room charge');
INSERT INTO PAYMENT VALUES ('20181113KJ4204917143476-p00001','20181113KJ4204917143476','2018-11-15','CC',277.2,'Collin Chaparro','8930957074264030',4,2021,547,'Mastercard');
-- ------- SAMPLE 1106 ----------
INSERT INTO GUEST VALUES(2106,'Lynda','Linda','LLinda@yahoo.com','1234 DaWrong Lane','Flonkerton','MD','12345','619-687-7470');
INSERT INTO RESERVATION VALUES ('20190820KS5625939184452',2106,112,'KS','2019-08-20','2019-08-22',null,'complete');
INSERT INTO INVOICECHARGE VALUES ('20190820KS5625939184452-ch00001','20190820KS5625939184452','2019-08-20',140.73,'Base room charge');
INSERT INTO INVOICECHARGE VALUES ('20190820KS5625939184452-ch00002','20190820KS5625939184452','2019-08-20',72.5,'Room Service');
INSERT INTO PAYMENT VALUES ('20190820KS5625939184452-p00001','20190820KS5625939184452','2019-08-22','CC',213.23,'Lynda Linda','5878289091144955',1,2023,776,'Mastercard');
-- ------- SAMPLE 1107 ----------
INSERT INTO GUEST VALUES(2107,'Deangelo','Deloera','DDeloera@hotmail.com','1234 DaWrong Lane','Flonkerton','MD','12345','387-477-1816');
INSERT INTO RESERVATION VALUES ('20200712KI7858728361299',2107,null,'KI','2020-07-12','2020-07-13',null,'active');
INSERT INTO INVOICECHARGE VALUES ('20200712KI7858728361299-ch00001','20200712KI7858728361299','2020-07-12',85.29,'Base room charge');
INSERT INTO PAYMENT VALUES ('20200712KI7858728361299-p00001','20200712KI7858728361299','2020-07-14','CC',85.29,'Deangelo Deloera','3437565488113986',9,2025,139,'Mastercard');
-- ------- SAMPLE 1108 ----------
INSERT INTO GUEST VALUES(2108,'Darrin','Drum','DDrum@yahoo.com','1234 DaWrong Lane','Flonkerton','MD','12345','881-877-4522');
INSERT INTO RESERVATION VALUES ('20180527KJ2777976194680',2108,208,'KJ','2018-05-27','2018-05-30',null,'complete');
INSERT INTO INVOICECHARGE VALUES ('20180527KJ2777976194680-ch00001','20180527KJ2777976194680','2018-05-27',274.43,'Base room charge');
INSERT INTO INVOICECHARGE VALUES ('20180527KJ2777976194680-ch00002','20180527KJ2777976194680','2018-05-27',141.38,'Room Service');
INSERT INTO PAYMENT VALUES ('20180527KJ2777976194680-p00001','20180527KJ2777976194680','2018-05-29','CC',415.81,'Darrin Drum','4814194347200871',6,2023,252,'Mastercard');
-- ------- SAMPLE 1109 ----------
INSERT INTO GUEST VALUES(2109,'Fleta','Fickel','FFickel@hotmail.com','1234 DaWrong Lane','Flonkerton','MD','12345','810-675-8294');
INSERT INTO RESERVATION VALUES ('20201214KJ6334622178785',2109,null,'KJ','2020-12-14','2020-12-19',null,'active');
INSERT INTO INVOICECHARGE VALUES ('20201214KJ6334622178785-ch00001','20201214KJ6334622178785','2020-12-14',693.01,'Base room charge');
INSERT INTO PAYMENT VALUES ('20201214KJ6334622178785-p00001','20201214KJ6334622178785','2020-12-16','CC',693.01,'Fleta Fickel','1321636035879889',8,2027,836,'Mastercard');
-- ------- SAMPLE 1110 ----------
INSERT INTO GUEST VALUES(2110,'Tai','Tookes','TTookes@gmail.com','1234 DaWrong Lane','Flonkerton','MD','12345','921-827-3610');
INSERT INTO RESERVATION VALUES ('20180724KJ9104177265333',2110,109,'KJ','2018-07-24','2018-07-28',null,'complete');
INSERT INTO INVOICECHARGE VALUES ('20180724KJ9104177265333-ch00001','20180724KJ9104177265333','2018-07-24',365.91,'Base room charge');
INSERT INTO INVOICECHARGE VALUES ('20180724KJ9104177265333-ch00002','20180724KJ9104177265333','2018-07-24',188.5,'Cleaning fee');
INSERT INTO PAYMENT (payment_id,invoice_id,payment_date,payment_type,payment_amount) VALUES ('20180724KJ9104177265333-p00001','20180724KJ9104177265333','2018-07-26','CA',554.41);
-- ------- SAMPLE 1111 ----------
INSERT INTO GUEST VALUES(2111,'Romelia','Rigdon','RRigdon@gmail.com','1234 DaWrong Lane','Flonkerton','MD','12345','059-983-1853');
INSERT INTO RESERVATION VALUES ('20210301KJ8642837007202',2111,null,'KJ','2021-03-01','2021-03-04',null,'active');
INSERT INTO INVOICECHARGE VALUES ('20210301KJ8642837007202-ch00001','20210301KJ8642837007202','2021-03-01',274.43,'Base room charge');
INSERT INTO INVOICECHARGE VALUES ('20210301KJ8642837007202-ch00002','20210301KJ8642837007202','2021-03-01',141.38,'Cleaning fee');
INSERT INTO PAYMENT VALUES ('20210301KJ8642837007202-p00001','20210301KJ8642837007202','2021-03-03','CC',237,'Romelia Rigdon','1653260303942358',6,2026,404,'Mastercard');
-- ------- SAMPLE 1112 ----------
INSERT INTO GUEST VALUES(2112,'Hanna','Hastie','HHastie@yahoo.com','1234 DaWrong Lane','Flonkerton','MD','12345','856-641-1861');
INSERT INTO RESERVATION VALUES ('20190405KI9353643213603',2112,105,'KI','2019-04-05','2019-04-09',null,'complete');
INSERT INTO INVOICECHARGE VALUES ('20190405KI9353643213603-ch00001','20190405KI9353643213603','2019-04-05',341.16,'Base room charge');
INSERT INTO PAYMENT (payment_id,invoice_id,payment_date,payment_type,payment_amount) VALUES ('20190405KI9353643213603-p00001','20190405KI9353643213603','2019-04-07','CA',341.16);
-- ------- SAMPLE 1113 ----------
INSERT INTO GUEST VALUES(2113,'Tomika','Teran','TTeran@yahoo.com','1234 DaWrong Lane','Flonkerton','MD','12345','256-202-5923');
INSERT INTO RESERVATION VALUES ('20190217KI6623441412883',2113,120,'KI','2019-02-17','2019-02-19',null,'complete');
INSERT INTO INVOICECHARGE VALUES ('20190217KI6623441412883-ch00001','20190217KI6623441412883','2019-02-17',170.58,'Base room charge');
INSERT INTO PAYMENT VALUES ('20190217KI6623441412883-p00001','20190217KI6623441412883','2019-02-19','CC',170.58,'Tomika Teran','2612631186972334',9,2021,872,'Mastercard');
-- ------- SAMPLE 1114 ----------
INSERT INTO GUEST VALUES(2114,'Shera','Shorter','SShorter@gmail.com','1234 DaWrong Lane','Flonkerton','MD','12345','799-312-7500');
INSERT INTO RESERVATION VALUES ('20190211KJ3224191796196',2114,208,'KJ','2019-02-11','2019-02-14',null,'cancelled');
INSERT INTO INVOICECHARGE VALUES ('20190211KJ3224191796196-ch00001','20190211KJ3224191796196','2019-02-11',415.81,'Base room charge');
INSERT INTO PAYMENT VALUES ('20190211KJ3224191796196-p00001','20190211KJ3224191796196','2019-02-13','CC',415.81,'Shera Shorter','5981850479899095',3,2021,212,'Mastercard');
-- ------- SAMPLE 1115 ----------
INSERT INTO GUEST VALUES(2115,'Abel','Alire','AAlire@hotmail.com','1234 DaWrong Lane','Flonkerton','MD','12345','959-566-0996');
INSERT INTO RESERVATION VALUES ('20200510KS6409341704989',2115,null,'KS','2020-05-10','2020-05-13',null,'active');
INSERT INTO INVOICECHARGE VALUES ('20200510KS6409341704989-ch00001','20200510KS6409341704989','2020-05-10',319.84,'Base room charge');
INSERT INTO PAYMENT VALUES ('20200510KS6409341704989-p00001','20200510KS6409341704989','2020-05-12','CC',263,'Abel Alire','7265558871352278',11,2025,821,'Mastercard');
-- ------- SAMPLE 1116 ----------
INSERT INTO GUEST VALUES(2116,'Keturah','Kagawa','KKagawa@hotmail.com','1234 DaWrong Lane','Flonkerton','MD','12345','096-573-5513');
INSERT INTO RESERVATION VALUES ('20191201KI2670774528107',2116,115,'KI','2019-12-01','2019-12-06',null,'complete');
INSERT INTO INVOICECHARGE VALUES ('20191201KI2670774528107-ch00001','20191201KI2670774528107','2019-12-01',281.46,'Base room charge');
INSERT INTO INVOICECHARGE VALUES ('20191201KI2670774528107-ch00002','20191201KI2670774528107','2019-12-01',144.99,'Room Service');
INSERT INTO PAYMENT (payment_id,invoice_id,payment_date,payment_type,payment_amount) VALUES ('20191201KI2670774528107-p00001','20191201KI2670774528107','2019-12-03','CA',426.45);
-- ------- SAMPLE 1117 ----------
INSERT INTO GUEST VALUES(2117,'Raisa','Romito','RRomito@gmail.com','1234 DaWrong Lane','Flonkerton','MD','12345','527-848-3434');
INSERT INTO RESERVATION VALUES ('20200518KJ2776564548274',2117,null,'KJ','2020-05-18','2020-05-23',null,'active');
INSERT INTO INVOICECHARGE VALUES ('20200518KJ2776564548274-ch00001','20200518KJ2776564548274','2020-05-18',693.01,'Base room charge');
INSERT INTO PAYMENT VALUES ('20200518KJ2776564548274-p00001','20200518KJ2776564548274','2020-05-20','CC',693.01,'Raisa Romito','1270915786760048',11,2023,378,'Mastercard');
-- ------- SAMPLE 1118 ----------
INSERT INTO GUEST VALUES(2118,'Jenna','Jesse','JJesse@yahoo.com','1234 DaWrong Lane','Flonkerton','MD','12345','656-614-2098');
INSERT INTO RESERVATION VALUES ('20210428QS2400824967591',2118,null,'QS','2021-04-28','2021-05-02',null,'active');
INSERT INTO INVOICECHARGE VALUES ('20210428QS2400824967591-ch00001','20210428QS2400824967591','2021-04-28',309.61,'Base room charge');
INSERT INTO INVOICECHARGE VALUES ('20210428QS2400824967591-ch00002','20210428QS2400824967591','2021-04-28',159.5,'Room Service');
INSERT INTO PAYMENT VALUES ('20210428QS2400824967591-p00001','20210428QS2400824967591','2021-04-30','CC',469.11,'Jenna Jesse','7884676420188795',8,2027,932,'Mastercard');
-- ------- SAMPLE 1119 ----------
INSERT INTO GUEST VALUES(2119,'Tish','Tusing','TTusing@gmail.com','1234 DaWrong Lane','Flonkerton','MD','12345','785-009-1364');
INSERT INTO RESERVATION VALUES ('20190216KS9463511868987',2119,201,'KS','2019-02-16','2019-02-17',null,'cancelled');
INSERT INTO INVOICECHARGE VALUES ('20190216KS9463511868987-ch00001','20190216KS9463511868987','2019-02-16',70.36,'Base room charge');
INSERT INTO INVOICECHARGE VALUES ('20190216KS9463511868987-ch00002','20190216KS9463511868987','2019-02-16',36.25,'Room Service');
INSERT INTO PAYMENT VALUES ('20190216KS9463511868987-p00001','20190216KS9463511868987','2019-02-18','CC',106.61,'Tish Tusing','3745660520437219',9,2025,639,'Mastercard');
-- ------- SAMPLE 1120 ----------
INSERT INTO GUEST VALUES(2120,'Buford','Biddy','BBiddy@hotmail.com','1234 DaWrong Lane','Flonkerton','MD','12345','413-987-0996');
INSERT INTO RESERVATION VALUES ('20201130KI4206820171846',2120,null,'KI','2020-11-30','2020-12-03',null,'active');
INSERT INTO INVOICECHARGE VALUES ('20201130KI4206820171846-ch00001','20201130KI4206820171846','2020-11-30',255.87,'Base room charge');
INSERT INTO PAYMENT VALUES ('20201130KI4206820171846-p00001','20201130KI4206820171846','2020-12-02','CC',152,'Buford Biddy','9742056610542896',10,2024,709,'Mastercard');
-- ------- SAMPLE 1121 ----------
INSERT INTO GUEST VALUES(2121,'Shandi','Scharf','SScharf@yahoo.com','1234 DaWrong Lane','Flonkerton','MD','12345','938-928-2304');
INSERT INTO RESERVATION VALUES ('20200212QS9352049754493',2121,118,'QS','2020-02-12','2020-02-14',null,'complete');
INSERT INTO INVOICECHARGE VALUES ('20200212QS9352049754493-ch00001','20200212QS9352049754493','2020-02-12',234.55,'Base room charge');
INSERT INTO PAYMENT VALUES ('20200212QS9352049754493-p00001','20200212QS9352049754493','2020-02-14','CC',234.55,'Shandi Scharf','8257262772049728',12,2024,450,'Mastercard');
-- ------- SAMPLE 1122 ----------
INSERT INTO GUEST VALUES(2122,'Randal','Rohman','RRohman@yahoo.com','1234 DaWrong Lane','Flonkerton','MD','12345','824-030-6026');
INSERT INTO RESERVATION VALUES ('20210318KJ1772270336755',2122,null,'KJ','2021-03-18','2021-03-23',null,'active');
INSERT INTO INVOICECHARGE VALUES ('20210318KJ1772270336755-ch00001','20210318KJ1772270336755','2021-03-18',457.39,'Base room charge');
INSERT INTO INVOICECHARGE VALUES ('20210318KJ1772270336755-ch00002','20210318KJ1772270336755','2021-03-18',235.62,'Room Service');
INSERT INTO PAYMENT (payment_id,invoice_id,payment_date,payment_type,payment_amount) VALUES ('20210318KJ1772270336755-p00001','20210318KJ1772270336755','2021-03-20','CA',530);
-- ------- SAMPLE 1123 ----------
INSERT INTO GUEST VALUES(2123,'Jamey','Jen','JJen@hotmail.com','1234 DaWrong Lane','Flonkerton','MD','12345','006-161-7795');
INSERT INTO RESERVATION VALUES ('20200520KI6853303510707',2123,null,'KI','2020-05-20','2020-05-21',null,'active');
INSERT INTO INVOICECHARGE VALUES ('20200520KI6853303510707-ch00001','20200520KI6853303510707','2020-05-20',56.29,'Base room charge');
INSERT INTO INVOICECHARGE VALUES ('20200520KI6853303510707-ch00002','20200520KI6853303510707','2020-05-20',29,'Room Service');
INSERT INTO PAYMENT VALUES ('20200520KI6853303510707-p00001','20200520KI6853303510707','2020-05-22','CC',70,'Jamey Jen','5206049213689924',3,2024,967,'Mastercard');
-- ------- SAMPLE 1124 ----------
INSERT INTO GUEST VALUES(2124,'Florentino','Feth','FFeth@yahoo.com','1234 DaWrong Lane','Flonkerton','MD','12345','282-227-8149');
INSERT INTO RESERVATION VALUES ('20190614QD3976302694039',2124,205,'QD','2019-06-14','2019-06-16',null,'complete');
INSERT INTO INVOICECHARGE VALUES ('20190614QD3976302694039-ch00001','20190614QD3976302694039','2019-06-14',126.65,'Base room charge');
INSERT INTO INVOICECHARGE VALUES ('20190614QD3976302694039-ch00002','20190614QD3976302694039','2019-06-14',65.25,'Room Service');
INSERT INTO PAYMENT VALUES ('20190614QD3976302694039-p00001','20190614QD3976302694039','2019-06-16','CC',191.9,'Florentino Feth','2926170872475775',6,2027,698,'Mastercard');
-- ------- SAMPLE 1125 ----------
INSERT INTO GUEST VALUES(2125,'Lillia','Linen','LLinen@yahoo.com','1234 DaWrong Lane','Flonkerton','MD','12345','660-176-8556');
INSERT INTO RESERVATION VALUES ('20200630KI1344947739418',2125,null,'KI','2020-06-30','2020-07-04',null,'active');
INSERT INTO INVOICECHARGE VALUES ('20200630KI1344947739418-ch00001','20200630KI1344947739418','2020-06-30',225.17,'Base room charge');
INSERT INTO INVOICECHARGE VALUES ('20200630KI1344947739418-ch00002','20200630KI1344947739418','2020-06-30',115.99,'Cleaning fee');
INSERT INTO PAYMENT VALUES ('20200630KI1344947739418-p00001','20200630KI1344947739418','2020-07-02','CC',39,'Lillia Linen','4780314294615917',7,2021,604,'Mastercard');
-- ------- SAMPLE 1126 ----------
INSERT INTO GUEST VALUES(2126,'Ella','Evanoff','EEvanoff@yahoo.com','1234 DaWrong Lane','Flonkerton','MD','12345','295-896-6547');
INSERT INTO RESERVATION VALUES ('20190105KI6608699709747',2126,105,'KI','2019-01-05','2019-01-07',null,'cancelled');
INSERT INTO INVOICECHARGE VALUES ('20190105KI6608699709747-ch00001','20190105KI6608699709747','2019-01-05',112.58,'Base room charge');
INSERT INTO INVOICECHARGE VALUES ('20190105KI6608699709747-ch00002','20190105KI6608699709747','2019-01-05',58,'Cleaning fee');
INSERT INTO PAYMENT VALUES ('20190105KI6608699709747-p00001','20190105KI6608699709747','2019-01-07','CC',170.58,'Ella Evanoff','3743562739574747',4,2022,662,'Mastercard');
-- ------- SAMPLE 1127 ----------
INSERT INTO GUEST VALUES(2127,'Erminia','Eckard','EEckard@gmail.com','1234 DaWrong Lane','Flonkerton','MD','12345','374-558-2791');
INSERT INTO RESERVATION VALUES ('20210101QS2401490503503',2127,null,'QS','2021-01-01','2021-01-02',null,'active');
INSERT INTO INVOICECHARGE VALUES ('20210101QS2401490503503-ch00001','20210101QS2401490503503','2021-01-01',117.28,'Base room charge');
INSERT INTO PAYMENT VALUES ('20210101QS2401490503503-p00001','20210101QS2401490503503','2021-01-03','CC',25,'Erminia Eckard','1090961314744821',11,2023,695,'Mastercard');
-- ------- SAMPLE 1128 ----------
INSERT INTO GUEST VALUES(2128,'Kasey','Kipp','KKipp@yahoo.com','1234 DaWrong Lane','Flonkerton','MD','12345','447-181-9162');
INSERT INTO RESERVATION VALUES ('20190516QS8433282731637',2128,108,'QS','2019-05-16','2019-05-18',null,'complete');
INSERT INTO INVOICECHARGE VALUES ('20190516QS8433282731637-ch00001','20190516QS8433282731637','2019-05-16',234.55,'Base room charge');
INSERT INTO PAYMENT (payment_id,invoice_id,payment_date,payment_type,payment_amount) VALUES ('20190516QS8433282731637-p00001','20190516QS8433282731637','2019-05-18','CA',234.55);
-- ------- SAMPLE 1129 ----------
INSERT INTO GUEST VALUES(2129,'Elfriede','Esslinger','EEsslinger@yahoo.com','1234 DaWrong Lane','Flonkerton','MD','12345','455-427-2566');
INSERT INTO RESERVATION VALUES ('20191122KJ9353374954699',2129,208,'KJ','2019-11-22','2019-11-27',null,'complete');
INSERT INTO INVOICECHARGE VALUES ('20191122KJ9353374954699-ch00001','20191122KJ9353374954699','2019-11-22',693.01,'Base room charge');
INSERT INTO PAYMENT VALUES ('20191122KJ9353374954699-p00001','20191122KJ9353374954699','2019-11-24','CC',693.01,'Elfriede Esslinger','7942817184598483',4,2022,692,'Mastercard');
-- ------- SAMPLE 1130 ----------
INSERT INTO GUEST VALUES(2130,'Boris','Berner','BBerner@yahoo.com','1234 DaWrong Lane','Flonkerton','MD','12345','442-941-3403');
INSERT INTO RESERVATION VALUES ('20200817KS1141392086946',2130,null,'KS','2020-08-17','2020-08-18',null,'active');
INSERT INTO INVOICECHARGE VALUES ('20200817KS1141392086946-ch00001','20200817KS1141392086946','2020-08-17',106.61,'Base room charge');
INSERT INTO PAYMENT VALUES ('20200817KS1141392086946-p00001','20200817KS1141392086946','2020-08-19','CC',106.61,'Boris Berner','8671342576978917',10,2027,395,'Mastercard');
-- ------- SAMPLE 1131 ----------
INSERT INTO GUEST VALUES(2131,'Claribel','Catanzaro','CCatanzaro@yahoo.com','1234 DaWrong Lane','Flonkerton','MD','12345','828-985-2135');
INSERT INTO RESERVATION VALUES ('20190904KJ3335291038034',2131,208,'KJ','2019-09-04','2019-09-09',null,'complete');
INSERT INTO INVOICECHARGE VALUES ('20190904KJ3335291038034-ch00001','20190904KJ3335291038034','2019-09-04',693.01,'Base room charge');
INSERT INTO PAYMENT (payment_id,invoice_id,payment_date,payment_type,payment_amount) VALUES ('20190904KJ3335291038034-p00001','20190904KJ3335291038034','2019-09-06','CA',693.01);
-- ------- SAMPLE 1132 ----------
INSERT INTO GUEST VALUES(2132,'Fleta','Fickel','FFickel@yahoo.com','1234 DaWrong Lane','Flonkerton','MD','12345','001-723-2417');
INSERT INTO RESERVATION VALUES ('20210505KJ2404237295783',2132,null,'KJ','2021-05-05','2021-05-07',null,'cancelled');
INSERT INTO INVOICECHARGE VALUES ('20210505KJ2404237295783-ch00001','20210505KJ2404237295783','2021-05-05',277.2,'Base room charge');
INSERT INTO PAYMENT (payment_id,invoice_id,payment_date,payment_type,payment_amount) VALUES ('20210505KJ2404237295783-p00001','20210505KJ2404237295783','2021-05-07','CA',277.2);
-- ------- SAMPLE 1133 ----------
INSERT INTO GUEST VALUES(2133,'Kathlyn','Kinser','KKinser@gmail.com','1234 DaWrong Lane','Flonkerton','MD','12345','590-215-6434');
INSERT INTO RESERVATION VALUES ('20200731KJ7041469752693',2133,null,'KJ','2020-07-31','2020-08-04',null,'active');
INSERT INTO INVOICECHARGE VALUES ('20200731KJ7041469752693-ch00001','20200731KJ7041469752693','2020-07-31',365.91,'Base room charge');
INSERT INTO INVOICECHARGE VALUES ('20200731KJ7041469752693-ch00002','20200731KJ7041469752693','2020-07-31',188.5,'Cleaning fee');
INSERT INTO PAYMENT VALUES ('20200731KJ7041469752693-p00001','20200731KJ7041469752693','2020-08-02','CC',433,'Kathlyn Kinser','8582608436663011',3,2023,992,'Mastercard');
-- ------- SAMPLE 1134 ----------
INSERT INTO GUEST VALUES(2134,'Jamey','Jen','JJen@yahoo.com','1234 DaWrong Lane','Flonkerton','MD','12345','154-485-2609');
INSERT INTO RESERVATION VALUES ('20190102KS8745318520692',2134,206,'KS','2019-01-02','2019-01-04',null,'cancelled');
INSERT INTO INVOICECHARGE VALUES ('20190102KS8745318520692-ch00001','20190102KS8745318520692','2019-01-02',213.23,'Base room charge');
INSERT INTO PAYMENT VALUES ('20190102KS8745318520692-p00001','20190102KS8745318520692','2019-01-04','CC',213.23,'Jamey Jen','6195002585972823',5,2026,314,'Mastercard');
-- ------- SAMPLE 1135 ----------
INSERT INTO GUEST VALUES(2135,'Adrianna','Aungst','AAungst@hotmail.com','1234 DaWrong Lane','Flonkerton','MD','12345','460-131-0906');
INSERT INTO RESERVATION VALUES ('20181129QD6420323617331',2135,200,'QD','2018-11-29','2018-12-01',null,'complete');
INSERT INTO INVOICECHARGE VALUES ('20181129QD6420323617331-ch00001','20181129QD6420323617331','2018-11-29',191.9,'Base room charge');
INSERT INTO PAYMENT VALUES ('20181129QD6420323617331-p00001','20181129QD6420323617331','2018-12-01','CC',191.9,'Adrianna Aungst','8720648542387971',2,2022,128,'Mastercard');
-- ------- SAMPLE 1136 ----------
INSERT INTO GUEST VALUES(2136,'Danette','Dammann','DDammann@gmail.com','1234 DaWrong Lane','Flonkerton','MD','12345','634-188-5978');
INSERT INTO RESERVATION VALUES ('20201008KI5641041268460',2136,null,'KI','2020-10-08','2020-10-13',null,'active');
INSERT INTO INVOICECHARGE VALUES ('20201008KI5641041268460-ch00001','20201008KI5641041268460','2020-10-08',281.46,'Base room charge');
INSERT INTO INVOICECHARGE VALUES ('20201008KI5641041268460-ch00002','20201008KI5641041268460','2020-10-08',144.99,'Room Service');
INSERT INTO PAYMENT VALUES ('20201008KI5641041268460-p00001','20201008KI5641041268460','2020-10-10','CC',304,'Danette Dammann','5417485060271617',8,2022,245,'Mastercard');
-- ------- SAMPLE 1137 ----------
INSERT INTO GUEST VALUES(2137,'Elfriede','Esslinger','EEsslinger@yahoo.com','1234 DaWrong Lane','Flonkerton','MD','12345','139-478-4441');
INSERT INTO RESERVATION VALUES ('20210225KJ9208893354808',2137,null,'KJ','2021-02-25','2021-03-01',null,'active');
INSERT INTO INVOICECHARGE VALUES ('20210225KJ9208893354808-ch00001','20210225KJ9208893354808','2021-02-25',365.91,'Base room charge');
INSERT INTO INVOICECHARGE VALUES ('20210225KJ9208893354808-ch00002','20210225KJ9208893354808','2021-02-25',188.5,'Room Service');
INSERT INTO PAYMENT VALUES ('20210225KJ9208893354808-p00001','20210225KJ9208893354808','2021-02-27','CC',554.41,'Elfriede Esslinger','7557219089614260',3,2022,658,'Mastercard');
-- ------- SAMPLE 1138 ----------
INSERT INTO GUEST VALUES(2138,'Maryann','Mccutcheon','MMccutcheon@hotmail.com','1234 DaWrong Lane','Flonkerton','MD','12345','146-481-4964');
INSERT INTO RESERVATION VALUES ('20190328QD1245050091941',2138,116,'QD','2019-03-28','2019-04-02',null,'complete');
INSERT INTO INVOICECHARGE VALUES ('20190328QD1245050091941-ch00001','20190328QD1245050091941','2019-03-28',316.64,'Base room charge');
INSERT INTO INVOICECHARGE VALUES ('20190328QD1245050091941-ch00002','20190328QD1245050091941','2019-03-28',163.12,'Room Service');
INSERT INTO PAYMENT VALUES ('20190328QD1245050091941-p00001','20190328QD1245050091941','2019-03-30','CC',479.76,'Maryann Mccutcheon','8105288712607864',4,2022,619,'Mastercard');
-- ------- SAMPLE 1139 ----------
INSERT INTO GUEST VALUES(2139,'Lillia','Linen','LLinen@gmail.com','1234 DaWrong Lane','Flonkerton','MD','12345','655-156-1990');
INSERT INTO RESERVATION VALUES ('20190815KS2647317609068',2139,112,'KS','2019-08-15','2019-08-17',null,'complete');
INSERT INTO INVOICECHARGE VALUES ('20190815KS2647317609068-ch00001','20190815KS2647317609068','2019-08-15',140.73,'Base room charge');
INSERT INTO INVOICECHARGE VALUES ('20190815KS2647317609068-ch00002','20190815KS2647317609068','2019-08-15',72.5,'Room Service');
INSERT INTO PAYMENT VALUES ('20190815KS2647317609068-p00001','20190815KS2647317609068','2019-08-17','CC',213.23,'Lillia Linen','8416629556051027',5,2025,230,'Mastercard');
-- ------- SAMPLE 1140 ----------
INSERT INTO GUEST VALUES(2140,'Cherry','Chiarello','CChiarello@gmail.com','1234 DaWrong Lane','Flonkerton','MD','12345','988-625-0706');
INSERT INTO RESERVATION VALUES ('20200819KS8592530810310',2140,null,'KS','2020-08-19','2020-08-20',null,'active');
-- ------- SAMPLE 1141 ----------
INSERT INTO GUEST VALUES(2141,'Audrey','Aikens','AAikens@hotmail.com','1234 DaWrong Lane','Flonkerton','MD','12345','713-849-4864');
INSERT INTO RESERVATION VALUES ('20201125KS8621949220789',2141,null,'KS','2020-11-25','2020-11-26',null,'active');
-- ------- SAMPLE 1142 ----------
INSERT INTO GUEST VALUES(2142,'Walker','Weatherhead','WWeatherhead@yahoo.com','1234 DaWrong Lane','Flonkerton','MD','12345','572-114-1009');
INSERT INTO RESERVATION VALUES ('20180821QD4018459427034',2142,106,'QD','2018-08-21','2018-08-26',null,'cancelled');
INSERT INTO INVOICECHARGE VALUES ('20180821QD4018459427034-ch00001','20180821QD4018459427034','2018-08-21',479.76,'Base room charge');
INSERT INTO PAYMENT VALUES ('20180821QD4018459427034-p00001','20180821QD4018459427034','2018-08-23','CC',479.76,'Walker Weatherhead','6715016837147310',5,2024,19,'Mastercard');
-- ------- SAMPLE 1143 ----------
INSERT INTO GUEST VALUES(2143,'Alverta','Arce','AArce@gmail.com','1234 DaWrong Lane','Flonkerton','MD','12345','264-100-7137');
INSERT INTO RESERVATION VALUES ('20191220KI8908131159694',2143,204,'KI','2019-12-20','2019-12-22',null,'complete');
INSERT INTO INVOICECHARGE VALUES ('20191220KI8908131159694-ch00001','20191220KI8908131159694','2019-12-20',170.58,'Base room charge');
INSERT INTO PAYMENT (payment_id,invoice_id,payment_date,payment_type,payment_amount) VALUES ('20191220KI8908131159694-p00001','20191220KI8908131159694','2019-12-22','CA',170.58);
-- ------- SAMPLE 1144 ----------
INSERT INTO GUEST VALUES(2144,'Sherryl','Shurtleff','SShurtleff@hotmail.com','1234 DaWrong Lane','Flonkerton','MD','12345','633-819-3273');
INSERT INTO RESERVATION VALUES ('20200310KS6720270601966',2144,117,'KS','2020-03-10','2020-03-12',null,'complete');
INSERT INTO INVOICECHARGE VALUES ('20200310KS6720270601966-ch00001','20200310KS6720270601966','2020-03-10',213.23,'Base room charge');
INSERT INTO PAYMENT (payment_id,invoice_id,payment_date,payment_type,payment_amount) VALUES ('20200310KS6720270601966-p00001','20200310KS6720270601966','2020-03-12','CA',213.23);
-- ------- SAMPLE 1145 ----------
INSERT INTO GUEST VALUES(2145,'Deangelo','Deloera','DDeloera@hotmail.com','1234 DaWrong Lane','Flonkerton','MD','12345','314-455-6861');
INSERT INTO RESERVATION VALUES ('20181231KI6076055782914',2145,204,'KI','2018-12-31','2019-01-03',null,'complete');
INSERT INTO INVOICECHARGE VALUES ('20181231KI6076055782914-ch00001','20181231KI6076055782914','2018-12-31',255.87,'Base room charge');
INSERT INTO PAYMENT VALUES ('20181231KI6076055782914-p00001','20181231KI6076055782914','2019-01-02','CC',255.87,'Deangelo Deloera','7095670610578918',9,2026,792,'Mastercard');
-- ------- SAMPLE 1146 ----------
INSERT INTO GUEST VALUES(2146,'Len','Linquist','LLinquist@gmail.com','1234 DaWrong Lane','Flonkerton','MD','12345','467-687-5512');
INSERT INTO RESERVATION VALUES ('20190411QD8087739174667',2146,116,'QD','2019-04-11','2019-04-14',null,'complete');
INSERT INTO INVOICECHARGE VALUES ('20190411QD8087739174667-ch00001','20190411QD8087739174667','2019-04-11',287.86,'Base room charge');
INSERT INTO PAYMENT VALUES ('20190411QD8087739174667-p00001','20190411QD8087739174667','2019-04-13','CC',287.86,'Len Linquist','8788154186918038',5,2022,519,'Mastercard');
-- ------- SAMPLE 1147 ----------
INSERT INTO GUEST VALUES(2147,'Missy','Mcclintock','MMcclintock@hotmail.com','1234 DaWrong Lane','Flonkerton','MD','12345','986-492-7874');
INSERT INTO RESERVATION VALUES ('20201109QD5677502684347',2147,null,'QD','2020-11-09','2020-11-14',null,'active');
INSERT INTO INVOICECHARGE VALUES ('20201109QD5677502684347-ch00001','20201109QD5677502684347','2020-11-09',316.64,'Base room charge');
INSERT INTO INVOICECHARGE VALUES ('20201109QD5677502684347-ch00002','20201109QD5677502684347','2020-11-09',163.12,'Room Service');
INSERT INTO PAYMENT VALUES ('20201109QD5677502684347-p00001','20201109QD5677502684347','2020-11-11','CC',258,'Missy Mcclintock','3805572192545019',1,2021,483,'Mastercard');
-- ------- SAMPLE 1148 ----------
INSERT INTO GUEST VALUES(2148,'Leighann','Leith','LLeith@yahoo.com','1234 DaWrong Lane','Flonkerton','MD','12345','124-402-1548');
INSERT INTO RESERVATION VALUES ('20180512KI1519914974200',2148,209,'KI','2018-05-12','2018-05-15',null,'complete');
INSERT INTO INVOICECHARGE VALUES ('20180512KI1519914974200-ch00001','20180512KI1519914974200','2018-05-12',255.87,'Base room charge');
INSERT INTO PAYMENT VALUES ('20180512KI1519914974200-p00001','20180512KI1519914974200','2018-05-14','CC',255.87,'Leighann Leith','2704618153288899',1,2022,605,'Mastercard');
-- ------- SAMPLE 1149 ----------
INSERT INTO GUEST VALUES(2149,'Abdul','Ashe','AAshe@gmail.com','1234 DaWrong Lane','Flonkerton','MD','12345','864-337-5240');
INSERT INTO RESERVATION VALUES ('20181030KS8147352715852',2149,107,'KS','2018-10-30','2018-11-04',null,'complete');
INSERT INTO INVOICECHARGE VALUES ('20181030KS8147352715852-ch00001','20181030KS8147352715852','2018-10-30',351.83,'Base room charge');
INSERT INTO INVOICECHARGE VALUES ('20181030KS8147352715852-ch00002','20181030KS8147352715852','2018-10-30',181.24,'Cleaning fee');
INSERT INTO PAYMENT VALUES ('20181030KS8147352715852-p00001','20181030KS8147352715852','2018-11-01','CC',533.07,'Abdul Ashe','1883630278862553',10,2022,54,'Mastercard');
-- ------- SAMPLE 1150 ----------
INSERT INTO GUEST VALUES(2150,'Tish','Tusing','TTusing@gmail.com','1234 DaWrong Lane','Flonkerton','MD','12345','265-082-2055');
INSERT INTO RESERVATION VALUES ('20200112QD6577793599351',2150,111,'QD','2020-01-12','2020-01-16',null,'complete');
INSERT INTO INVOICECHARGE VALUES ('20200112QD6577793599351-ch00001','20200112QD6577793599351','2020-01-12',383.81,'Base room charge');
INSERT INTO PAYMENT VALUES ('20200112QD6577793599351-p00001','20200112QD6577793599351','2020-01-14','CC',383.81,'Tish Tusing','5876188263820533',6,2024,734,'Mastercard');
-- ------- SAMPLE 1151 ----------
INSERT INTO GUEST VALUES(2151,'Ceola','Carasco','CCarasco@yahoo.com','1234 DaWrong Lane','Flonkerton','MD','12345','766-524-1920');
INSERT INTO RESERVATION VALUES ('20181203KS7121617986432',2151,112,'KS','2018-12-03','2018-12-07',null,'complete');
INSERT INTO INVOICECHARGE VALUES ('20181203KS7121617986432-ch00001','20181203KS7121617986432','2018-12-03',281.46,'Base room charge');
INSERT INTO INVOICECHARGE VALUES ('20181203KS7121617986432-ch00002','20181203KS7121617986432','2018-12-03',145,'Room Service');
INSERT INTO PAYMENT VALUES ('20181203KS7121617986432-p00001','20181203KS7121617986432','2018-12-05','CC',426.46,'Ceola Carasco','9018451518066227',1,2021,257,'Mastercard');
-- ------- SAMPLE 1152 ----------
INSERT INTO GUEST VALUES(2152,'Annie','Albrecht','AAlbrecht@gmail.com','1234 DaWrong Lane','Flonkerton','MD','12345','656-943-4714');
INSERT INTO RESERVATION VALUES ('20200725KJ9743370309111',2152,null,'KJ','2020-07-25','2020-07-28',null,'active');
INSERT INTO INVOICECHARGE VALUES ('20200725KJ9743370309111-ch00001','20200725KJ9743370309111','2020-07-25',274.43,'Base room charge');
INSERT INTO INVOICECHARGE VALUES ('20200725KJ9743370309111-ch00002','20200725KJ9743370309111','2020-07-25',141.38,'Cleaning fee');
INSERT INTO PAYMENT VALUES ('20200725KJ9743370309111-p00001','20200725KJ9743370309111','2020-07-27','CC',415.81,'Annie Albrecht','4884092447932184',5,2025,164,'Mastercard');
-- ------- SAMPLE 1153 ----------
INSERT INTO GUEST VALUES(2153,'Katerine','Kawakami','KKawakami@gmail.com','1234 DaWrong Lane','Flonkerton','MD','12345','303-488-0503');
INSERT INTO RESERVATION VALUES ('20200814KI2282053414533',2153,null,'KI','2020-08-14','2020-08-17',null,'active');
-- ------- SAMPLE 1154 ----------
INSERT INTO GUEST VALUES(2154,'Raisa','Romito','RRomito@yahoo.com','1234 DaWrong Lane','Flonkerton','MD','12345','793-962-9245');
INSERT INTO RESERVATION VALUES ('20201115KS9098120009301',2154,null,'KS','2020-11-15','2020-11-16',null,'cancelled');
INSERT INTO INVOICECHARGE VALUES ('20201115KS9098120009301-ch00001','20201115KS9098120009301','2020-11-15',106.61,'Base room charge');
INSERT INTO PAYMENT VALUES ('20201115KS9098120009301-p00001','20201115KS9098120009301','2020-11-17','CC',106.61,'Raisa Romito','6856774570510065',10,2023,855,'Mastercard');
-- ------- SAMPLE 1155 ----------
INSERT INTO GUEST VALUES(2155,'Tai','Tookes','TTookes@yahoo.com','1234 DaWrong Lane','Flonkerton','MD','12345','233-126-9521');
INSERT INTO RESERVATION VALUES ('20190221QD6164653663406',2155,200,'QD','2019-02-21','2019-02-25',null,'complete');
INSERT INTO INVOICECHARGE VALUES ('20190221QD6164653663406-ch00001','20190221QD6164653663406','2019-02-21',383.81,'Base room charge');
INSERT INTO PAYMENT VALUES ('20190221QD6164653663406-p00001','20190221QD6164653663406','2019-02-23','CC',383.81,'Tai Tookes','5472901617166902',5,2027,732,'Mastercard');
-- ------- SAMPLE 1156 ----------
INSERT INTO GUEST VALUES(2156,'Deandra','Dimauro','DDimauro@gmail.com','1234 DaWrong Lane','Flonkerton','MD','12345','711-497-1346');
INSERT INTO RESERVATION VALUES ('20180913QS9019178465415',2156,202,'QS','2018-09-13','2018-09-14',null,'complete');
INSERT INTO INVOICECHARGE VALUES ('20180913QS9019178465415-ch00001','20180913QS9019178465415','2018-09-13',77.4,'Base room charge');
INSERT INTO INVOICECHARGE VALUES ('20180913QS9019178465415-ch00002','20180913QS9019178465415','2018-09-13',39.88,'Cleaning fee');
INSERT INTO PAYMENT (payment_id,invoice_id,payment_date,payment_type,payment_amount) VALUES ('20180913QS9019178465415-p00001','20180913QS9019178465415','2018-09-15','CA',117.28);
-- ------- SAMPLE 1157 ----------
INSERT INTO GUEST VALUES(2157,'Alverta','Arce','AArce@yahoo.com','1234 DaWrong Lane','Flonkerton','MD','12345','897-876-8703');
INSERT INTO RESERVATION VALUES ('20210331KI3357046040675',2157,null,'KI','2021-03-31','2021-04-02',null,'active');
-- ------- SAMPLE 1158 ----------
INSERT INTO GUEST VALUES(2158,'Jamey','Jen','JJen@hotmail.com','1234 DaWrong Lane','Flonkerton','MD','12345','238-897-4471');
INSERT INTO RESERVATION VALUES ('20190301QD3040759551669',2158,116,'QD','2019-03-01','2019-03-02',null,'complete');
INSERT INTO INVOICECHARGE VALUES ('20190301QD3040759551669-ch00001','20190301QD3040759551669','2019-03-01',63.33,'Base room charge');
INSERT INTO INVOICECHARGE VALUES ('20190301QD3040759551669-ch00002','20190301QD3040759551669','2019-03-01',32.62,'Room Service');
INSERT INTO PAYMENT VALUES ('20190301QD3040759551669-p00001','20190301QD3040759551669','2019-03-03','CC',95.95,'Jamey Jen','2664764629372864',2,2024,671,'Mastercard');
-- ------- SAMPLE 1159 ----------
INSERT INTO GUEST VALUES(2159,'Fonda','Foreman','FForeman@yahoo.com','1234 DaWrong Lane','Flonkerton','MD','12345','131-937-0140');
INSERT INTO RESERVATION VALUES ('20200930QD3196111050553',2159,null,'QD','2020-09-30','2020-10-04',null,'active');
INSERT INTO INVOICECHARGE VALUES ('20200930QD3196111050553-ch00001','20200930QD3196111050553','2020-09-30',383.81,'Base room charge');
INSERT INTO PAYMENT (payment_id,invoice_id,payment_date,payment_type,payment_amount) VALUES ('20200930QD3196111050553-p00001','20200930QD3196111050553','2020-10-02','CA',297);
-- ------- SAMPLE 1160 ----------
INSERT INTO GUEST VALUES(2160,'Vicky','Vanderhoff','VVanderhoff@yahoo.com','1234 DaWrong Lane','Flonkerton','MD','12345','172-690-5154');
INSERT INTO RESERVATION VALUES ('20210325QS3436814027832',2160,null,'QS','2021-03-25','2021-03-29',null,'active');
INSERT INTO INVOICECHARGE VALUES ('20210325QS3436814027832-ch00001','20210325QS3436814027832','2021-03-25',309.61,'Base room charge');
INSERT INTO INVOICECHARGE VALUES ('20210325QS3436814027832-ch00002','20210325QS3436814027832','2021-03-25',159.5,'Cleaning fee');
INSERT INTO PAYMENT VALUES ('20210325QS3436814027832-p00001','20210325QS3436814027832','2021-03-27','CC',431,'Vicky Vanderhoff','6521732641185925',9,2024,314,'Mastercard');
-- ------- SAMPLE 1161 ----------
INSERT INTO GUEST VALUES(2161,'Laraine','Lazar','LLazar@gmail.com','1234 DaWrong Lane','Flonkerton','MD','12345','616-342-6809');
INSERT INTO RESERVATION VALUES ('20190505QD7921409252327',2161,200,'QD','2019-05-05','2019-05-07',null,'complete');
INSERT INTO INVOICECHARGE VALUES ('20190505QD7921409252327-ch00001','20190505QD7921409252327','2019-05-05',191.9,'Base room charge');
INSERT INTO PAYMENT VALUES ('20190505QD7921409252327-p00001','20190505QD7921409252327','2019-05-07','CC',191.9,'Laraine Lazar','1477503380164517',7,2026,62,'Mastercard');
-- ------- SAMPLE 1162 ----------
INSERT INTO GUEST VALUES(2162,'Marcelino','Meisner','MMeisner@gmail.com','1234 DaWrong Lane','Flonkerton','MD','12345','233-527-7604');
INSERT INTO RESERVATION VALUES ('20200223KJ4603089793924',2162,114,'KJ','2020-02-23','2020-02-26',null,'complete');
INSERT INTO INVOICECHARGE VALUES ('20200223KJ4603089793924-ch00001','20200223KJ4603089793924','2020-02-23',274.43,'Base room charge');
INSERT INTO INVOICECHARGE VALUES ('20200223KJ4603089793924-ch00002','20200223KJ4603089793924','2020-02-23',141.38,'Room Service');
INSERT INTO PAYMENT VALUES ('20200223KJ4603089793924-p00001','20200223KJ4603089793924','2020-02-25','CC',415.81,'Marcelino Meisner','2244321794292948',3,2026,208,'Mastercard');
-- ------- SAMPLE 1163 ----------
INSERT INTO GUEST VALUES(2163,'Mandi','Mcwain','MMcwain@hotmail.com','1234 DaWrong Lane','Flonkerton','MD','12345','207-862-6422');
INSERT INTO RESERVATION VALUES ('20210419KS9676864266613',2163,null,'KS','2021-04-19','2021-04-21',null,'active');
INSERT INTO INVOICECHARGE VALUES ('20210419KS9676864266613-ch00001','20210419KS9676864266613','2021-04-19',213.23,'Base room charge');
INSERT INTO PAYMENT VALUES ('20210419KS9676864266613-p00001','20210419KS9676864266613','2021-04-21','CC',213.23,'Mandi Mcwain','8477819143477823',12,2027,790,'Mastercard');
-- ------- SAMPLE 1164 ----------
INSERT INTO GUEST VALUES(2164,'Delsie','Dunstan','DDunstan@gmail.com','1234 DaWrong Lane','Flonkerton','MD','12345','817-410-2393');
INSERT INTO RESERVATION VALUES ('20200904KS6279263560849',2164,null,'KS','2020-09-04','2020-09-05',null,'cancelled');
INSERT INTO INVOICECHARGE VALUES ('20200904KS6279263560849-ch00001','20200904KS6279263560849','2020-09-04',106.61,'Base room charge');
INSERT INTO PAYMENT VALUES ('20200904KS6279263560849-p00001','20200904KS6279263560849','2020-09-06','CC',106.61,'Delsie Dunstan','4104903780421039',7,2027,52,'Mastercard');
-- ------- SAMPLE 1165 ----------
INSERT INTO GUEST VALUES(2165,'Alverta','Arce','AArce@yahoo.com','1234 DaWrong Lane','Flonkerton','MD','12345','103-070-8026');
INSERT INTO RESERVATION VALUES ('20190409QD7818411171714',2165,111,'QD','2019-04-09','2019-04-14',null,'complete');
INSERT INTO INVOICECHARGE VALUES ('20190409QD7818411171714-ch00001','20190409QD7818411171714','2019-04-09',479.76,'Base room charge');
INSERT INTO PAYMENT VALUES ('20190409QD7818411171714-p00001','20190409QD7818411171714','2019-04-11','CC',479.76,'Alverta Arce','9892830432844091',7,2024,208,'Mastercard');
-- ------- SAMPLE 1166 ----------
INSERT INTO GUEST VALUES(2166,'Abel','Alire','AAlire@yahoo.com','1234 DaWrong Lane','Flonkerton','MD','12345','174-100-6036');
INSERT INTO RESERVATION VALUES ('20190509KI6558558976881',2166,204,'KI','2019-05-09','2019-05-11',null,'complete');
INSERT INTO INVOICECHARGE VALUES ('20190509KI6558558976881-ch00001','20190509KI6558558976881','2019-05-09',170.58,'Base room charge');
INSERT INTO PAYMENT VALUES ('20190509KI6558558976881-p00001','20190509KI6558558976881','2019-05-11','CC',170.58,'Abel Alire','8853824972214301',11,2021,634,'Mastercard');
-- ------- SAMPLE 1167 ----------
INSERT INTO GUEST VALUES(2167,'Serafina','Singh','SSingh@yahoo.com','1234 DaWrong Lane','Flonkerton','MD','12345','257-509-3239');
INSERT INTO RESERVATION VALUES ('20181030KJ5575479896531',2167,109,'KJ','2018-10-30','2018-11-01',null,'cancelled');
INSERT INTO INVOICECHARGE VALUES ('20181030KJ5575479896531-ch00001','20181030KJ5575479896531','2018-10-30',277.2,'Base room charge');
INSERT INTO PAYMENT VALUES ('20181030KJ5575479896531-p00001','20181030KJ5575479896531','2018-11-01','CC',277.2,'Serafina Singh','6183124566795122',10,2027,42,'Mastercard');
-- ------- SAMPLE 1168 ----------
INSERT INTO GUEST VALUES(2168,'Daron','Dycus','DDycus@hotmail.com','1234 DaWrong Lane','Flonkerton','MD','12345','368-698-5413');
INSERT INTO RESERVATION VALUES ('20201101KI4302055362904',2168,null,'KI','2020-11-01','2020-11-06',null,'active');
INSERT INTO INVOICECHARGE VALUES ('20201101KI4302055362904-ch00001','20201101KI4302055362904','2020-11-01',281.46,'Base room charge');
INSERT INTO INVOICECHARGE VALUES ('20201101KI4302055362904-ch00002','20201101KI4302055362904','2020-11-01',144.99,'Room Service');
INSERT INTO PAYMENT (payment_id,invoice_id,payment_date,payment_type,payment_amount) VALUES ('20201101KI4302055362904-p00001','20201101KI4302055362904','2020-11-03','CA',182);
-- ------- SAMPLE 1169 ----------
INSERT INTO GUEST VALUES(2169,'James','Janey','JJaney@yahoo.com','1234 DaWrong Lane','Flonkerton','MD','12345','832-124-0969');
INSERT INTO RESERVATION VALUES ('20191117QD7882373292248',2169,106,'QD','2019-11-17','2019-11-22',null,'complete');
INSERT INTO INVOICECHARGE VALUES ('20191117QD7882373292248-ch00001','20191117QD7882373292248','2019-11-17',479.76,'Base room charge');
INSERT INTO PAYMENT VALUES ('20191117QD7882373292248-p00001','20191117QD7882373292248','2019-11-19','CC',479.76,'James Janey','6626119786038737',7,2024,79,'Mastercard');
-- ------- SAMPLE 1170 ----------
INSERT INTO GUEST VALUES(2170,'Freida','Forbis','FForbis@hotmail.com','1234 DaWrong Lane','Flonkerton','MD','12345','943-536-8916');
INSERT INTO RESERVATION VALUES ('20210318KI1584908812596',2170,null,'KI','2021-03-18','2021-03-19',null,'active');
INSERT INTO INVOICECHARGE VALUES ('20210318KI1584908812596-ch00001','20210318KI1584908812596','2021-03-18',56.29,'Base room charge');
INSERT INTO INVOICECHARGE VALUES ('20210318KI1584908812596-ch00002','20210318KI1584908812596','2021-03-18',29,'Room Service');
INSERT INTO PAYMENT (payment_id,invoice_id,payment_date,payment_type,payment_amount) VALUES ('20210318KI1584908812596-p00001','20210318KI1584908812596','2021-03-20','CA',36);
-- ------- SAMPLE 1171 ----------
INSERT INTO GUEST VALUES(2171,'Rachell','Riser','RRiser@hotmail.com','1234 DaWrong Lane','Flonkerton','MD','12345','961-183-7845');
INSERT INTO RESERVATION VALUES ('20181220KS9686632296336',2171,117,'KS','2018-12-20','2018-12-24',null,'complete');
INSERT INTO INVOICECHARGE VALUES ('20181220KS9686632296336-ch00001','20181220KS9686632296336','2018-12-20',426.46,'Base room charge');
INSERT INTO PAYMENT (payment_id,invoice_id,payment_date,payment_type,payment_amount) VALUES ('20181220KS9686632296336-p00001','20181220KS9686632296336','2018-12-22','CA',426.46);
-- ------- SAMPLE 1172 ----------
INSERT INTO GUEST VALUES(2172,'Julene','Jahn','JJahn@gmail.com','1234 DaWrong Lane','Flonkerton','MD','12345','316-626-2516');
INSERT INTO RESERVATION VALUES ('20190827QD3463728605247',2172,205,'QD','2019-08-27','2019-08-31',null,'complete');
INSERT INTO INVOICECHARGE VALUES ('20190827QD3463728605247-ch00001','20190827QD3463728605247','2019-08-27',383.81,'Base room charge');
INSERT INTO PAYMENT (payment_id,invoice_id,payment_date,payment_type,payment_amount) VALUES ('20190827QD3463728605247-p00001','20190827QD3463728605247','2019-08-29','CA',383.81);
-- ------- SAMPLE 1173 ----------
INSERT INTO GUEST VALUES(2173,'Piedad','Proctor','PProctor@gmail.com','1234 DaWrong Lane','Flonkerton','MD','12345','253-450-6252');
INSERT INTO RESERVATION VALUES ('20190507KJ7451334963956',2173,104,'KJ','2019-05-07','2019-05-11',null,'complete');
INSERT INTO INVOICECHARGE VALUES ('20190507KJ7451334963956-ch00001','20190507KJ7451334963956','2019-05-07',554.41,'Base room charge');
INSERT INTO PAYMENT VALUES ('20190507KJ7451334963956-p00001','20190507KJ7451334963956','2019-05-09','CC',554.41,'Piedad Proctor','2266088317610828',2,2024,571,'Mastercard');
-- ------- SAMPLE 1174 ----------
INSERT INTO GUEST VALUES(2174,'Stacie','Schupp','SSchupp@hotmail.com','1234 DaWrong Lane','Flonkerton','MD','12345','982-021-3011');
INSERT INTO RESERVATION VALUES ('20190717QS4854582047072',2174,207,'QS','2019-07-17','2019-07-18',null,'complete');
INSERT INTO INVOICECHARGE VALUES ('20190717QS4854582047072-ch00001','20190717QS4854582047072','2019-07-17',77.4,'Base room charge');
INSERT INTO INVOICECHARGE VALUES ('20190717QS4854582047072-ch00002','20190717QS4854582047072','2019-07-17',39.88,'Cleaning fee');
INSERT INTO PAYMENT (payment_id,invoice_id,payment_date,payment_type,payment_amount) VALUES ('20190717QS4854582047072-p00001','20190717QS4854582047072','2019-07-19','CA',117.28);
-- ------- SAMPLE 1175 ----------
INSERT INTO GUEST VALUES(2175,'James','Janey','JJaney@hotmail.com','1234 DaWrong Lane','Flonkerton','MD','12345','708-581-2535');
INSERT INTO RESERVATION VALUES ('20210312KJ4668320336978',2175,null,'KJ','2021-03-12','2021-03-17',null,'active');
INSERT INTO INVOICECHARGE VALUES ('20210312KJ4668320336978-ch00001','20210312KJ4668320336978','2021-03-12',554.41,'Base room charge');
INSERT INTO PAYMENT VALUES ('20210312KJ4668320336978-p00001','20210312KJ4668320336978','2021-03-14','CC',120,'James Janey','7160118835768862',3,2024,29,'Mastercard');
-- ------- SAMPLE 1176 ----------
INSERT INTO GUEST VALUES(2176,'Shena','Sandoz','SSandoz@yahoo.com','1234 DaWrong Lane','Flonkerton','MD','12345','864-402-8662');
INSERT INTO RESERVATION VALUES ('20210221QS9399872423823',2176,null,'QS','2021-02-21','2021-02-24',null,'active');
INSERT INTO INVOICECHARGE VALUES ('20210221QS9399872423823-ch00001','20210221QS9399872423823','2021-02-21',232.21,'Base room charge');
INSERT INTO INVOICECHARGE VALUES ('20210221QS9399872423823-ch00002','20210221QS9399872423823','2021-02-21',119.62,'Room Service');
INSERT INTO PAYMENT VALUES ('20210221QS9399872423823-p00001','20210221QS9399872423823','2021-02-23','CC',351.83,'Shena Sandoz','5435825802090455',3,2022,703,'Mastercard');
-- ------- SAMPLE 1177 ----------
INSERT INTO GUEST VALUES(2177,'Abdul','Ashe','AAshe@hotmail.com','1234 DaWrong Lane','Flonkerton','MD','12345','722-536-7962');
INSERT INTO RESERVATION VALUES ('20180627KS3054429421143',2177,201,'KS','2018-06-27','2018-07-02',null,'complete');
INSERT INTO INVOICECHARGE VALUES ('20180627KS3054429421143-ch00001','20180627KS3054429421143','2018-06-27',533.07,'Base room charge');
INSERT INTO PAYMENT VALUES ('20180627KS3054429421143-p00001','20180627KS3054429421143','2018-06-29','CC',533.07,'Abdul Ashe','6766484758211119',12,2022,543,'Mastercard');
-- ------- SAMPLE 1178 ----------
INSERT INTO GUEST VALUES(2178,'Alverta','Arce','AArce@gmail.com','1234 DaWrong Lane','Flonkerton','MD','12345','389-771-9599');
INSERT INTO RESERVATION VALUES ('20200910KS4880655934716',2178,null,'KS','2020-09-10','2020-09-14',null,'cancelled');
-- ------- SAMPLE 1179 ----------
INSERT INTO GUEST VALUES(2179,'Florentino','Feth','FFeth@gmail.com','1234 DaWrong Lane','Flonkerton','MD','12345','900-775-1314');
INSERT INTO RESERVATION VALUES ('20191117KI4083908504404',2179,120,'KI','2019-11-17','2019-11-18',null,'complete');
INSERT INTO INVOICECHARGE VALUES ('20191117KI4083908504404-ch00001','20191117KI4083908504404','2019-11-17',85.29,'Base room charge');
INSERT INTO PAYMENT VALUES ('20191117KI4083908504404-p00001','20191117KI4083908504404','2019-11-19','CC',85.29,'Florentino Feth','3176822275891479',4,2023,448,'Mastercard');
-- ------- SAMPLE 1180 ----------
INSERT INTO GUEST VALUES(2180,'Tomika','Teran','TTeran@yahoo.com','1234 DaWrong Lane','Flonkerton','MD','12345','263-548-1833');
INSERT INTO RESERVATION VALUES ('20190123QS7159384653073',2180,108,'QS','2019-01-23','2019-01-26',null,'complete');
INSERT INTO INVOICECHARGE VALUES ('20190123QS7159384653073-ch00001','20190123QS7159384653073','2019-01-23',351.83,'Base room charge');
INSERT INTO PAYMENT (payment_id,invoice_id,payment_date,payment_type,payment_amount) VALUES ('20190123QS7159384653073-p00001','20190123QS7159384653073','2019-01-25','CA',351.83);
-- ------- SAMPLE 1181 ----------
INSERT INTO GUEST VALUES(2181,'Gwyneth','Gamber','GGamber@yahoo.com','1234 DaWrong Lane','Flonkerton','MD','12345','617-262-5545');
INSERT INTO RESERVATION VALUES ('20210202KI7962111585165',2181,null,'KI','2021-02-02','2021-02-04',null,'cancelled');
INSERT INTO INVOICECHARGE VALUES ('20210202KI7962111585165-ch00001','20210202KI7962111585165','2021-02-02',112.58,'Base room charge');
INSERT INTO INVOICECHARGE VALUES ('20210202KI7962111585165-ch00002','20210202KI7962111585165','2021-02-02',58,'Cleaning fee');
INSERT INTO PAYMENT VALUES ('20210202KI7962111585165-p00001','20210202KI7962111585165','2021-02-04','CC',170.58,'Gwyneth Gamber','1820112083363635',9,2027,401,'Mastercard');
-- ------- SAMPLE 1182 ----------
INSERT INTO GUEST VALUES(2182,'Anita','Amezcua','AAmezcua@gmail.com','1234 DaWrong Lane','Flonkerton','MD','12345','705-322-8663');
INSERT INTO RESERVATION VALUES ('20181007KJ6753313384282',2182,104,'KJ','2018-10-07','2018-10-10',null,'complete');
INSERT INTO INVOICECHARGE VALUES ('20181007KJ6753313384282-ch00001','20181007KJ6753313384282','2018-10-07',415.81,'Base room charge');
INSERT INTO PAYMENT VALUES ('20181007KJ6753313384282-p00001','20181007KJ6753313384282','2018-10-09','CC',415.81,'Anita Amezcua','1508397168236021',7,2021,286,'Mastercard');
-- ------- SAMPLE 1183 ----------
INSERT INTO GUEST VALUES(2183,'Antwan','Albury','AAlbury@yahoo.com','1234 DaWrong Lane','Flonkerton','MD','12345','586-997-3791');
INSERT INTO RESERVATION VALUES ('20201216KS8785216754265',2183,null,'KS','2020-12-16','2020-12-21',null,'active');
INSERT INTO INVOICECHARGE VALUES ('20201216KS8785216754265-ch00001','20201216KS8785216754265','2020-12-16',533.07,'Base room charge');
INSERT INTO PAYMENT (payment_id,invoice_id,payment_date,payment_type,payment_amount) VALUES ('20201216KS8785216754265-p00001','20201216KS8785216754265','2020-12-18','CA',147);
-- ------- SAMPLE 1184 ----------
INSERT INTO GUEST VALUES(2184,'Len','Linquist','LLinquist@hotmail.com','1234 DaWrong Lane','Flonkerton','MD','12345','665-199-9418');
INSERT INTO RESERVATION VALUES ('20190117KJ1594047806752',2184,114,'KJ','2019-01-17','2019-01-22',null,'complete');
INSERT INTO INVOICECHARGE VALUES ('20190117KJ1594047806752-ch00001','20190117KJ1594047806752','2019-01-17',693.01,'Base room charge');
INSERT INTO PAYMENT VALUES ('20190117KJ1594047806752-p00001','20190117KJ1594047806752','2019-01-19','CC',693.01,'Len Linquist','2264513114176256',6,2023,962,'Mastercard');
-- ------- SAMPLE 1185 ----------
INSERT INTO GUEST VALUES(2185,'Natalia','Nowacki','NNowacki@yahoo.com','1234 DaWrong Lane','Flonkerton','MD','12345','556-828-3376');
INSERT INTO RESERVATION VALUES ('20200805KJ1566066046417',2185,null,'KJ','2020-08-05','2020-08-07',null,'active');
-- ------- SAMPLE 1186 ----------
INSERT INTO GUEST VALUES(2186,'Jammie','Jo','JJo@yahoo.com','1234 DaWrong Lane','Flonkerton','MD','12345','434-347-2570');
INSERT INTO RESERVATION VALUES ('20200904KJ5443182763780',2186,null,'KJ','2020-09-04','2020-09-08',null,'active');
INSERT INTO INVOICECHARGE VALUES ('20200904KJ5443182763780-ch00001','20200904KJ5443182763780','2020-09-04',365.91,'Base room charge');
INSERT INTO INVOICECHARGE VALUES ('20200904KJ5443182763780-ch00002','20200904KJ5443182763780','2020-09-04',188.5,'Room Service');
INSERT INTO PAYMENT VALUES ('20200904KJ5443182763780-p00001','20200904KJ5443182763780','2020-09-06','CC',554.41,'Jammie Jo','5424743780858591',6,2025,52,'Mastercard');
-- ------- SAMPLE 1187 ----------
INSERT INTO GUEST VALUES(2187,'Melaine','Miskell','MMiskell@gmail.com','1234 DaWrong Lane','Flonkerton','MD','12345','818-168-2322');
INSERT INTO RESERVATION VALUES ('20200721QD5917694447961',2187,null,'QD','2020-07-21','2020-07-23',null,'active');
INSERT INTO INVOICECHARGE VALUES ('20200721QD5917694447961-ch00001','20200721QD5917694447961','2020-07-21',126.65,'Base room charge');
INSERT INTO INVOICECHARGE VALUES ('20200721QD5917694447961-ch00002','20200721QD5917694447961','2020-07-21',65.25,'Cleaning fee');
INSERT INTO PAYMENT VALUES ('20200721QD5917694447961-p00001','20200721QD5917694447961','2020-07-23','CC',191.9,'Melaine Miskell','6039794297081862',10,2026,936,'Mastercard');
-- ------- SAMPLE 1188 ----------
INSERT INTO GUEST VALUES(2188,'Bell','Belizaire','BBelizaire@hotmail.com','1234 DaWrong Lane','Flonkerton','MD','12345','347-692-5849');
INSERT INTO RESERVATION VALUES ('20190918KJ1947132607366',2188,203,'KJ','2019-09-18','2019-09-23',null,'complete');
INSERT INTO INVOICECHARGE VALUES ('20190918KJ1947132607366-ch00001','20190918KJ1947132607366','2019-09-18',457.39,'Base room charge');
INSERT INTO INVOICECHARGE VALUES ('20190918KJ1947132607366-ch00002','20190918KJ1947132607366','2019-09-18',235.62,'Cleaning fee');
INSERT INTO PAYMENT (payment_id,invoice_id,payment_date,payment_type,payment_amount) VALUES ('20190918KJ1947132607366-p00001','20190918KJ1947132607366','2019-09-20','CA',693.01);
-- ------- SAMPLE 1189 ----------
INSERT INTO GUEST VALUES(2189,'Kandra','Kelty','KKelty@gmail.com','1234 DaWrong Lane','Flonkerton','MD','12345','645-644-6437');
INSERT INTO RESERVATION VALUES ('20200220QS6414284614344',2189,202,'QS','2020-02-20','2020-02-23',null,'cancelled');
INSERT INTO INVOICECHARGE VALUES ('20200220QS6414284614344-ch00001','20200220QS6414284614344','2020-02-20',351.83,'Base room charge');
INSERT INTO PAYMENT VALUES ('20200220QS6414284614344-p00001','20200220QS6414284614344','2020-02-22','CC',351.83,'Kandra Kelty','5519443650675414',3,2024,469,'Mastercard');
-- ------- SAMPLE 1190 ----------
INSERT INTO GUEST VALUES(2190,'Daron','Dycus','DDycus@hotmail.com','1234 DaWrong Lane','Flonkerton','MD','12345','219-223-2470');
INSERT INTO RESERVATION VALUES ('20181008QS9538384002944',2190,118,'QS','2018-10-08','2018-10-12',null,'complete');
INSERT INTO INVOICECHARGE VALUES ('20181008QS9538384002944-ch00001','20181008QS9538384002944','2018-10-08',469.11,'Base room charge');
INSERT INTO PAYMENT (payment_id,invoice_id,payment_date,payment_type,payment_amount) VALUES ('20181008QS9538384002944-p00001','20181008QS9538384002944','2018-10-10','CA',469.11);
-- ------- SAMPLE 1191 ----------
INSERT INTO GUEST VALUES(2191,'Florentino','Feth','FFeth@hotmail.com','1234 DaWrong Lane','Flonkerton','MD','12345','662-856-8403');
INSERT INTO RESERVATION VALUES ('20210130QD8904069527014',2191,null,'QD','2021-01-30','2021-02-03',null,'active');
INSERT INTO INVOICECHARGE VALUES ('20210130QD8904069527014-ch00001','20210130QD8904069527014','2021-01-30',253.31,'Base room charge');
INSERT INTO INVOICECHARGE VALUES ('20210130QD8904069527014-ch00002','20210130QD8904069527014','2021-01-30',130.5,'Room Service');
INSERT INTO PAYMENT VALUES ('20210130QD8904069527014-p00001','20210130QD8904069527014','2021-02-01','CC',383.81,'Florentino Feth','4250055611405016',12,2026,827,'Mastercard');
-- ------- SAMPLE 1192 ----------
INSERT INTO GUEST VALUES(2192,'Keturah','Kagawa','KKagawa@hotmail.com','1234 DaWrong Lane','Flonkerton','MD','12345','711-532-6021');
INSERT INTO RESERVATION VALUES ('20180516KS9440994921092',2192,112,'KS','2018-05-16','2018-05-20',null,'complete');
INSERT INTO INVOICECHARGE VALUES ('20180516KS9440994921092-ch00001','20180516KS9440994921092','2018-05-16',426.46,'Base room charge');
INSERT INTO PAYMENT (payment_id,invoice_id,payment_date,payment_type,payment_amount) VALUES ('20180516KS9440994921092-p00001','20180516KS9440994921092','2018-05-18','CA',426.46);
-- ------- SAMPLE 1193 ----------
INSERT INTO GUEST VALUES(2193,'Bessie','Buhler','BBuhler@yahoo.com','1234 DaWrong Lane','Flonkerton','MD','12345','448-189-3775');
INSERT INTO RESERVATION VALUES ('20190720KJ8874153619279',2193,109,'KJ','2019-07-20','2019-07-24',null,'complete');
INSERT INTO INVOICECHARGE VALUES ('20190720KJ8874153619279-ch00001','20190720KJ8874153619279','2019-07-20',365.91,'Base room charge');
INSERT INTO INVOICECHARGE VALUES ('20190720KJ8874153619279-ch00002','20190720KJ8874153619279','2019-07-20',188.5,'Cleaning fee');
INSERT INTO PAYMENT VALUES ('20190720KJ8874153619279-p00001','20190720KJ8874153619279','2019-07-22','CC',554.41,'Bessie Buhler','4281587311898020',9,2023,941,'Mastercard');
-- ------- SAMPLE 1194 ----------
INSERT INTO GUEST VALUES(2194,'Shandi','Scharf','SScharf@hotmail.com','1234 DaWrong Lane','Flonkerton','MD','12345','511-405-2760');
INSERT INTO RESERVATION VALUES ('20190120KJ3081435792300',2194,119,'KJ','2019-01-20','2019-01-24',null,'complete');
INSERT INTO INVOICECHARGE VALUES ('20190120KJ3081435792300-ch00001','20190120KJ3081435792300','2019-01-20',365.91,'Base room charge');
INSERT INTO INVOICECHARGE VALUES ('20190120KJ3081435792300-ch00002','20190120KJ3081435792300','2019-01-20',188.5,'Room Service');
INSERT INTO PAYMENT (payment_id,invoice_id,payment_date,payment_type,payment_amount) VALUES ('20190120KJ3081435792300-p00001','20190120KJ3081435792300','2019-01-22','CA',554.41);
-- ------- SAMPLE 1195 ----------
INSERT INTO GUEST VALUES(2195,'Tifany','Temple','TTemple@yahoo.com','1234 DaWrong Lane','Flonkerton','MD','12345','400-663-2504');
INSERT INTO RESERVATION VALUES ('20190831KI1131152679136',2195,115,'KI','2019-08-31','2019-09-03',null,'complete');
INSERT INTO INVOICECHARGE VALUES ('20190831KI1131152679136-ch00001','20190831KI1131152679136','2019-08-31',255.87,'Base room charge');
INSERT INTO PAYMENT VALUES ('20190831KI1131152679136-p00001','20190831KI1131152679136','2019-09-02','CC',255.87,'Tifany Temple','6585052320635610',10,2023,31,'Mastercard');
-- ------- SAMPLE 1196 ----------
INSERT INTO GUEST VALUES(2196,'Adrianna','Aungst','AAungst@hotmail.com','1234 DaWrong Lane','Flonkerton','MD','12345','638-366-4603');
INSERT INTO RESERVATION VALUES ('20180920QD4221626041609',2196,205,'QD','2018-09-20','2018-09-22',null,'complete');
INSERT INTO INVOICECHARGE VALUES ('20180920QD4221626041609-ch00001','20180920QD4221626041609','2018-09-20',191.9,'Base room charge');
INSERT INTO PAYMENT VALUES ('20180920QD4221626041609-p00001','20180920QD4221626041609','2018-09-22','CC',191.9,'Adrianna Aungst','7888944924289636',2,2021,416,'Mastercard');
-- ------- SAMPLE 1197 ----------
INSERT INTO GUEST VALUES(2197,'Raisa','Romito','RRomito@hotmail.com','1234 DaWrong Lane','Flonkerton','MD','12345','102-025-2820');
INSERT INTO RESERVATION VALUES ('20190501KS6541669661086',2197,201,'KS','2019-05-01','2019-05-02',null,'cancelled');
INSERT INTO INVOICECHARGE VALUES ('20190501KS6541669661086-ch00001','20190501KS6541669661086','2019-05-01',106.61,'Base room charge');
INSERT INTO PAYMENT (payment_id,invoice_id,payment_date,payment_type,payment_amount) VALUES ('20190501KS6541669661086-p00001','20190501KS6541669661086','2019-05-03','CA',106.61);
-- ------- SAMPLE 1198 ----------
INSERT INTO GUEST VALUES(2198,'Serafina','Singh','SSingh@yahoo.com','1234 DaWrong Lane','Flonkerton','MD','12345','073-214-8289');
INSERT INTO RESERVATION VALUES ('20180929QS9960178367628',2198,118,'QS','2018-09-29','2018-09-30',null,'complete');
INSERT INTO INVOICECHARGE VALUES ('20180929QS9960178367628-ch00001','20180929QS9960178367628','2018-09-29',77.4,'Base room charge');
INSERT INTO INVOICECHARGE VALUES ('20180929QS9960178367628-ch00002','20180929QS9960178367628','2018-09-29',39.88,'Cleaning fee');
INSERT INTO PAYMENT VALUES ('20180929QS9960178367628-p00001','20180929QS9960178367628','2018-10-01','CC',117.28,'Serafina Singh','4057056218718214',1,2023,634,'Mastercard');
-- ------- SAMPLE 1199 ----------
INSERT INTO GUEST VALUES(2199,'Dorothea','Dipaolo','DDipaolo@hotmail.com','1234 DaWrong Lane','Flonkerton','MD','12345','923-483-7735');
INSERT INTO RESERVATION VALUES ('20201007QD6524575517109',2199,null,'QD','2020-10-07','2020-10-10',null,'active');
INSERT INTO INVOICECHARGE VALUES ('20201007QD6524575517109-ch00001','20201007QD6524575517109','2020-10-07',287.86,'Base room charge');
INSERT INTO PAYMENT VALUES ('20201007QD6524575517109-p00001','20201007QD6524575517109','2020-10-09','CC',52,'Dorothea Dipaolo','5705498546420607',3,2022,474,'Mastercard');
-- ------- SAMPLE 1200 ----------
INSERT INTO GUEST VALUES(2200,'Major','Meng','MMeng@hotmail.com','1234 DaWrong Lane','Flonkerton','MD','12345','780-381-6666');
INSERT INTO RESERVATION VALUES ('20200310QD4228716320781',2200,101,'QD','2020-03-10','2020-03-12',null,'complete');
INSERT INTO INVOICECHARGE VALUES ('20200310QD4228716320781-ch00001','20200310QD4228716320781','2020-03-10',126.65,'Base room charge');
INSERT INTO INVOICECHARGE VALUES ('20200310QD4228716320781-ch00002','20200310QD4228716320781','2020-03-10',65.25,'Cleaning fee');
INSERT INTO PAYMENT VALUES ('20200310QD4228716320781-p00001','20200310QD4228716320781','2020-03-12','CC',191.9,'Major Meng','5407116504904028',10,2023,182,'Mastercard');
-- ------- SAMPLE 1201 ----------
INSERT INTO GUEST VALUES(2201,'Shawna','Schmit','SSchmit@hotmail.com','1234 DaWrong Lane','Flonkerton','MD','12345','843-783-2651');
INSERT INTO RESERVATION VALUES ('20210221KS5836234927550',2201,null,'KS','2021-02-21','2021-02-24',null,'active');
INSERT INTO INVOICECHARGE VALUES ('20210221KS5836234927550-ch00001','20210221KS5836234927550','2021-02-21',319.84,'Base room charge');
INSERT INTO PAYMENT (payment_id,invoice_id,payment_date,payment_type,payment_amount) VALUES ('20210221KS5836234927550-p00001','20210221KS5836234927550','2021-02-23','CA',125);
-- ------- SAMPLE 1202 ----------
INSERT INTO GUEST VALUES(2202,'Asa','Allan','AAllan@hotmail.com','1234 DaWrong Lane','Flonkerton','MD','12345','226-412-8879');
INSERT INTO RESERVATION VALUES ('20190417KJ2490912767032',2202,119,'KJ','2019-04-17','2019-04-21',null,'complete');
INSERT INTO INVOICECHARGE VALUES ('20190417KJ2490912767032-ch00001','20190417KJ2490912767032','2019-04-17',365.91,'Base room charge');
INSERT INTO INVOICECHARGE VALUES ('20190417KJ2490912767032-ch00002','20190417KJ2490912767032','2019-04-17',188.5,'Cleaning fee');
INSERT INTO PAYMENT VALUES ('20190417KJ2490912767032-p00001','20190417KJ2490912767032','2019-04-19','CC',554.41,'Asa Allan','2851103845899771',7,2026,450,'Mastercard');
-- ------- SAMPLE 1203 ----------
INSERT INTO GUEST VALUES(2203,'Kathey','Kingston','KKingston@yahoo.com','1234 DaWrong Lane','Flonkerton','MD','12345','050-839-7287');
INSERT INTO RESERVATION VALUES ('20210205KJ5225887324394',2203,null,'KJ','2021-02-05','2021-02-10',null,'active');
-- ------- SAMPLE 1204 ----------
INSERT INTO GUEST VALUES(2204,'Stacie','Schupp','SSchupp@hotmail.com','1234 DaWrong Lane','Flonkerton','MD','12345','820-479-5441');
INSERT INTO RESERVATION VALUES ('20190106KJ7261158467189',2204,109,'KJ','2019-01-06','2019-01-10',null,'complete');
INSERT INTO INVOICECHARGE VALUES ('20190106KJ7261158467189-ch00001','20190106KJ7261158467189','2019-01-06',365.91,'Base room charge');
INSERT INTO INVOICECHARGE VALUES ('20190106KJ7261158467189-ch00002','20190106KJ7261158467189','2019-01-06',188.5,'Cleaning fee');
INSERT INTO PAYMENT (payment_id,invoice_id,payment_date,payment_type,payment_amount) VALUES ('20190106KJ7261158467189-p00001','20190106KJ7261158467189','2019-01-08','CA',554.41);
-- ------- SAMPLE 1205 ----------
INSERT INTO GUEST VALUES(2205,'Delsie','Delong','DDelong@hotmail.com','1234 DaWrong Lane','Flonkerton','MD','12345','104-673-7211');
INSERT INTO RESERVATION VALUES ('20180901KJ7024204956151',2205,114,'KJ','2018-09-01','2018-09-05',null,'complete');
INSERT INTO INVOICECHARGE VALUES ('20180901KJ7024204956151-ch00001','20180901KJ7024204956151','2018-09-01',365.91,'Base room charge');
INSERT INTO INVOICECHARGE VALUES ('20180901KJ7024204956151-ch00002','20180901KJ7024204956151','2018-09-01',188.5,'Room Service');
INSERT INTO PAYMENT VALUES ('20180901KJ7024204956151-p00001','20180901KJ7024204956151','2018-09-03','CC',554.41,'Delsie Delong','1249536751738818',10,2021,605,'Mastercard');
-- ------- SAMPLE 1206 ----------
INSERT INTO GUEST VALUES(2206,'Hedwig','Hinz','HHinz@gmail.com','1234 DaWrong Lane','Flonkerton','MD','12345','406-653-5103');
INSERT INTO RESERVATION VALUES ('20190929QS3564503922654',2206,207,'QS','2019-09-29','2019-10-03',null,'complete');
INSERT INTO INVOICECHARGE VALUES ('20190929QS3564503922654-ch00001','20190929QS3564503922654','2019-09-29',469.11,'Base room charge');
INSERT INTO PAYMENT VALUES ('20190929QS3564503922654-p00001','20190929QS3564503922654','2019-10-01','CC',469.11,'Hedwig Hinz','8143271494835432',1,2022,348,'Mastercard');
-- ------- SAMPLE 1207 ----------
INSERT INTO GUEST VALUES(2207,'Dane','Dumond','DDumond@hotmail.com','1234 DaWrong Lane','Flonkerton','MD','12345','623-347-4879');
INSERT INTO RESERVATION VALUES ('20191111KI3646929863986',2207,204,'KI','2019-11-11','2019-11-15',null,'cancelled');
INSERT INTO INVOICECHARGE VALUES ('20191111KI3646929863986-ch00001','20191111KI3646929863986','2019-11-11',341.16,'Base room charge');
INSERT INTO PAYMENT (payment_id,invoice_id,payment_date,payment_type,payment_amount) VALUES ('20191111KI3646929863986-p00001','20191111KI3646929863986','2019-11-13','CA',341.16);
-- ------- SAMPLE 1208 ----------
INSERT INTO GUEST VALUES(2208,'Ngan','Nalley','NNalley@hotmail.com','1234 DaWrong Lane','Flonkerton','MD','12345','999-678-1502');
INSERT INTO RESERVATION VALUES ('20190308KJ5924989199430',2208,104,'KJ','2019-03-08','2019-03-09',null,'complete');
INSERT INTO INVOICECHARGE VALUES ('20190308KJ5924989199430-ch00001','20190308KJ5924989199430','2019-03-08',91.48,'Base room charge');
INSERT INTO INVOICECHARGE VALUES ('20190308KJ5924989199430-ch00002','20190308KJ5924989199430','2019-03-08',47.12,'Room Service');
INSERT INTO PAYMENT (payment_id,invoice_id,payment_date,payment_type,payment_amount) VALUES ('20190308KJ5924989199430-p00001','20190308KJ5924989199430','2019-03-10','CA',138.6);
-- ------- SAMPLE 1209 ----------
INSERT INTO GUEST VALUES(2209,'Corene','Carmody','CCarmody@yahoo.com','1234 DaWrong Lane','Flonkerton','MD','12345','689-030-3225');
INSERT INTO RESERVATION VALUES ('20190101QS3416286862413',2209,118,'QS','2019-01-01','2019-01-02',null,'complete');
INSERT INTO INVOICECHARGE VALUES ('20190101QS3416286862413-ch00001','20190101QS3416286862413','2019-01-01',77.4,'Base room charge');
INSERT INTO INVOICECHARGE VALUES ('20190101QS3416286862413-ch00002','20190101QS3416286862413','2019-01-01',39.88,'Cleaning fee');
INSERT INTO PAYMENT VALUES ('20190101QS3416286862413-p00001','20190101QS3416286862413','2019-01-03','CC',117.28,'Corene Carmody','2111507890383402',10,2024,73,'Mastercard');
-- ------- SAMPLE 1210 ----------
INSERT INTO GUEST VALUES(2210,'Aretha','Acy','AAcy@yahoo.com','1234 DaWrong Lane','Flonkerton','MD','12345','878-148-4992');
INSERT INTO RESERVATION VALUES ('20180522KS9439235822420',2210,112,'KS','2018-05-22','2018-05-23',null,'complete');
INSERT INTO INVOICECHARGE VALUES ('20180522KS9439235822420-ch00001','20180522KS9439235822420','2018-05-22',70.36,'Base room charge');
INSERT INTO INVOICECHARGE VALUES ('20180522KS9439235822420-ch00002','20180522KS9439235822420','2018-05-22',36.25,'Room Service');
INSERT INTO PAYMENT VALUES ('20180522KS9439235822420-p00001','20180522KS9439235822420','2018-05-24','CC',106.61,'Aretha Acy','2640736224178639',2,2026,365,'Mastercard');
-- ------- SAMPLE 1211 ----------
INSERT INTO GUEST VALUES(2211,'Maryann','Mccutcheon','MMccutcheon@yahoo.com','1234 DaWrong Lane','Flonkerton','MD','12345','532-414-6469');
INSERT INTO RESERVATION VALUES ('20180820QS7828158487753',2211,207,'QS','2018-08-20','2018-08-21',null,'complete');
INSERT INTO INVOICECHARGE VALUES ('20180820QS7828158487753-ch00001','20180820QS7828158487753','2018-08-20',77.4,'Base room charge');
INSERT INTO INVOICECHARGE VALUES ('20180820QS7828158487753-ch00002','20180820QS7828158487753','2018-08-20',39.88,'Cleaning fee');
INSERT INTO PAYMENT VALUES ('20180820QS7828158487753-p00001','20180820QS7828158487753','2018-08-22','CC',117.28,'Maryann Mccutcheon','9125880226397475',8,2024,748,'Mastercard');
-- ------- SAMPLE 1212 ----------
INSERT INTO GUEST VALUES(2212,'Deandre','Defore','DDefore@gmail.com','1234 DaWrong Lane','Flonkerton','MD','12345','888-370-8320');
INSERT INTO RESERVATION VALUES ('20191012KS6385202223496',2212,102,'KS','2019-10-12','2019-10-14',null,'complete');
INSERT INTO INVOICECHARGE VALUES ('20191012KS6385202223496-ch00001','20191012KS6385202223496','2019-10-12',140.73,'Base room charge');
INSERT INTO INVOICECHARGE VALUES ('20191012KS6385202223496-ch00002','20191012KS6385202223496','2019-10-12',72.5,'Room Service');
INSERT INTO PAYMENT VALUES ('20191012KS6385202223496-p00001','20191012KS6385202223496','2019-10-14','CC',213.23,'Deandre Defore','3727020039243682',1,2021,50,'Mastercard');
-- ------- SAMPLE 1213 ----------
INSERT INTO GUEST VALUES(2213,'Mandi','Mcwain','MMcwain@yahoo.com','1234 DaWrong Lane','Flonkerton','MD','12345','543-751-7292');
INSERT INTO RESERVATION VALUES ('20200718QS7228339376116',2213,null,'QS','2020-07-18','2020-07-22',null,'active');
INSERT INTO INVOICECHARGE VALUES ('20200718QS7228339376116-ch00001','20200718QS7228339376116','2020-07-18',469.11,'Base room charge');
INSERT INTO PAYMENT VALUES ('20200718QS7228339376116-p00001','20200718QS7228339376116','2020-07-20','CC',469.11,'Mandi Mcwain','7067933180737017',12,2027,905,'Mastercard');
-- ------- SAMPLE 1214 ----------
INSERT INTO GUEST VALUES(2214,'Dane','Dumond','DDumond@hotmail.com','1234 DaWrong Lane','Flonkerton','MD','12345','830-591-8610');
INSERT INTO RESERVATION VALUES ('20181205KJ9022410522851',2214,203,'KJ','2018-12-05','2018-12-08',null,'complete');
INSERT INTO INVOICECHARGE VALUES ('20181205KJ9022410522851-ch00001','20181205KJ9022410522851','2018-12-05',274.43,'Base room charge');
INSERT INTO INVOICECHARGE VALUES ('20181205KJ9022410522851-ch00002','20181205KJ9022410522851','2018-12-05',141.38,'Room Service');
INSERT INTO PAYMENT VALUES ('20181205KJ9022410522851-p00001','20181205KJ9022410522851','2018-12-07','CC',415.81,'Dane Dumond','7367476301407922',6,2023,986,'Mastercard');
-- ------- SAMPLE 1215 ----------
INSERT INTO GUEST VALUES(2215,'Deangelo','Deloera','DDeloera@hotmail.com','1234 DaWrong Lane','Flonkerton','MD','12345','028-009-7808');
INSERT INTO RESERVATION VALUES ('20191213QD4713928138078',2215,205,'QD','2019-12-13','2019-12-16',null,'complete');
INSERT INTO INVOICECHARGE VALUES ('20191213QD4713928138078-ch00001','20191213QD4713928138078','2019-12-13',189.99,'Base room charge');
INSERT INTO INVOICECHARGE VALUES ('20191213QD4713928138078-ch00002','20191213QD4713928138078','2019-12-13',97.87,'Room Service');
INSERT INTO PAYMENT (payment_id,invoice_id,payment_date,payment_type,payment_amount) VALUES ('20191213QD4713928138078-p00001','20191213QD4713928138078','2019-12-15','CA',287.86);
-- ------- SAMPLE 1216 ----------
INSERT INTO GUEST VALUES(2216,'Rossana','Running','RRunning@gmail.com','1234 DaWrong Lane','Flonkerton','MD','12345','169-532-6645');
INSERT INTO RESERVATION VALUES ('20180730QS5523115101334',2216,113,'QS','2018-07-30','2018-08-02',null,'complete');
INSERT INTO INVOICECHARGE VALUES ('20180730QS5523115101334-ch00001','20180730QS5523115101334','2018-07-30',232.21,'Base room charge');
INSERT INTO INVOICECHARGE VALUES ('20180730QS5523115101334-ch00002','20180730QS5523115101334','2018-07-30',119.62,'Room Service');
INSERT INTO PAYMENT VALUES ('20180730QS5523115101334-p00001','20180730QS5523115101334','2018-08-01','CC',351.83,'Rossana Running','8157583643999639',12,2023,231,'Mastercard');
-- ------- SAMPLE 1217 ----------
INSERT INTO GUEST VALUES(2217,'Rossana','Running','RRunning@yahoo.com','1234 DaWrong Lane','Flonkerton','MD','12345','502-485-2363');
INSERT INTO RESERVATION VALUES ('20200225KJ2596787625286',2217,203,'KJ','2020-02-25','2020-02-28',null,'complete');
INSERT INTO INVOICECHARGE VALUES ('20200225KJ2596787625286-ch00001','20200225KJ2596787625286','2020-02-25',274.43,'Base room charge');
INSERT INTO INVOICECHARGE VALUES ('20200225KJ2596787625286-ch00002','20200225KJ2596787625286','2020-02-25',141.38,'Cleaning fee');
INSERT INTO PAYMENT VALUES ('20200225KJ2596787625286-p00001','20200225KJ2596787625286','2020-02-27','CC',415.81,'Rossana Running','3569937336762691',7,2023,727,'Mastercard');
-- ------- SAMPLE 1218 ----------
INSERT INTO GUEST VALUES(2218,'Liliana','Lueck','LLueck@yahoo.com','1234 DaWrong Lane','Flonkerton','MD','12345','216-545-7410');
INSERT INTO RESERVATION VALUES ('20201122KS9180803006094',2218,null,'KS','2020-11-22','2020-11-24',null,'active');
-- ------- SAMPLE 1219 ----------
INSERT INTO GUEST VALUES(2219,'Walker','Weatherhead','WWeatherhead@gmail.com','1234 DaWrong Lane','Flonkerton','MD','12345','130-798-9797');
INSERT INTO RESERVATION VALUES ('20210222QS4761001563767',2219,null,'QS','2021-02-22','2021-02-25',null,'active');
-- ------- SAMPLE 1220 ----------
INSERT INTO GUEST VALUES(2220,'Jamey','Jen','JJen@yahoo.com','1234 DaWrong Lane','Flonkerton','MD','12345','870-531-4620');
INSERT INTO RESERVATION VALUES ('20180731KI8932581146966',2220,115,'KI','2018-07-31','2018-08-02',null,'complete');
INSERT INTO INVOICECHARGE VALUES ('20180731KI8932581146966-ch00001','20180731KI8932581146966','2018-07-31',112.58,'Base room charge');
INSERT INTO INVOICECHARGE VALUES ('20180731KI8932581146966-ch00002','20180731KI8932581146966','2018-07-31',58,'Room Service');
INSERT INTO PAYMENT (payment_id,invoice_id,payment_date,payment_type,payment_amount) VALUES ('20180731KI8932581146966-p00001','20180731KI8932581146966','2018-08-02','CA',170.58);
-- ------- SAMPLE 1221 ----------
INSERT INTO GUEST VALUES(2221,'Dorothea','Dipaolo','DDipaolo@gmail.com','1234 DaWrong Lane','Flonkerton','MD','12345','127-833-9085');
INSERT INTO RESERVATION VALUES ('20210421KI1681513885422',2221,null,'KI','2021-04-21','2021-04-26',null,'active');
INSERT INTO INVOICECHARGE VALUES ('20210421KI1681513885422-ch00001','20210421KI1681513885422','2021-04-21',426.45,'Base room charge');
INSERT INTO PAYMENT (payment_id,invoice_id,payment_date,payment_type,payment_amount) VALUES ('20210421KI1681513885422-p00001','20210421KI1681513885422','2021-04-23','CA',426.45);
-- ------- SAMPLE 1222 ----------
INSERT INTO GUEST VALUES(2222,'Natalya','Neathery','NNeathery@gmail.com','1234 DaWrong Lane','Flonkerton','MD','12345','334-489-7967');
INSERT INTO RESERVATION VALUES ('20200814KS6680038368551',2222,null,'KS','2020-08-14','2020-08-19',null,'cancelled');
INSERT INTO INVOICECHARGE VALUES ('20200814KS6680038368551-ch00001','20200814KS6680038368551','2020-08-14',351.83,'Base room charge');
INSERT INTO INVOICECHARGE VALUES ('20200814KS6680038368551-ch00002','20200814KS6680038368551','2020-08-14',181.24,'Room Service');
INSERT INTO PAYMENT VALUES ('20200814KS6680038368551-p00001','20200814KS6680038368551','2020-08-16','CC',533.07,'Natalya Neathery','7771503874790732',3,2026,10,'Mastercard');
-- ------- SAMPLE 1223 ----------
INSERT INTO GUEST VALUES(2223,'Walter','Wellington','WWellington@gmail.com','1234 DaWrong Lane','Flonkerton','MD','12345','200-164-7244');
INSERT INTO RESERVATION VALUES ('20180523KJ3079320276541',2223,114,'KJ','2018-05-23','2018-05-24',null,'complete');
INSERT INTO INVOICECHARGE VALUES ('20180523KJ3079320276541-ch00001','20180523KJ3079320276541','2018-05-23',91.48,'Base room charge');
INSERT INTO INVOICECHARGE VALUES ('20180523KJ3079320276541-ch00002','20180523KJ3079320276541','2018-05-23',47.12,'Room Service');
INSERT INTO PAYMENT VALUES ('20180523KJ3079320276541-p00001','20180523KJ3079320276541','2018-05-25','CC',138.6,'Walter Wellington','7053875068979519',3,2022,556,'Mastercard');
-- ------- SAMPLE 1224 ----------
INSERT INTO GUEST VALUES(2224,'Adrianna','Aungst','AAungst@hotmail.com','1234 DaWrong Lane','Flonkerton','MD','12345','936-026-7778');
INSERT INTO RESERVATION VALUES ('20180522KI6437269772780',2224,105,'KI','2018-05-22','2018-05-24',null,'cancelled');
INSERT INTO INVOICECHARGE VALUES ('20180522KI6437269772780-ch00001','20180522KI6437269772780','2018-05-22',170.58,'Base room charge');
INSERT INTO PAYMENT VALUES ('20180522KI6437269772780-p00001','20180522KI6437269772780','2018-05-24','CC',170.58,'Adrianna Aungst','1124981319804230',7,2025,854,'Mastercard');
-- ------- SAMPLE 1225 ----------
INSERT INTO GUEST VALUES(2225,'Bessie','Buhler','BBuhler@yahoo.com','1234 DaWrong Lane','Flonkerton','MD','12345','662-202-3927');
INSERT INTO RESERVATION VALUES ('20200326KJ1738027885698',2225,119,'KJ','2020-03-26','2020-03-28',null,'complete');
INSERT INTO INVOICECHARGE VALUES ('20200326KJ1738027885698-ch00001','20200326KJ1738027885698','2020-03-26',182.95,'Base room charge');
INSERT INTO INVOICECHARGE VALUES ('20200326KJ1738027885698-ch00002','20200326KJ1738027885698','2020-03-26',94.25,'Cleaning fee');
INSERT INTO PAYMENT VALUES ('20200326KJ1738027885698-p00001','20200326KJ1738027885698','2020-03-28','CC',277.2,'Bessie Buhler','1951979731145434',5,2022,828,'Mastercard');
-- ------- SAMPLE 1226 ----------
INSERT INTO GUEST VALUES(2226,'Irma','Irby','IIrby@yahoo.com','1234 DaWrong Lane','Flonkerton','MD','12345','235-672-7863');
INSERT INTO RESERVATION VALUES ('20200528QD3682532809181',2226,null,'QD','2020-05-28','2020-06-01',null,'active');
-- ------- SAMPLE 1227 ----------
INSERT INTO GUEST VALUES(2227,'Francie','Fairbank','FFairbank@gmail.com','1234 DaWrong Lane','Flonkerton','MD','12345','136-172-4540');
INSERT INTO RESERVATION VALUES ('20191125QS7431584265680',2227,118,'QS','2019-11-25','2019-11-30',null,'complete');
INSERT INTO INVOICECHARGE VALUES ('20191125QS7431584265680-ch00001','20191125QS7431584265680','2019-11-25',586.38,'Base room charge');
INSERT INTO PAYMENT VALUES ('20191125QS7431584265680-p00001','20191125QS7431584265680','2019-11-27','CC',586.38,'Francie Fairbank','6830307153864443',4,2023,778,'Mastercard');
-- ------- SAMPLE 1228 ----------
INSERT INTO GUEST VALUES(2228,'Buford','Biddy','BBiddy@yahoo.com','1234 DaWrong Lane','Flonkerton','MD','12345','946-591-3064');
INSERT INTO RESERVATION VALUES ('20190411KJ8208990336465',2228,208,'KJ','2019-04-11','2019-04-16',null,'complete');
INSERT INTO INVOICECHARGE VALUES ('20190411KJ8208990336465-ch00001','20190411KJ8208990336465','2019-04-11',693.01,'Base room charge');
INSERT INTO PAYMENT (payment_id,invoice_id,payment_date,payment_type,payment_amount) VALUES ('20190411KJ8208990336465-p00001','20190411KJ8208990336465','2019-04-13','CA',693.01);
-- ------- SAMPLE 1229 ----------
INSERT INTO GUEST VALUES(2229,'Linwood','Layden','LLayden@gmail.com','1234 DaWrong Lane','Flonkerton','MD','12345','212-913-5041');
INSERT INTO RESERVATION VALUES ('20191126QS8944973547197',2229,113,'QS','2019-11-26','2019-12-01',null,'complete');
INSERT INTO INVOICECHARGE VALUES ('20191126QS8944973547197-ch00001','20191126QS8944973547197','2019-11-26',387.01,'Base room charge');
INSERT INTO INVOICECHARGE VALUES ('20191126QS8944973547197-ch00002','20191126QS8944973547197','2019-11-26',199.37,'Cleaning fee');
INSERT INTO PAYMENT VALUES ('20191126QS8944973547197-p00001','20191126QS8944973547197','2019-11-28','CC',586.38,'Linwood Layden','8340206495253092',9,2024,195,'Mastercard');
-- ------- SAMPLE 1230 ----------
INSERT INTO GUEST VALUES(2230,'Doyle','Dykema','DDykema@hotmail.com','1234 DaWrong Lane','Flonkerton','MD','12345','442-574-6217');
INSERT INTO RESERVATION VALUES ('20191128KJ2014537300921',2230,208,'KJ','2019-11-28','2019-12-03',null,'complete');
INSERT INTO INVOICECHARGE VALUES ('20191128KJ2014537300921-ch00001','20191128KJ2014537300921','2019-11-28',457.39,'Base room charge');
INSERT INTO INVOICECHARGE VALUES ('20191128KJ2014537300921-ch00002','20191128KJ2014537300921','2019-11-28',235.62,'Cleaning fee');
INSERT INTO PAYMENT (payment_id,invoice_id,payment_date,payment_type,payment_amount) VALUES ('20191128KJ2014537300921-p00001','20191128KJ2014537300921','2019-11-30','CA',693.01);
-- ------- SAMPLE 1231 ----------
INSERT INTO GUEST VALUES(2231,'Collin','Chaparro','CChaparro@hotmail.com','1234 DaWrong Lane','Flonkerton','MD','12345','189-271-4041');
INSERT INTO RESERVATION VALUES ('20190704KJ2430839474186',2231,119,'KJ','2019-07-04','2019-07-05',null,'complete');
INSERT INTO INVOICECHARGE VALUES ('20190704KJ2430839474186-ch00001','20190704KJ2430839474186','2019-07-04',91.48,'Base room charge');
INSERT INTO INVOICECHARGE VALUES ('20190704KJ2430839474186-ch00002','20190704KJ2430839474186','2019-07-04',47.12,'Room Service');
INSERT INTO PAYMENT VALUES ('20190704KJ2430839474186-p00001','20190704KJ2430839474186','2019-07-06','CC',138.6,'Collin Chaparro','9320236331861429',4,2024,635,'Mastercard');
-- ------- SAMPLE 1232 ----------
INSERT INTO GUEST VALUES(2232,'Selene','Staiger','SStaiger@hotmail.com','1234 DaWrong Lane','Flonkerton','MD','12345','959-420-5674');
INSERT INTO RESERVATION VALUES ('20190616KI5876540710245',2232,115,'KI','2019-06-16','2019-06-20',null,'complete');
INSERT INTO INVOICECHARGE VALUES ('20190616KI5876540710245-ch00001','20190616KI5876540710245','2019-06-16',341.16,'Base room charge');
INSERT INTO PAYMENT (payment_id,invoice_id,payment_date,payment_type,payment_amount) VALUES ('20190616KI5876540710245-p00001','20190616KI5876540710245','2019-06-18','CA',341.16);
-- ------- SAMPLE 1233 ----------
INSERT INTO GUEST VALUES(2233,'Corene','Carmody','CCarmody@hotmail.com','1234 DaWrong Lane','Flonkerton','MD','12345','005-799-2416');
INSERT INTO RESERVATION VALUES ('20180809QS3342040904411',2233,113,'QS','2018-08-09','2018-08-13',null,'cancelled');
INSERT INTO INVOICECHARGE VALUES ('20180809QS3342040904411-ch00001','20180809QS3342040904411','2018-08-09',309.61,'Base room charge');
INSERT INTO INVOICECHARGE VALUES ('20180809QS3342040904411-ch00002','20180809QS3342040904411','2018-08-09',159.5,'Room Service');
INSERT INTO PAYMENT VALUES ('20180809QS3342040904411-p00001','20180809QS3342040904411','2018-08-11','CC',469.11,'Corene Carmody','5586181166400528',3,2024,980,'Mastercard');
-- ------- SAMPLE 1234 ----------
INSERT INTO GUEST VALUES(2234,'Gwyneth','Gamber','GGamber@yahoo.com','1234 DaWrong Lane','Flonkerton','MD','12345','628-923-7396');
INSERT INTO RESERVATION VALUES ('20200628KI8957673853833',2234,null,'KI','2020-06-28','2020-07-02',null,'active');
-- ------- SAMPLE 1235 ----------
INSERT INTO GUEST VALUES(2235,'Laraine','Lazar','LLazar@gmail.com','1234 DaWrong Lane','Flonkerton','MD','12345','097-388-2524');
INSERT INTO RESERVATION VALUES ('20190118QD8651597549116',2235,205,'QD','2019-01-18','2019-01-22',null,'complete');
INSERT INTO INVOICECHARGE VALUES ('20190118QD8651597549116-ch00001','20190118QD8651597549116','2019-01-18',253.31,'Base room charge');
INSERT INTO INVOICECHARGE VALUES ('20190118QD8651597549116-ch00002','20190118QD8651597549116','2019-01-18',130.5,'Cleaning fee');
INSERT INTO PAYMENT VALUES ('20190118QD8651597549116-p00001','20190118QD8651597549116','2019-01-20','CC',383.81,'Laraine Lazar','2389854983281562',10,2026,426,'Mastercard');
-- ------- SAMPLE 1236 ----------
INSERT INTO GUEST VALUES(2236,'Stacie','Schupp','SSchupp@hotmail.com','1234 DaWrong Lane','Flonkerton','MD','12345','426-537-2809');
INSERT INTO RESERVATION VALUES ('20180816KS7802442378461',2236,206,'KS','2018-08-16','2018-08-21',null,'complete');
INSERT INTO INVOICECHARGE VALUES ('20180816KS7802442378461-ch00001','20180816KS7802442378461','2018-08-16',351.83,'Base room charge');
INSERT INTO INVOICECHARGE VALUES ('20180816KS7802442378461-ch00002','20180816KS7802442378461','2018-08-16',181.24,'Room Service');
INSERT INTO PAYMENT VALUES ('20180816KS7802442378461-p00001','20180816KS7802442378461','2018-08-18','CC',533.07,'Stacie Schupp','7252010380089007',3,2022,207,'Mastercard');
-- ------- SAMPLE 1237 ----------
INSERT INTO GUEST VALUES(2237,'Freida','Forbis','FForbis@yahoo.com','1234 DaWrong Lane','Flonkerton','MD','12345','194-644-6876');
INSERT INTO RESERVATION VALUES ('20210503KS8756782358849',2237,null,'KS','2021-05-03','2021-05-05',null,'cancelled');
-- ------- SAMPLE 1238 ----------
INSERT INTO GUEST VALUES(2238,'Bell','Belizaire','BBelizaire@yahoo.com','1234 DaWrong Lane','Flonkerton','MD','12345','509-914-6805');
INSERT INTO RESERVATION VALUES ('20191218KJ4118526760063',2238,208,'KJ','2019-12-18','2019-12-19',null,'complete');
INSERT INTO INVOICECHARGE VALUES ('20191218KJ4118526760063-ch00001','20191218KJ4118526760063','2019-12-18',91.48,'Base room charge');
INSERT INTO INVOICECHARGE VALUES ('20191218KJ4118526760063-ch00002','20191218KJ4118526760063','2019-12-18',47.12,'Cleaning fee');
INSERT INTO PAYMENT (payment_id,invoice_id,payment_date,payment_type,payment_amount) VALUES ('20191218KJ4118526760063-p00001','20191218KJ4118526760063','2019-12-20','CA',138.6);
-- ------- SAMPLE 1239 ----------
INSERT INTO GUEST VALUES(2239,'Rossana','Running','RRunning@yahoo.com','1234 DaWrong Lane','Flonkerton','MD','12345','544-461-3162');
INSERT INTO RESERVATION VALUES ('20201226QD4951369606056',2239,null,'QD','2020-12-26','2020-12-31',null,'active');
INSERT INTO INVOICECHARGE VALUES ('20201226QD4951369606056-ch00001','20201226QD4951369606056','2020-12-26',316.64,'Base room charge');
INSERT INTO INVOICECHARGE VALUES ('20201226QD4951369606056-ch00002','20201226QD4951369606056','2020-12-26',163.12,'Room Service');
INSERT INTO PAYMENT VALUES ('20201226QD4951369606056-p00001','20201226QD4951369606056','2020-12-28','CC',479.76,'Rossana Running','5451154447111770',4,2024,175,'Mastercard');
-- ------- SAMPLE 1240 ----------
INSERT INTO GUEST VALUES(2240,'Jarrett','Janelle','JJanelle@hotmail.com','1234 DaWrong Lane','Flonkerton','MD','12345','971-982-0481');
INSERT INTO RESERVATION VALUES ('20210123QS9718635032985',2240,null,'QS','2021-01-23','2021-01-25',null,'active');
INSERT INTO INVOICECHARGE VALUES ('20210123QS9718635032985-ch00001','20210123QS9718635032985','2021-01-23',154.8,'Base room charge');
INSERT INTO INVOICECHARGE VALUES ('20210123QS9718635032985-ch00002','20210123QS9718635032985','2021-01-23',79.75,'Cleaning fee');
INSERT INTO PAYMENT VALUES ('20210123QS9718635032985-p00001','20210123QS9718635032985','2021-01-25','CC',108,'Jarrett Janelle','6815968335809581',4,2027,528,'Mastercard');
-- ------- SAMPLE 1241 ----------
INSERT INTO GUEST VALUES(2241,'Selene','Staiger','SStaiger@yahoo.com','1234 DaWrong Lane','Flonkerton','MD','12345','351-664-4282');
INSERT INTO RESERVATION VALUES ('20180514KS4358765935963',2241,107,'KS','2018-05-14','2018-05-16',null,'complete');
INSERT INTO INVOICECHARGE VALUES ('20180514KS4358765935963-ch00001','20180514KS4358765935963','2018-05-14',213.23,'Base room charge');
INSERT INTO PAYMENT (payment_id,invoice_id,payment_date,payment_type,payment_amount) VALUES ('20180514KS4358765935963-p00001','20180514KS4358765935963','2018-05-16','CA',213.23);
-- ------- SAMPLE 1242 ----------
INSERT INTO GUEST VALUES(2242,'Lynda','Linda','LLinda@yahoo.com','1234 DaWrong Lane','Flonkerton','MD','12345','742-137-3724');
INSERT INTO RESERVATION VALUES ('20200817KJ2568050110347',2242,null,'KJ','2020-08-17','2020-08-21',null,'active');
INSERT INTO INVOICECHARGE VALUES ('20200817KJ2568050110347-ch00001','20200817KJ2568050110347','2020-08-17',554.41,'Base room charge');
INSERT INTO PAYMENT VALUES ('20200817KJ2568050110347-p00001','20200817KJ2568050110347','2020-08-19','CC',429,'Lynda Linda','2867463688893283',12,2021,333,'Mastercard');
-- ------- SAMPLE 1243 ----------
INSERT INTO GUEST VALUES(2243,'Fonda','Foreman','FForeman@yahoo.com','1234 DaWrong Lane','Flonkerton','MD','12345','099-329-4826');
INSERT INTO RESERVATION VALUES ('20201221QD8040630558482',2243,null,'QD','2020-12-21','2020-12-24',null,'active');
-- ------- SAMPLE 1244 ----------
INSERT INTO GUEST VALUES(2244,'Kandra','Kelty','KKelty@yahoo.com','1234 DaWrong Lane','Flonkerton','MD','12345','047-669-7282');
INSERT INTO RESERVATION VALUES ('20190826KI8726257751268',2244,110,'KI','2019-08-26','2019-08-28',null,'complete');
INSERT INTO INVOICECHARGE VALUES ('20190826KI8726257751268-ch00001','20190826KI8726257751268','2019-08-26',170.58,'Base room charge');
INSERT INTO PAYMENT (payment_id,invoice_id,payment_date,payment_type,payment_amount) VALUES ('20190826KI8726257751268-p00001','20190826KI8726257751268','2019-08-28','CA',170.58);
-- ------- SAMPLE 1245 ----------
INSERT INTO GUEST VALUES(2245,'Marylynn','Musson','MMusson@hotmail.com','1234 DaWrong Lane','Flonkerton','MD','12345','989-309-6162');
INSERT INTO RESERVATION VALUES ('20180714KS5581517174706',2245,206,'KS','2018-07-14','2018-07-15',null,'complete');
INSERT INTO INVOICECHARGE VALUES ('20180714KS5581517174706-ch00001','20180714KS5581517174706','2018-07-14',70.36,'Base room charge');
INSERT INTO INVOICECHARGE VALUES ('20180714KS5581517174706-ch00002','20180714KS5581517174706','2018-07-14',36.25,'Cleaning fee');
INSERT INTO PAYMENT (payment_id,invoice_id,payment_date,payment_type,payment_amount) VALUES ('20180714KS5581517174706-p00001','20180714KS5581517174706','2018-07-16','CA',106.61);
-- ------- SAMPLE 1246 ----------
INSERT INTO GUEST VALUES(2246,'Jamey','Jen','JJen@hotmail.com','1234 DaWrong Lane','Flonkerton','MD','12345','403-193-9063');
INSERT INTO RESERVATION VALUES ('20210309KI9225346597543',2246,null,'KI','2021-03-09','2021-03-12',null,'active');
-- ------- SAMPLE 1247 ----------
INSERT INTO GUEST VALUES(2247,'Shaneka','Stribling','SStribling@hotmail.com','1234 DaWrong Lane','Flonkerton','MD','12345','421-051-2579');
INSERT INTO RESERVATION VALUES ('20200905KI1802691737777',2247,null,'KI','2020-09-05','2020-09-06',null,'active');
INSERT INTO INVOICECHARGE VALUES ('20200905KI1802691737777-ch00001','20200905KI1802691737777','2020-09-05',85.29,'Base room charge');
INSERT INTO PAYMENT VALUES ('20200905KI1802691737777-p00001','20200905KI1802691737777','2020-09-07','CC',85.29,'Shaneka Stribling','2806953851775815',5,2025,649,'Mastercard');
-- ------- SAMPLE 1248 ----------
INSERT INTO GUEST VALUES(2248,'Florentino','Feth','FFeth@hotmail.com','1234 DaWrong Lane','Flonkerton','MD','12345','607-573-5098');
INSERT INTO RESERVATION VALUES ('20200918QD2218039151255',2248,null,'QD','2020-09-18','2020-09-22',null,'active');
-- ------- SAMPLE 1249 ----------
INSERT INTO GUEST VALUES(2249,'Delsie','Dunstan','DDunstan@gmail.com','1234 DaWrong Lane','Flonkerton','MD','12345','919-459-8474');
INSERT INTO RESERVATION VALUES ('20190324KJ4404815239128',2249,104,'KJ','2019-03-24','2019-03-28',null,'complete');
INSERT INTO INVOICECHARGE VALUES ('20190324KJ4404815239128-ch00001','20190324KJ4404815239128','2019-03-24',554.41,'Base room charge');
INSERT INTO PAYMENT (payment_id,invoice_id,payment_date,payment_type,payment_amount) VALUES ('20190324KJ4404815239128-p00001','20190324KJ4404815239128','2019-03-26','CA',554.41);
-- ------- SAMPLE 1250 ----------
INSERT INTO GUEST VALUES(2250,'Joann','Joplin','JJoplin@yahoo.com','1234 DaWrong Lane','Flonkerton','MD','12345','541-483-9428');
INSERT INTO RESERVATION VALUES ('20190315KI4324037305071',2250,110,'KI','2019-03-15','2019-03-16',null,'complete');
INSERT INTO INVOICECHARGE VALUES ('20190315KI4324037305071-ch00001','20190315KI4324037305071','2019-03-15',56.29,'Base room charge');
INSERT INTO INVOICECHARGE VALUES ('20190315KI4324037305071-ch00002','20190315KI4324037305071','2019-03-15',29,'Cleaning fee');
INSERT INTO PAYMENT VALUES ('20190315KI4324037305071-p00001','20190315KI4324037305071','2019-03-17','CC',85.29,'Joann Joplin','2154999197377810',1,2022,609,'Mastercard');
-- ------- SAMPLE 1251 ----------
INSERT INTO GUEST VALUES(2251,'Melony','Mcmartin','MMcmartin@hotmail.com','1234 DaWrong Lane','Flonkerton','MD','12345','689-737-9323');
INSERT INTO RESERVATION VALUES ('20190605KS9486712720584',2251,206,'KS','2019-06-05','2019-06-06',null,'complete');
INSERT INTO INVOICECHARGE VALUES ('20190605KS9486712720584-ch00001','20190605KS9486712720584','2019-06-05',70.36,'Base room charge');
INSERT INTO INVOICECHARGE VALUES ('20190605KS9486712720584-ch00002','20190605KS9486712720584','2019-06-05',36.25,'Cleaning fee');
INSERT INTO PAYMENT VALUES ('20190605KS9486712720584-p00001','20190605KS9486712720584','2019-06-07','CC',106.61,'Melony Mcmartin','4757332001436816',7,2024,15,'Mastercard');
-- ------- SAMPLE 1252 ----------
INSERT INTO GUEST VALUES(2252,'Corene','Carmody','CCarmody@hotmail.com','1234 DaWrong Lane','Flonkerton','MD','12345','975-215-6952');
INSERT INTO RESERVATION VALUES ('20190608QD6956252087119',2252,106,'QD','2019-06-08','2019-06-13',null,'complete');
INSERT INTO INVOICECHARGE VALUES ('20190608QD6956252087119-ch00001','20190608QD6956252087119','2019-06-08',479.76,'Base room charge');
INSERT INTO PAYMENT VALUES ('20190608QD6956252087119-p00001','20190608QD6956252087119','2019-06-10','CC',479.76,'Corene Carmody','3504398942112358',7,2023,190,'Mastercard');
-- ------- SAMPLE 1253 ----------
INSERT INTO GUEST VALUES(2253,'Deangelo','Deloera','DDeloera@hotmail.com','1234 DaWrong Lane','Flonkerton','MD','12345','776-018-7768');
INSERT INTO RESERVATION VALUES ('20180629QD8219715556678',2253,106,'QD','2018-06-29','2018-07-04',null,'cancelled');
INSERT INTO INVOICECHARGE VALUES ('20180629QD8219715556678-ch00001','20180629QD8219715556678','2018-06-29',479.76,'Base room charge');
INSERT INTO PAYMENT VALUES ('20180629QD8219715556678-p00001','20180629QD8219715556678','2018-07-01','CC',479.76,'Deangelo Deloera','8949729118108820',2,2026,419,'Mastercard');
-- ------- SAMPLE 1254 ----------
INSERT INTO GUEST VALUES(2254,'Dorothea','Dipaolo','DDipaolo@gmail.com','1234 DaWrong Lane','Flonkerton','MD','12345','136-311-8146');
INSERT INTO RESERVATION VALUES ('20191123KI9430220943677',2254,120,'KI','2019-11-23','2019-11-24',null,'complete');
INSERT INTO INVOICECHARGE VALUES ('20191123KI9430220943677-ch00001','20191123KI9430220943677','2019-11-23',56.29,'Base room charge');
INSERT INTO INVOICECHARGE VALUES ('20191123KI9430220943677-ch00002','20191123KI9430220943677','2019-11-23',29,'Cleaning fee');
INSERT INTO PAYMENT VALUES ('20191123KI9430220943677-p00001','20191123KI9430220943677','2019-11-25','CC',85.29,'Dorothea Dipaolo','7030528163348541',12,2022,993,'Mastercard');
-- ------- SAMPLE 1255 ----------
INSERT INTO GUEST VALUES(2255,'Edmundo','Erickson','EErickson@hotmail.com','1234 DaWrong Lane','Flonkerton','MD','12345','296-372-5129');
INSERT INTO RESERVATION VALUES ('20190101QD3161292603079',2255,200,'QD','2019-01-01','2019-01-03',null,'cancelled');
INSERT INTO INVOICECHARGE VALUES ('20190101QD3161292603079-ch00001','20190101QD3161292603079','2019-01-01',191.9,'Base room charge');
INSERT INTO PAYMENT VALUES ('20190101QD3161292603079-p00001','20190101QD3161292603079','2019-01-03','CC',191.9,'Edmundo Erickson','4539041795233402',7,2021,354,'Mastercard');
-- ------- SAMPLE 1256 ----------
INSERT INTO GUEST VALUES(2256,'Jenna','Jesse','JJesse@yahoo.com','1234 DaWrong Lane','Flonkerton','MD','12345','544-212-1914');
INSERT INTO RESERVATION VALUES ('20180516KS5841900491873',2256,206,'KS','2018-05-16','2018-05-17',null,'complete');
INSERT INTO INVOICECHARGE VALUES ('20180516KS5841900491873-ch00001','20180516KS5841900491873','2018-05-16',70.36,'Base room charge');
INSERT INTO INVOICECHARGE VALUES ('20180516KS5841900491873-ch00002','20180516KS5841900491873','2018-05-16',36.25,'Cleaning fee');
INSERT INTO PAYMENT VALUES ('20180516KS5841900491873-p00001','20180516KS5841900491873','2018-05-18','CC',106.61,'Jenna Jesse','8720084962914935',7,2026,584,'Mastercard');
-- ------- SAMPLE 1257 ----------
INSERT INTO GUEST VALUES(2257,'Shenna','Salmi','SSalmi@yahoo.com','1234 DaWrong Lane','Flonkerton','MD','12345','331-506-8418');
INSERT INTO RESERVATION VALUES ('20210406KI3335474850658',2257,null,'KI','2021-04-06','2021-04-09',null,'active');
INSERT INTO INVOICECHARGE VALUES ('20210406KI3335474850658-ch00001','20210406KI3335474850658','2021-04-06',168.87,'Base room charge');
INSERT INTO INVOICECHARGE VALUES ('20210406KI3335474850658-ch00002','20210406KI3335474850658','2021-04-06',87,'Room Service');
INSERT INTO PAYMENT VALUES ('20210406KI3335474850658-p00001','20210406KI3335474850658','2021-04-08','CC',255.87,'Shenna Salmi','9928837172848653',11,2026,744,'Mastercard');
-- ------- SAMPLE 1258 ----------
INSERT INTO GUEST VALUES(2258,'Marylynn','Musson','MMusson@gmail.com','1234 DaWrong Lane','Flonkerton','MD','12345','966-879-3616');
INSERT INTO RESERVATION VALUES ('20181105KI1837980870486',2258,105,'KI','2018-11-05','2018-11-10',null,'complete');
INSERT INTO INVOICECHARGE VALUES ('20181105KI1837980870486-ch00001','20181105KI1837980870486','2018-11-05',281.46,'Base room charge');
INSERT INTO INVOICECHARGE VALUES ('20181105KI1837980870486-ch00002','20181105KI1837980870486','2018-11-05',144.99,'Cleaning fee');
INSERT INTO PAYMENT VALUES ('20181105KI1837980870486-p00001','20181105KI1837980870486','2018-11-07','CC',426.45,'Marylynn Musson','4052762704793224',6,2026,580,'Mastercard');
-- ------- SAMPLE 1259 ----------
INSERT INTO GUEST VALUES(2259,'Leanora','Locke','LLocke@hotmail.com','1234 DaWrong Lane','Flonkerton','MD','12345','006-854-3314');
INSERT INTO RESERVATION VALUES ('20181016QD3434955442878',2259,101,'QD','2018-10-16','2018-10-20',null,'complete');
INSERT INTO INVOICECHARGE VALUES ('20181016QD3434955442878-ch00001','20181016QD3434955442878','2018-10-16',253.31,'Base room charge');
INSERT INTO INVOICECHARGE VALUES ('20181016QD3434955442878-ch00002','20181016QD3434955442878','2018-10-16',130.5,'Cleaning fee');
INSERT INTO PAYMENT (payment_id,invoice_id,payment_date,payment_type,payment_amount) VALUES ('20181016QD3434955442878-p00001','20181016QD3434955442878','2018-10-18','CA',383.81);
-- ------- SAMPLE 1260 ----------
INSERT INTO GUEST VALUES(2260,'Malia','Molden','MMolden@yahoo.com','1234 DaWrong Lane','Flonkerton','MD','12345','821-900-6495');
INSERT INTO RESERVATION VALUES ('20191019QD1534556062218',2260,101,'QD','2019-10-19','2019-10-23',null,'complete');
INSERT INTO INVOICECHARGE VALUES ('20191019QD1534556062218-ch00001','20191019QD1534556062218','2019-10-19',383.81,'Base room charge');
INSERT INTO PAYMENT (payment_id,invoice_id,payment_date,payment_type,payment_amount) VALUES ('20191019QD1534556062218-p00001','20191019QD1534556062218','2019-10-21','CA',383.81);
-- ------- SAMPLE 1261 ----------
INSERT INTO GUEST VALUES(2261,'Buford','Biddy','BBiddy@hotmail.com','1234 DaWrong Lane','Flonkerton','MD','12345','241-989-1056');
INSERT INTO RESERVATION VALUES ('20200702KS6599770442029',2261,null,'KS','2020-07-02','2020-07-03',null,'active');
INSERT INTO INVOICECHARGE VALUES ('20200702KS6599770442029-ch00001','20200702KS6599770442029','2020-07-02',106.61,'Base room charge');
INSERT INTO PAYMENT VALUES ('20200702KS6599770442029-p00001','20200702KS6599770442029','2020-07-04','CC',106.61,'Buford Biddy','1292440162785133',12,2027,708,'Mastercard');
-- ------- SAMPLE 1262 ----------
INSERT INTO GUEST VALUES(2262,'Jarrett','Janelle','JJanelle@yahoo.com','1234 DaWrong Lane','Flonkerton','MD','12345','289-873-9356');
INSERT INTO RESERVATION VALUES ('20190418KI8800033146103',2262,105,'KI','2019-04-18','2019-04-23',null,'complete');
INSERT INTO INVOICECHARGE VALUES ('20190418KI8800033146103-ch00001','20190418KI8800033146103','2019-04-18',426.45,'Base room charge');
INSERT INTO PAYMENT VALUES ('20190418KI8800033146103-p00001','20190418KI8800033146103','2019-04-20','CC',426.45,'Jarrett Janelle','6858483867399555',4,2027,895,'Mastercard');
-- ------- SAMPLE 1263 ----------
INSERT INTO GUEST VALUES(2263,'Floy','Feinstein','FFeinstein@yahoo.com','1234 DaWrong Lane','Flonkerton','MD','12345','341-510-3518');
INSERT INTO RESERVATION VALUES ('20190226QS1906696831522',2263,108,'QS','2019-02-26','2019-03-02',null,'complete');
INSERT INTO INVOICECHARGE VALUES ('20190226QS1906696831522-ch00001','20190226QS1906696831522','2019-02-26',469.11,'Base room charge');
INSERT INTO PAYMENT VALUES ('20190226QS1906696831522-p00001','20190226QS1906696831522','2019-02-28','CC',469.11,'Floy Feinstein','4306956475016095',3,2022,189,'Mastercard');
-- ------- SAMPLE 1264 ----------
INSERT INTO GUEST VALUES(2264,'Lillia','Linen','LLinen@hotmail.com','1234 DaWrong Lane','Flonkerton','MD','12345','633-935-1333');
INSERT INTO RESERVATION VALUES ('20200601KS4302668188860',2264,null,'KS','2020-06-01','2020-06-02',null,'active');
INSERT INTO INVOICECHARGE VALUES ('20200601KS4302668188860-ch00001','20200601KS4302668188860','2020-06-01',106.61,'Base room charge');
INSERT INTO PAYMENT (payment_id,invoice_id,payment_date,payment_type,payment_amount) VALUES ('20200601KS4302668188860-p00001','20200601KS4302668188860','2020-06-03','CA',106.61);
-- ------- SAMPLE 1265 ----------
INSERT INTO GUEST VALUES(2265,'Abdul','Ashe','AAshe@hotmail.com','1234 DaWrong Lane','Flonkerton','MD','12345','309-138-2296');
INSERT INTO RESERVATION VALUES ('20190527KS3391196033745',2265,201,'KS','2019-05-27','2019-05-31',null,'complete');
INSERT INTO INVOICECHARGE VALUES ('20190527KS3391196033745-ch00001','20190527KS3391196033745','2019-05-27',426.46,'Base room charge');
INSERT INTO PAYMENT VALUES ('20190527KS3391196033745-p00001','20190527KS3391196033745','2019-05-29','CC',426.46,'Abdul Ashe','9932622162634194',3,2022,360,'Mastercard');
-- ------- SAMPLE 1266 ----------
INSERT INTO GUEST VALUES(2266,'Fleta','Fickel','FFickel@gmail.com','1234 DaWrong Lane','Flonkerton','MD','12345','516-064-1587');
INSERT INTO RESERVATION VALUES ('20190827QS6198362984364',2266,207,'QS','2019-08-27','2019-08-29',null,'complete');
INSERT INTO INVOICECHARGE VALUES ('20190827QS6198362984364-ch00001','20190827QS6198362984364','2019-08-27',154.8,'Base room charge');
INSERT INTO INVOICECHARGE VALUES ('20190827QS6198362984364-ch00002','20190827QS6198362984364','2019-08-27',79.75,'Cleaning fee');
INSERT INTO PAYMENT (payment_id,invoice_id,payment_date,payment_type,payment_amount) VALUES ('20190827QS6198362984364-p00001','20190827QS6198362984364','2019-08-29','CA',234.55);
-- ------- SAMPLE 1267 ----------
INSERT INTO GUEST VALUES(2267,'Shad','Sitler','SSitler@hotmail.com','1234 DaWrong Lane','Flonkerton','MD','12345','855-357-5363');
INSERT INTO RESERVATION VALUES ('20200128KJ3073510335859',2267,119,'KJ','2020-01-28','2020-02-02',null,'complete');
INSERT INTO INVOICECHARGE VALUES ('20200128KJ3073510335859-ch00001','20200128KJ3073510335859','2020-01-28',457.39,'Base room charge');
INSERT INTO INVOICECHARGE VALUES ('20200128KJ3073510335859-ch00002','20200128KJ3073510335859','2020-01-28',235.62,'Room Service');
INSERT INTO PAYMENT VALUES ('20200128KJ3073510335859-p00001','20200128KJ3073510335859','2020-01-30','CC',693.01,'Shad Sitler','4000131961175050',2,2022,838,'Mastercard');
-- ------- SAMPLE 1268 ----------
INSERT INTO GUEST VALUES(2268,'Claribel','Catanzaro','CCatanzaro@yahoo.com','1234 DaWrong Lane','Flonkerton','MD','12345','710-767-3722');
INSERT INTO RESERVATION VALUES ('20201117QS8949938379138',2268,null,'QS','2020-11-17','2020-11-19',null,'active');
-- ------- SAMPLE 1269 ----------
INSERT INTO GUEST VALUES(2269,'Kenisha','Kane','KKane@gmail.com','1234 DaWrong Lane','Flonkerton','MD','12345','554-467-8528');
INSERT INTO RESERVATION VALUES ('20200213QD2940448863471',2269,106,'QD','2020-02-13','2020-02-15',null,'complete');
INSERT INTO INVOICECHARGE VALUES ('20200213QD2940448863471-ch00001','20200213QD2940448863471','2020-02-13',191.9,'Base room charge');
INSERT INTO PAYMENT VALUES ('20200213QD2940448863471-p00001','20200213QD2940448863471','2020-02-15','CC',191.9,'Kenisha Kane','1228895317687541',5,2026,391,'Mastercard');
-- ------- SAMPLE 1270 ----------
INSERT INTO GUEST VALUES(2270,'Missy','Mcclintock','MMcclintock@yahoo.com','1234 DaWrong Lane','Flonkerton','MD','12345','866-962-1366');
INSERT INTO RESERVATION VALUES ('20191214KS6988436874955',2270,102,'KS','2019-12-14','2019-12-16',null,'complete');
INSERT INTO INVOICECHARGE VALUES ('20191214KS6988436874955-ch00001','20191214KS6988436874955','2019-12-14',213.23,'Base room charge');
INSERT INTO PAYMENT VALUES ('20191214KS6988436874955-p00001','20191214KS6988436874955','2019-12-16','CC',213.23,'Missy Mcclintock','7410592594290537',8,2021,488,'Mastercard');
-- ------- SAMPLE 1271 ----------
INSERT INTO GUEST VALUES(2271,'Jeanene','Jacobo','JJacobo@gmail.com','1234 DaWrong Lane','Flonkerton','MD','12345','512-763-1000');
INSERT INTO RESERVATION VALUES ('20190802KS8610429780465',2271,112,'KS','2019-08-02','2019-08-06',null,'complete');
INSERT INTO INVOICECHARGE VALUES ('20190802KS8610429780465-ch00001','20190802KS8610429780465','2019-08-02',426.46,'Base room charge');
INSERT INTO PAYMENT (payment_id,invoice_id,payment_date,payment_type,payment_amount) VALUES ('20190802KS8610429780465-p00001','20190802KS8610429780465','2019-08-04','CA',426.46);
-- ------- SAMPLE 1272 ----------
INSERT INTO GUEST VALUES(2272,'Jamey','Jen','JJen@gmail.com','1234 DaWrong Lane','Flonkerton','MD','12345','582-451-5550');
INSERT INTO RESERVATION VALUES ('20180930KJ5698747481595',2272,114,'KJ','2018-09-30','2018-10-05',null,'complete');
INSERT INTO INVOICECHARGE VALUES ('20180930KJ5698747481595-ch00001','20180930KJ5698747481595','2018-09-30',457.39,'Base room charge');
INSERT INTO INVOICECHARGE VALUES ('20180930KJ5698747481595-ch00002','20180930KJ5698747481595','2018-09-30',235.62,'Room Service');
INSERT INTO PAYMENT (payment_id,invoice_id,payment_date,payment_type,payment_amount) VALUES ('20180930KJ5698747481595-p00001','20180930KJ5698747481595','2018-10-02','CA',693.01);
-- ------- SAMPLE 1273 ----------
INSERT INTO GUEST VALUES(2273,'Leighann','Leith','LLeith@yahoo.com','1234 DaWrong Lane','Flonkerton','MD','12345','394-815-3807');
INSERT INTO RESERVATION VALUES ('20200918KS1694560372181',2273,null,'KS','2020-09-18','2020-09-21',null,'active');
-- ------- SAMPLE 1274 ----------
INSERT INTO GUEST VALUES(2274,'Selene','Staiger','SStaiger@hotmail.com','1234 DaWrong Lane','Flonkerton','MD','12345','604-066-3507');
INSERT INTO RESERVATION VALUES ('20200131KJ7103957138025',2274,203,'KJ','2020-01-31','2020-02-02',null,'complete');
INSERT INTO INVOICECHARGE VALUES ('20200131KJ7103957138025-ch00001','20200131KJ7103957138025','2020-01-31',277.2,'Base room charge');
INSERT INTO PAYMENT VALUES ('20200131KJ7103957138025-p00001','20200131KJ7103957138025','2020-02-02','CC',277.2,'Selene Staiger','1815749833692796',4,2023,947,'Mastercard');
-- ------- SAMPLE 1275 ----------
INSERT INTO GUEST VALUES(2275,'Shawna','Schmit','SSchmit@gmail.com','1234 DaWrong Lane','Flonkerton','MD','12345','104-698-6674');
INSERT INTO RESERVATION VALUES ('20190318QS6212743418468',2275,113,'QS','2019-03-18','2019-03-20',null,'complete');
INSERT INTO INVOICECHARGE VALUES ('20190318QS6212743418468-ch00001','20190318QS6212743418468','2019-03-18',154.8,'Base room charge');
INSERT INTO INVOICECHARGE VALUES ('20190318QS6212743418468-ch00002','20190318QS6212743418468','2019-03-18',79.75,'Cleaning fee');
INSERT INTO PAYMENT VALUES ('20190318QS6212743418468-p00001','20190318QS6212743418468','2019-03-20','CC',234.55,'Shawna Schmit','8405656486302376',2,2025,115,'Mastercard');
-- ------- SAMPLE 1276 ----------
INSERT INTO GUEST VALUES(2276,'Ngan','Nalley','NNalley@hotmail.com','1234 DaWrong Lane','Flonkerton','MD','12345','373-548-2782');
INSERT INTO RESERVATION VALUES ('20190809KS2262039619307',2276,102,'KS','2019-08-09','2019-08-11',null,'complete');
INSERT INTO INVOICECHARGE VALUES ('20190809KS2262039619307-ch00001','20190809KS2262039619307','2019-08-09',213.23,'Base room charge');
INSERT INTO PAYMENT VALUES ('20190809KS2262039619307-p00001','20190809KS2262039619307','2019-08-11','CC',213.23,'Ngan Nalley','8758592033825259',4,2026,906,'Mastercard');
-- ------- SAMPLE 1277 ----------
INSERT INTO GUEST VALUES(2277,'Selene','Staiger','SStaiger@hotmail.com','1234 DaWrong Lane','Flonkerton','MD','12345','673-968-6683');
INSERT INTO RESERVATION VALUES ('20200716KS6066245953965',2277,null,'KS','2020-07-16','2020-07-21',null,'active');
-- ------- SAMPLE 1278 ----------
INSERT INTO GUEST VALUES(2278,'Shera','Shorter','SShorter@gmail.com','1234 DaWrong Lane','Flonkerton','MD','12345','054-047-8439');
INSERT INTO RESERVATION VALUES ('20200206KS4038913746867',2278,102,'KS','2020-02-06','2020-02-11',null,'complete');
INSERT INTO INVOICECHARGE VALUES ('20200206KS4038913746867-ch00001','20200206KS4038913746867','2020-02-06',351.83,'Base room charge');
INSERT INTO INVOICECHARGE VALUES ('20200206KS4038913746867-ch00002','20200206KS4038913746867','2020-02-06',181.24,'Cleaning fee');
INSERT INTO PAYMENT VALUES ('20200206KS4038913746867-p00001','20200206KS4038913746867','2020-02-08','CC',533.07,'Shera Shorter','3837708797261685',9,2027,564,'Mastercard');
-- ------- SAMPLE 1279 ----------
INSERT INTO GUEST VALUES(2279,'James','Janey','JJaney@gmail.com','1234 DaWrong Lane','Flonkerton','MD','12345','428-496-6953');
INSERT INTO RESERVATION VALUES ('20180526KI2337136336314',2279,105,'KI','2018-05-26','2018-05-29',null,'cancelled');
INSERT INTO INVOICECHARGE VALUES ('20180526KI2337136336314-ch00001','20180526KI2337136336314','2018-05-26',255.87,'Base room charge');
INSERT INTO PAYMENT (payment_id,invoice_id,payment_date,payment_type,payment_amount) VALUES ('20180526KI2337136336314-p00001','20180526KI2337136336314','2018-05-28','CA',255.87);
-- ------- SAMPLE 1280 ----------
INSERT INTO GUEST VALUES(2280,'Aretha','Acy','AAcy@yahoo.com','1234 DaWrong Lane','Flonkerton','MD','12345','692-323-2234');
INSERT INTO RESERVATION VALUES ('20191208KI6853896917756',2280,120,'KI','2019-12-08','2019-12-09',null,'complete');
INSERT INTO INVOICECHARGE VALUES ('20191208KI6853896917756-ch00001','20191208KI6853896917756','2019-12-08',56.29,'Base room charge');
INSERT INTO INVOICECHARGE VALUES ('20191208KI6853896917756-ch00002','20191208KI6853896917756','2019-12-08',29,'Room Service');
INSERT INTO PAYMENT (payment_id,invoice_id,payment_date,payment_type,payment_amount) VALUES ('20191208KI6853896917756-p00001','20191208KI6853896917756','2019-12-10','CA',85.29);
-- ------- SAMPLE 1281 ----------
INSERT INTO GUEST VALUES(2281,'Natalia','Nowacki','NNowacki@gmail.com','1234 DaWrong Lane','Flonkerton','MD','12345','639-773-4874');
INSERT INTO RESERVATION VALUES ('20200808KJ4582362718502',2281,null,'KJ','2020-08-08','2020-08-12',null,'active');
-- ------- SAMPLE 1282 ----------
INSERT INTO GUEST VALUES(2282,'Shera','Shorter','SShorter@gmail.com','1234 DaWrong Lane','Flonkerton','MD','12345','649-522-3777');
INSERT INTO RESERVATION VALUES ('20181010QD5408868530777',2282,205,'QD','2018-10-10','2018-10-13',null,'complete');
INSERT INTO INVOICECHARGE VALUES ('20181010QD5408868530777-ch00001','20181010QD5408868530777','2018-10-10',287.86,'Base room charge');
INSERT INTO PAYMENT VALUES ('20181010QD5408868530777-p00001','20181010QD5408868530777','2018-10-12','CC',287.86,'Shera Shorter','7471911241534350',1,2023,691,'Mastercard');
-- ------- SAMPLE 1283 ----------
INSERT INTO GUEST VALUES(2283,'Floy','Feinstein','FFeinstein@yahoo.com','1234 DaWrong Lane','Flonkerton','MD','12345','013-488-8164');
INSERT INTO RESERVATION VALUES ('20181027KS4004036812294',2283,102,'KS','2018-10-27','2018-10-29',null,'complete');
INSERT INTO INVOICECHARGE VALUES ('20181027KS4004036812294-ch00001','20181027KS4004036812294','2018-10-27',213.23,'Base room charge');
INSERT INTO PAYMENT VALUES ('20181027KS4004036812294-p00001','20181027KS4004036812294','2018-10-29','CC',213.23,'Floy Feinstein','8733879917327962',6,2027,343,'Mastercard');
-- ------- SAMPLE 1284 ----------
INSERT INTO GUEST VALUES(2284,'Fiona','Figgs','FFiggs@gmail.com','1234 DaWrong Lane','Flonkerton','MD','12345','582-343-3711');
INSERT INTO RESERVATION VALUES ('20201230KJ4022833200353',2284,null,'KJ','2020-12-30','2021-01-01',null,'active');
INSERT INTO INVOICECHARGE VALUES ('20201230KJ4022833200353-ch00001','20201230KJ4022833200353','2020-12-30',277.2,'Base room charge');
INSERT INTO PAYMENT VALUES ('20201230KJ4022833200353-p00001','20201230KJ4022833200353','2021-01-01','CC',277.2,'Fiona Figgs','6278080803283691',9,2023,831,'Mastercard');
-- ------- SAMPLE 1285 ----------
INSERT INTO GUEST VALUES(2285,'Erminia','Eckard','EEckard@hotmail.com','1234 DaWrong Lane','Flonkerton','MD','12345','728-447-4453');
INSERT INTO RESERVATION VALUES ('20181120KS5614806486107',2285,117,'KS','2018-11-20','2018-11-24',null,'complete');
INSERT INTO INVOICECHARGE VALUES ('20181120KS5614806486107-ch00001','20181120KS5614806486107','2018-11-20',281.46,'Base room charge');
INSERT INTO INVOICECHARGE VALUES ('20181120KS5614806486107-ch00002','20181120KS5614806486107','2018-11-20',145,'Cleaning fee');
INSERT INTO PAYMENT VALUES ('20181120KS5614806486107-p00001','20181120KS5614806486107','2018-11-22','CC',426.46,'Erminia Eckard','8585319217214913',2,2024,741,'Mastercard');
-- ------- SAMPLE 1286 ----------
INSERT INTO GUEST VALUES(2286,'Fredericka','Farney','FFarney@yahoo.com','1234 DaWrong Lane','Flonkerton','MD','12345','009-819-7073');
INSERT INTO RESERVATION VALUES ('20200208KJ3344651938522',2286,114,'KJ','2020-02-08','2020-02-10',null,'complete');
INSERT INTO INVOICECHARGE VALUES ('20200208KJ3344651938522-ch00001','20200208KJ3344651938522','2020-02-08',182.95,'Base room charge');
INSERT INTO INVOICECHARGE VALUES ('20200208KJ3344651938522-ch00002','20200208KJ3344651938522','2020-02-08',94.25,'Room Service');
INSERT INTO PAYMENT (payment_id,invoice_id,payment_date,payment_type,payment_amount) VALUES ('20200208KJ3344651938522-p00001','20200208KJ3344651938522','2020-02-10','CA',277.2);
-- ------- SAMPLE 1287 ----------
INSERT INTO GUEST VALUES(2287,'Raven','Rybicki','RRybicki@hotmail.com','1234 DaWrong Lane','Flonkerton','MD','12345','783-937-8263');
INSERT INTO RESERVATION VALUES ('20181016KS1956062091141',2287,107,'KS','2018-10-16','2018-10-20',null,'complete');
INSERT INTO INVOICECHARGE VALUES ('20181016KS1956062091141-ch00001','20181016KS1956062091141','2018-10-16',281.46,'Base room charge');
INSERT INTO INVOICECHARGE VALUES ('20181016KS1956062091141-ch00002','20181016KS1956062091141','2018-10-16',145,'Cleaning fee');
INSERT INTO PAYMENT (payment_id,invoice_id,payment_date,payment_type,payment_amount) VALUES ('20181016KS1956062091141-p00001','20181016KS1956062091141','2018-10-18','CA',426.46);
-- ------- SAMPLE 1288 ----------
INSERT INTO GUEST VALUES(2288,'Irma','Irby','IIrby@hotmail.com','1234 DaWrong Lane','Flonkerton','MD','12345','726-715-8861');
INSERT INTO RESERVATION VALUES ('20191017QD7819165442567',2288,111,'QD','2019-10-17','2019-10-18',null,'complete');
INSERT INTO INVOICECHARGE VALUES ('20191017QD7819165442567-ch00001','20191017QD7819165442567','2019-10-17',63.33,'Base room charge');
INSERT INTO INVOICECHARGE VALUES ('20191017QD7819165442567-ch00002','20191017QD7819165442567','2019-10-17',32.62,'Room Service');
INSERT INTO PAYMENT (payment_id,invoice_id,payment_date,payment_type,payment_amount) VALUES ('20191017QD7819165442567-p00001','20191017QD7819165442567','2019-10-19','CA',95.95);
-- ------- SAMPLE 1289 ----------
INSERT INTO GUEST VALUES(2289,'Pearlene','Priestly','PPriestly@hotmail.com','1234 DaWrong Lane','Flonkerton','MD','12345','438-519-3439');
INSERT INTO RESERVATION VALUES ('20181205KI2097046682203',2289,110,'KI','2018-12-05','2018-12-10',null,'complete');
INSERT INTO INVOICECHARGE VALUES ('20181205KI2097046682203-ch00001','20181205KI2097046682203','2018-12-05',426.45,'Base room charge');
INSERT INTO PAYMENT (payment_id,invoice_id,payment_date,payment_type,payment_amount) VALUES ('20181205KI2097046682203-p00001','20181205KI2097046682203','2018-12-07','CA',426.45);
-- ------- SAMPLE 1290 ----------
INSERT INTO GUEST VALUES(2290,'Laraine','Lazar','LLazar@yahoo.com','1234 DaWrong Lane','Flonkerton','MD','12345','295-378-6724');
INSERT INTO RESERVATION VALUES ('20201215KI6225114570038',2290,null,'KI','2020-12-15','2020-12-19',null,'active');
-- ------- SAMPLE 1291 ----------
INSERT INTO GUEST VALUES(2291,'Edmundo','Erickson','EErickson@hotmail.com','1234 DaWrong Lane','Flonkerton','MD','12345','019-300-7883');
INSERT INTO RESERVATION VALUES ('20181210KS5535698835326',2291,112,'KS','2018-12-10','2018-12-15',null,'complete');
INSERT INTO INVOICECHARGE VALUES ('20181210KS5535698835326-ch00001','20181210KS5535698835326','2018-12-10',351.83,'Base room charge');
INSERT INTO INVOICECHARGE VALUES ('20181210KS5535698835326-ch00002','20181210KS5535698835326','2018-12-10',181.24,'Room Service');
INSERT INTO PAYMENT VALUES ('20181210KS5535698835326-p00001','20181210KS5535698835326','2018-12-12','CC',533.07,'Edmundo Erickson','1642638986419033',5,2022,244,'Mastercard');
-- ------- SAMPLE 1292 ----------
INSERT INTO GUEST VALUES(2292,'Bessie','Buhler','BBuhler@hotmail.com','1234 DaWrong Lane','Flonkerton','MD','12345','614-253-6257');
INSERT INTO RESERVATION VALUES ('20190927KJ2286449640962',2292,114,'KJ','2019-09-27','2019-10-02',null,'complete');
INSERT INTO INVOICECHARGE VALUES ('20190927KJ2286449640962-ch00001','20190927KJ2286449640962','2019-09-27',457.39,'Base room charge');
INSERT INTO INVOICECHARGE VALUES ('20190927KJ2286449640962-ch00002','20190927KJ2286449640962','2019-09-27',235.62,'Cleaning fee');
INSERT INTO PAYMENT VALUES ('20190927KJ2286449640962-p00001','20190927KJ2286449640962','2019-09-29','CC',693.01,'Bessie Buhler','8952347371173831',1,2024,314,'Mastercard');
-- ------- SAMPLE 1293 ----------
INSERT INTO GUEST VALUES(2293,'Delsie','Delong','DDelong@yahoo.com','1234 DaWrong Lane','Flonkerton','MD','12345','972-326-3730');
INSERT INTO RESERVATION VALUES ('20190628QD6758572559685',2293,106,'QD','2019-06-28','2019-07-03',null,'complete');
INSERT INTO INVOICECHARGE VALUES ('20190628QD6758572559685-ch00001','20190628QD6758572559685','2019-06-28',479.76,'Base room charge');
INSERT INTO PAYMENT (payment_id,invoice_id,payment_date,payment_type,payment_amount) VALUES ('20190628QD6758572559685-p00001','20190628QD6758572559685','2019-06-30','CA',479.76);
-- ------- SAMPLE 1294 ----------
INSERT INTO GUEST VALUES(2294,'Kandra','Kelty','KKelty@hotmail.com','1234 DaWrong Lane','Flonkerton','MD','12345','303-978-5160');
INSERT INTO RESERVATION VALUES ('20200330KS4411043896570',2294,201,'KS','2020-03-30','2020-04-02',null,'complete');
INSERT INTO INVOICECHARGE VALUES ('20200330KS4411043896570-ch00001','20200330KS4411043896570','2020-03-30',319.84,'Base room charge');
INSERT INTO PAYMENT (payment_id,invoice_id,payment_date,payment_type,payment_amount) VALUES ('20200330KS4411043896570-p00001','20200330KS4411043896570','2020-04-01','CA',319.84);
-- ------- SAMPLE 1295 ----------
INSERT INTO GUEST VALUES(2295,'Bradley','Bently','BBently@yahoo.com','1234 DaWrong Lane','Flonkerton','MD','12345','779-954-7237');
INSERT INTO RESERVATION VALUES ('20181115KJ3377839376359',2295,104,'KJ','2018-11-15','2018-11-19',null,'complete');
INSERT INTO INVOICECHARGE VALUES ('20181115KJ3377839376359-ch00001','20181115KJ3377839376359','2018-11-15',365.91,'Base room charge');
INSERT INTO INVOICECHARGE VALUES ('20181115KJ3377839376359-ch00002','20181115KJ3377839376359','2018-11-15',188.5,'Room Service');
INSERT INTO PAYMENT (payment_id,invoice_id,payment_date,payment_type,payment_amount) VALUES ('20181115KJ3377839376359-p00001','20181115KJ3377839376359','2018-11-17','CA',554.41);
-- ------- SAMPLE 1296 ----------
INSERT INTO GUEST VALUES(2296,'Claribel','Catanzaro','CCatanzaro@yahoo.com','1234 DaWrong Lane','Flonkerton','MD','12345','841-199-4378');
INSERT INTO RESERVATION VALUES ('20190629KJ2050478384981',2296,203,'KJ','2019-06-29','2019-07-04',null,'complete');
INSERT INTO INVOICECHARGE VALUES ('20190629KJ2050478384981-ch00001','20190629KJ2050478384981','2019-06-29',457.39,'Base room charge');
INSERT INTO INVOICECHARGE VALUES ('20190629KJ2050478384981-ch00002','20190629KJ2050478384981','2019-06-29',235.62,'Room Service');
INSERT INTO PAYMENT VALUES ('20190629KJ2050478384981-p00001','20190629KJ2050478384981','2019-07-01','CC',693.01,'Claribel Catanzaro','5878710384736717',4,2027,682,'Mastercard');
-- ------- SAMPLE 1297 ----------
INSERT INTO GUEST VALUES(2297,'Eryn','Edenfield','EEdenfield@gmail.com','1234 DaWrong Lane','Flonkerton','MD','12345','052-619-4946');
INSERT INTO RESERVATION VALUES ('20190708QD7095571495660',2297,200,'QD','2019-07-08','2019-07-11',null,'cancelled');
INSERT INTO INVOICECHARGE VALUES ('20190708QD7095571495660-ch00001','20190708QD7095571495660','2019-07-08',189.99,'Base room charge');
INSERT INTO INVOICECHARGE VALUES ('20190708QD7095571495660-ch00002','20190708QD7095571495660','2019-07-08',97.87,'Room Service');
INSERT INTO PAYMENT VALUES ('20190708QD7095571495660-p00001','20190708QD7095571495660','2019-07-10','CC',287.86,'Eryn Edenfield','7615913178635266',5,2023,965,'Mastercard');
-- ------- SAMPLE 1298 ----------
INSERT INTO GUEST VALUES(2298,'Tai','Tookes','TTookes@gmail.com','1234 DaWrong Lane','Flonkerton','MD','12345','963-161-2974');
INSERT INTO RESERVATION VALUES ('20210411QS9925153769291',2298,null,'QS','2021-04-11','2021-04-13',null,'active');
INSERT INTO INVOICECHARGE VALUES ('20210411QS9925153769291-ch00001','20210411QS9925153769291','2021-04-11',154.8,'Base room charge');
INSERT INTO INVOICECHARGE VALUES ('20210411QS9925153769291-ch00002','20210411QS9925153769291','2021-04-11',79.75,'Room Service');
INSERT INTO PAYMENT VALUES ('20210411QS9925153769291-p00001','20210411QS9925153769291','2021-04-13','CC',234.55,'Tai Tookes','9969007548554189',6,2022,925,'Mastercard');
-- ------- SAMPLE 1299 ----------
INSERT INTO GUEST VALUES(2299,'Leanora','Locke','LLocke@hotmail.com','1234 DaWrong Lane','Flonkerton','MD','12345','795-987-1437');
INSERT INTO RESERVATION VALUES ('20200903KI3177822495716',2299,null,'KI','2020-09-03','2020-09-05',null,'active');
INSERT INTO INVOICECHARGE VALUES ('20200903KI3177822495716-ch00001','20200903KI3177822495716','2020-09-03',170.58,'Base room charge');
INSERT INTO PAYMENT VALUES ('20200903KI3177822495716-p00001','20200903KI3177822495716','2020-09-05','CC',170.58,'Leanora Locke','9287606264471155',6,2025,466,'Mastercard');
-- ------- SAMPLE 1300 ----------
INSERT INTO GUEST VALUES(2300,'Eryn','Edenfield','EEdenfield@gmail.com','1234 DaWrong Lane','Flonkerton','MD','12345','513-265-3703');
INSERT INTO RESERVATION VALUES ('20210411QS7206887721372',2300,null,'QS','2021-04-11','2021-04-14',null,'active');
INSERT INTO INVOICECHARGE VALUES ('20210411QS7206887721372-ch00001','20210411QS7206887721372','2021-04-11',351.83,'Base room charge');
INSERT INTO PAYMENT VALUES ('20210411QS7206887721372-p00001','20210411QS7206887721372','2021-04-13','CC',351.83,'Eryn Edenfield','3370856786502057',11,2022,788,'Mastercard');
-- ------- SAMPLE 1301 ----------
INSERT INTO GUEST VALUES(2301,'Keturah','Kagawa','KKagawa@yahoo.com','1234 DaWrong Lane','Flonkerton','MD','12345','169-855-5702');
INSERT INTO RESERVATION VALUES ('20190714QD2527790403689',2301,101,'QD','2019-07-14','2019-07-17',null,'complete');
INSERT INTO INVOICECHARGE VALUES ('20190714QD2527790403689-ch00001','20190714QD2527790403689','2019-07-14',189.99,'Base room charge');
INSERT INTO INVOICECHARGE VALUES ('20190714QD2527790403689-ch00002','20190714QD2527790403689','2019-07-14',97.87,'Room Service');
INSERT INTO PAYMENT (payment_id,invoice_id,payment_date,payment_type,payment_amount) VALUES ('20190714QD2527790403689-p00001','20190714QD2527790403689','2019-07-16','CA',287.86);
-- ------- SAMPLE 1302 ----------
INSERT INTO GUEST VALUES(2302,'Shena','Sandoz','SSandoz@gmail.com','1234 DaWrong Lane','Flonkerton','MD','12345','749-728-9234');
INSERT INTO RESERVATION VALUES ('20180716KJ7383780943168',2302,208,'KJ','2018-07-16','2018-07-17',null,'complete');
INSERT INTO INVOICECHARGE VALUES ('20180716KJ7383780943168-ch00001','20180716KJ7383780943168','2018-07-16',91.48,'Base room charge');
INSERT INTO INVOICECHARGE VALUES ('20180716KJ7383780943168-ch00002','20180716KJ7383780943168','2018-07-16',47.12,'Room Service');
INSERT INTO PAYMENT VALUES ('20180716KJ7383780943168-p00001','20180716KJ7383780943168','2018-07-18','CC',138.6,'Shena Sandoz','3893496943777563',10,2026,510,'Mastercard');
-- ------- SAMPLE 1303 ----------
INSERT INTO GUEST VALUES(2303,'Demarcus','Dearborn','DDearborn@gmail.com','1234 DaWrong Lane','Flonkerton','MD','12345','454-614-3688');
INSERT INTO RESERVATION VALUES ('20210325KJ2410632924559',2303,null,'KJ','2021-03-25','2021-03-28',null,'active');
INSERT INTO INVOICECHARGE VALUES ('20210325KJ2410632924559-ch00001','20210325KJ2410632924559','2021-03-25',274.43,'Base room charge');
INSERT INTO INVOICECHARGE VALUES ('20210325KJ2410632924559-ch00002','20210325KJ2410632924559','2021-03-25',141.38,'Cleaning fee');
INSERT INTO PAYMENT VALUES ('20210325KJ2410632924559-p00001','20210325KJ2410632924559','2021-03-27','CC',121,'Demarcus Dearborn','6787573835798430',9,2025,396,'Mastercard');
-- ------- SAMPLE 1304 ----------
INSERT INTO GUEST VALUES(2304,'Asa','Allan','AAllan@yahoo.com','1234 DaWrong Lane','Flonkerton','MD','12345','408-236-8694');
INSERT INTO RESERVATION VALUES ('20210204KJ3808548793963',2304,null,'KJ','2021-02-04','2021-02-05',null,'active');
-- ------- SAMPLE 1305 ----------
INSERT INTO GUEST VALUES(2305,'Freida','Forbis','FForbis@gmail.com','1234 DaWrong Lane','Flonkerton','MD','12345','669-435-2565');
INSERT INTO RESERVATION VALUES ('20181012KJ8706974182238',2305,109,'KJ','2018-10-12','2018-10-16',null,'complete');
INSERT INTO INVOICECHARGE VALUES ('20181012KJ8706974182238-ch00001','20181012KJ8706974182238','2018-10-12',365.91,'Base room charge');
INSERT INTO INVOICECHARGE VALUES ('20181012KJ8706974182238-ch00002','20181012KJ8706974182238','2018-10-12',188.5,'Room Service');
INSERT INTO PAYMENT (payment_id,invoice_id,payment_date,payment_type,payment_amount) VALUES ('20181012KJ8706974182238-p00001','20181012KJ8706974182238','2018-10-14','CA',554.41);
-- ------- SAMPLE 1306 ----------
INSERT INTO GUEST VALUES(2306,'Deandre','Defore','DDefore@yahoo.com','1234 DaWrong Lane','Flonkerton','MD','12345','225-376-5667');
INSERT INTO RESERVATION VALUES ('20191006KJ1463596207738',2306,104,'KJ','2019-10-06','2019-10-11',null,'complete');
INSERT INTO INVOICECHARGE VALUES ('20191006KJ1463596207738-ch00001','20191006KJ1463596207738','2019-10-06',693.01,'Base room charge');
INSERT INTO PAYMENT VALUES ('20191006KJ1463596207738-p00001','20191006KJ1463596207738','2019-10-08','CC',693.01,'Deandre Defore','4893494232065097',9,2023,85,'Mastercard');
-- ------- SAMPLE 1307 ----------
INSERT INTO GUEST VALUES(2307,'Leanora','Locke','LLocke@gmail.com','1234 DaWrong Lane','Flonkerton','MD','12345','188-582-5452');
INSERT INTO RESERVATION VALUES ('20190614KI9710502341299',2307,120,'KI','2019-06-14','2019-06-16',null,'complete');
INSERT INTO INVOICECHARGE VALUES ('20190614KI9710502341299-ch00001','20190614KI9710502341299','2019-06-14',170.58,'Base room charge');
INSERT INTO PAYMENT VALUES ('20190614KI9710502341299-p00001','20190614KI9710502341299','2019-06-16','CC',170.58,'Leanora Locke','4806156959887324',1,2027,590,'Mastercard');
-- ------- SAMPLE 1308 ----------
INSERT INTO GUEST VALUES(2308,'Margorie','Mcnish','MMcnish@yahoo.com','1234 DaWrong Lane','Flonkerton','MD','12345','457-984-3669');
INSERT INTO RESERVATION VALUES ('20210331KS2129100982875',2308,null,'KS','2021-03-31','2021-04-01',null,'active');
INSERT INTO INVOICECHARGE VALUES ('20210331KS2129100982875-ch00001','20210331KS2129100982875','2021-03-31',70.36,'Base room charge');
INSERT INTO INVOICECHARGE VALUES ('20210331KS2129100982875-ch00002','20210331KS2129100982875','2021-03-31',36.25,'Cleaning fee');
INSERT INTO PAYMENT VALUES ('20210331KS2129100982875-p00001','20210331KS2129100982875','2021-04-02','CC',106.61,'Margorie Mcnish','5394168947242040',3,2025,496,'Mastercard');
-- ------- SAMPLE 1309 ----------
INSERT INTO GUEST VALUES(2309,'Malia','Molden','MMolden@gmail.com','1234 DaWrong Lane','Flonkerton','MD','12345','891-159-9285');
INSERT INTO RESERVATION VALUES ('20190224KI4127639734779',2309,105,'KI','2019-02-24','2019-02-26',null,'complete');
INSERT INTO INVOICECHARGE VALUES ('20190224KI4127639734779-ch00001','20190224KI4127639734779','2019-02-24',112.58,'Base room charge');
INSERT INTO INVOICECHARGE VALUES ('20190224KI4127639734779-ch00002','20190224KI4127639734779','2019-02-24',58,'Cleaning fee');
INSERT INTO PAYMENT VALUES ('20190224KI4127639734779-p00001','20190224KI4127639734779','2019-02-26','CC',170.58,'Malia Molden','1522481376702803',2,2026,91,'Mastercard');
-- ------- SAMPLE 1310 ----------
INSERT INTO GUEST VALUES(2310,'Shawna','Schmit','SSchmit@gmail.com','1234 DaWrong Lane','Flonkerton','MD','12345','663-441-7041');
INSERT INTO RESERVATION VALUES ('20180606KJ8570926986252',2310,208,'KJ','2018-06-06','2018-06-07',null,'complete');
INSERT INTO INVOICECHARGE VALUES ('20180606KJ8570926986252-ch00001','20180606KJ8570926986252','2018-06-06',138.6,'Base room charge');
INSERT INTO PAYMENT VALUES ('20180606KJ8570926986252-p00001','20180606KJ8570926986252','2018-06-08','CC',138.6,'Shawna Schmit','5786471364202455',9,2021,626,'Mastercard');
-- ------- SAMPLE 1311 ----------
INSERT INTO GUEST VALUES(2311,'Shandi','Scharf','SScharf@hotmail.com','1234 DaWrong Lane','Flonkerton','MD','12345','194-355-5314');
INSERT INTO RESERVATION VALUES ('20201106KS3324264215812',2311,null,'KS','2020-11-06','2020-11-11',null,'active');
-- ------- SAMPLE 1312 ----------
INSERT INTO GUEST VALUES(2312,'Selene','Staiger','SStaiger@hotmail.com','1234 DaWrong Lane','Flonkerton','MD','12345','135-365-5844');
INSERT INTO RESERVATION VALUES ('20200814QS3490204336717',2312,null,'QS','2020-08-14','2020-08-15',null,'cancelled');
INSERT INTO INVOICECHARGE VALUES ('20200814QS3490204336717-ch00001','20200814QS3490204336717','2020-08-14',77.4,'Base room charge');
INSERT INTO INVOICECHARGE VALUES ('20200814QS3490204336717-ch00002','20200814QS3490204336717','2020-08-14',39.88,'Cleaning fee');
INSERT INTO PAYMENT (payment_id,invoice_id,payment_date,payment_type,payment_amount) VALUES ('20200814QS3490204336717-p00001','20200814QS3490204336717','2020-08-16','CA',117.28);
-- ------- SAMPLE 1313 ----------
INSERT INTO GUEST VALUES(2313,'Shera','Shorter','SShorter@hotmail.com','1234 DaWrong Lane','Flonkerton','MD','12345','749-995-9358');
INSERT INTO RESERVATION VALUES ('20191221QD4186310538142',2313,106,'QD','2019-12-21','2019-12-26',null,'complete');
INSERT INTO INVOICECHARGE VALUES ('20191221QD4186310538142-ch00001','20191221QD4186310538142','2019-12-21',479.76,'Base room charge');
INSERT INTO PAYMENT (payment_id,invoice_id,payment_date,payment_type,payment_amount) VALUES ('20191221QD4186310538142-p00001','20191221QD4186310538142','2019-12-23','CA',479.76);
-- ------- SAMPLE 1314 ----------
INSERT INTO GUEST VALUES(2314,'Louisa','Laroque','LLaroque@gmail.com','1234 DaWrong Lane','Flonkerton','MD','12345','699-965-9385');
INSERT INTO RESERVATION VALUES ('20190401QD9400525154814',2314,116,'QD','2019-04-01','2019-04-04',null,'complete');
INSERT INTO INVOICECHARGE VALUES ('20190401QD9400525154814-ch00001','20190401QD9400525154814','2019-04-01',287.86,'Base room charge');
INSERT INTO PAYMENT VALUES ('20190401QD9400525154814-p00001','20190401QD9400525154814','2019-04-03','CC',287.86,'Louisa Laroque','3673653681757047',5,2026,186,'Mastercard');
-- ------- SAMPLE 1315 ----------
INSERT INTO GUEST VALUES(2315,'Laraine','Lazar','LLazar@yahoo.com','1234 DaWrong Lane','Flonkerton','MD','12345','065-436-7822');
INSERT INTO RESERVATION VALUES ('20210429KS4260593724780',2315,null,'KS','2021-04-29','2021-04-30',null,'active');
INSERT INTO INVOICECHARGE VALUES ('20210429KS4260593724780-ch00001','20210429KS4260593724780','2021-04-29',70.36,'Base room charge');
INSERT INTO INVOICECHARGE VALUES ('20210429KS4260593724780-ch00002','20210429KS4260593724780','2021-04-29',36.25,'Cleaning fee');
INSERT INTO PAYMENT VALUES ('20210429KS4260593724780-p00001','20210429KS4260593724780','2021-05-01','CC',106.61,'Laraine Lazar','7211236688830601',8,2025,994,'Mastercard');
-- ------- SAMPLE 1316 ----------
INSERT INTO GUEST VALUES(2316,'Antwan','Albury','AAlbury@yahoo.com','1234 DaWrong Lane','Flonkerton','MD','12345','917-724-6209');
INSERT INTO RESERVATION VALUES ('20180723QS4354061633484',2316,118,'QS','2018-07-23','2018-07-27',null,'complete');
INSERT INTO INVOICECHARGE VALUES ('20180723QS4354061633484-ch00001','20180723QS4354061633484','2018-07-23',309.61,'Base room charge');
INSERT INTO INVOICECHARGE VALUES ('20180723QS4354061633484-ch00002','20180723QS4354061633484','2018-07-23',159.5,'Cleaning fee');
INSERT INTO PAYMENT VALUES ('20180723QS4354061633484-p00001','20180723QS4354061633484','2018-07-25','CC',469.11,'Antwan Albury','8932870007011560',3,2026,370,'Mastercard');
-- ------- SAMPLE 1317 ----------
INSERT INTO GUEST VALUES(2317,'Romelia','Rigdon','RRigdon@yahoo.com','1234 DaWrong Lane','Flonkerton','MD','12345','614-025-5364');
INSERT INTO RESERVATION VALUES ('20200829QS3498435159100',2317,null,'QS','2020-08-29','2020-09-01',null,'active');
INSERT INTO INVOICECHARGE VALUES ('20200829QS3498435159100-ch00001','20200829QS3498435159100','2020-08-29',232.21,'Base room charge');
INSERT INTO INVOICECHARGE VALUES ('20200829QS3498435159100-ch00002','20200829QS3498435159100','2020-08-29',119.62,'Room Service');
INSERT INTO PAYMENT VALUES ('20200829QS3498435159100-p00001','20200829QS3498435159100','2020-08-31','CC',351.83,'Romelia Rigdon','8388585220725023',11,2027,762,'Mastercard');
-- ------- SAMPLE 1318 ----------
INSERT INTO GUEST VALUES(2318,'Audrey','Aikens','AAikens@hotmail.com','1234 DaWrong Lane','Flonkerton','MD','12345','136-274-5385');
INSERT INTO RESERVATION VALUES ('20201005KI3508160749682',2318,null,'KI','2020-10-05','2020-10-08',null,'active');
-- ------- SAMPLE 1319 ----------
INSERT INTO GUEST VALUES(2319,'Kathlyn','Kinser','KKinser@gmail.com','1234 DaWrong Lane','Flonkerton','MD','12345','156-059-9416');
INSERT INTO RESERVATION VALUES ('20191220KS1975585525934',2319,206,'KS','2019-12-20','2019-12-25',null,'complete');
INSERT INTO INVOICECHARGE VALUES ('20191220KS1975585525934-ch00001','20191220KS1975585525934','2019-12-20',351.83,'Base room charge');
INSERT INTO INVOICECHARGE VALUES ('20191220KS1975585525934-ch00002','20191220KS1975585525934','2019-12-20',181.24,'Room Service');
INSERT INTO PAYMENT (payment_id,invoice_id,payment_date,payment_type,payment_amount) VALUES ('20191220KS1975585525934-p00001','20191220KS1975585525934','2019-12-22','CA',533.07);
-- ------- SAMPLE 1320 ----------
INSERT INTO GUEST VALUES(2320,'Shenna','Salmi','SSalmi@yahoo.com','1234 DaWrong Lane','Flonkerton','MD','12345','139-958-5929');
INSERT INTO RESERVATION VALUES ('20180617KI5616424703201',2320,204,'KI','2018-06-17','2018-06-19',null,'complete');
INSERT INTO INVOICECHARGE VALUES ('20180617KI5616424703201-ch00001','20180617KI5616424703201','2018-06-17',112.58,'Base room charge');
INSERT INTO INVOICECHARGE VALUES ('20180617KI5616424703201-ch00002','20180617KI5616424703201','2018-06-17',58,'Room Service');
INSERT INTO PAYMENT VALUES ('20180617KI5616424703201-p00001','20180617KI5616424703201','2018-06-19','CC',170.58,'Shenna Salmi','5016138736392775',9,2025,839,'Mastercard');
-- ------- SAMPLE 1321 ----------
INSERT INTO GUEST VALUES(2321,'Kaley','Kilmon','KKilmon@yahoo.com','1234 DaWrong Lane','Flonkerton','MD','12345','320-577-2687');
INSERT INTO RESERVATION VALUES ('20200424KJ3086967890963',2321,203,'KJ','2020-04-24','2020-04-26',null,'complete');
INSERT INTO INVOICECHARGE VALUES ('20200424KJ3086967890963-ch00001','20200424KJ3086967890963','2020-04-24',182.95,'Base room charge');
INSERT INTO INVOICECHARGE VALUES ('20200424KJ3086967890963-ch00002','20200424KJ3086967890963','2020-04-24',94.25,'Room Service');
INSERT INTO PAYMENT (payment_id,invoice_id,payment_date,payment_type,payment_amount) VALUES ('20200424KJ3086967890963-p00001','20200424KJ3086967890963','2020-04-26','CA',277.2);
-- ------- SAMPLE 1322 ----------
INSERT INTO GUEST VALUES(2322,'Maryann','Mccutcheon','MMccutcheon@hotmail.com','1234 DaWrong Lane','Flonkerton','MD','12345','407-003-8770');
INSERT INTO RESERVATION VALUES ('20181101KI8843434463000',2322,105,'KI','2018-11-01','2018-11-06',null,'complete');
INSERT INTO INVOICECHARGE VALUES ('20181101KI8843434463000-ch00001','20181101KI8843434463000','2018-11-01',426.45,'Base room charge');
INSERT INTO PAYMENT VALUES ('20181101KI8843434463000-p00001','20181101KI8843434463000','2018-11-03','CC',426.45,'Maryann Mccutcheon','3842172909071843',4,2022,702,'Mastercard');
-- ------- SAMPLE 1323 ----------
INSERT INTO GUEST VALUES(2323,'Eryn','Edenfield','EEdenfield@hotmail.com','1234 DaWrong Lane','Flonkerton','MD','12345','926-863-8983');
INSERT INTO RESERVATION VALUES ('20210408KJ3578726469830',2323,null,'KJ','2021-04-08','2021-04-13',null,'active');
INSERT INTO INVOICECHARGE VALUES ('20210408KJ3578726469830-ch00001','20210408KJ3578726469830','2021-04-08',457.39,'Base room charge');
INSERT INTO INVOICECHARGE VALUES ('20210408KJ3578726469830-ch00002','20210408KJ3578726469830','2021-04-08',235.62,'Room Service');
INSERT INTO PAYMENT VALUES ('20210408KJ3578726469830-p00001','20210408KJ3578726469830','2021-04-10','CC',346,'Eryn Edenfield','1069420851015685',6,2027,222,'Mastercard');
-- ------- SAMPLE 1324 ----------
INSERT INTO GUEST VALUES(2324,'Ella','Evanoff','EEvanoff@hotmail.com','1234 DaWrong Lane','Flonkerton','MD','12345','974-211-8877');
INSERT INTO RESERVATION VALUES ('20190920QD8223986739535',2324,116,'QD','2019-09-20','2019-09-21',null,'complete');
INSERT INTO INVOICECHARGE VALUES ('20190920QD8223986739535-ch00001','20190920QD8223986739535','2019-09-20',95.95,'Base room charge');
INSERT INTO PAYMENT VALUES ('20190920QD8223986739535-p00001','20190920QD8223986739535','2019-09-22','CC',95.95,'Ella Evanoff','7982440762427305',9,2024,163,'Mastercard');
-- ------- SAMPLE 1325 ----------
INSERT INTO GUEST VALUES(2325,'Kasey','Kipp','KKipp@hotmail.com','1234 DaWrong Lane','Flonkerton','MD','12345','013-147-8534');
INSERT INTO RESERVATION VALUES ('20201218QD5209556130695',2325,null,'QD','2020-12-18','2020-12-21',null,'active');
INSERT INTO INVOICECHARGE VALUES ('20201218QD5209556130695-ch00001','20201218QD5209556130695','2020-12-18',189.99,'Base room charge');
INSERT INTO INVOICECHARGE VALUES ('20201218QD5209556130695-ch00002','20201218QD5209556130695','2020-12-18',97.87,'Room Service');
INSERT INTO PAYMENT VALUES ('20201218QD5209556130695-p00001','20201218QD5209556130695','2020-12-20','CC',287.86,'Kasey Kipp','1191095416018974',10,2025,859,'Mastercard');
-- ------- SAMPLE 1326 ----------
INSERT INTO GUEST VALUES(2326,'Shad','Sitler','SSitler@yahoo.com','1234 DaWrong Lane','Flonkerton','MD','12345','284-782-3296');
INSERT INTO RESERVATION VALUES ('20200902QS8685315114149',2326,null,'QS','2020-09-02','2020-09-07',null,'active');
INSERT INTO INVOICECHARGE VALUES ('20200902QS8685315114149-ch00001','20200902QS8685315114149','2020-09-02',387.01,'Base room charge');
INSERT INTO INVOICECHARGE VALUES ('20200902QS8685315114149-ch00002','20200902QS8685315114149','2020-09-02',199.37,'Cleaning fee');
INSERT INTO PAYMENT VALUES ('20200902QS8685315114149-p00001','20200902QS8685315114149','2020-09-04','CC',586.38,'Shad Sitler','6637864235434461',1,2021,462,'Mastercard');
-- ------- SAMPLE 1327 ----------
INSERT INTO GUEST VALUES(2327,'Aretha','Acy','AAcy@yahoo.com','1234 DaWrong Lane','Flonkerton','MD','12345','104-747-9391');
INSERT INTO RESERVATION VALUES ('20210407QD7748450781807',2327,null,'QD','2021-04-07','2021-04-08',null,'active');
-- ------- SAMPLE 1328 ----------
INSERT INTO GUEST VALUES(2328,'Kenisha','Kane','KKane@hotmail.com','1234 DaWrong Lane','Flonkerton','MD','12345','959-852-8025');
INSERT INTO RESERVATION VALUES ('20181004KS3373447713555',2328,206,'KS','2018-10-04','2018-10-08',null,'complete');
INSERT INTO INVOICECHARGE VALUES ('20181004KS3373447713555-ch00001','20181004KS3373447713555','2018-10-04',426.46,'Base room charge');
INSERT INTO PAYMENT VALUES ('20181004KS3373447713555-p00001','20181004KS3373447713555','2018-10-06','CC',426.46,'Kenisha Kane','8082976407037941',2,2022,232,'Mastercard');
-- ------- SAMPLE 1329 ----------
INSERT INTO GUEST VALUES(2329,'Joann','Joplin','JJoplin@yahoo.com','1234 DaWrong Lane','Flonkerton','MD','12345','737-759-4350');
INSERT INTO RESERVATION VALUES ('20180727QD4867347493053',2329,205,'QD','2018-07-27','2018-08-01',null,'complete');
INSERT INTO INVOICECHARGE VALUES ('20180727QD4867347493053-ch00001','20180727QD4867347493053','2018-07-27',316.64,'Base room charge');
INSERT INTO INVOICECHARGE VALUES ('20180727QD4867347493053-ch00002','20180727QD4867347493053','2018-07-27',163.12,'Cleaning fee');
INSERT INTO PAYMENT (payment_id,invoice_id,payment_date,payment_type,payment_amount) VALUES ('20180727QD4867347493053-p00001','20180727QD4867347493053','2018-07-29','CA',479.76);
-- ------- SAMPLE 1330 ----------
INSERT INTO GUEST VALUES(2330,'Erminia','Eckard','EEckard@hotmail.com','1234 DaWrong Lane','Flonkerton','MD','12345','121-150-7170');
INSERT INTO RESERVATION VALUES ('20210421KS7704730664988',2330,null,'KS','2021-04-21','2021-04-25',null,'active');
-- ------- SAMPLE 1331 ----------
INSERT INTO GUEST VALUES(2331,'Missy','Mcclintock','MMcclintock@hotmail.com','1234 DaWrong Lane','Flonkerton','MD','12345','254-213-9145');
INSERT INTO RESERVATION VALUES ('20191122KJ7583875205602',2331,203,'KJ','2019-11-22','2019-11-25',null,'complete');
INSERT INTO INVOICECHARGE VALUES ('20191122KJ7583875205602-ch00001','20191122KJ7583875205602','2019-11-22',274.43,'Base room charge');
INSERT INTO INVOICECHARGE VALUES ('20191122KJ7583875205602-ch00002','20191122KJ7583875205602','2019-11-22',141.38,'Room Service');
INSERT INTO PAYMENT VALUES ('20191122KJ7583875205602-p00001','20191122KJ7583875205602','2019-11-24','CC',415.81,'Missy Mcclintock','6110448380535020',10,2024,895,'Mastercard');
-- ------- SAMPLE 1332 ----------
INSERT INTO GUEST VALUES(2332,'Marcelino','Meisner','MMeisner@hotmail.com','1234 DaWrong Lane','Flonkerton','MD','12345','202-472-1805');
INSERT INTO RESERVATION VALUES ('20210123QD3223264307895',2332,null,'QD','2021-01-23','2021-01-24',null,'cancelled');
INSERT INTO INVOICECHARGE VALUES ('20210123QD3223264307895-ch00001','20210123QD3223264307895','2021-01-23',95.95,'Base room charge');
INSERT INTO PAYMENT VALUES ('20210123QD3223264307895-p00001','20210123QD3223264307895','2021-01-25','CC',95.95,'Marcelino Meisner','6088653824402779',9,2021,171,'Mastercard');
-- ------- SAMPLE 1333 ----------
INSERT INTO GUEST VALUES(2333,'Aretha','Acy','AAcy@gmail.com','1234 DaWrong Lane','Flonkerton','MD','12345','470-223-1135');
INSERT INTO RESERVATION VALUES ('20191227QS7190962233345',2333,108,'QS','2019-12-27','2019-12-30',null,'complete');
INSERT INTO INVOICECHARGE VALUES ('20191227QS7190962233345-ch00001','20191227QS7190962233345','2019-12-27',351.83,'Base room charge');
INSERT INTO PAYMENT VALUES ('20191227QS7190962233345-p00001','20191227QS7190962233345','2019-12-29','CC',351.83,'Aretha Acy','7279386655566639',11,2026,274,'Mastercard');
-- ------- SAMPLE 1334 ----------
INSERT INTO GUEST VALUES(2334,'Kathey','Kingston','KKingston@yahoo.com','1234 DaWrong Lane','Flonkerton','MD','12345','984-530-5992');
INSERT INTO RESERVATION VALUES ('20201114KS9289270790739',2334,null,'KS','2020-11-14','2020-11-18',null,'active');
-- ------- SAMPLE 1335 ----------
INSERT INTO GUEST VALUES(2335,'Darrin','Drum','DDrum@gmail.com','1234 DaWrong Lane','Flonkerton','MD','12345','498-286-6202');
INSERT INTO RESERVATION VALUES ('20190607KJ4418521908760',2335,104,'KJ','2019-06-07','2019-06-08',null,'complete');
INSERT INTO INVOICECHARGE VALUES ('20190607KJ4418521908760-ch00001','20190607KJ4418521908760','2019-06-07',138.6,'Base room charge');
INSERT INTO PAYMENT VALUES ('20190607KJ4418521908760-p00001','20190607KJ4418521908760','2019-06-09','CC',138.6,'Darrin Drum','9806768250661462',9,2024,716,'Mastercard');
-- ------- SAMPLE 1336 ----------
INSERT INTO GUEST VALUES(2336,'Hedwig','Hinz','HHinz@hotmail.com','1234 DaWrong Lane','Flonkerton','MD','12345','176-130-7272');
INSERT INTO RESERVATION VALUES ('20181127KS6825767275485',2336,206,'KS','2018-11-27','2018-11-29',null,'complete');
INSERT INTO INVOICECHARGE VALUES ('20181127KS6825767275485-ch00001','20181127KS6825767275485','2018-11-27',213.23,'Base room charge');
INSERT INTO PAYMENT VALUES ('20181127KS6825767275485-p00001','20181127KS6825767275485','2018-11-29','CC',213.23,'Hedwig Hinz','3473977011771481',1,2022,17,'Mastercard');
-- ------- SAMPLE 1337 ----------
INSERT INTO GUEST VALUES(2337,'Melony','Mcmartin','MMcmartin@yahoo.com','1234 DaWrong Lane','Flonkerton','MD','12345','974-443-6478');
INSERT INTO RESERVATION VALUES ('20201006QD8035321645960',2337,null,'QD','2020-10-06','2020-10-07',null,'cancelled');
INSERT INTO INVOICECHARGE VALUES ('20201006QD8035321645960-ch00001','20201006QD8035321645960','2020-10-06',95.95,'Base room charge');
INSERT INTO PAYMENT (payment_id,invoice_id,payment_date,payment_type,payment_amount) VALUES ('20201006QD8035321645960-p00001','20201006QD8035321645960','2020-10-08','CA',8);
-- ------- SAMPLE 1338 ----------
INSERT INTO GUEST VALUES(2338,'Kathern','Korn','KKorn@gmail.com','1234 DaWrong Lane','Flonkerton','MD','12345','468-890-4031');
INSERT INTO RESERVATION VALUES ('20180710KJ7469752911832',2338,208,'KJ','2018-07-10','2018-07-14',null,'complete');
INSERT INTO INVOICECHARGE VALUES ('20180710KJ7469752911832-ch00001','20180710KJ7469752911832','2018-07-10',365.91,'Base room charge');
INSERT INTO INVOICECHARGE VALUES ('20180710KJ7469752911832-ch00002','20180710KJ7469752911832','2018-07-10',188.5,'Room Service');
INSERT INTO PAYMENT VALUES ('20180710KJ7469752911832-p00001','20180710KJ7469752911832','2018-07-12','CC',554.41,'Kathern Korn','6004363324245325',11,2022,813,'Mastercard');
-- ------- SAMPLE 1339 ----------
INSERT INTO GUEST VALUES(2339,'Ceola','Carasco','CCarasco@hotmail.com','1234 DaWrong Lane','Flonkerton','MD','12345','567-032-1161');
INSERT INTO RESERVATION VALUES ('20200310KI1767377207361',2339,110,'KI','2020-03-10','2020-03-13',null,'cancelled');
INSERT INTO INVOICECHARGE VALUES ('20200310KI1767377207361-ch00001','20200310KI1767377207361','2020-03-10',255.87,'Base room charge');
INSERT INTO PAYMENT VALUES ('20200310KI1767377207361-p00001','20200310KI1767377207361','2020-03-12','CC',255.87,'Ceola Carasco','4917477969932856',12,2023,840,'Mastercard');
-- ------- SAMPLE 1340 ----------
INSERT INTO GUEST VALUES(2340,'Dewey','Dye','DDye@hotmail.com','1234 DaWrong Lane','Flonkerton','MD','12345','468-336-6103');
INSERT INTO RESERVATION VALUES ('20210325KI6281343455832',2340,null,'KI','2021-03-25','2021-03-28',null,'active');
INSERT INTO INVOICECHARGE VALUES ('20210325KI6281343455832-ch00001','20210325KI6281343455832','2021-03-25',255.87,'Base room charge');
INSERT INTO PAYMENT VALUES ('20210325KI6281343455832-p00001','20210325KI6281343455832','2021-03-27','CC',113,'Dewey Dye','3257654064424497',4,2027,910,'Mastercard');
-- ------- SAMPLE 1341 ----------
INSERT INTO GUEST VALUES(2341,'Audrey','Aikens','AAikens@gmail.com','1234 DaWrong Lane','Flonkerton','MD','12345','660-922-4659');
INSERT INTO RESERVATION VALUES ('20181126QD3083964607002',2341,200,'QD','2018-11-26','2018-11-30',null,'complete');
INSERT INTO INVOICECHARGE VALUES ('20181126QD3083964607002-ch00001','20181126QD3083964607002','2018-11-26',383.81,'Base room charge');
INSERT INTO PAYMENT (payment_id,invoice_id,payment_date,payment_type,payment_amount) VALUES ('20181126QD3083964607002-p00001','20181126QD3083964607002','2018-11-28','CA',383.81);
-- ------- SAMPLE 1342 ----------
INSERT INTO GUEST VALUES(2342,'Louisa','Laroque','LLaroque@gmail.com','1234 DaWrong Lane','Flonkerton','MD','12345','975-360-2293');
INSERT INTO RESERVATION VALUES ('20210323QS7969350260240',2342,null,'QS','2021-03-23','2021-03-27',null,'active');
INSERT INTO INVOICECHARGE VALUES ('20210323QS7969350260240-ch00001','20210323QS7969350260240','2021-03-23',309.61,'Base room charge');
INSERT INTO INVOICECHARGE VALUES ('20210323QS7969350260240-ch00002','20210323QS7969350260240','2021-03-23',159.5,'Room Service');
INSERT INTO PAYMENT (payment_id,invoice_id,payment_date,payment_type,payment_amount) VALUES ('20210323QS7969350260240-p00001','20210323QS7969350260240','2021-03-25','CA',469.11);
-- ------- SAMPLE 1343 ----------
INSERT INTO GUEST VALUES(2343,'Leanora','Locke','LLocke@yahoo.com','1234 DaWrong Lane','Flonkerton','MD','12345','190-249-9101');
INSERT INTO RESERVATION VALUES ('20180908KJ1325311400160',2343,109,'KJ','2018-09-08','2018-09-12',null,'complete');
INSERT INTO INVOICECHARGE VALUES ('20180908KJ1325311400160-ch00001','20180908KJ1325311400160','2018-09-08',554.41,'Base room charge');
INSERT INTO PAYMENT VALUES ('20180908KJ1325311400160-p00001','20180908KJ1325311400160','2018-09-10','CC',554.41,'Leanora Locke','6104297380942467',7,2025,667,'Mastercard');
-- ------- SAMPLE 1344 ----------
INSERT INTO GUEST VALUES(2344,'Claribel','Catanzaro','CCatanzaro@hotmail.com','1234 DaWrong Lane','Flonkerton','MD','12345','265-084-2937');
INSERT INTO RESERVATION VALUES ('20210414KI2700867412066',2344,null,'KI','2021-04-14','2021-04-19',null,'active');
-- ------- SAMPLE 1345 ----------
INSERT INTO GUEST VALUES(2345,'Rossana','Running','RRunning@gmail.com','1234 DaWrong Lane','Flonkerton','MD','12345','089-039-7747');
INSERT INTO RESERVATION VALUES ('20180510KI8132422373107',2345,110,'KI','2018-05-10','2018-05-12',null,'complete');
INSERT INTO INVOICECHARGE VALUES ('20180510KI8132422373107-ch00001','20180510KI8132422373107','2018-05-10',170.58,'Base room charge');
INSERT INTO PAYMENT (payment_id,invoice_id,payment_date,payment_type,payment_amount) VALUES ('20180510KI8132422373107-p00001','20180510KI8132422373107','2018-05-12','CA',170.58);
-- ------- SAMPLE 1346 ----------
INSERT INTO GUEST VALUES(2346,'Georgianne','Guadarrama','GGuadarrama@hotmail.com','1234 DaWrong Lane','Flonkerton','MD','12345','036-628-1483');
INSERT INTO RESERVATION VALUES ('20200215KS3192535615107',2346,102,'KS','2020-02-15','2020-02-20',null,'complete');
INSERT INTO INVOICECHARGE VALUES ('20200215KS3192535615107-ch00001','20200215KS3192535615107','2020-02-15',351.83,'Base room charge');
INSERT INTO INVOICECHARGE VALUES ('20200215KS3192535615107-ch00002','20200215KS3192535615107','2020-02-15',181.24,'Room Service');
INSERT INTO PAYMENT (payment_id,invoice_id,payment_date,payment_type,payment_amount) VALUES ('20200215KS3192535615107-p00001','20200215KS3192535615107','2020-02-17','CA',533.07);
-- ------- SAMPLE 1347 ----------
INSERT INTO GUEST VALUES(2347,'Lucius','Liles','LLiles@yahoo.com','1234 DaWrong Lane','Flonkerton','MD','12345','795-180-9212');
INSERT INTO RESERVATION VALUES ('20181108QD2026269286478',2347,205,'QD','2018-11-08','2018-11-10',null,'cancelled');
INSERT INTO INVOICECHARGE VALUES ('20181108QD2026269286478-ch00001','20181108QD2026269286478','2018-11-08',191.9,'Base room charge');
INSERT INTO PAYMENT (payment_id,invoice_id,payment_date,payment_type,payment_amount) VALUES ('20181108QD2026269286478-p00001','20181108QD2026269286478','2018-11-10','CA',191.9);
-- ------- SAMPLE 1348 ----------
INSERT INTO GUEST VALUES(2348,'Kathlyn','Kinser','KKinser@yahoo.com','1234 DaWrong Lane','Flonkerton','MD','12345','417-294-6845');
INSERT INTO RESERVATION VALUES ('20190428KI9311369242370',2348,209,'KI','2019-04-28','2019-05-01',null,'complete');
INSERT INTO INVOICECHARGE VALUES ('20190428KI9311369242370-ch00001','20190428KI9311369242370','2019-04-28',168.87,'Base room charge');
INSERT INTO INVOICECHARGE VALUES ('20190428KI9311369242370-ch00002','20190428KI9311369242370','2019-04-28',87,'Room Service');
INSERT INTO PAYMENT (payment_id,invoice_id,payment_date,payment_type,payment_amount) VALUES ('20190428KI9311369242370-p00001','20190428KI9311369242370','2019-04-30','CA',255.87);
-- ------- SAMPLE 1349 ----------
INSERT INTO GUEST VALUES(2349,'Abdul','Ashe','AAshe@yahoo.com','1234 DaWrong Lane','Flonkerton','MD','12345','058-352-4390');
INSERT INTO RESERVATION VALUES ('20210320QS3082300774182',2349,null,'QS','2021-03-20','2021-03-25',null,'active');
INSERT INTO INVOICECHARGE VALUES ('20210320QS3082300774182-ch00001','20210320QS3082300774182','2021-03-20',387.01,'Base room charge');
INSERT INTO INVOICECHARGE VALUES ('20210320QS3082300774182-ch00002','20210320QS3082300774182','2021-03-20',199.37,'Room Service');
INSERT INTO PAYMENT VALUES ('20210320QS3082300774182-p00001','20210320QS3082300774182','2021-03-22','CC',586.38,'Abdul Ashe','6761523455603800',1,2026,347,'Mastercard');
-- ------- SAMPLE 1350 ----------
INSERT INTO GUEST VALUES(2350,'Romelia','Rigdon','RRigdon@gmail.com','1234 DaWrong Lane','Flonkerton','MD','12345','173-126-3773');
INSERT INTO RESERVATION VALUES ('20200917KS2337296018889',2350,null,'KS','2020-09-17','2020-09-18',null,'active');
INSERT INTO INVOICECHARGE VALUES ('20200917KS2337296018889-ch00001','20200917KS2337296018889','2020-09-17',106.61,'Base room charge');
INSERT INTO PAYMENT VALUES ('20200917KS2337296018889-p00001','20200917KS2337296018889','2020-09-19','CC',106.61,'Romelia Rigdon','1800277975452414',3,2021,436,'Mastercard');
-- ------- SAMPLE 1351 ----------
INSERT INTO GUEST VALUES(2351,'Florentino','Feth','FFeth@hotmail.com','1234 DaWrong Lane','Flonkerton','MD','12345','128-313-8620');
INSERT INTO RESERVATION VALUES ('20200207QD4466983450917',2351,200,'QD','2020-02-07','2020-02-09',null,'cancelled');
INSERT INTO INVOICECHARGE VALUES ('20200207QD4466983450917-ch00001','20200207QD4466983450917','2020-02-07',191.9,'Base room charge');
INSERT INTO PAYMENT VALUES ('20200207QD4466983450917-p00001','20200207QD4466983450917','2020-02-09','CC',191.9,'Florentino Feth','4797962167345722',1,2027,559,'Mastercard');
-- ------- SAMPLE 1352 ----------
INSERT INTO GUEST VALUES(2352,'Rossana','Running','RRunning@yahoo.com','1234 DaWrong Lane','Flonkerton','MD','12345','575-382-6193');
INSERT INTO RESERVATION VALUES ('20200629QD1499357335850',2352,null,'QD','2020-06-29','2020-07-04',null,'active');
INSERT INTO INVOICECHARGE VALUES ('20200629QD1499357335850-ch00001','20200629QD1499357335850','2020-06-29',479.76,'Base room charge');
INSERT INTO PAYMENT VALUES ('20200629QD1499357335850-p00001','20200629QD1499357335850','2020-07-01','CC',479.76,'Rossana Running','9721694793964789',1,2025,999,'Mastercard');
-- ------- SAMPLE 1353 ----------
INSERT INTO GUEST VALUES(2353,'Boyce','Bate','BBate@gmail.com','1234 DaWrong Lane','Flonkerton','MD','12345','808-383-9010');
INSERT INTO RESERVATION VALUES ('20190425QD9479741818434',2353,200,'QD','2019-04-25','2019-04-26',null,'complete');
INSERT INTO INVOICECHARGE VALUES ('20190425QD9479741818434-ch00001','20190425QD9479741818434','2019-04-25',95.95,'Base room charge');
INSERT INTO PAYMENT VALUES ('20190425QD9479741818434-p00001','20190425QD9479741818434','2019-04-27','CC',95.95,'Boyce Bate','5546372687303792',12,2025,629,'Mastercard');
-- ------- SAMPLE 1354 ----------
INSERT INTO GUEST VALUES(2354,'Asa','Allan','AAllan@yahoo.com','1234 DaWrong Lane','Flonkerton','MD','12345','102-223-1450');
INSERT INTO RESERVATION VALUES ('20200714QS1211123392089',2354,null,'QS','2020-07-14','2020-07-16',null,'active');
-- ------- SAMPLE 1355 ----------
INSERT INTO GUEST VALUES(2355,'Boyce','Bate','BBate@gmail.com','1234 DaWrong Lane','Flonkerton','MD','12345','591-695-7845');
INSERT INTO RESERVATION VALUES ('20200506KI1880453918765',2355,209,'KI','2020-05-06','2020-05-08',null,'complete');
INSERT INTO INVOICECHARGE VALUES ('20200506KI1880453918765-ch00001','20200506KI1880453918765','2020-05-06',170.58,'Base room charge');
INSERT INTO PAYMENT (payment_id,invoice_id,payment_date,payment_type,payment_amount) VALUES ('20200506KI1880453918765-p00001','20200506KI1880453918765','2020-05-08','CA',69);
-- ------- SAMPLE 1356 ----------
INSERT INTO GUEST VALUES(2356,'Vicky','Vanderhoff','VVanderhoff@gmail.com','1234 DaWrong Lane','Flonkerton','MD','12345','460-798-0339');
INSERT INTO RESERVATION VALUES ('20200606KJ5145151706589',2356,null,'KJ','2020-06-06','2020-06-11',null,'active');
INSERT INTO INVOICECHARGE VALUES ('20200606KJ5145151706589-ch00001','20200606KJ5145151706589','2020-06-06',693.01,'Base room charge');
INSERT INTO PAYMENT VALUES ('20200606KJ5145151706589-p00001','20200606KJ5145151706589','2020-06-08','CC',379,'Vicky Vanderhoff','3542567314408333',6,2021,764,'Mastercard');
-- ------- SAMPLE 1357 ----------
INSERT INTO GUEST VALUES(2357,'Liliana','Lueck','LLueck@gmail.com','1234 DaWrong Lane','Flonkerton','MD','12345','237-573-3309');
INSERT INTO RESERVATION VALUES ('20210321KI9048716937826',2357,null,'KI','2021-03-21','2021-03-26',null,'active');
INSERT INTO INVOICECHARGE VALUES ('20210321KI9048716937826-ch00001','20210321KI9048716937826','2021-03-21',281.46,'Base room charge');
INSERT INTO INVOICECHARGE VALUES ('20210321KI9048716937826-ch00002','20210321KI9048716937826','2021-03-21',144.99,'Cleaning fee');
INSERT INTO PAYMENT VALUES ('20210321KI9048716937826-p00001','20210321KI9048716937826','2021-03-23','CC',354,'Liliana Lueck','5057455658809171',12,2025,292,'Mastercard');
-- ------- SAMPLE 1358 ----------
INSERT INTO GUEST VALUES(2358,'Dorian','Delbosque','DDelbosque@hotmail.com','1234 DaWrong Lane','Flonkerton','MD','12345','999-784-2754');
INSERT INTO RESERVATION VALUES ('20200812KJ7391433788360',2358,null,'KJ','2020-08-12','2020-08-14',null,'active');
-- ------- SAMPLE 1359 ----------
INSERT INTO GUEST VALUES(2359,'Luella','Lundstrom','LLundstrom@hotmail.com','1234 DaWrong Lane','Flonkerton','MD','12345','372-928-3403');
INSERT INTO RESERVATION VALUES ('20200719QD1430863260095',2359,null,'QD','2020-07-19','2020-07-23',null,'active');
INSERT INTO INVOICECHARGE VALUES ('20200719QD1430863260095-ch00001','20200719QD1430863260095','2020-07-19',253.31,'Base room charge');
INSERT INTO INVOICECHARGE VALUES ('20200719QD1430863260095-ch00002','20200719QD1430863260095','2020-07-19',130.5,'Room Service');
INSERT INTO PAYMENT VALUES ('20200719QD1430863260095-p00001','20200719QD1430863260095','2020-07-21','CC',66,'Luella Lundstrom','9042890154135241',7,2024,865,'Mastercard');
-- ------- SAMPLE 1360 ----------
INSERT INTO GUEST VALUES(2360,'Adrianna','Aungst','AAungst@gmail.com','1234 DaWrong Lane','Flonkerton','MD','12345','316-709-7795');
INSERT INTO RESERVATION VALUES ('20191102KI3439165109882',2360,105,'KI','2019-11-02','2019-11-06',null,'complete');
INSERT INTO INVOICECHARGE VALUES ('20191102KI3439165109882-ch00001','20191102KI3439165109882','2019-11-02',341.16,'Base room charge');
INSERT INTO PAYMENT VALUES ('20191102KI3439165109882-p00001','20191102KI3439165109882','2019-11-04','CC',341.16,'Adrianna Aungst','7483866733858631',6,2025,184,'Mastercard');
-- ------- SAMPLE 1361 ----------
INSERT INTO GUEST VALUES(2361,'Fiona','Figgs','FFiggs@hotmail.com','1234 DaWrong Lane','Flonkerton','MD','12345','165-065-0173');
INSERT INTO RESERVATION VALUES ('20190901QS2124827130484',2361,202,'QS','2019-09-01','2019-09-06',null,'complete');
INSERT INTO INVOICECHARGE VALUES ('20190901QS2124827130484-ch00001','20190901QS2124827130484','2019-09-01',586.38,'Base room charge');
INSERT INTO PAYMENT VALUES ('20190901QS2124827130484-p00001','20190901QS2124827130484','2019-09-03','CC',586.38,'Fiona Figgs','9246923151069667',5,2025,785,'Mastercard');
-- ------- SAMPLE 1362 ----------
INSERT INTO GUEST VALUES(2362,'Joann','Joplin','JJoplin@gmail.com','1234 DaWrong Lane','Flonkerton','MD','12345','485-032-1009');
INSERT INTO RESERVATION VALUES ('20200613KS2798554842538',2362,null,'KS','2020-06-13','2020-06-18',null,'active');
INSERT INTO INVOICECHARGE VALUES ('20200613KS2798554842538-ch00001','20200613KS2798554842538','2020-06-13',533.07,'Base room charge');
INSERT INTO PAYMENT VALUES ('20200613KS2798554842538-p00001','20200613KS2798554842538','2020-06-15','CC',533.07,'Joann Joplin','6900837984313116',9,2026,898,'Mastercard');
-- ------- SAMPLE 1363 ----------
INSERT INTO GUEST VALUES(2363,'Rose','Royall','RRoyall@gmail.com','1234 DaWrong Lane','Flonkerton','MD','12345','983-411-9415');
INSERT INTO RESERVATION VALUES ('20200514QD3283064354081',2363,null,'QD','2020-05-14','2020-05-15',null,'active');
-- ------- SAMPLE 1364 ----------
INSERT INTO GUEST VALUES(2364,'Tanner','Tomasello','TTomasello@hotmail.com','1234 DaWrong Lane','Flonkerton','MD','12345','514-980-7615');
INSERT INTO RESERVATION VALUES ('20200127KJ2340694398744',2364,208,'KJ','2020-01-27','2020-01-29',null,'complete');
INSERT INTO INVOICECHARGE VALUES ('20200127KJ2340694398744-ch00001','20200127KJ2340694398744','2020-01-27',182.95,'Base room charge');
INSERT INTO INVOICECHARGE VALUES ('20200127KJ2340694398744-ch00002','20200127KJ2340694398744','2020-01-27',94.25,'Room Service');
INSERT INTO PAYMENT VALUES ('20200127KJ2340694398744-p00001','20200127KJ2340694398744','2020-01-29','CC',277.2,'Tanner Tomasello','9504852261558873',12,2022,489,'Mastercard');
-- ------- SAMPLE 1365 ----------
INSERT INTO GUEST VALUES(2365,'Edmundo','Erickson','EErickson@hotmail.com','1234 DaWrong Lane','Flonkerton','MD','12345','778-676-3690');
INSERT INTO RESERVATION VALUES ('20200114QD9950263163772',2365,111,'QD','2020-01-14','2020-01-15',null,'complete');
INSERT INTO INVOICECHARGE VALUES ('20200114QD9950263163772-ch00001','20200114QD9950263163772','2020-01-14',63.33,'Base room charge');
INSERT INTO INVOICECHARGE VALUES ('20200114QD9950263163772-ch00002','20200114QD9950263163772','2020-01-14',32.62,'Room Service');
INSERT INTO PAYMENT (payment_id,invoice_id,payment_date,payment_type,payment_amount) VALUES ('20200114QD9950263163772-p00001','20200114QD9950263163772','2020-01-16','CA',95.95);
-- ------- SAMPLE 1366 ----------
INSERT INTO GUEST VALUES(2366,'Shenna','Salmi','SSalmi@hotmail.com','1234 DaWrong Lane','Flonkerton','MD','12345','432-832-3944');
INSERT INTO RESERVATION VALUES ('20200303KS5169992503457',2366,112,'KS','2020-03-03','2020-03-05',null,'complete');
INSERT INTO INVOICECHARGE VALUES ('20200303KS5169992503457-ch00001','20200303KS5169992503457','2020-03-03',140.73,'Base room charge');
INSERT INTO INVOICECHARGE VALUES ('20200303KS5169992503457-ch00002','20200303KS5169992503457','2020-03-03',72.5,'Cleaning fee');
INSERT INTO PAYMENT VALUES ('20200303KS5169992503457-p00001','20200303KS5169992503457','2020-03-05','CC',213.23,'Shenna Salmi','9017586231700029',4,2021,898,'Mastercard');
-- ------- SAMPLE 1367 ----------
INSERT INTO GUEST VALUES(2367,'Abdul','Ashe','AAshe@yahoo.com','1234 DaWrong Lane','Flonkerton','MD','12345','653-242-1071');
INSERT INTO RESERVATION VALUES ('20190329KI7146856072737',2367,120,'KI','2019-03-29','2019-04-03',null,'complete');
INSERT INTO INVOICECHARGE VALUES ('20190329KI7146856072737-ch00001','20190329KI7146856072737','2019-03-29',281.46,'Base room charge');
INSERT INTO INVOICECHARGE VALUES ('20190329KI7146856072737-ch00002','20190329KI7146856072737','2019-03-29',144.99,'Cleaning fee');
INSERT INTO PAYMENT (payment_id,invoice_id,payment_date,payment_type,payment_amount) VALUES ('20190329KI7146856072737-p00001','20190329KI7146856072737','2019-03-31','CA',426.45);
-- ------- SAMPLE 1368 ----------
INSERT INTO GUEST VALUES(2368,'Tifany','Temple','TTemple@yahoo.com','1234 DaWrong Lane','Flonkerton','MD','12345','383-260-3844');
INSERT INTO RESERVATION VALUES ('20191020QD1645653512152',2368,205,'QD','2019-10-20','2019-10-23',null,'complete');
INSERT INTO INVOICECHARGE VALUES ('20191020QD1645653512152-ch00001','20191020QD1645653512152','2019-10-20',287.86,'Base room charge');
INSERT INTO PAYMENT VALUES ('20191020QD1645653512152-p00001','20191020QD1645653512152','2019-10-22','CC',287.86,'Tifany Temple','2202949734426437',1,2021,516,'Mastercard');
-- ------- SAMPLE 1369 ----------
INSERT INTO GUEST VALUES(2369,'Rickie','Redfern','RRedfern@gmail.com','1234 DaWrong Lane','Flonkerton','MD','12345','501-767-2730');
INSERT INTO RESERVATION VALUES ('20190912QS2313387159986',2369,202,'QS','2019-09-12','2019-09-14',null,'complete');
INSERT INTO INVOICECHARGE VALUES ('20190912QS2313387159986-ch00001','20190912QS2313387159986','2019-09-12',154.8,'Base room charge');
INSERT INTO INVOICECHARGE VALUES ('20190912QS2313387159986-ch00002','20190912QS2313387159986','2019-09-12',79.75,'Room Service');
INSERT INTO PAYMENT VALUES ('20190912QS2313387159986-p00001','20190912QS2313387159986','2019-09-14','CC',234.55,'Rickie Redfern','5124986504800355',9,2025,492,'Mastercard');
-- ------- SAMPLE 1370 ----------
INSERT INTO GUEST VALUES(2370,'Dewey','Dye','DDye@yahoo.com','1234 DaWrong Lane','Flonkerton','MD','12345','325-329-0148');
INSERT INTO RESERVATION VALUES ('20200914QD6018467094114',2370,null,'QD','2020-09-14','2020-09-17',null,'active');
INSERT INTO INVOICECHARGE VALUES ('20200914QD6018467094114-ch00001','20200914QD6018467094114','2020-09-14',189.99,'Base room charge');
INSERT INTO INVOICECHARGE VALUES ('20200914QD6018467094114-ch00002','20200914QD6018467094114','2020-09-14',97.87,'Room Service');
INSERT INTO PAYMENT VALUES ('20200914QD6018467094114-p00001','20200914QD6018467094114','2020-09-16','CC',287.86,'Dewey Dye','3040258005139142',4,2025,367,'Mastercard');
-- ------- SAMPLE 1371 ----------
INSERT INTO GUEST VALUES(2371,'Sherryl','Shurtleff','SShurtleff@hotmail.com','1234 DaWrong Lane','Flonkerton','MD','12345','823-765-9176');
INSERT INTO RESERVATION VALUES ('20200918KS4037892133401',2371,null,'KS','2020-09-18','2020-09-23',null,'active');
INSERT INTO INVOICECHARGE VALUES ('20200918KS4037892133401-ch00001','20200918KS4037892133401','2020-09-18',351.83,'Base room charge');
INSERT INTO INVOICECHARGE VALUES ('20200918KS4037892133401-ch00002','20200918KS4037892133401','2020-09-18',181.24,'Room Service');
INSERT INTO PAYMENT VALUES ('20200918KS4037892133401-p00001','20200918KS4037892133401','2020-09-20','CC',343,'Sherryl Shurtleff','5150979491741954',6,2021,375,'Mastercard');
-- ------- SAMPLE 1372 ----------
INSERT INTO GUEST VALUES(2372,'Jamey','Jen','JJen@hotmail.com','1234 DaWrong Lane','Flonkerton','MD','12345','174-213-5139');
INSERT INTO RESERVATION VALUES ('20190621KS2332127407747',2372,206,'KS','2019-06-21','2019-06-24',null,'complete');
INSERT INTO INVOICECHARGE VALUES ('20190621KS2332127407747-ch00001','20190621KS2332127407747','2019-06-21',211.09,'Base room charge');
INSERT INTO INVOICECHARGE VALUES ('20190621KS2332127407747-ch00002','20190621KS2332127407747','2019-06-21',108.75,'Cleaning fee');
INSERT INTO PAYMENT (payment_id,invoice_id,payment_date,payment_type,payment_amount) VALUES ('20190621KS2332127407747-p00001','20190621KS2332127407747','2019-06-23','CA',319.84);
-- ------- SAMPLE 1373 ----------
INSERT INTO GUEST VALUES(2373,'Lillia','Linen','LLinen@gmail.com','1234 DaWrong Lane','Flonkerton','MD','12345','211-130-1619');
INSERT INTO RESERVATION VALUES ('20181107QS1659603882518',2373,207,'QS','2018-11-07','2018-11-12',null,'complete');
INSERT INTO INVOICECHARGE VALUES ('20181107QS1659603882518-ch00001','20181107QS1659603882518','2018-11-07',586.38,'Base room charge');
INSERT INTO PAYMENT VALUES ('20181107QS1659603882518-p00001','20181107QS1659603882518','2018-11-09','CC',586.38,'Lillia Linen','7339027078710560',12,2022,513,'Mastercard');
-- ------- SAMPLE 1374 ----------
INSERT INTO GUEST VALUES(2374,'Rose','Royall','RRoyall@hotmail.com','1234 DaWrong Lane','Flonkerton','MD','12345','269-588-3972');
INSERT INTO RESERVATION VALUES ('20201218QD3312230143945',2374,null,'QD','2020-12-18','2020-12-22',null,'cancelled');
INSERT INTO INVOICECHARGE VALUES ('20201218QD3312230143945-ch00001','20201218QD3312230143945','2020-12-18',383.81,'Base room charge');
INSERT INTO PAYMENT VALUES ('20201218QD3312230143945-p00001','20201218QD3312230143945','2020-12-20','CC',383.81,'Rose Royall','1353695861076820',1,2024,988,'Mastercard');
-- ------- SAMPLE 1375 ----------
INSERT INTO GUEST VALUES(2375,'Stacie','Schupp','SSchupp@hotmail.com','1234 DaWrong Lane','Flonkerton','MD','12345','361-813-1163');
INSERT INTO RESERVATION VALUES ('20190924KI4305273433585',2375,209,'KI','2019-09-24','2019-09-26',null,'complete');
INSERT INTO INVOICECHARGE VALUES ('20190924KI4305273433585-ch00001','20190924KI4305273433585','2019-09-24',170.58,'Base room charge');
INSERT INTO PAYMENT (payment_id,invoice_id,payment_date,payment_type,payment_amount) VALUES ('20190924KI4305273433585-p00001','20190924KI4305273433585','2019-09-26','CA',170.58);
-- ------- SAMPLE 1376 ----------
INSERT INTO GUEST VALUES(2376,'Kathern','Korn','KKorn@yahoo.com','1234 DaWrong Lane','Flonkerton','MD','12345','401-175-8616');
INSERT INTO RESERVATION VALUES ('20201114KS7746216807929',2376,null,'KS','2020-11-14','2020-11-18',null,'active');
INSERT INTO INVOICECHARGE VALUES ('20201114KS7746216807929-ch00001','20201114KS7746216807929','2020-11-14',281.46,'Base room charge');
INSERT INTO INVOICECHARGE VALUES ('20201114KS7746216807929-ch00002','20201114KS7746216807929','2020-11-14',145,'Cleaning fee');
INSERT INTO PAYMENT VALUES ('20201114KS7746216807929-p00001','20201114KS7746216807929','2020-11-16','CC',426.46,'Kathern Korn','8930039388465728',3,2021,228,'Mastercard');
-- ------- SAMPLE 1377 ----------
INSERT INTO GUEST VALUES(2377,'Rose','Royall','RRoyall@gmail.com','1234 DaWrong Lane','Flonkerton','MD','12345','045-142-3660');
INSERT INTO RESERVATION VALUES ('20210409QS9645735947724',2377,null,'QS','2021-04-09','2021-04-14',null,'active');
INSERT INTO INVOICECHARGE VALUES ('20210409QS9645735947724-ch00001','20210409QS9645735947724','2021-04-09',387.01,'Base room charge');
INSERT INTO INVOICECHARGE VALUES ('20210409QS9645735947724-ch00002','20210409QS9645735947724','2021-04-09',199.37,'Cleaning fee');
INSERT INTO PAYMENT VALUES ('20210409QS9645735947724-p00001','20210409QS9645735947724','2021-04-11','CC',586.38,'Rose Royall','5762181660184851',6,2025,629,'Mastercard');
-- ------- SAMPLE 1378 ----------
INSERT INTO GUEST VALUES(2378,'Bessie','Buhler','BBuhler@gmail.com','1234 DaWrong Lane','Flonkerton','MD','12345','915-352-3191');
INSERT INTO RESERVATION VALUES ('20200918KJ3285857280950',2378,null,'KJ','2020-09-18','2020-09-20',null,'active');
INSERT INTO INVOICECHARGE VALUES ('20200918KJ3285857280950-ch00001','20200918KJ3285857280950','2020-09-18',182.95,'Base room charge');
INSERT INTO INVOICECHARGE VALUES ('20200918KJ3285857280950-ch00002','20200918KJ3285857280950','2020-09-18',94.25,'Cleaning fee');
INSERT INTO PAYMENT VALUES ('20200918KJ3285857280950-p00001','20200918KJ3285857280950','2020-09-20','CC',277.2,'Bessie Buhler','4562169526036908',6,2026,983,'Mastercard');
-- ------- SAMPLE 1379 ----------
INSERT INTO GUEST VALUES(2379,'Katerine','Kawakami','KKawakami@gmail.com','1234 DaWrong Lane','Flonkerton','MD','12345','939-225-7948');
INSERT INTO RESERVATION VALUES ('20200317QS4507369358149',2379,103,'QS','2020-03-17','2020-03-21',null,'complete');
INSERT INTO INVOICECHARGE VALUES ('20200317QS4507369358149-ch00001','20200317QS4507369358149','2020-03-17',309.61,'Base room charge');
INSERT INTO INVOICECHARGE VALUES ('20200317QS4507369358149-ch00002','20200317QS4507369358149','2020-03-17',159.5,'Cleaning fee');
INSERT INTO PAYMENT VALUES ('20200317QS4507369358149-p00001','20200317QS4507369358149','2020-03-19','CC',469.11,'Katerine Kawakami','3357480788672309',12,2022,372,'Mastercard');
-- ------- SAMPLE 1380 ----------
INSERT INTO GUEST VALUES(2380,'Rose','Royall','RRoyall@gmail.com','1234 DaWrong Lane','Flonkerton','MD','12345','172-924-8931');
INSERT INTO RESERVATION VALUES ('20200704QS7139413474221',2380,null,'QS','2020-07-04','2020-07-05',null,'active');
INSERT INTO INVOICECHARGE VALUES ('20200704QS7139413474221-ch00001','20200704QS7139413474221','2020-07-04',77.4,'Base room charge');
INSERT INTO INVOICECHARGE VALUES ('20200704QS7139413474221-ch00002','20200704QS7139413474221','2020-07-04',39.88,'Cleaning fee');
INSERT INTO PAYMENT VALUES ('20200704QS7139413474221-p00001','20200704QS7139413474221','2020-07-06','CC',117.28,'Rose Royall','4603774278267924',12,2026,117,'Mastercard');
-- ------- SAMPLE 1381 ----------
INSERT INTO GUEST VALUES(2381,'Doyle','Dykema','DDykema@hotmail.com','1234 DaWrong Lane','Flonkerton','MD','12345','877-411-3787');
INSERT INTO RESERVATION VALUES ('20181224QS3200759400310',2381,207,'QS','2018-12-24','2018-12-25',null,'complete');
INSERT INTO INVOICECHARGE VALUES ('20181224QS3200759400310-ch00001','20181224QS3200759400310','2018-12-24',77.4,'Base room charge');
INSERT INTO INVOICECHARGE VALUES ('20181224QS3200759400310-ch00002','20181224QS3200759400310','2018-12-24',39.88,'Cleaning fee');
INSERT INTO PAYMENT VALUES ('20181224QS3200759400310-p00001','20181224QS3200759400310','2018-12-26','CC',117.28,'Doyle Dykema','8203817292381166',2,2025,37,'Mastercard');
-- ------- SAMPLE 1382 ----------
INSERT INTO GUEST VALUES(2382,'Cherry','Chiarello','CChiarello@yahoo.com','1234 DaWrong Lane','Flonkerton','MD','12345','513-687-6314');
INSERT INTO RESERVATION VALUES ('20180509KJ8691037523364',2382,104,'KJ','2018-05-09','2018-05-11',null,'complete');
INSERT INTO INVOICECHARGE VALUES ('20180509KJ8691037523364-ch00001','20180509KJ8691037523364','2018-05-09',182.95,'Base room charge');
INSERT INTO INVOICECHARGE VALUES ('20180509KJ8691037523364-ch00002','20180509KJ8691037523364','2018-05-09',94.25,'Cleaning fee');
INSERT INTO PAYMENT VALUES ('20180509KJ8691037523364-p00001','20180509KJ8691037523364','2018-05-11','CC',277.2,'Cherry Chiarello','5929486275672764',6,2027,185,'Mastercard');
-- ------- SAMPLE 1383 ----------
INSERT INTO GUEST VALUES(2383,'Margorie','Mcnish','MMcnish@yahoo.com','1234 DaWrong Lane','Flonkerton','MD','12345','418-691-6578');
INSERT INTO RESERVATION VALUES ('20190615KI2787584003179',2383,204,'KI','2019-06-15','2019-06-18',null,'complete');
INSERT INTO INVOICECHARGE VALUES ('20190615KI2787584003179-ch00001','20190615KI2787584003179','2019-06-15',168.87,'Base room charge');
INSERT INTO INVOICECHARGE VALUES ('20190615KI2787584003179-ch00002','20190615KI2787584003179','2019-06-15',87,'Room Service');
INSERT INTO PAYMENT VALUES ('20190615KI2787584003179-p00001','20190615KI2787584003179','2019-06-17','CC',255.87,'Margorie Mcnish','3616490666019293',3,2026,14,'Mastercard');
-- ------- SAMPLE 1384 ----------
INSERT INTO GUEST VALUES(2384,'Freida','Forbis','FForbis@gmail.com','1234 DaWrong Lane','Flonkerton','MD','12345','928-955-1827');
INSERT INTO RESERVATION VALUES ('20190325KS4113068598107',2384,117,'KS','2019-03-25','2019-03-26',null,'complete');
INSERT INTO INVOICECHARGE VALUES ('20190325KS4113068598107-ch00001','20190325KS4113068598107','2019-03-25',70.36,'Base room charge');
INSERT INTO INVOICECHARGE VALUES ('20190325KS4113068598107-ch00002','20190325KS4113068598107','2019-03-25',36.25,'Cleaning fee');
INSERT INTO PAYMENT (payment_id,invoice_id,payment_date,payment_type,payment_amount) VALUES ('20190325KS4113068598107-p00001','20190325KS4113068598107','2019-03-27','CA',106.61);
-- ------- SAMPLE 1385 ----------
INSERT INTO GUEST VALUES(2385,'Kasey','Kipp','KKipp@gmail.com','1234 DaWrong Lane','Flonkerton','MD','12345','135-938-9575');
INSERT INTO RESERVATION VALUES ('20180720KJ7536530279210',2385,114,'KJ','2018-07-20','2018-07-22',null,'complete');
INSERT INTO INVOICECHARGE VALUES ('20180720KJ7536530279210-ch00001','20180720KJ7536530279210','2018-07-20',277.2,'Base room charge');
INSERT INTO PAYMENT VALUES ('20180720KJ7536530279210-p00001','20180720KJ7536530279210','2018-07-22','CC',277.2,'Kasey Kipp','9759562027891484',5,2027,51,'Mastercard');
-- ------- SAMPLE 1386 ----------
INSERT INTO GUEST VALUES(2386,'Laraine','Lazar','LLazar@hotmail.com','1234 DaWrong Lane','Flonkerton','MD','12345','818-312-4509');
INSERT INTO RESERVATION VALUES ('20201218QS9242427390382',2386,null,'QS','2020-12-18','2020-12-22',null,'cancelled');
-- ------- SAMPLE 1387 ----------
INSERT INTO GUEST VALUES(2387,'Jenna','Jesse','JJesse@yahoo.com','1234 DaWrong Lane','Flonkerton','MD','12345','967-843-0549');
INSERT INTO RESERVATION VALUES ('20190425QS9143136822296',2387,113,'QS','2019-04-25','2019-04-29',null,'complete');
INSERT INTO INVOICECHARGE VALUES ('20190425QS9143136822296-ch00001','20190425QS9143136822296','2019-04-25',469.11,'Base room charge');
INSERT INTO PAYMENT (payment_id,invoice_id,payment_date,payment_type,payment_amount) VALUES ('20190425QS9143136822296-p00001','20190425QS9143136822296','2019-04-27','CA',469.11);
-- ------- SAMPLE 1388 ----------
INSERT INTO GUEST VALUES(2388,'Kasey','Kipp','KKipp@gmail.com','1234 DaWrong Lane','Flonkerton','MD','12345','161-717-4021');
INSERT INTO RESERVATION VALUES ('20190103KJ3823868904676',2388,119,'KJ','2019-01-03','2019-01-04',null,'complete');
INSERT INTO INVOICECHARGE VALUES ('20190103KJ3823868904676-ch00001','20190103KJ3823868904676','2019-01-03',91.48,'Base room charge');
INSERT INTO INVOICECHARGE VALUES ('20190103KJ3823868904676-ch00002','20190103KJ3823868904676','2019-01-03',47.12,'Room Service');
INSERT INTO PAYMENT VALUES ('20190103KJ3823868904676-p00001','20190103KJ3823868904676','2019-01-05','CC',138.6,'Kasey Kipp','4428176800064351',4,2026,544,'Mastercard');
-- ------- SAMPLE 1389 ----------
INSERT INTO GUEST VALUES(2389,'Lorean','Loden','LLoden@gmail.com','1234 DaWrong Lane','Flonkerton','MD','12345','980-603-2614');
INSERT INTO RESERVATION VALUES ('20190113QD4129728673736',2389,200,'QD','2019-01-13','2019-01-17',null,'complete');
INSERT INTO INVOICECHARGE VALUES ('20190113QD4129728673736-ch00001','20190113QD4129728673736','2019-01-13',383.81,'Base room charge');
INSERT INTO PAYMENT VALUES ('20190113QD4129728673736-p00001','20190113QD4129728673736','2019-01-15','CC',383.81,'Lorean Loden','6893891184106387',3,2023,55,'Mastercard');
-- ------- SAMPLE 1390 ----------
INSERT INTO GUEST VALUES(2390,'Delora','Delph','DDelph@hotmail.com','1234 DaWrong Lane','Flonkerton','MD','12345','969-533-7902');
INSERT INTO RESERVATION VALUES ('20200212QD3561847311466',2390,200,'QD','2020-02-12','2020-02-14',null,'complete');
INSERT INTO INVOICECHARGE VALUES ('20200212QD3561847311466-ch00001','20200212QD3561847311466','2020-02-12',191.9,'Base room charge');
INSERT INTO PAYMENT VALUES ('20200212QD3561847311466-p00001','20200212QD3561847311466','2020-02-14','CC',191.9,'Delora Delph','3173787707800270',1,2023,35,'Mastercard');
-- ------- SAMPLE 1391 ----------
INSERT INTO GUEST VALUES(2391,'Rossana','Running','RRunning@yahoo.com','1234 DaWrong Lane','Flonkerton','MD','12345','126-657-2634');
INSERT INTO RESERVATION VALUES ('20181101KJ3487204717675',2391,119,'KJ','2018-11-01','2018-11-06',null,'complete');
INSERT INTO INVOICECHARGE VALUES ('20181101KJ3487204717675-ch00001','20181101KJ3487204717675','2018-11-01',693.01,'Base room charge');
INSERT INTO PAYMENT VALUES ('20181101KJ3487204717675-p00001','20181101KJ3487204717675','2018-11-03','CC',693.01,'Rossana Running','5364953878966849',10,2027,242,'Mastercard');
-- ------- SAMPLE 1392 ----------
INSERT INTO GUEST VALUES(2392,'Erminia','Eckard','EEckard@gmail.com','1234 DaWrong Lane','Flonkerton','MD','12345','160-034-8504');
INSERT INTO RESERVATION VALUES ('20190214QD4332045843811',2392,101,'QD','2019-02-14','2019-02-16',null,'complete');
INSERT INTO INVOICECHARGE VALUES ('20190214QD4332045843811-ch00001','20190214QD4332045843811','2019-02-14',126.65,'Base room charge');
INSERT INTO INVOICECHARGE VALUES ('20190214QD4332045843811-ch00002','20190214QD4332045843811','2019-02-14',65.25,'Room Service');
INSERT INTO PAYMENT VALUES ('20190214QD4332045843811-p00001','20190214QD4332045843811','2019-02-16','CC',191.9,'Erminia Eckard','3095712946223715',6,2023,851,'Mastercard');
-- ------- SAMPLE 1393 ----------
INSERT INTO GUEST VALUES(2393,'Buffy','Beattie','BBeattie@yahoo.com','1234 DaWrong Lane','Flonkerton','MD','12345','927-711-9279');
INSERT INTO RESERVATION VALUES ('20190701KI1260372376636',2393,204,'KI','2019-07-01','2019-07-05',null,'complete');
INSERT INTO INVOICECHARGE VALUES ('20190701KI1260372376636-ch00001','20190701KI1260372376636','2019-07-01',225.17,'Base room charge');
INSERT INTO INVOICECHARGE VALUES ('20190701KI1260372376636-ch00002','20190701KI1260372376636','2019-07-01',115.99,'Cleaning fee');
INSERT INTO PAYMENT VALUES ('20190701KI1260372376636-p00001','20190701KI1260372376636','2019-07-03','CC',341.16,'Buffy Beattie','9108347585143047',4,2026,762,'Mastercard');
-- ------- SAMPLE 1394 ----------
INSERT INTO GUEST VALUES(2394,'Shawna','Schmit','SSchmit@yahoo.com','1234 DaWrong Lane','Flonkerton','MD','12345','567-086-9531');
INSERT INTO RESERVATION VALUES ('20200820QD7651589109864',2394,null,'QD','2020-08-20','2020-08-23',null,'active');
-- ------- SAMPLE 1395 ----------
INSERT INTO GUEST VALUES(2395,'Serafina','Singh','SSingh@hotmail.com','1234 DaWrong Lane','Flonkerton','MD','12345','591-678-4521');
INSERT INTO RESERVATION VALUES ('20200803KI6474626320491',2395,null,'KI','2020-08-03','2020-08-08',null,'active');
INSERT INTO INVOICECHARGE VALUES ('20200803KI6474626320491-ch00001','20200803KI6474626320491','2020-08-03',281.46,'Base room charge');
INSERT INTO INVOICECHARGE VALUES ('20200803KI6474626320491-ch00002','20200803KI6474626320491','2020-08-03',144.99,'Room Service');
INSERT INTO PAYMENT VALUES ('20200803KI6474626320491-p00001','20200803KI6474626320491','2020-08-05','CC',158,'Serafina Singh','6241684838506058',2,2022,726,'Mastercard');
-- ------- SAMPLE 1396 ----------
INSERT INTO GUEST VALUES(2396,'Louisa','Laroque','LLaroque@yahoo.com','1234 DaWrong Lane','Flonkerton','MD','12345','648-508-3771');
INSERT INTO RESERVATION VALUES ('20201208KJ6787519881620',2396,null,'KJ','2020-12-08','2020-12-11',null,'active');
INSERT INTO INVOICECHARGE VALUES ('20201208KJ6787519881620-ch00001','20201208KJ6787519881620','2020-12-08',415.81,'Base room charge');
INSERT INTO PAYMENT (payment_id,invoice_id,payment_date,payment_type,payment_amount) VALUES ('20201208KJ6787519881620-p00001','20201208KJ6787519881620','2020-12-10','CA',287);
-- ------- SAMPLE 1397 ----------
INSERT INTO GUEST VALUES(2397,'Gwyneth','Gamber','GGamber@hotmail.com','1234 DaWrong Lane','Flonkerton','MD','12345','500-453-4600');
INSERT INTO RESERVATION VALUES ('20191207QS4328383523801',2397,103,'QS','2019-12-07','2019-12-09',null,'complete');
INSERT INTO INVOICECHARGE VALUES ('20191207QS4328383523801-ch00001','20191207QS4328383523801','2019-12-07',234.55,'Base room charge');
INSERT INTO PAYMENT (payment_id,invoice_id,payment_date,payment_type,payment_amount) VALUES ('20191207QS4328383523801-p00001','20191207QS4328383523801','2019-12-09','CA',234.55);
-- ------- SAMPLE 1398 ----------
INSERT INTO GUEST VALUES(2398,'Ceola','Carasco','CCarasco@yahoo.com','1234 DaWrong Lane','Flonkerton','MD','12345','152-515-3699');
INSERT INTO RESERVATION VALUES ('20180609KJ2198393677124',2398,104,'KJ','2018-06-09','2018-06-10',null,'complete');
INSERT INTO INVOICECHARGE VALUES ('20180609KJ2198393677124-ch00001','20180609KJ2198393677124','2018-06-09',138.6,'Base room charge');
INSERT INTO PAYMENT VALUES ('20180609KJ2198393677124-p00001','20180609KJ2198393677124','2018-06-11','CC',138.6,'Ceola Carasco','6257580687370724',12,2023,129,'Mastercard');
-- ------- SAMPLE 1399 ----------
INSERT INTO GUEST VALUES(2399,'Mario','Macdowell','MMacdowell@yahoo.com','1234 DaWrong Lane','Flonkerton','MD','12345','359-291-7318');
INSERT INTO RESERVATION VALUES ('20190528KI8973890352251',2399,105,'KI','2019-05-28','2019-06-01',null,'complete');
INSERT INTO INVOICECHARGE VALUES ('20190528KI8973890352251-ch00001','20190528KI8973890352251','2019-05-28',341.16,'Base room charge');
INSERT INTO PAYMENT VALUES ('20190528KI8973890352251-p00001','20190528KI8973890352251','2019-05-30','CC',341.16,'Mario Macdowell','8968011035080834',7,2025,124,'Mastercard');
-- ------- SAMPLE 1400 ----------
INSERT INTO GUEST VALUES(2400,'Daron','Dycus','DDycus@yahoo.com','1234 DaWrong Lane','Flonkerton','MD','12345','372-770-9516');
INSERT INTO RESERVATION VALUES ('20210227KS7029499994412',2400,null,'KS','2021-02-27','2021-02-28',null,'active');
INSERT INTO INVOICECHARGE VALUES ('20210227KS7029499994412-ch00001','20210227KS7029499994412','2021-02-27',106.61,'Base room charge');
INSERT INTO PAYMENT (payment_id,invoice_id,payment_date,payment_type,payment_amount) VALUES ('20210227KS7029499994412-p00001','20210227KS7029499994412','2021-03-01','CA',106.61);
-- ------- SAMPLE 1401 ----------
INSERT INTO GUEST VALUES(2401,'Dorothea','Dipaolo','DDipaolo@hotmail.com','1234 DaWrong Lane','Flonkerton','MD','12345','739-088-6824');
INSERT INTO RESERVATION VALUES ('20201212QD1084195012032',2401,null,'QD','2020-12-12','2020-12-13',null,'active');
-- ------- SAMPLE 1402 ----------
INSERT INTO GUEST VALUES(2402,'Darrin','Drum','DDrum@yahoo.com','1234 DaWrong Lane','Flonkerton','MD','12345','589-821-7589');
INSERT INTO RESERVATION VALUES ('20190317KS2088809485799',2402,117,'KS','2019-03-17','2019-03-18',null,'complete');
INSERT INTO INVOICECHARGE VALUES ('20190317KS2088809485799-ch00001','20190317KS2088809485799','2019-03-17',70.36,'Base room charge');
INSERT INTO INVOICECHARGE VALUES ('20190317KS2088809485799-ch00002','20190317KS2088809485799','2019-03-17',36.25,'Cleaning fee');
INSERT INTO PAYMENT (payment_id,invoice_id,payment_date,payment_type,payment_amount) VALUES ('20190317KS2088809485799-p00001','20190317KS2088809485799','2019-03-19','CA',106.61);
-- ------- SAMPLE 1403 ----------
INSERT INTO GUEST VALUES(2403,'Walter','Wellington','WWellington@gmail.com','1234 DaWrong Lane','Flonkerton','MD','12345','519-216-1898');
INSERT INTO RESERVATION VALUES ('20190204KI4446868941158',2403,120,'KI','2019-02-04','2019-02-05',null,'complete');
INSERT INTO INVOICECHARGE VALUES ('20190204KI4446868941158-ch00001','20190204KI4446868941158','2019-02-04',85.29,'Base room charge');
INSERT INTO PAYMENT VALUES ('20190204KI4446868941158-p00001','20190204KI4446868941158','2019-02-06','CC',85.29,'Walter Wellington','8852358905438969',9,2025,217,'Mastercard');
-- ------- SAMPLE 1404 ----------
INSERT INTO GUEST VALUES(2404,'Shera','Shorter','SShorter@hotmail.com','1234 DaWrong Lane','Flonkerton','MD','12345','558-630-3609');
INSERT INTO RESERVATION VALUES ('20181122KS7984126015972',2404,112,'KS','2018-11-22','2018-11-23',null,'complete');
INSERT INTO INVOICECHARGE VALUES ('20181122KS7984126015972-ch00001','20181122KS7984126015972','2018-11-22',106.61,'Base room charge');
INSERT INTO PAYMENT (payment_id,invoice_id,payment_date,payment_type,payment_amount) VALUES ('20181122KS7984126015972-p00001','20181122KS7984126015972','2018-11-24','CA',106.61);
-- ------- SAMPLE 1405 ----------
INSERT INTO GUEST VALUES(2405,'Edmundo','Erickson','EErickson@hotmail.com','1234 DaWrong Lane','Flonkerton','MD','12345','433-935-3349');
INSERT INTO RESERVATION VALUES ('20210108KS7304726227253',2405,null,'KS','2021-01-08','2021-01-10',null,'active');
INSERT INTO INVOICECHARGE VALUES ('20210108KS7304726227253-ch00001','20210108KS7304726227253','2021-01-08',140.73,'Base room charge');
INSERT INTO INVOICECHARGE VALUES ('20210108KS7304726227253-ch00002','20210108KS7304726227253','2021-01-08',72.5,'Cleaning fee');
INSERT INTO PAYMENT VALUES ('20210108KS7304726227253-p00001','20210108KS7304726227253','2021-01-10','CC',197,'Edmundo Erickson','3320177111225053',10,2021,805,'Mastercard');
-- ------- SAMPLE 1406 ----------
INSERT INTO GUEST VALUES(2406,'Tish','Tusing','TTusing@yahoo.com','1234 DaWrong Lane','Flonkerton','MD','12345','978-572-8494');
INSERT INTO RESERVATION VALUES ('20200916KS3803060331132',2406,null,'KS','2020-09-16','2020-09-18',null,'active');
INSERT INTO INVOICECHARGE VALUES ('20200916KS3803060331132-ch00001','20200916KS3803060331132','2020-09-16',213.23,'Base room charge');
INSERT INTO PAYMENT VALUES ('20200916KS3803060331132-p00001','20200916KS3803060331132','2020-09-18','CC',213.23,'Tish Tusing','9529120525041743',6,2025,43,'Mastercard');
-- ------- SAMPLE 1407 ----------
INSERT INTO GUEST VALUES(2407,'Rose','Royall','RRoyall@hotmail.com','1234 DaWrong Lane','Flonkerton','MD','12345','618-725-9163');
INSERT INTO RESERVATION VALUES ('20210429KJ9650497665453',2407,null,'KJ','2021-04-29','2021-05-01',null,'active');
-- ------- SAMPLE 1408 ----------
INSERT INTO GUEST VALUES(2408,'Marcelino','Meisner','MMeisner@yahoo.com','1234 DaWrong Lane','Flonkerton','MD','12345','768-807-9426');
INSERT INTO RESERVATION VALUES ('20201031QS7652059676868',2408,null,'QS','2020-10-31','2020-11-03',null,'active');
-- ------- SAMPLE 1409 ----------
INSERT INTO GUEST VALUES(2409,'Cherry','Chiarello','CChiarello@gmail.com','1234 DaWrong Lane','Flonkerton','MD','12345','038-970-3798');
INSERT INTO RESERVATION VALUES ('20201113QS7591709891149',2409,null,'QS','2020-11-13','2020-11-18',null,'cancelled');
-- ------- SAMPLE 1410 ----------
INSERT INTO GUEST VALUES(2410,'Reita','Rudder','RRudder@yahoo.com','1234 DaWrong Lane','Flonkerton','MD','12345','713-161-8046');
INSERT INTO RESERVATION VALUES ('20190526QS9468980526371',2410,202,'QS','2019-05-26','2019-05-28',null,'complete');
INSERT INTO INVOICECHARGE VALUES ('20190526QS9468980526371-ch00001','20190526QS9468980526371','2019-05-26',154.8,'Base room charge');
INSERT INTO INVOICECHARGE VALUES ('20190526QS9468980526371-ch00002','20190526QS9468980526371','2019-05-26',79.75,'Cleaning fee');
INSERT INTO PAYMENT VALUES ('20190526QS9468980526371-p00001','20190526QS9468980526371','2019-05-28','CC',234.55,'Reita Rudder','6092774676903359',3,2021,328,'Mastercard');
-- ------- SAMPLE 1411 ----------
INSERT INTO GUEST VALUES(2411,'Audrey','Aikens','AAikens@hotmail.com','1234 DaWrong Lane','Flonkerton','MD','12345','162-075-3166');
INSERT INTO RESERVATION VALUES ('20210419QS4804565812472',2411,null,'QS','2021-04-19','2021-04-21',null,'active');
-- ------- SAMPLE 1412 ----------
INSERT INTO GUEST VALUES(2412,'Asa','Allan','AAllan@gmail.com','1234 DaWrong Lane','Flonkerton','MD','12345','422-638-7332');
INSERT INTO RESERVATION VALUES ('20181029KS9252093491956',2412,102,'KS','2018-10-29','2018-10-30',null,'complete');
INSERT INTO INVOICECHARGE VALUES ('20181029KS9252093491956-ch00001','20181029KS9252093491956','2018-10-29',70.36,'Base room charge');
INSERT INTO INVOICECHARGE VALUES ('20181029KS9252093491956-ch00002','20181029KS9252093491956','2018-10-29',36.25,'Room Service');
INSERT INTO PAYMENT (payment_id,invoice_id,payment_date,payment_type,payment_amount) VALUES ('20181029KS9252093491956-p00001','20181029KS9252093491956','2018-10-31','CA',106.61);
-- ------- SAMPLE 1413 ----------
INSERT INTO GUEST VALUES(2413,'Margorie','Mcnish','MMcnish@yahoo.com','1234 DaWrong Lane','Flonkerton','MD','12345','518-963-6642');
INSERT INTO RESERVATION VALUES ('20190713KJ6750204185104',2413,109,'KJ','2019-07-13','2019-07-18',null,'complete');
INSERT INTO INVOICECHARGE VALUES ('20190713KJ6750204185104-ch00001','20190713KJ6750204185104','2019-07-13',457.39,'Base room charge');
INSERT INTO INVOICECHARGE VALUES ('20190713KJ6750204185104-ch00002','20190713KJ6750204185104','2019-07-13',235.62,'Room Service');
INSERT INTO PAYMENT (payment_id,invoice_id,payment_date,payment_type,payment_amount) VALUES ('20190713KJ6750204185104-p00001','20190713KJ6750204185104','2019-07-15','CA',693.01);
-- ------- SAMPLE 1414 ----------
INSERT INTO GUEST VALUES(2414,'Kathey','Kingston','KKingston@yahoo.com','1234 DaWrong Lane','Flonkerton','MD','12345','012-236-7603');
INSERT INTO RESERVATION VALUES ('20191007QD6000390642883',2414,200,'QD','2019-10-07','2019-10-11',null,'complete');
INSERT INTO INVOICECHARGE VALUES ('20191007QD6000390642883-ch00001','20191007QD6000390642883','2019-10-07',383.81,'Base room charge');
INSERT INTO PAYMENT VALUES ('20191007QD6000390642883-p00001','20191007QD6000390642883','2019-10-09','CC',383.81,'Kathey Kingston','2080498336933588',12,2021,69,'Mastercard');
-- ------- SAMPLE 1415 ----------
INSERT INTO GUEST VALUES(2415,'Rick','Ritenour','RRitenour@gmail.com','1234 DaWrong Lane','Flonkerton','MD','12345','899-994-7131');
INSERT INTO RESERVATION VALUES ('20180827QS8683714147566',2415,113,'QS','2018-08-27','2018-08-31',null,'complete');
INSERT INTO INVOICECHARGE VALUES ('20180827QS8683714147566-ch00001','20180827QS8683714147566','2018-08-27',309.61,'Base room charge');
INSERT INTO INVOICECHARGE VALUES ('20180827QS8683714147566-ch00002','20180827QS8683714147566','2018-08-27',159.5,'Cleaning fee');
INSERT INTO PAYMENT VALUES ('20180827QS8683714147566-p00001','20180827QS8683714147566','2018-08-29','CC',469.11,'Rick Ritenour','4115231749205531',1,2024,548,'Mastercard');
-- ------- SAMPLE 1416 ----------
INSERT INTO GUEST VALUES(2416,'Kandra','Kelty','KKelty@yahoo.com','1234 DaWrong Lane','Flonkerton','MD','12345','577-035-2175');
INSERT INTO RESERVATION VALUES ('20180822QD4938567040591',2416,106,'QD','2018-08-22','2018-08-23',null,'complete');
INSERT INTO INVOICECHARGE VALUES ('20180822QD4938567040591-ch00001','20180822QD4938567040591','2018-08-22',95.95,'Base room charge');
INSERT INTO PAYMENT VALUES ('20180822QD4938567040591-p00001','20180822QD4938567040591','2018-08-24','CC',95.95,'Kandra Kelty','3744059436512383',9,2024,912,'Mastercard');
-- ------- SAMPLE 1417 ----------
INSERT INTO GUEST VALUES(2417,'Dorian','Delbosque','DDelbosque@yahoo.com','1234 DaWrong Lane','Flonkerton','MD','12345','668-041-2926');
INSERT INTO RESERVATION VALUES ('20210123KJ1560649466418',2417,null,'KJ','2021-01-23','2021-01-28',null,'active');
-- ------- SAMPLE 1418 ----------
INSERT INTO GUEST VALUES(2418,'Annie','Albrecht','AAlbrecht@hotmail.com','1234 DaWrong Lane','Flonkerton','MD','12345','902-558-0971');
INSERT INTO RESERVATION VALUES ('20200628KS7246113274623',2418,null,'KS','2020-06-28','2020-06-29',null,'active');
INSERT INTO INVOICECHARGE VALUES ('20200628KS7246113274623-ch00001','20200628KS7246113274623','2020-06-28',70.36,'Base room charge');
INSERT INTO INVOICECHARGE VALUES ('20200628KS7246113274623-ch00002','20200628KS7246113274623','2020-06-28',36.25,'Room Service');
INSERT INTO PAYMENT VALUES ('20200628KS7246113274623-p00001','20200628KS7246113274623','2020-06-30','CC',106.61,'Annie Albrecht','4060294013363836',10,2026,299,'Mastercard');
-- ------- SAMPLE 1419 ----------
INSERT INTO GUEST VALUES(2419,'Shandi','Scharf','SScharf@hotmail.com','1234 DaWrong Lane','Flonkerton','MD','12345','998-179-1432');
INSERT INTO RESERVATION VALUES ('20200827QD9109722555091',2419,null,'QD','2020-08-27','2020-08-29',null,'active');
-- ------- SAMPLE 1420 ----------
INSERT INTO GUEST VALUES(2420,'Shera','Shorter','SShorter@yahoo.com','1234 DaWrong Lane','Flonkerton','MD','12345','124-920-7808');
INSERT INTO RESERVATION VALUES ('20200407QS2425529638825',2420,113,'QS','2020-04-07','2020-04-09',null,'complete');
INSERT INTO INVOICECHARGE VALUES ('20200407QS2425529638825-ch00001','20200407QS2425529638825','2020-04-07',154.8,'Base room charge');
INSERT INTO INVOICECHARGE VALUES ('20200407QS2425529638825-ch00002','20200407QS2425529638825','2020-04-07',79.75,'Room Service');
INSERT INTO PAYMENT VALUES ('20200407QS2425529638825-p00001','20200407QS2425529638825','2020-04-09','CC',234.55,'Shera Shorter','4791147841813001',4,2023,380,'Mastercard');
-- ------- SAMPLE 1421 ----------
INSERT INTO GUEST VALUES(2421,'Mandi','Mcwain','MMcwain@yahoo.com','1234 DaWrong Lane','Flonkerton','MD','12345','537-862-3841');
INSERT INTO RESERVATION VALUES ('20181104KJ6696670862100',2421,203,'KJ','2018-11-04','2018-11-09',null,'complete');
INSERT INTO INVOICECHARGE VALUES ('20181104KJ6696670862100-ch00001','20181104KJ6696670862100','2018-11-04',693.01,'Base room charge');
INSERT INTO PAYMENT VALUES ('20181104KJ6696670862100-p00001','20181104KJ6696670862100','2018-11-06','CC',693.01,'Mandi Mcwain','7716348417494023',7,2022,662,'Mastercard');
-- ------- SAMPLE 1422 ----------
INSERT INTO GUEST VALUES(2422,'Walter','Wellington','WWellington@yahoo.com','1234 DaWrong Lane','Flonkerton','MD','12345','673-912-1957');
INSERT INTO RESERVATION VALUES ('20191104QD4979554396725',2422,106,'QD','2019-11-04','2019-11-09',null,'complete');
INSERT INTO INVOICECHARGE VALUES ('20191104QD4979554396725-ch00001','20191104QD4979554396725','2019-11-04',316.64,'Base room charge');
INSERT INTO INVOICECHARGE VALUES ('20191104QD4979554396725-ch00002','20191104QD4979554396725','2019-11-04',163.12,'Cleaning fee');
INSERT INTO PAYMENT VALUES ('20191104QD4979554396725-p00001','20191104QD4979554396725','2019-11-06','CC',479.76,'Walter Wellington','1538045549308444',11,2022,322,'Mastercard');
-- ------- SAMPLE 1423 ----------
INSERT INTO GUEST VALUES(2423,'Buford','Biddy','BBiddy@hotmail.com','1234 DaWrong Lane','Flonkerton','MD','12345','006-367-2844');
INSERT INTO RESERVATION VALUES ('20201207QD2537464909026',2423,null,'QD','2020-12-07','2020-12-10',null,'active');
-- ------- SAMPLE 1424 ----------
INSERT INTO GUEST VALUES(2424,'Gwyneth','Gamber','GGamber@gmail.com','1234 DaWrong Lane','Flonkerton','MD','12345','386-348-0439');
INSERT INTO RESERVATION VALUES ('20181004QD4698988429772',2424,101,'QD','2018-10-04','2018-10-08',null,'complete');
INSERT INTO INVOICECHARGE VALUES ('20181004QD4698988429772-ch00001','20181004QD4698988429772','2018-10-04',253.31,'Base room charge');
INSERT INTO INVOICECHARGE VALUES ('20181004QD4698988429772-ch00002','20181004QD4698988429772','2018-10-04',130.5,'Room Service');
INSERT INTO PAYMENT VALUES ('20181004QD4698988429772-p00001','20181004QD4698988429772','2018-10-06','CC',383.81,'Gwyneth Gamber','9666002002815057',4,2026,314,'Mastercard');
-- ------- SAMPLE 1425 ----------
INSERT INTO GUEST VALUES(2425,'Louisa','Laroque','LLaroque@hotmail.com','1234 DaWrong Lane','Flonkerton','MD','12345','904-937-4675');
INSERT INTO RESERVATION VALUES ('20210110KJ5745697415541',2425,null,'KJ','2021-01-10','2021-01-12',null,'active');
INSERT INTO INVOICECHARGE VALUES ('20210110KJ5745697415541-ch00001','20210110KJ5745697415541','2021-01-10',182.95,'Base room charge');
INSERT INTO INVOICECHARGE VALUES ('20210110KJ5745697415541-ch00002','20210110KJ5745697415541','2021-01-10',94.25,'Room Service');
INSERT INTO PAYMENT (payment_id,invoice_id,payment_date,payment_type,payment_amount) VALUES ('20210110KJ5745697415541-p00001','20210110KJ5745697415541','2021-01-12','CA',277.2);
-- ------- SAMPLE 1426 ----------
INSERT INTO GUEST VALUES(2426,'Malia','Molden','MMolden@gmail.com','1234 DaWrong Lane','Flonkerton','MD','12345','568-441-5807');
INSERT INTO RESERVATION VALUES ('20210316KS4220809475283',2426,null,'KS','2021-03-16','2021-03-17',null,'active');
INSERT INTO INVOICECHARGE VALUES ('20210316KS4220809475283-ch00001','20210316KS4220809475283','2021-03-16',70.36,'Base room charge');
INSERT INTO INVOICECHARGE VALUES ('20210316KS4220809475283-ch00002','20210316KS4220809475283','2021-03-16',36.25,'Cleaning fee');
INSERT INTO PAYMENT (payment_id,invoice_id,payment_date,payment_type,payment_amount) VALUES ('20210316KS4220809475283-p00001','20210316KS4220809475283','2021-03-18','CA',78);
-- ------- SAMPLE 1427 ----------
INSERT INTO GUEST VALUES(2427,'Dorian','Delbosque','DDelbosque@yahoo.com','1234 DaWrong Lane','Flonkerton','MD','12345','685-630-6076');
INSERT INTO RESERVATION VALUES ('20181203KS2351753573086',2427,112,'KS','2018-12-03','2018-12-07',null,'complete');
INSERT INTO INVOICECHARGE VALUES ('20181203KS2351753573086-ch00001','20181203KS2351753573086','2018-12-03',281.46,'Base room charge');
INSERT INTO INVOICECHARGE VALUES ('20181203KS2351753573086-ch00002','20181203KS2351753573086','2018-12-03',145,'Room Service');
INSERT INTO PAYMENT VALUES ('20181203KS2351753573086-p00001','20181203KS2351753573086','2018-12-05','CC',426.46,'Dorian Delbosque','8707257443139921',2,2024,683,'Mastercard');
-- ------- SAMPLE 1428 ----------
INSERT INTO GUEST VALUES(2428,'Theodora','Trickey','TTrickey@gmail.com','1234 DaWrong Lane','Flonkerton','MD','12345','461-305-3905');
INSERT INTO RESERVATION VALUES ('20200416KS8368832435676',2428,107,'KS','2020-04-16','2020-04-19',null,'complete');
INSERT INTO INVOICECHARGE VALUES ('20200416KS8368832435676-ch00001','20200416KS8368832435676','2020-04-16',211.09,'Base room charge');
INSERT INTO INVOICECHARGE VALUES ('20200416KS8368832435676-ch00002','20200416KS8368832435676','2020-04-16',108.75,'Room Service');
INSERT INTO PAYMENT VALUES ('20200416KS8368832435676-p00001','20200416KS8368832435676','2020-04-18','CC',319.84,'Theodora Trickey','2337267316648037',4,2023,29,'Mastercard');
-- ------- SAMPLE 1429 ----------
INSERT INTO GUEST VALUES(2429,'Alverta','Arce','AArce@yahoo.com','1234 DaWrong Lane','Flonkerton','MD','12345','572-507-9928');
INSERT INTO RESERVATION VALUES ('20200502KS3265860952068',2429,107,'KS','2020-05-02','2020-05-06',null,'complete');
INSERT INTO INVOICECHARGE VALUES ('20200502KS3265860952068-ch00001','20200502KS3265860952068','2020-05-02',426.46,'Base room charge');
INSERT INTO PAYMENT VALUES ('20200502KS3265860952068-p00001','20200502KS3265860952068','2020-05-04','CC',426.46,'Alverta Arce','6098040700617251',12,2024,766,'Mastercard');
-- ------- SAMPLE 1430 ----------
INSERT INTO GUEST VALUES(2430,'Major','Meng','MMeng@yahoo.com','1234 DaWrong Lane','Flonkerton','MD','12345','173-090-6697');
INSERT INTO RESERVATION VALUES ('20210311KS2603149440372',2430,null,'KS','2021-03-11','2021-03-16',null,'active');
INSERT INTO INVOICECHARGE VALUES ('20210311KS2603149440372-ch00001','20210311KS2603149440372','2021-03-11',281.46,'Base room charge');
INSERT INTO INVOICECHARGE VALUES ('20210311KS2603149440372-ch00002','20210311KS2603149440372','2021-03-11',145,'Cleaning fee');
INSERT INTO PAYMENT VALUES ('20210311KS2603149440372-p00001','20210311KS2603149440372','2021-03-13','CC',426.46,'Major Meng','8135914130080243',1,2027,883,'Mastercard');
-- ------- SAMPLE 1431 ----------
INSERT INTO GUEST VALUES(2431,'Fredericka','Farney','FFarney@yahoo.com','1234 DaWrong Lane','Flonkerton','MD','12345','631-808-9280');
INSERT INTO RESERVATION VALUES ('20180515KS2478738533946',2431,206,'KS','2018-05-15','2018-05-20',null,'complete');
INSERT INTO INVOICECHARGE VALUES ('20180515KS2478738533946-ch00001','20180515KS2478738533946','2018-05-15',533.07,'Base room charge');
INSERT INTO PAYMENT VALUES ('20180515KS2478738533946-p00001','20180515KS2478738533946','2018-05-17','CC',533.07,'Fredericka Farney','1268621354616403',9,2022,237,'Mastercard');
-- ------- SAMPLE 1432 ----------
INSERT INTO GUEST VALUES(2432,'Jarrett','Janelle','JJanelle@hotmail.com','1234 DaWrong Lane','Flonkerton','MD','12345','191-982-4701');
INSERT INTO RESERVATION VALUES ('20191226KJ7945135615574',2432,104,'KJ','2019-12-26','2019-12-28',null,'cancelled');
INSERT INTO INVOICECHARGE VALUES ('20191226KJ7945135615574-ch00001','20191226KJ7945135615574','2019-12-26',277.2,'Base room charge');
INSERT INTO PAYMENT VALUES ('20191226KJ7945135615574-p00001','20191226KJ7945135615574','2019-12-28','CC',277.2,'Jarrett Janelle','7857955833547218',2,2025,393,'Mastercard');
-- ------- SAMPLE 1433 ----------
INSERT INTO GUEST VALUES(2433,'Mario','Macdowell','MMacdowell@gmail.com','1234 DaWrong Lane','Flonkerton','MD','12345','912-413-3288');
INSERT INTO RESERVATION VALUES ('20201118KS1812914304267',2433,null,'KS','2020-11-18','2020-11-22',null,'active');
INSERT INTO INVOICECHARGE VALUES ('20201118KS1812914304267-ch00001','20201118KS1812914304267','2020-11-18',281.46,'Base room charge');
INSERT INTO INVOICECHARGE VALUES ('20201118KS1812914304267-ch00002','20201118KS1812914304267','2020-11-18',145,'Room Service');
INSERT INTO PAYMENT VALUES ('20201118KS1812914304267-p00001','20201118KS1812914304267','2020-11-20','CC',344,'Mario Macdowell','5636411038243793',7,2021,935,'Mastercard');
-- ------- SAMPLE 1434 ----------
INSERT INTO GUEST VALUES(2434,'Eryn','Edenfield','EEdenfield@yahoo.com','1234 DaWrong Lane','Flonkerton','MD','12345','764-117-8111');
INSERT INTO RESERVATION VALUES ('20200531KJ3131479914737',2434,null,'KJ','2020-05-31','2020-06-04',null,'active');
INSERT INTO INVOICECHARGE VALUES ('20200531KJ3131479914737-ch00001','20200531KJ3131479914737','2020-05-31',365.91,'Base room charge');
INSERT INTO INVOICECHARGE VALUES ('20200531KJ3131479914737-ch00002','20200531KJ3131479914737','2020-05-31',188.5,'Cleaning fee');
INSERT INTO PAYMENT (payment_id,invoice_id,payment_date,payment_type,payment_amount) VALUES ('20200531KJ3131479914737-p00001','20200531KJ3131479914737','2020-06-02','CA',554.41);
-- ------- SAMPLE 1435 ----------
INSERT INTO GUEST VALUES(2435,'Tai','Tookes','TTookes@gmail.com','1234 DaWrong Lane','Flonkerton','MD','12345','573-510-4862');
INSERT INTO RESERVATION VALUES ('20180630KJ2773243786896',2435,109,'KJ','2018-06-30','2018-07-04',null,'cancelled');
INSERT INTO INVOICECHARGE VALUES ('20180630KJ2773243786896-ch00001','20180630KJ2773243786896','2018-06-30',365.91,'Base room charge');
INSERT INTO INVOICECHARGE VALUES ('20180630KJ2773243786896-ch00002','20180630KJ2773243786896','2018-06-30',188.5,'Room Service');
INSERT INTO PAYMENT (payment_id,invoice_id,payment_date,payment_type,payment_amount) VALUES ('20180630KJ2773243786896-p00001','20180630KJ2773243786896','2018-07-02','CA',554.41);
-- ------- SAMPLE 1436 ----------
INSERT INTO GUEST VALUES(2436,'Willian','Wiest','WWiest@hotmail.com','1234 DaWrong Lane','Flonkerton','MD','12345','492-636-6410');
INSERT INTO RESERVATION VALUES ('20201007QS6608699007831',2436,null,'QS','2020-10-07','2020-10-11',null,'active');
-- ------- SAMPLE 1437 ----------
INSERT INTO GUEST VALUES(2437,'Erminia','Eckard','EEckard@gmail.com','1234 DaWrong Lane','Flonkerton','MD','12345','421-752-1626');
INSERT INTO RESERVATION VALUES ('20181215KS8535913599691',2437,117,'KS','2018-12-15','2018-12-16',null,'complete');
INSERT INTO INVOICECHARGE VALUES ('20181215KS8535913599691-ch00001','20181215KS8535913599691','2018-12-15',106.61,'Base room charge');
INSERT INTO PAYMENT VALUES ('20181215KS8535913599691-p00001','20181215KS8535913599691','2018-12-17','CC',106.61,'Erminia Eckard','1721267403985810',4,2022,901,'Mastercard');
-- ------- SAMPLE 1438 ----------
INSERT INTO GUEST VALUES(2438,'Kathey','Kingston','KKingston@gmail.com','1234 DaWrong Lane','Flonkerton','MD','12345','765-752-6034');
INSERT INTO RESERVATION VALUES ('20201118QD6408348307949',2438,null,'QD','2020-11-18','2020-11-22',null,'active');
-- ------- SAMPLE 1439 ----------
INSERT INTO GUEST VALUES(2439,'Christine','Ciampa','CCiampa@hotmail.com','1234 DaWrong Lane','Flonkerton','MD','12345','986-697-5341');
INSERT INTO RESERVATION VALUES ('20190721KJ4130990611516',2439,114,'KJ','2019-07-21','2019-07-26',null,'complete');
INSERT INTO INVOICECHARGE VALUES ('20190721KJ4130990611516-ch00001','20190721KJ4130990611516','2019-07-21',693.01,'Base room charge');
INSERT INTO PAYMENT (payment_id,invoice_id,payment_date,payment_type,payment_amount) VALUES ('20190721KJ4130990611516-p00001','20190721KJ4130990611516','2019-07-23','CA',693.01);
-- ------- SAMPLE 1440 ----------
INSERT INTO GUEST VALUES(2440,'Raisa','Romito','RRomito@gmail.com','1234 DaWrong Lane','Flonkerton','MD','12345','221-891-6822');
INSERT INTO RESERVATION VALUES ('20190721KS6319795544027',2440,107,'KS','2019-07-21','2019-07-25',null,'complete');
INSERT INTO INVOICECHARGE VALUES ('20190721KS6319795544027-ch00001','20190721KS6319795544027','2019-07-21',426.46,'Base room charge');
INSERT INTO PAYMENT VALUES ('20190721KS6319795544027-p00001','20190721KS6319795544027','2019-07-23','CC',426.46,'Raisa Romito','1031517657704183',1,2022,941,'Mastercard');
-- ------- SAMPLE 1441 ----------
INSERT INTO GUEST VALUES(2441,'Fonda','Foreman','FForeman@yahoo.com','1234 DaWrong Lane','Flonkerton','MD','12345','382-891-2179');
INSERT INTO RESERVATION VALUES ('20201029QS9928658216832',2441,null,'QS','2020-10-29','2020-11-01',null,'active');
INSERT INTO INVOICECHARGE VALUES ('20201029QS9928658216832-ch00001','20201029QS9928658216832','2020-10-29',232.21,'Base room charge');
INSERT INTO INVOICECHARGE VALUES ('20201029QS9928658216832-ch00002','20201029QS9928658216832','2020-10-29',119.62,'Room Service');
INSERT INTO PAYMENT VALUES ('20201029QS9928658216832-p00001','20201029QS9928658216832','2020-10-31','CC',351.83,'Fonda Foreman','8789900200649912',10,2025,406,'Mastercard');
-- ------- SAMPLE 1442 ----------
INSERT INTO GUEST VALUES(2442,'Buford','Biddy','BBiddy@gmail.com','1234 DaWrong Lane','Flonkerton','MD','12345','357-534-9695');
INSERT INTO RESERVATION VALUES ('20200103KI9749334083491',2442,115,'KI','2020-01-03','2020-01-08',null,'complete');
INSERT INTO INVOICECHARGE VALUES ('20200103KI9749334083491-ch00001','20200103KI9749334083491','2020-01-03',281.46,'Base room charge');
INSERT INTO INVOICECHARGE VALUES ('20200103KI9749334083491-ch00002','20200103KI9749334083491','2020-01-03',144.99,'Room Service');
INSERT INTO PAYMENT (payment_id,invoice_id,payment_date,payment_type,payment_amount) VALUES ('20200103KI9749334083491-p00001','20200103KI9749334083491','2020-01-05','CA',426.45);
-- ------- SAMPLE 1443 ----------
INSERT INTO GUEST VALUES(2443,'Mario','Macdowell','MMacdowell@yahoo.com','1234 DaWrong Lane','Flonkerton','MD','12345','256-512-4579');
INSERT INTO RESERVATION VALUES ('20200122KS9854010261544',2443,117,'KS','2020-01-22','2020-01-23',null,'complete');
INSERT INTO INVOICECHARGE VALUES ('20200122KS9854010261544-ch00001','20200122KS9854010261544','2020-01-22',106.61,'Base room charge');
INSERT INTO PAYMENT VALUES ('20200122KS9854010261544-p00001','20200122KS9854010261544','2020-01-24','CC',106.61,'Mario Macdowell','4252357540530418',3,2021,570,'Mastercard');
-- ------- SAMPLE 1444 ----------
INSERT INTO GUEST VALUES(2444,'Freida','Forbis','FForbis@hotmail.com','1234 DaWrong Lane','Flonkerton','MD','12345','046-181-7344');
INSERT INTO RESERVATION VALUES ('20190122KS3839310251241',2444,112,'KS','2019-01-22','2019-01-27',null,'complete');
INSERT INTO INVOICECHARGE VALUES ('20190122KS3839310251241-ch00001','20190122KS3839310251241','2019-01-22',351.83,'Base room charge');
INSERT INTO INVOICECHARGE VALUES ('20190122KS3839310251241-ch00002','20190122KS3839310251241','2019-01-22',181.24,'Cleaning fee');
INSERT INTO PAYMENT VALUES ('20190122KS3839310251241-p00001','20190122KS3839310251241','2019-01-24','CC',533.07,'Freida Forbis','1334393345427846',6,2024,96,'Mastercard');
-- ------- SAMPLE 1445 ----------
INSERT INTO GUEST VALUES(2445,'Deandre','Defore','DDefore@gmail.com','1234 DaWrong Lane','Flonkerton','MD','12345','910-175-1227');
INSERT INTO RESERVATION VALUES ('20180511KI1504350237696',2445,204,'KI','2018-05-11','2018-05-12',null,'cancelled');
INSERT INTO INVOICECHARGE VALUES ('20180511KI1504350237696-ch00001','20180511KI1504350237696','2018-05-11',85.29,'Base room charge');
INSERT INTO PAYMENT VALUES ('20180511KI1504350237696-p00001','20180511KI1504350237696','2018-05-13','CC',85.29,'Deandre Defore','2942928257570723',1,2021,500,'Mastercard');
-- ------- SAMPLE 1446 ----------
INSERT INTO GUEST VALUES(2446,'Eryn','Edenfield','EEdenfield@hotmail.com','1234 DaWrong Lane','Flonkerton','MD','12345','605-238-9733');
INSERT INTO RESERVATION VALUES ('20191212QS6021754410448',2446,202,'QS','2019-12-12','2019-12-16',null,'complete');
INSERT INTO INVOICECHARGE VALUES ('20191212QS6021754410448-ch00001','20191212QS6021754410448','2019-12-12',469.11,'Base room charge');
INSERT INTO PAYMENT VALUES ('20191212QS6021754410448-p00001','20191212QS6021754410448','2019-12-14','CC',469.11,'Eryn Edenfield','4635232438357940',9,2024,143,'Mastercard');
-- ------- SAMPLE 1447 ----------
INSERT INTO GUEST VALUES(2447,'Kenisha','Kane','KKane@gmail.com','1234 DaWrong Lane','Flonkerton','MD','12345','442-517-2550');
INSERT INTO RESERVATION VALUES ('20210424QS6728700329397',2447,null,'QS','2021-04-24','2021-04-26',null,'active');
INSERT INTO INVOICECHARGE VALUES ('20210424QS6728700329397-ch00001','20210424QS6728700329397','2021-04-24',234.55,'Base room charge');
INSERT INTO PAYMENT VALUES ('20210424QS6728700329397-p00001','20210424QS6728700329397','2021-04-26','CC',234.55,'Kenisha Kane','8548524273189540',1,2025,459,'Mastercard');
-- ------- SAMPLE 1448 ----------
INSERT INTO GUEST VALUES(2448,'Buford','Biddy','BBiddy@hotmail.com','1234 DaWrong Lane','Flonkerton','MD','12345','288-889-6150');
INSERT INTO RESERVATION VALUES ('20210305QD3552306837451',2448,null,'QD','2021-03-05','2021-03-09',null,'active');
INSERT INTO INVOICECHARGE VALUES ('20210305QD3552306837451-ch00001','20210305QD3552306837451','2021-03-05',253.31,'Base room charge');
INSERT INTO INVOICECHARGE VALUES ('20210305QD3552306837451-ch00002','20210305QD3552306837451','2021-03-05',130.5,'Cleaning fee');
INSERT INTO PAYMENT VALUES ('20210305QD3552306837451-p00001','20210305QD3552306837451','2021-03-07','CC',383.81,'Buford Biddy','5435884982516368',6,2024,226,'Mastercard');
-- ------- SAMPLE 1449 ----------
INSERT INTO GUEST VALUES(2449,'Shena','Sandoz','SSandoz@yahoo.com','1234 DaWrong Lane','Flonkerton','MD','12345','759-165-0632');
INSERT INTO RESERVATION VALUES ('20190807KJ2884634866781',2449,114,'KJ','2019-08-07','2019-08-08',null,'complete');
INSERT INTO INVOICECHARGE VALUES ('20190807KJ2884634866781-ch00001','20190807KJ2884634866781','2019-08-07',138.6,'Base room charge');
INSERT INTO PAYMENT VALUES ('20190807KJ2884634866781-p00001','20190807KJ2884634866781','2019-08-09','CC',138.6,'Shena Sandoz','2023311554458486',7,2022,516,'Mastercard');
-- ------- SAMPLE 1450 ----------
INSERT INTO GUEST VALUES(2450,'Tomika','Teran','TTeran@gmail.com','1234 DaWrong Lane','Flonkerton','MD','12345','975-128-9667');
INSERT INTO RESERVATION VALUES ('20190423KS1096960200367',2450,112,'KS','2019-04-23','2019-04-28',null,'complete');
INSERT INTO INVOICECHARGE VALUES ('20190423KS1096960200367-ch00001','20190423KS1096960200367','2019-04-23',533.07,'Base room charge');
INSERT INTO PAYMENT VALUES ('20190423KS1096960200367-p00001','20190423KS1096960200367','2019-04-25','CC',533.07,'Tomika Teran','3307701338195109',11,2025,324,'Mastercard');
-- ------- SAMPLE 1451 ----------
INSERT INTO GUEST VALUES(2451,'Louisa','Laroque','LLaroque@yahoo.com','1234 DaWrong Lane','Flonkerton','MD','12345','115-200-2846');
INSERT INTO RESERVATION VALUES ('20200910QD8956988891503',2451,null,'QD','2020-09-10','2020-09-15',null,'active');
INSERT INTO INVOICECHARGE VALUES ('20200910QD8956988891503-ch00001','20200910QD8956988891503','2020-09-10',479.76,'Base room charge');
INSERT INTO PAYMENT VALUES ('20200910QD8956988891503-p00001','20200910QD8956988891503','2020-09-12','CC',479.76,'Louisa Laroque','2243808794024111',11,2022,310,'Mastercard');
-- ------- SAMPLE 1452 ----------
INSERT INTO GUEST VALUES(2452,'Shandi','Scharf','SScharf@hotmail.com','1234 DaWrong Lane','Flonkerton','MD','12345','622-712-0151');
INSERT INTO RESERVATION VALUES ('20180626KJ8893991775624',2452,119,'KJ','2018-06-26','2018-06-29',null,'complete');
INSERT INTO INVOICECHARGE VALUES ('20180626KJ8893991775624-ch00001','20180626KJ8893991775624','2018-06-26',274.43,'Base room charge');
INSERT INTO INVOICECHARGE VALUES ('20180626KJ8893991775624-ch00002','20180626KJ8893991775624','2018-06-26',141.38,'Cleaning fee');
INSERT INTO PAYMENT VALUES ('20180626KJ8893991775624-p00001','20180626KJ8893991775624','2018-06-28','CC',415.81,'Shandi Scharf','9795054855061187',4,2021,98,'Mastercard');
-- ------- SAMPLE 1453 ----------
INSERT INTO GUEST VALUES(2453,'Audrey','Aikens','AAikens@gmail.com','1234 DaWrong Lane','Flonkerton','MD','12345','900-581-4271');
INSERT INTO RESERVATION VALUES ('20210316KJ8454582941292',2453,null,'KJ','2021-03-16','2021-03-21',null,'active');
-- ------- SAMPLE 1454 ----------
INSERT INTO GUEST VALUES(2454,'Nena','Nunez','NNunez@gmail.com','1234 DaWrong Lane','Flonkerton','MD','12345','631-934-7622');
INSERT INTO RESERVATION VALUES ('20180627QS7425422622522',2454,202,'QS','2018-06-27','2018-06-30',null,'complete');
INSERT INTO INVOICECHARGE VALUES ('20180627QS7425422622522-ch00001','20180627QS7425422622522','2018-06-27',351.83,'Base room charge');
INSERT INTO PAYMENT VALUES ('20180627QS7425422622522-p00001','20180627QS7425422622522','2018-06-29','CC',351.83,'Nena Nunez','7341046645638022',7,2026,249,'Mastercard');
-- ------- SAMPLE 1455 ----------
INSERT INTO GUEST VALUES(2455,'Katerine','Kawakami','KKawakami@yahoo.com','1234 DaWrong Lane','Flonkerton','MD','12345','485-338-7487');
INSERT INTO RESERVATION VALUES ('20210506KS8424326314844',2455,null,'KS','2021-05-06','2021-05-07',null,'active');
INSERT INTO INVOICECHARGE VALUES ('20210506KS8424326314844-ch00001','20210506KS8424326314844','2021-05-06',106.61,'Base room charge');
INSERT INTO PAYMENT VALUES ('20210506KS8424326314844-p00001','20210506KS8424326314844','2021-05-08','CC',77,'Katerine Kawakami','2742142412510555',6,2027,599,'Mastercard');
-- ------- SAMPLE 1456 ----------
INSERT INTO GUEST VALUES(2456,'Yuette','Yetman','YYetman@yahoo.com','1234 DaWrong Lane','Flonkerton','MD','12345','802-643-4592');
INSERT INTO RESERVATION VALUES ('20200213QS7098185079636',2456,103,'QS','2020-02-13','2020-02-14',null,'complete');
INSERT INTO INVOICECHARGE VALUES ('20200213QS7098185079636-ch00001','20200213QS7098185079636','2020-02-13',117.28,'Base room charge');
INSERT INTO PAYMENT VALUES ('20200213QS7098185079636-p00001','20200213QS7098185079636','2020-02-15','CC',117.28,'Yuette Yetman','6854211455655765',11,2021,7,'Mastercard');
-- ------- SAMPLE 1457 ----------
INSERT INTO GUEST VALUES(2457,'Freida','Forbis','FForbis@gmail.com','1234 DaWrong Lane','Flonkerton','MD','12345','112-144-4329');
INSERT INTO RESERVATION VALUES ('20180725QS8021267323865',2457,103,'QS','2018-07-25','2018-07-30',null,'complete');
INSERT INTO INVOICECHARGE VALUES ('20180725QS8021267323865-ch00001','20180725QS8021267323865','2018-07-25',387.01,'Base room charge');
INSERT INTO INVOICECHARGE VALUES ('20180725QS8021267323865-ch00002','20180725QS8021267323865','2018-07-25',199.37,'Cleaning fee');
INSERT INTO PAYMENT VALUES ('20180725QS8021267323865-p00001','20180725QS8021267323865','2018-07-27','CC',586.38,'Freida Forbis','8977116009064849',9,2021,761,'Mastercard');
-- ------- SAMPLE 1458 ----------
INSERT INTO GUEST VALUES(2458,'Georgianne','Guadarrama','GGuadarrama@gmail.com','1234 DaWrong Lane','Flonkerton','MD','12345','695-880-7934');
INSERT INTO RESERVATION VALUES ('20190912KI9926683759673',2458,209,'KI','2019-09-12','2019-09-14',null,'complete');
INSERT INTO INVOICECHARGE VALUES ('20190912KI9926683759673-ch00001','20190912KI9926683759673','2019-09-12',170.58,'Base room charge');
INSERT INTO PAYMENT VALUES ('20190912KI9926683759673-p00001','20190912KI9926683759673','2019-09-14','CC',170.58,'Georgianne Guadarrama','4059161519517422',11,2021,784,'Mastercard');
-- ------- SAMPLE 1459 ----------
INSERT INTO GUEST VALUES(2459,'Ginger','Gordillo','GGordillo@yahoo.com','1234 DaWrong Lane','Flonkerton','MD','12345','722-682-1154');
INSERT INTO RESERVATION VALUES ('20200307KS5161669109019',2459,112,'KS','2020-03-07','2020-03-08',null,'complete');
-- ------- SAMPLE 1460 ----------
INSERT INTO GUEST VALUES(2460,'Francie','Fairbank','FFairbank@gmail.com','1234 DaWrong Lane','Flonkerton','MD','12345','616-122-1522');
INSERT INTO RESERVATION VALUES ('20210318KJ2713065579878',2460,null,'KJ','2021-03-18','2021-03-19',null,'active');
INSERT INTO INVOICECHARGE VALUES ('20210318KJ2713065579878-ch00001','20210318KJ2713065579878','2021-03-18',91.48,'Base room charge');
INSERT INTO INVOICECHARGE VALUES ('20210318KJ2713065579878-ch00002','20210318KJ2713065579878','2021-03-18',47.12,'Room Service');
INSERT INTO PAYMENT VALUES ('20210318KJ2713065579878-p00001','20210318KJ2713065579878','2021-03-20','CC',138.6,'Francie Fairbank','7450091372070941',3,2027,499,'Mastercard');
-- ------- SAMPLE 1461 ----------
INSERT INTO GUEST VALUES(2461,'Bell','Belizaire','BBelizaire@hotmail.com','1234 DaWrong Lane','Flonkerton','MD','12345','012-598-9387');
INSERT INTO RESERVATION VALUES ('20180831KI3454733449523',2461,115,'KI','2018-08-31','2018-09-04',null,'complete');
INSERT INTO INVOICECHARGE VALUES ('20180831KI3454733449523-ch00001','20180831KI3454733449523','2018-08-31',341.16,'Base room charge');
INSERT INTO PAYMENT (payment_id,invoice_id,payment_date,payment_type,payment_amount) VALUES ('20180831KI3454733449523-p00001','20180831KI3454733449523','2018-09-02','CA',341.16);
-- ------- SAMPLE 1462 ----------
INSERT INTO GUEST VALUES(2462,'Leonore','Losh','LLosh@gmail.com','1234 DaWrong Lane','Flonkerton','MD','12345','770-806-5849');
INSERT INTO RESERVATION VALUES ('20200316KJ2654917779410',2462,109,'KJ','2020-03-16','2020-03-18',null,'complete');
INSERT INTO INVOICECHARGE VALUES ('20200316KJ2654917779410-ch00001','20200316KJ2654917779410','2020-03-16',277.2,'Base room charge');
INSERT INTO PAYMENT VALUES ('20200316KJ2654917779410-p00001','20200316KJ2654917779410','2020-03-18','CC',277.2,'Leonore Losh','8646030814845286',8,2024,140,'Mastercard');
-- ------- SAMPLE 1463 ----------
INSERT INTO GUEST VALUES(2463,'James','Janey','JJaney@hotmail.com','1234 DaWrong Lane','Flonkerton','MD','12345','261-890-0013');
INSERT INTO RESERVATION VALUES ('20190224KJ5726807236515',2463,109,'KJ','2019-02-24','2019-02-27',null,'complete');
INSERT INTO INVOICECHARGE VALUES ('20190224KJ5726807236515-ch00001','20190224KJ5726807236515','2019-02-24',274.43,'Base room charge');
INSERT INTO INVOICECHARGE VALUES ('20190224KJ5726807236515-ch00002','20190224KJ5726807236515','2019-02-24',141.38,'Room Service');
INSERT INTO PAYMENT VALUES ('20190224KJ5726807236515-p00001','20190224KJ5726807236515','2019-02-26','CC',415.81,'James Janey','5389290736702920',12,2021,81,'Mastercard');
-- ------- SAMPLE 1464 ----------
INSERT INTO GUEST VALUES(2464,'Shad','Sitler','SSitler@gmail.com','1234 DaWrong Lane','Flonkerton','MD','12345','674-845-2473');
INSERT INTO RESERVATION VALUES ('20200919KS1142756294910',2464,null,'KS','2020-09-19','2020-09-21',null,'active');
INSERT INTO INVOICECHARGE VALUES ('20200919KS1142756294910-ch00001','20200919KS1142756294910','2020-09-19',213.23,'Base room charge');
INSERT INTO PAYMENT VALUES ('20200919KS1142756294910-p00001','20200919KS1142756294910','2020-09-21','CC',213.23,'Shad Sitler','9951861635014168',7,2025,566,'Mastercard');
-- ------- SAMPLE 1465 ----------
INSERT INTO GUEST VALUES(2465,'Lorean','Loden','LLoden@yahoo.com','1234 DaWrong Lane','Flonkerton','MD','12345','827-231-0844');
INSERT INTO RESERVATION VALUES ('20180615QS8838168896466',2465,103,'QS','2018-06-15','2018-06-20',null,'cancelled');
INSERT INTO INVOICECHARGE VALUES ('20180615QS8838168896466-ch00001','20180615QS8838168896466','2018-06-15',586.38,'Base room charge');
INSERT INTO PAYMENT VALUES ('20180615QS8838168896466-p00001','20180615QS8838168896466','2018-06-17','CC',586.38,'Lorean Loden','6490642295497140',11,2025,718,'Mastercard');
-- ------- SAMPLE 1466 ----------
INSERT INTO GUEST VALUES(2466,'Pearlene','Priestly','PPriestly@hotmail.com','1234 DaWrong Lane','Flonkerton','MD','12345','145-457-2309');
INSERT INTO RESERVATION VALUES ('20190529QS6677688836327',2466,118,'QS','2019-05-29','2019-05-30',null,'complete');
INSERT INTO INVOICECHARGE VALUES ('20190529QS6677688836327-ch00001','20190529QS6677688836327','2019-05-29',77.4,'Base room charge');
INSERT INTO INVOICECHARGE VALUES ('20190529QS6677688836327-ch00002','20190529QS6677688836327','2019-05-29',39.88,'Room Service');
INSERT INTO PAYMENT (payment_id,invoice_id,payment_date,payment_type,payment_amount) VALUES ('20190529QS6677688836327-p00001','20190529QS6677688836327','2019-05-31','CA',117.28);
-- ------- SAMPLE 1467 ----------
INSERT INTO GUEST VALUES(2467,'Floy','Feinstein','FFeinstein@hotmail.com','1234 DaWrong Lane','Flonkerton','MD','12345','761-865-0149');
INSERT INTO RESERVATION VALUES ('20181214KJ2306072746892',2467,114,'KJ','2018-12-14','2018-12-17',null,'complete');
INSERT INTO INVOICECHARGE VALUES ('20181214KJ2306072746892-ch00001','20181214KJ2306072746892','2018-12-14',415.81,'Base room charge');
INSERT INTO PAYMENT (payment_id,invoice_id,payment_date,payment_type,payment_amount) VALUES ('20181214KJ2306072746892-p00001','20181214KJ2306072746892','2018-12-16','CA',415.81);
-- ------- SAMPLE 1468 ----------
INSERT INTO GUEST VALUES(2468,'Boris','Berner','BBerner@gmail.com','1234 DaWrong Lane','Flonkerton','MD','12345','465-414-5734');
INSERT INTO RESERVATION VALUES ('20180915QD9967707386598',2468,106,'QD','2018-09-15','2018-09-19',null,'complete');
INSERT INTO INVOICECHARGE VALUES ('20180915QD9967707386598-ch00001','20180915QD9967707386598','2018-09-15',253.31,'Base room charge');
INSERT INTO INVOICECHARGE VALUES ('20180915QD9967707386598-ch00002','20180915QD9967707386598','2018-09-15',130.5,'Cleaning fee');
INSERT INTO PAYMENT VALUES ('20180915QD9967707386598-p00001','20180915QD9967707386598','2018-09-17','CC',383.81,'Boris Berner','1061289380249076',9,2023,572,'Mastercard');
-- ------- SAMPLE 1469 ----------
INSERT INTO GUEST VALUES(2469,'Doyle','Dykema','DDykema@hotmail.com','1234 DaWrong Lane','Flonkerton','MD','12345','624-301-8465');
INSERT INTO RESERVATION VALUES ('20180819KJ3065101600785',2469,203,'KJ','2018-08-19','2018-08-21',null,'complete');
INSERT INTO INVOICECHARGE VALUES ('20180819KJ3065101600785-ch00001','20180819KJ3065101600785','2018-08-19',277.2,'Base room charge');
INSERT INTO PAYMENT VALUES ('20180819KJ3065101600785-p00001','20180819KJ3065101600785','2018-08-21','CC',277.2,'Doyle Dykema','6114151100789730',8,2027,613,'Mastercard');
-- ------- SAMPLE 1470 ----------
INSERT INTO GUEST VALUES(2470,'Raven','Rybicki','RRybicki@hotmail.com','1234 DaWrong Lane','Flonkerton','MD','12345','735-201-6577');
INSERT INTO RESERVATION VALUES ('20200719QS1862217613117',2470,null,'QS','2020-07-19','2020-07-22',null,'active');
INSERT INTO INVOICECHARGE VALUES ('20200719QS1862217613117-ch00001','20200719QS1862217613117','2020-07-19',232.21,'Base room charge');
INSERT INTO INVOICECHARGE VALUES ('20200719QS1862217613117-ch00002','20200719QS1862217613117','2020-07-19',119.62,'Cleaning fee');
INSERT INTO PAYMENT VALUES ('20200719QS1862217613117-p00001','20200719QS1862217613117','2020-07-21','CC',351.83,'Raven Rybicki','8588359982482423',8,2023,841,'Mastercard');
-- ------- SAMPLE 1471 ----------
INSERT INTO GUEST VALUES(2471,'Shawna','Schmit','SSchmit@gmail.com','1234 DaWrong Lane','Flonkerton','MD','12345','448-570-0866');
INSERT INTO RESERVATION VALUES ('20200426KJ5271602629534',2471,119,'KJ','2020-04-26','2020-04-30',null,'complete');
INSERT INTO INVOICECHARGE VALUES ('20200426KJ5271602629534-ch00001','20200426KJ5271602629534','2020-04-26',365.91,'Base room charge');
INSERT INTO INVOICECHARGE VALUES ('20200426KJ5271602629534-ch00002','20200426KJ5271602629534','2020-04-26',188.5,'Cleaning fee');
INSERT INTO PAYMENT VALUES ('20200426KJ5271602629534-p00001','20200426KJ5271602629534','2020-04-28','CC',554.41,'Shawna Schmit','7812408794990419',1,2022,374,'Mastercard');
-- ------- SAMPLE 1472 ----------
INSERT INTO GUEST VALUES(2472,'Major','Meng','MMeng@hotmail.com','1234 DaWrong Lane','Flonkerton','MD','12345','865-596-5109');
INSERT INTO RESERVATION VALUES ('20200523KS4122195715984',2472,null,'KS','2020-05-23','2020-05-28',null,'active');
INSERT INTO INVOICECHARGE VALUES ('20200523KS4122195715984-ch00001','20200523KS4122195715984','2020-05-23',351.83,'Base room charge');
INSERT INTO INVOICECHARGE VALUES ('20200523KS4122195715984-ch00002','20200523KS4122195715984','2020-05-23',181.24,'Room Service');
INSERT INTO PAYMENT VALUES ('20200523KS4122195715984-p00001','20200523KS4122195715984','2020-05-25','CC',533.07,'Major Meng','6132537649335845',7,2023,318,'Mastercard');
-- ------- SAMPLE 1473 ----------
INSERT INTO GUEST VALUES(2473,'Buffy','Beattie','BBeattie@hotmail.com','1234 DaWrong Lane','Flonkerton','MD','12345','069-720-1779');
INSERT INTO RESERVATION VALUES ('20181209KI3334574241869',2473,105,'KI','2018-12-09','2018-12-13',null,'complete');
INSERT INTO INVOICECHARGE VALUES ('20181209KI3334574241869-ch00001','20181209KI3334574241869','2018-12-09',341.16,'Base room charge');
INSERT INTO PAYMENT VALUES ('20181209KI3334574241869-p00001','20181209KI3334574241869','2018-12-11','CC',341.16,'Buffy Beattie','8638068316569041',10,2023,929,'Mastercard');
-- ------- SAMPLE 1474 ----------
INSERT INTO GUEST VALUES(2474,'Leonore','Losh','LLosh@gmail.com','1234 DaWrong Lane','Flonkerton','MD','12345','239-567-2667');
INSERT INTO RESERVATION VALUES ('20190131KI3636841341895',2474,115,'KI','2019-01-31','2019-02-01',null,'complete');
INSERT INTO INVOICECHARGE VALUES ('20190131KI3636841341895-ch00001','20190131KI3636841341895','2019-01-31',56.29,'Base room charge');
INSERT INTO INVOICECHARGE VALUES ('20190131KI3636841341895-ch00002','20190131KI3636841341895','2019-01-31',29,'Room Service');
INSERT INTO PAYMENT VALUES ('20190131KI3636841341895-p00001','20190131KI3636841341895','2019-02-02','CC',85.29,'Leonore Losh','1269706883591862',7,2026,467,'Mastercard');
-- ------- SAMPLE 1475 ----------
INSERT INTO GUEST VALUES(2475,'Nena','Nunez','NNunez@hotmail.com','1234 DaWrong Lane','Flonkerton','MD','12345','876-347-9530');
INSERT INTO RESERVATION VALUES ('20200613KI6662041961887',2475,null,'KI','2020-06-13','2020-06-17',null,'active');
INSERT INTO INVOICECHARGE VALUES ('20200613KI6662041961887-ch00001','20200613KI6662041961887','2020-06-13',341.16,'Base room charge');
INSERT INTO PAYMENT VALUES ('20200613KI6662041961887-p00001','20200613KI6662041961887','2020-06-15','CC',341.16,'Nena Nunez','1674899535356339',12,2027,224,'Mastercard');
-- ------- SAMPLE 1476 ----------
INSERT INTO GUEST VALUES(2476,'Romelia','Rigdon','RRigdon@yahoo.com','1234 DaWrong Lane','Flonkerton','MD','12345','420-176-6278');
INSERT INTO RESERVATION VALUES ('20200629QS9307498949056',2476,null,'QS','2020-06-29','2020-07-03',null,'active');
INSERT INTO INVOICECHARGE VALUES ('20200629QS9307498949056-ch00001','20200629QS9307498949056','2020-06-29',469.11,'Base room charge');
INSERT INTO PAYMENT VALUES ('20200629QS9307498949056-p00001','20200629QS9307498949056','2020-07-01','CC',349,'Romelia Rigdon','6285297822623552',1,2022,136,'Mastercard');
-- ------- SAMPLE 1477 ----------
INSERT INTO GUEST VALUES(2477,'Christine','Ciampa','CCiampa@hotmail.com','1234 DaWrong Lane','Flonkerton','MD','12345','605-775-3463');
INSERT INTO RESERVATION VALUES ('20201202KS8069240560724',2477,null,'KS','2020-12-02','2020-12-06',null,'active');
INSERT INTO INVOICECHARGE VALUES ('20201202KS8069240560724-ch00001','20201202KS8069240560724','2020-12-02',426.46,'Base room charge');
INSERT INTO PAYMENT VALUES ('20201202KS8069240560724-p00001','20201202KS8069240560724','2020-12-04','CC',426.46,'Christine Ciampa','7555004613943319',8,2022,907,'Mastercard');
-- ------- SAMPLE 1478 ----------
INSERT INTO GUEST VALUES(2478,'Edmundo','Erickson','EErickson@gmail.com','1234 DaWrong Lane','Flonkerton','MD','12345','628-260-3891');
INSERT INTO RESERVATION VALUES ('20180922QS3532720241207',2478,202,'QS','2018-09-22','2018-09-27',null,'complete');
INSERT INTO INVOICECHARGE VALUES ('20180922QS3532720241207-ch00001','20180922QS3532720241207','2018-09-22',387.01,'Base room charge');
INSERT INTO INVOICECHARGE VALUES ('20180922QS3532720241207-ch00002','20180922QS3532720241207','2018-09-22',199.37,'Room Service');
INSERT INTO PAYMENT VALUES ('20180922QS3532720241207-p00001','20180922QS3532720241207','2018-09-24','CC',586.38,'Edmundo Erickson','9932735993732021',4,2023,29,'Mastercard');
-- ------- SAMPLE 1479 ----------
INSERT INTO GUEST VALUES(2479,'Tomika','Teran','TTeran@gmail.com','1234 DaWrong Lane','Flonkerton','MD','12345','416-037-8708');
INSERT INTO RESERVATION VALUES ('20190331KJ4404729808113',2479,208,'KJ','2019-03-31','2019-04-05',null,'complete');
INSERT INTO INVOICECHARGE VALUES ('20190331KJ4404729808113-ch00001','20190331KJ4404729808113','2019-03-31',693.01,'Base room charge');
INSERT INTO PAYMENT VALUES ('20190331KJ4404729808113-p00001','20190331KJ4404729808113','2019-04-02','CC',693.01,'Tomika Teran','1603756834422926',1,2026,995,'Mastercard');
-- ------- SAMPLE 1480 ----------
INSERT INTO GUEST VALUES(2480,'Boris','Berner','BBerner@yahoo.com','1234 DaWrong Lane','Flonkerton','MD','12345','949-603-8407');
INSERT INTO RESERVATION VALUES ('20201227QD7748768008419',2480,null,'QD','2020-12-27','2020-12-28',null,'active');
INSERT INTO INVOICECHARGE VALUES ('20201227QD7748768008419-ch00001','20201227QD7748768008419','2020-12-27',95.95,'Base room charge');
INSERT INTO PAYMENT VALUES ('20201227QD7748768008419-p00001','20201227QD7748768008419','2020-12-29','CC',95.95,'Boris Berner','7033150314818353',3,2023,529,'Mastercard');
-- ------- SAMPLE 1481 ----------
INSERT INTO GUEST VALUES(2481,'Gwyneth','Gamber','GGamber@yahoo.com','1234 DaWrong Lane','Flonkerton','MD','12345','946-957-1508');
INSERT INTO RESERVATION VALUES ('20191029QD6784186997798',2481,200,'QD','2019-10-29','2019-10-31',null,'complete');
INSERT INTO INVOICECHARGE VALUES ('20191029QD6784186997798-ch00001','20191029QD6784186997798','2019-10-29',126.65,'Base room charge');
INSERT INTO INVOICECHARGE VALUES ('20191029QD6784186997798-ch00002','20191029QD6784186997798','2019-10-29',65.25,'Cleaning fee');
INSERT INTO PAYMENT VALUES ('20191029QD6784186997798-p00001','20191029QD6784186997798','2019-10-31','CC',191.9,'Gwyneth Gamber','5791181539294914',1,2022,19,'Mastercard');
-- ------- SAMPLE 1482 ----------
INSERT INTO GUEST VALUES(2482,'Joann','Joplin','JJoplin@hotmail.com','1234 DaWrong Lane','Flonkerton','MD','12345','560-287-5877');
INSERT INTO RESERVATION VALUES ('20181007KS6308565126229',2482,112,'KS','2018-10-07','2018-10-09',null,'complete');
INSERT INTO INVOICECHARGE VALUES ('20181007KS6308565126229-ch00001','20181007KS6308565126229','2018-10-07',213.23,'Base room charge');
INSERT INTO PAYMENT (payment_id,invoice_id,payment_date,payment_type,payment_amount) VALUES ('20181007KS6308565126229-p00001','20181007KS6308565126229','2018-10-09','CA',213.23);
-- ------- SAMPLE 1483 ----------
INSERT INTO GUEST VALUES(2483,'Kathlyn','Kinser','KKinser@gmail.com','1234 DaWrong Lane','Flonkerton','MD','12345','031-306-8566');
INSERT INTO RESERVATION VALUES ('20190501KS1372227327294',2483,107,'KS','2019-05-01','2019-05-05',null,'complete');
INSERT INTO INVOICECHARGE VALUES ('20190501KS1372227327294-ch00001','20190501KS1372227327294','2019-05-01',426.46,'Base room charge');
INSERT INTO PAYMENT VALUES ('20190501KS1372227327294-p00001','20190501KS1372227327294','2019-05-03','CC',426.46,'Kathlyn Kinser','8018232534253582',9,2021,889,'Mastercard');
-- ------- SAMPLE 1484 ----------
INSERT INTO GUEST VALUES(2484,'Rick','Ritenour','RRitenour@yahoo.com','1234 DaWrong Lane','Flonkerton','MD','12345','414-373-7175');
INSERT INTO RESERVATION VALUES ('20201026QS7666942822745',2484,null,'QS','2020-10-26','2020-10-28',null,'active');
INSERT INTO INVOICECHARGE VALUES ('20201026QS7666942822745-ch00001','20201026QS7666942822745','2020-10-26',234.55,'Base room charge');
INSERT INTO PAYMENT VALUES ('20201026QS7666942822745-p00001','20201026QS7666942822745','2020-10-28','CC',234.55,'Rick Ritenour','6501702338582100',4,2022,557,'Mastercard');
-- ------- SAMPLE 1485 ----------
INSERT INTO GUEST VALUES(2485,'Antwan','Albury','AAlbury@yahoo.com','1234 DaWrong Lane','Flonkerton','MD','12345','070-993-7184');
INSERT INTO RESERVATION VALUES ('20190717KI2085219593561',2485,105,'KI','2019-07-17','2019-07-22',null,'complete');
INSERT INTO INVOICECHARGE VALUES ('20190717KI2085219593561-ch00001','20190717KI2085219593561','2019-07-17',426.45,'Base room charge');
INSERT INTO PAYMENT VALUES ('20190717KI2085219593561-p00001','20190717KI2085219593561','2019-07-19','CC',426.45,'Antwan Albury','2201384013705594',4,2024,32,'Mastercard');
-- ------- SAMPLE 1486 ----------
INSERT INTO GUEST VALUES(2486,'Shaneka','Stribling','SStribling@gmail.com','1234 DaWrong Lane','Flonkerton','MD','12345','021-322-3266');
INSERT INTO RESERVATION VALUES ('20210124KJ2225758582459',2486,null,'KJ','2021-01-24','2021-01-28',null,'active');
INSERT INTO INVOICECHARGE VALUES ('20210124KJ2225758582459-ch00001','20210124KJ2225758582459','2021-01-24',554.41,'Base room charge');
INSERT INTO PAYMENT VALUES ('20210124KJ2225758582459-p00001','20210124KJ2225758582459','2021-01-26','CC',554.41,'Shaneka Stribling','9881227841602596',6,2022,17,'Mastercard');
-- ------- SAMPLE 1487 ----------
INSERT INTO GUEST VALUES(2487,'Serafina','Singh','SSingh@hotmail.com','1234 DaWrong Lane','Flonkerton','MD','12345','066-201-2886');
INSERT INTO RESERVATION VALUES ('20191115KJ2989621266396',2487,104,'KJ','2019-11-15','2019-11-18',null,'complete');
INSERT INTO INVOICECHARGE VALUES ('20191115KJ2989621266396-ch00001','20191115KJ2989621266396','2019-11-15',415.81,'Base room charge');
INSERT INTO PAYMENT VALUES ('20191115KJ2989621266396-p00001','20191115KJ2989621266396','2019-11-17','CC',415.81,'Serafina Singh','8760657556243006',8,2022,572,'Mastercard');
-- ------- SAMPLE 1488 ----------
INSERT INTO GUEST VALUES(2488,'Kerstin','Khalaf','KKhalaf@hotmail.com','1234 DaWrong Lane','Flonkerton','MD','12345','153-950-9652');
INSERT INTO RESERVATION VALUES ('20181225QD7670637110098',2488,200,'QD','2018-12-25','2018-12-26',null,'complete');
INSERT INTO INVOICECHARGE VALUES ('20181225QD7670637110098-ch00001','20181225QD7670637110098','2018-12-25',63.33,'Base room charge');
INSERT INTO INVOICECHARGE VALUES ('20181225QD7670637110098-ch00002','20181225QD7670637110098','2018-12-25',32.62,'Room Service');
INSERT INTO PAYMENT (payment_id,invoice_id,payment_date,payment_type,payment_amount) VALUES ('20181225QD7670637110098-p00001','20181225QD7670637110098','2018-12-27','CA',95.95);
-- ------- SAMPLE 1489 ----------
INSERT INTO GUEST VALUES(2489,'Lillia','Linen','LLinen@hotmail.com','1234 DaWrong Lane','Flonkerton','MD','12345','493-411-0930');
INSERT INTO RESERVATION VALUES ('20180826KJ7799634281005',2489,114,'KJ','2018-08-26','2018-08-29',null,'complete');
INSERT INTO INVOICECHARGE VALUES ('20180826KJ7799634281005-ch00001','20180826KJ7799634281005','2018-08-26',415.81,'Base room charge');
INSERT INTO PAYMENT VALUES ('20180826KJ7799634281005-p00001','20180826KJ7799634281005','2018-08-28','CC',415.81,'Lillia Linen','1137475680827163',4,2026,370,'Mastercard');
-- ------- SAMPLE 1490 ----------
INSERT INTO GUEST VALUES(2490,'James','Janey','JJaney@hotmail.com','1234 DaWrong Lane','Flonkerton','MD','12345','485-412-7911');
INSERT INTO RESERVATION VALUES ('20201203QS4390216471159',2490,null,'QS','2020-12-03','2020-12-07',null,'active');
INSERT INTO INVOICECHARGE VALUES ('20201203QS4390216471159-ch00001','20201203QS4390216471159','2020-12-03',469.11,'Base room charge');
INSERT INTO PAYMENT VALUES ('20201203QS4390216471159-p00001','20201203QS4390216471159','2020-12-05','CC',342,'James Janey','1340861945937579',3,2027,540,'Mastercard');
-- ------- SAMPLE 1491 ----------
INSERT INTO GUEST VALUES(2491,'Mandi','Mcwain','MMcwain@gmail.com','1234 DaWrong Lane','Flonkerton','MD','12345','501-443-0283');
INSERT INTO RESERVATION VALUES ('20190302QD3415641421306',2491,111,'QD','2019-03-02','2019-03-07',null,'complete');
INSERT INTO INVOICECHARGE VALUES ('20190302QD3415641421306-ch00001','20190302QD3415641421306','2019-03-02',479.76,'Base room charge');
INSERT INTO PAYMENT VALUES ('20190302QD3415641421306-p00001','20190302QD3415641421306','2019-03-04','CC',479.76,'Mandi Mcwain','2839316341534718',1,2021,565,'Mastercard');
-- ------- SAMPLE 1492 ----------
INSERT INTO GUEST VALUES(2492,'Kenisha','Kane','KKane@hotmail.com','1234 DaWrong Lane','Flonkerton','MD','12345','722-671-0637');
INSERT INTO RESERVATION VALUES ('20210213KS1844205574669',2492,null,'KS','2021-02-13','2021-02-18',null,'active');
INSERT INTO INVOICECHARGE VALUES ('20210213KS1844205574669-ch00001','20210213KS1844205574669','2021-02-13',351.83,'Base room charge');
INSERT INTO INVOICECHARGE VALUES ('20210213KS1844205574669-ch00002','20210213KS1844205574669','2021-02-13',181.24,'Room Service');
INSERT INTO PAYMENT VALUES ('20210213KS1844205574669-p00001','20210213KS1844205574669','2021-02-15','CC',150,'Kenisha Kane','4098522142688174',2,2026,18,'Mastercard');
-- ------- SAMPLE 1493 ----------
INSERT INTO GUEST VALUES(2493,'Walter','Wellington','WWellington@hotmail.com','1234 DaWrong Lane','Flonkerton','MD','12345','705-036-8928');
INSERT INTO RESERVATION VALUES ('20190302KJ1243473317399',2493,203,'KJ','2019-03-02','2019-03-07',null,'complete');
INSERT INTO INVOICECHARGE VALUES ('20190302KJ1243473317399-ch00001','20190302KJ1243473317399','2019-03-02',457.39,'Base room charge');
INSERT INTO INVOICECHARGE VALUES ('20190302KJ1243473317399-ch00002','20190302KJ1243473317399','2019-03-02',235.62,'Cleaning fee');
INSERT INTO PAYMENT (payment_id,invoice_id,payment_date,payment_type,payment_amount) VALUES ('20190302KJ1243473317399-p00001','20190302KJ1243473317399','2019-03-04','CA',693.01);
-- ------- SAMPLE 1494 ----------
INSERT INTO GUEST VALUES(2494,'Francie','Fairbank','FFairbank@hotmail.com','1234 DaWrong Lane','Flonkerton','MD','12345','772-271-9011');
INSERT INTO RESERVATION VALUES ('20190329KS3070509787675',2494,107,'KS','2019-03-29','2019-03-30',null,'complete');
INSERT INTO INVOICECHARGE VALUES ('20190329KS3070509787675-ch00001','20190329KS3070509787675','2019-03-29',106.61,'Base room charge');
INSERT INTO PAYMENT VALUES ('20190329KS3070509787675-p00001','20190329KS3070509787675','2019-03-31','CC',106.61,'Francie Fairbank','5112385114025439',6,2021,998,'Mastercard');
-- ------- SAMPLE 1495 ----------
INSERT INTO GUEST VALUES(2495,'Shera','Shorter','SShorter@gmail.com','1234 DaWrong Lane','Flonkerton','MD','12345','554-984-9292');
INSERT INTO RESERVATION VALUES ('20210411KJ6368487214237',2495,null,'KJ','2021-04-11','2021-04-14',null,'cancelled');
INSERT INTO INVOICECHARGE VALUES ('20210411KJ6368487214237-ch00001','20210411KJ6368487214237','2021-04-11',274.43,'Base room charge');
INSERT INTO INVOICECHARGE VALUES ('20210411KJ6368487214237-ch00002','20210411KJ6368487214237','2021-04-11',141.38,'Cleaning fee');
INSERT INTO PAYMENT (payment_id,invoice_id,payment_date,payment_type,payment_amount) VALUES ('20210411KJ6368487214237-p00001','20210411KJ6368487214237','2021-04-13','CA',415.81);
-- ------- SAMPLE 1496 ----------
INSERT INTO GUEST VALUES(2496,'Shaneka','Stribling','SStribling@yahoo.com','1234 DaWrong Lane','Flonkerton','MD','12345','050-921-7440');
INSERT INTO RESERVATION VALUES ('20190816KJ3973248894347',2496,119,'KJ','2019-08-16','2019-08-19',null,'complete');
INSERT INTO INVOICECHARGE VALUES ('20190816KJ3973248894347-ch00001','20190816KJ3973248894347','2019-08-16',415.81,'Base room charge');
INSERT INTO PAYMENT VALUES ('20190816KJ3973248894347-p00001','20190816KJ3973248894347','2019-08-18','CC',415.81,'Shaneka Stribling','7530572851339065',2,2027,989,'Mastercard');
-- ------- SAMPLE 1497 ----------
INSERT INTO GUEST VALUES(2497,'Sherrie','Stultz','SStultz@yahoo.com','1234 DaWrong Lane','Flonkerton','MD','12345','020-494-1345');
INSERT INTO RESERVATION VALUES ('20190430KS6973985334722',2497,112,'KS','2019-04-30','2019-05-05',null,'complete');
INSERT INTO INVOICECHARGE VALUES ('20190430KS6973985334722-ch00001','20190430KS6973985334722','2019-04-30',351.83,'Base room charge');
INSERT INTO INVOICECHARGE VALUES ('20190430KS6973985334722-ch00002','20190430KS6973985334722','2019-04-30',181.24,'Room Service');
INSERT INTO PAYMENT VALUES ('20190430KS6973985334722-p00001','20190430KS6973985334722','2019-05-02','CC',533.07,'Sherrie Stultz','1335654576141476',3,2022,13,'Mastercard');
-- ------- SAMPLE 1498 ----------
INSERT INTO GUEST VALUES(2498,'Kaley','Kilmon','KKilmon@hotmail.com','1234 DaWrong Lane','Flonkerton','MD','12345','732-786-9429');
INSERT INTO RESERVATION VALUES ('20180909KJ3488672708060',2498,203,'KJ','2018-09-09','2018-09-10',null,'complete');
INSERT INTO INVOICECHARGE VALUES ('20180909KJ3488672708060-ch00001','20180909KJ3488672708060','2018-09-09',138.6,'Base room charge');
INSERT INTO PAYMENT VALUES ('20180909KJ3488672708060-p00001','20180909KJ3488672708060','2018-09-11','CC',138.6,'Kaley Kilmon','6836564355969564',12,2021,722,'Mastercard');
-- ------- SAMPLE 1499 ----------
INSERT INTO GUEST VALUES(2499,'Bradley','Bently','BBently@hotmail.com','1234 DaWrong Lane','Flonkerton','MD','12345','268-681-2494');
INSERT INTO RESERVATION VALUES ('20191204KI3558856010759',2499,110,'KI','2019-12-04','2019-12-07',null,'complete');
INSERT INTO INVOICECHARGE VALUES ('20191204KI3558856010759-ch00001','20191204KI3558856010759','2019-12-04',168.87,'Base room charge');
INSERT INTO INVOICECHARGE VALUES ('20191204KI3558856010759-ch00002','20191204KI3558856010759','2019-12-04',87,'Cleaning fee');
INSERT INTO PAYMENT VALUES ('20191204KI3558856010759-p00001','20191204KI3558856010759','2019-12-06','CC',255.87,'Bradley Bently','4393486682441603',1,2023,592,'Mastercard');
-- ------- SAMPLE 1500 ----------
INSERT INTO GUEST VALUES(2500,'Demarcus','Dearborn','DDearborn@gmail.com','1234 DaWrong Lane','Flonkerton','MD','12345','085-205-3596');
INSERT INTO RESERVATION VALUES ('20201201KJ4107596829411',2500,null,'KJ','2020-12-01','2020-12-02',null,'cancelled');
-- ------- SAMPLE 1501 ----------
INSERT INTO GUEST VALUES(2501,'Hanna','Hastie','HHastie@yahoo.com','1234 DaWrong Lane','Flonkerton','MD','12345','281-351-3179');
INSERT INTO RESERVATION VALUES ('20190803KS5737919638278',2501,107,'KS','2019-08-03','2019-08-06',null,'complete');
INSERT INTO INVOICECHARGE VALUES ('20190803KS5737919638278-ch00001','20190803KS5737919638278','2019-08-03',211.09,'Base room charge');
INSERT INTO INVOICECHARGE VALUES ('20190803KS5737919638278-ch00002','20190803KS5737919638278','2019-08-03',108.75,'Room Service');
INSERT INTO PAYMENT (payment_id,invoice_id,payment_date,payment_type,payment_amount) VALUES ('20190803KS5737919638278-p00001','20190803KS5737919638278','2019-08-05','CA',319.84);
-- ------- SAMPLE 1502 ----------
INSERT INTO GUEST VALUES(2502,'Delora','Delph','DDelph@gmail.com','1234 DaWrong Lane','Flonkerton','MD','12345','864-063-9738');
INSERT INTO RESERVATION VALUES ('20191220KS1984049867104',2502,102,'KS','2019-12-20','2019-12-23',null,'complete');
INSERT INTO INVOICECHARGE VALUES ('20191220KS1984049867104-ch00001','20191220KS1984049867104','2019-12-20',211.09,'Base room charge');
INSERT INTO INVOICECHARGE VALUES ('20191220KS1984049867104-ch00002','20191220KS1984049867104','2019-12-20',108.75,'Room Service');
INSERT INTO PAYMENT VALUES ('20191220KS1984049867104-p00001','20191220KS1984049867104','2019-12-22','CC',319.84,'Delora Delph','3637392042402068',4,2024,425,'Mastercard');
-- ------- SAMPLE 1503 ----------
INSERT INTO GUEST VALUES(2503,'Shaneka','Stribling','SStribling@gmail.com','1234 DaWrong Lane','Flonkerton','MD','12345','740-295-8298');
INSERT INTO RESERVATION VALUES ('20200331QS6922210280304',2503,113,'QS','2020-03-31','2020-04-01',null,'complete');
INSERT INTO INVOICECHARGE VALUES ('20200331QS6922210280304-ch00001','20200331QS6922210280304','2020-03-31',117.28,'Base room charge');
INSERT INTO PAYMENT (payment_id,invoice_id,payment_date,payment_type,payment_amount) VALUES ('20200331QS6922210280304-p00001','20200331QS6922210280304','2020-04-02','CA',117.28);
-- ------- SAMPLE 1504 ----------
INSERT INTO GUEST VALUES(2504,'Hedwig','Hinz','HHinz@yahoo.com','1234 DaWrong Lane','Flonkerton','MD','12345','723-153-0318');
INSERT INTO RESERVATION VALUES ('20210429QD6434053179644',2504,null,'QD','2021-04-29','2021-04-30',null,'active');
-- ------- SAMPLE 1505 ----------
INSERT INTO GUEST VALUES(2505,'Melaine','Miskell','MMiskell@yahoo.com','1234 DaWrong Lane','Flonkerton','MD','12345','266-113-0645');
INSERT INTO RESERVATION VALUES ('20190508KI2713208722601',2505,209,'KI','2019-05-08','2019-05-13',null,'complete');
INSERT INTO INVOICECHARGE VALUES ('20190508KI2713208722601-ch00001','20190508KI2713208722601','2019-05-08',281.46,'Base room charge');
INSERT INTO INVOICECHARGE VALUES ('20190508KI2713208722601-ch00002','20190508KI2713208722601','2019-05-08',144.99,'Cleaning fee');
INSERT INTO PAYMENT VALUES ('20190508KI2713208722601-p00001','20190508KI2713208722601','2019-05-10','CC',426.45,'Melaine Miskell','5514355124894543',4,2022,65,'Mastercard');
-- ------- SAMPLE 1506 ----------
INSERT INTO GUEST VALUES(2506,'Jamey','Jen','JJen@hotmail.com','1234 DaWrong Lane','Flonkerton','MD','12345','945-838-9362');
INSERT INTO RESERVATION VALUES ('20181028KS6985200761255',2506,107,'KS','2018-10-28','2018-10-31',null,'complete');
INSERT INTO INVOICECHARGE VALUES ('20181028KS6985200761255-ch00001','20181028KS6985200761255','2018-10-28',211.09,'Base room charge');
INSERT INTO INVOICECHARGE VALUES ('20181028KS6985200761255-ch00002','20181028KS6985200761255','2018-10-28',108.75,'Cleaning fee');
INSERT INTO PAYMENT VALUES ('20181028KS6985200761255-p00001','20181028KS6985200761255','2018-10-30','CC',319.84,'Jamey Jen','2971124288734747',5,2027,831,'Mastercard');
-- ------- SAMPLE 1507 ----------
INSERT INTO GUEST VALUES(2507,'Nena','Nunez','NNunez@gmail.com','1234 DaWrong Lane','Flonkerton','MD','12345','150-449-6404');
INSERT INTO RESERVATION VALUES ('20180726KI3976863160195',2507,120,'KI','2018-07-26','2018-07-29',null,'complete');
INSERT INTO INVOICECHARGE VALUES ('20180726KI3976863160195-ch00001','20180726KI3976863160195','2018-07-26',168.87,'Base room charge');
INSERT INTO INVOICECHARGE VALUES ('20180726KI3976863160195-ch00002','20180726KI3976863160195','2018-07-26',87,'Cleaning fee');
INSERT INTO PAYMENT (payment_id,invoice_id,payment_date,payment_type,payment_amount) VALUES ('20180726KI3976863160195-p00001','20180726KI3976863160195','2018-07-28','CA',255.87);
-- ------- SAMPLE 1508 ----------
INSERT INTO GUEST VALUES(2508,'Daron','Dycus','DDycus@yahoo.com','1234 DaWrong Lane','Flonkerton','MD','12345','793-344-2343');
INSERT INTO RESERVATION VALUES ('20181019QD7596993614397',2508,116,'QD','2018-10-19','2018-10-20',null,'cancelled');
INSERT INTO INVOICECHARGE VALUES ('20181019QD7596993614397-ch00001','20181019QD7596993614397','2018-10-19',95.95,'Base room charge');
INSERT INTO PAYMENT VALUES ('20181019QD7596993614397-p00001','20181019QD7596993614397','2018-10-21','CC',95.95,'Daron Dycus','4467876221835964',7,2022,270,'Mastercard');
-- ------- SAMPLE 1509 ----------
INSERT INTO GUEST VALUES(2509,'Shenna','Salmi','SSalmi@hotmail.com','1234 DaWrong Lane','Flonkerton','MD','12345','273-981-4918');
INSERT INTO RESERVATION VALUES ('20180917KJ6855443145989',2509,114,'KJ','2018-09-17','2018-09-19',null,'complete');
INSERT INTO INVOICECHARGE VALUES ('20180917KJ6855443145989-ch00001','20180917KJ6855443145989','2018-09-17',277.2,'Base room charge');
INSERT INTO PAYMENT VALUES ('20180917KJ6855443145989-p00001','20180917KJ6855443145989','2018-09-19','CC',277.2,'Shenna Salmi','6019881727458543',8,2023,991,'Mastercard');
-- ------- SAMPLE 1510 ----------
INSERT INTO GUEST VALUES(2510,'Adrianna','Aungst','AAungst@gmail.com','1234 DaWrong Lane','Flonkerton','MD','12345','194-374-3818');
INSERT INTO RESERVATION VALUES ('20201207KS5561922759986',2510,null,'KS','2020-12-07','2020-12-10',null,'active');
INSERT INTO INVOICECHARGE VALUES ('20201207KS5561922759986-ch00001','20201207KS5561922759986','2020-12-07',211.09,'Base room charge');
INSERT INTO INVOICECHARGE VALUES ('20201207KS5561922759986-ch00002','20201207KS5561922759986','2020-12-07',108.75,'Cleaning fee');
INSERT INTO PAYMENT VALUES ('20201207KS5561922759986-p00001','20201207KS5561922759986','2020-12-09','CC',319.84,'Adrianna Aungst','1436707442290151',4,2025,262,'Mastercard');
-- ------- SAMPLE 1511 ----------
INSERT INTO GUEST VALUES(2511,'Ella','Evanoff','EEvanoff@hotmail.com','1234 DaWrong Lane','Flonkerton','MD','12345','828-258-8484');
INSERT INTO RESERVATION VALUES ('20200120QD3871011861802',2511,205,'QD','2020-01-20','2020-01-21',null,'complete');
INSERT INTO INVOICECHARGE VALUES ('20200120QD3871011861802-ch00001','20200120QD3871011861802','2020-01-20',63.33,'Base room charge');
INSERT INTO INVOICECHARGE VALUES ('20200120QD3871011861802-ch00002','20200120QD3871011861802','2020-01-20',32.62,'Room Service');
INSERT INTO PAYMENT VALUES ('20200120QD3871011861802-p00001','20200120QD3871011861802','2020-01-22','CC',95.95,'Ella Evanoff','5473761603694388',6,2024,113,'Mastercard');
-- ------- SAMPLE 1512 ----------
INSERT INTO GUEST VALUES(2512,'Rickie','Redfern','RRedfern@gmail.com','1234 DaWrong Lane','Flonkerton','MD','12345','185-897-8227');
INSERT INTO RESERVATION VALUES ('20190516KJ9860585099852',2512,208,'KJ','2019-05-16','2019-05-19',null,'complete');
INSERT INTO INVOICECHARGE VALUES ('20190516KJ9860585099852-ch00001','20190516KJ9860585099852','2019-05-16',415.81,'Base room charge');
INSERT INTO PAYMENT (payment_id,invoice_id,payment_date,payment_type,payment_amount) VALUES ('20190516KJ9860585099852-p00001','20190516KJ9860585099852','2019-05-18','CA',415.81);
-- ------- SAMPLE 1513 ----------
INSERT INTO GUEST VALUES(2513,'Danette','Dammann','DDammann@yahoo.com','1234 DaWrong Lane','Flonkerton','MD','12345','034-170-7859');
INSERT INTO RESERVATION VALUES ('20190824QD5327926199785',2513,200,'QD','2019-08-24','2019-08-29',null,'cancelled');
INSERT INTO INVOICECHARGE VALUES ('20190824QD5327926199785-ch00001','20190824QD5327926199785','2019-08-24',316.64,'Base room charge');
INSERT INTO INVOICECHARGE VALUES ('20190824QD5327926199785-ch00002','20190824QD5327926199785','2019-08-24',163.12,'Cleaning fee');
INSERT INTO PAYMENT VALUES ('20190824QD5327926199785-p00001','20190824QD5327926199785','2019-08-26','CC',479.76,'Danette Dammann','1779607731246897',5,2023,561,'Mastercard');
-- ------- SAMPLE 1514 ----------
INSERT INTO GUEST VALUES(2514,'Rosemarie','Roeser','RRoeser@gmail.com','1234 DaWrong Lane','Flonkerton','MD','12345','742-258-7506');
INSERT INTO RESERVATION VALUES ('20181120KS6854791781723',2514,117,'KS','2018-11-20','2018-11-21',null,'complete');
INSERT INTO INVOICECHARGE VALUES ('20181120KS6854791781723-ch00001','20181120KS6854791781723','2018-11-20',70.36,'Base room charge');
INSERT INTO INVOICECHARGE VALUES ('20181120KS6854791781723-ch00002','20181120KS6854791781723','2018-11-20',36.25,'Cleaning fee');
INSERT INTO PAYMENT VALUES ('20181120KS6854791781723-p00001','20181120KS6854791781723','2018-11-22','CC',106.61,'Rosemarie Roeser','4597140885646985',6,2021,24,'Mastercard');
-- ------- SAMPLE 1515 ----------
INSERT INTO GUEST VALUES(2515,'Fonda','Foreman','FForeman@gmail.com','1234 DaWrong Lane','Flonkerton','MD','12345','937-896-1792');
INSERT INTO RESERVATION VALUES ('20180628QD8761813711938',2515,116,'QD','2018-06-28','2018-06-30',null,'complete');
INSERT INTO INVOICECHARGE VALUES ('20180628QD8761813711938-ch00001','20180628QD8761813711938','2018-06-28',126.65,'Base room charge');
INSERT INTO INVOICECHARGE VALUES ('20180628QD8761813711938-ch00002','20180628QD8761813711938','2018-06-28',65.25,'Room Service');
INSERT INTO PAYMENT (payment_id,invoice_id,payment_date,payment_type,payment_amount) VALUES ('20180628QD8761813711938-p00001','20180628QD8761813711938','2018-06-30','CA',191.9);
-- ------- SAMPLE 1516 ----------
INSERT INTO GUEST VALUES(2516,'Walter','Wellington','WWellington@gmail.com','1234 DaWrong Lane','Flonkerton','MD','12345','533-318-9682');
INSERT INTO RESERVATION VALUES ('20181011QS1184604363376',2516,103,'QS','2018-10-11','2018-10-13',null,'complete');
INSERT INTO INVOICECHARGE VALUES ('20181011QS1184604363376-ch00001','20181011QS1184604363376','2018-10-11',154.8,'Base room charge');
INSERT INTO INVOICECHARGE VALUES ('20181011QS1184604363376-ch00002','20181011QS1184604363376','2018-10-11',79.75,'Cleaning fee');
INSERT INTO PAYMENT VALUES ('20181011QS1184604363376-p00001','20181011QS1184604363376','2018-10-13','CC',234.55,'Walter Wellington','2139897769903685',11,2023,558,'Mastercard');
-- ------- SAMPLE 1517 ----------
INSERT INTO GUEST VALUES(2517,'Hedwig','Hinz','HHinz@yahoo.com','1234 DaWrong Lane','Flonkerton','MD','12345','383-017-9859');
INSERT INTO RESERVATION VALUES ('20200823QD6611599345038',2517,null,'QD','2020-08-23','2020-08-24',null,'cancelled');
INSERT INTO INVOICECHARGE VALUES ('20200823QD6611599345038-ch00001','20200823QD6611599345038','2020-08-23',63.33,'Base room charge');
INSERT INTO INVOICECHARGE VALUES ('20200823QD6611599345038-ch00002','20200823QD6611599345038','2020-08-23',32.62,'Room Service');
INSERT INTO PAYMENT VALUES ('20200823QD6611599345038-p00001','20200823QD6611599345038','2020-08-25','CC',95.95,'Hedwig Hinz','2648397770653078',5,2023,962,'Mastercard');
-- ------- SAMPLE 1518 ----------
INSERT INTO GUEST VALUES(2518,'Darrin','Drum','DDrum@gmail.com','1234 DaWrong Lane','Flonkerton','MD','12345','640-657-0856');
INSERT INTO RESERVATION VALUES ('20210327KI1791936825603',2518,null,'KI','2021-03-27','2021-03-29',null,'active');
INSERT INTO INVOICECHARGE VALUES ('20210327KI1791936825603-ch00001','20210327KI1791936825603','2021-03-27',170.58,'Base room charge');
INSERT INTO PAYMENT VALUES ('20210327KI1791936825603-p00001','20210327KI1791936825603','2021-03-29','CC',170.58,'Darrin Drum','1518661987525947',10,2021,668,'Mastercard');
-- ------- SAMPLE 1519 ----------
INSERT INTO GUEST VALUES(2519,'Antwan','Albury','AAlbury@yahoo.com','1234 DaWrong Lane','Flonkerton','MD','12345','782-164-7982');
INSERT INTO RESERVATION VALUES ('20180918QD1252786988271',2519,116,'QD','2018-09-18','2018-09-22',null,'complete');
INSERT INTO INVOICECHARGE VALUES ('20180918QD1252786988271-ch00001','20180918QD1252786988271','2018-09-18',383.81,'Base room charge');
INSERT INTO PAYMENT VALUES ('20180918QD1252786988271-p00001','20180918QD1252786988271','2018-09-20','CC',383.81,'Antwan Albury','2942943983748995',6,2023,797,'Mastercard');
-- ------- SAMPLE 1520 ----------
INSERT INTO GUEST VALUES(2520,'Aretha','Acy','AAcy@gmail.com','1234 DaWrong Lane','Flonkerton','MD','12345','383-798-9123');
INSERT INTO RESERVATION VALUES ('20190208KI2247304850915',2520,115,'KI','2019-02-08','2019-02-10',null,'complete');
INSERT INTO INVOICECHARGE VALUES ('20190208KI2247304850915-ch00001','20190208KI2247304850915','2019-02-08',170.58,'Base room charge');
INSERT INTO PAYMENT VALUES ('20190208KI2247304850915-p00001','20190208KI2247304850915','2019-02-10','CC',170.58,'Aretha Acy','7743547163217446',12,2026,7,'Mastercard');
-- ------- SAMPLE 1521 ----------
INSERT INTO GUEST VALUES(2521,'Tish','Tusing','TTusing@yahoo.com','1234 DaWrong Lane','Flonkerton','MD','12345','066-059-9885');
INSERT INTO RESERVATION VALUES ('20200128QD5147641753585',2521,200,'QD','2020-01-28','2020-02-02',null,'complete');
INSERT INTO INVOICECHARGE VALUES ('20200128QD5147641753585-ch00001','20200128QD5147641753585','2020-01-28',316.64,'Base room charge');
INSERT INTO INVOICECHARGE VALUES ('20200128QD5147641753585-ch00002','20200128QD5147641753585','2020-01-28',163.12,'Room Service');
INSERT INTO PAYMENT (payment_id,invoice_id,payment_date,payment_type,payment_amount) VALUES ('20200128QD5147641753585-p00001','20200128QD5147641753585','2020-01-30','CA',479.76);
-- ------- SAMPLE 1522 ----------
INSERT INTO GUEST VALUES(2522,'Elfriede','Esslinger','EEsslinger@yahoo.com','1234 DaWrong Lane','Flonkerton','MD','12345','122-132-4171');
INSERT INTO RESERVATION VALUES ('20191119KI8148313572685',2522,115,'KI','2019-11-19','2019-11-22',null,'complete');
INSERT INTO INVOICECHARGE VALUES ('20191119KI8148313572685-ch00001','20191119KI8148313572685','2019-11-19',168.87,'Base room charge');
INSERT INTO INVOICECHARGE VALUES ('20191119KI8148313572685-ch00002','20191119KI8148313572685','2019-11-19',87,'Cleaning fee');
INSERT INTO PAYMENT VALUES ('20191119KI8148313572685-p00001','20191119KI8148313572685','2019-11-21','CC',255.87,'Elfriede Esslinger','6801959196871109',5,2026,749,'Mastercard');
-- ------- SAMPLE 1523 ----------
INSERT INTO GUEST VALUES(2523,'Delsie','Dunstan','DDunstan@yahoo.com','1234 DaWrong Lane','Flonkerton','MD','12345','311-104-5318');
INSERT INTO RESERVATION VALUES ('20200501KI8325380373866',2523,110,'KI','2020-05-01','2020-05-02',null,'complete');
INSERT INTO INVOICECHARGE VALUES ('20200501KI8325380373866-ch00001','20200501KI8325380373866','2020-05-01',56.29,'Base room charge');
INSERT INTO INVOICECHARGE VALUES ('20200501KI8325380373866-ch00002','20200501KI8325380373866','2020-05-01',29,'Room Service');
INSERT INTO PAYMENT VALUES ('20200501KI8325380373866-p00001','20200501KI8325380373866','2020-05-03','CC',85.29,'Delsie Dunstan','3946810601024913',8,2023,583,'Mastercard');
-- ------- SAMPLE 1524 ----------
INSERT INTO GUEST VALUES(2524,'Liliana','Lueck','LLueck@gmail.com','1234 DaWrong Lane','Flonkerton','MD','12345','538-546-2899');
INSERT INTO RESERVATION VALUES ('20201205KS6945304085053',2524,null,'KS','2020-12-05','2020-12-09',null,'active');
-- ------- SAMPLE 1525 ----------
INSERT INTO GUEST VALUES(2525,'Adrianna','Aungst','AAungst@yahoo.com','1234 DaWrong Lane','Flonkerton','MD','12345','261-616-2264');
INSERT INTO RESERVATION VALUES ('20200618KJ2166668453865',2525,null,'KJ','2020-06-18','2020-06-21',null,'active');
INSERT INTO INVOICECHARGE VALUES ('20200618KJ2166668453865-ch00001','20200618KJ2166668453865','2020-06-18',274.43,'Base room charge');
INSERT INTO INVOICECHARGE VALUES ('20200618KJ2166668453865-ch00002','20200618KJ2166668453865','2020-06-18',141.38,'Cleaning fee');
INSERT INTO PAYMENT VALUES ('20200618KJ2166668453865-p00001','20200618KJ2166668453865','2020-06-20','CC',415.81,'Adrianna Aungst','6269190193725009',8,2027,211,'Mastercard');
-- ------- SAMPLE 1526 ----------
INSERT INTO GUEST VALUES(2526,'Abdul','Ashe','AAshe@gmail.com','1234 DaWrong Lane','Flonkerton','MD','12345','598-611-5032');
INSERT INTO RESERVATION VALUES ('20210325KJ3578943173967',2526,null,'KJ','2021-03-25','2021-03-26',null,'active');
-- ------- SAMPLE 1527 ----------
INSERT INTO GUEST VALUES(2527,'Delsie','Dunstan','DDunstan@yahoo.com','1234 DaWrong Lane','Flonkerton','MD','12345','582-282-1485');
INSERT INTO RESERVATION VALUES ('20200710KJ7377415637400',2527,null,'KJ','2020-07-10','2020-07-12',null,'active');
INSERT INTO INVOICECHARGE VALUES ('20200710KJ7377415637400-ch00001','20200710KJ7377415637400','2020-07-10',182.95,'Base room charge');
INSERT INTO INVOICECHARGE VALUES ('20200710KJ7377415637400-ch00002','20200710KJ7377415637400','2020-07-10',94.25,'Cleaning fee');
INSERT INTO PAYMENT VALUES ('20200710KJ7377415637400-p00001','20200710KJ7377415637400','2020-07-12','CC',173,'Delsie Dunstan','6632195442903989',3,2022,852,'Mastercard');
-- ------- SAMPLE 1528 ----------
INSERT INTO GUEST VALUES(2528,'Natalia','Nowacki','NNowacki@gmail.com','1234 DaWrong Lane','Flonkerton','MD','12345','681-482-7329');
INSERT INTO RESERVATION VALUES ('20190822KS9186799265482',2528,206,'KS','2019-08-22','2019-08-23',null,'complete');
INSERT INTO INVOICECHARGE VALUES ('20190822KS9186799265482-ch00001','20190822KS9186799265482','2019-08-22',70.36,'Base room charge');
INSERT INTO INVOICECHARGE VALUES ('20190822KS9186799265482-ch00002','20190822KS9186799265482','2019-08-22',36.25,'Room Service');
INSERT INTO PAYMENT VALUES ('20190822KS9186799265482-p00001','20190822KS9186799265482','2019-08-24','CC',106.61,'Natalia Nowacki','6100670374385642',5,2027,41,'Mastercard');
-- ------- SAMPLE 1529 ----------
INSERT INTO GUEST VALUES(2529,'Demarcus','Dearborn','DDearborn@hotmail.com','1234 DaWrong Lane','Flonkerton','MD','12345','196-305-4953');
INSERT INTO RESERVATION VALUES ('20191212KS8458778012300',2529,117,'KS','2019-12-12','2019-12-15',null,'complete');
INSERT INTO INVOICECHARGE VALUES ('20191212KS8458778012300-ch00001','20191212KS8458778012300','2019-12-12',319.84,'Base room charge');
INSERT INTO PAYMENT VALUES ('20191212KS8458778012300-p00001','20191212KS8458778012300','2019-12-14','CC',319.84,'Demarcus Dearborn','4866809649851779',7,2026,528,'Mastercard');
-- ------- SAMPLE 1530 ----------
INSERT INTO GUEST VALUES(2530,'Tai','Tookes','TTookes@yahoo.com','1234 DaWrong Lane','Flonkerton','MD','12345','606-856-4367');
INSERT INTO RESERVATION VALUES ('20200106KJ2849309520091',2530,109,'KJ','2020-01-06','2020-01-11',null,'complete');
INSERT INTO INVOICECHARGE VALUES ('20200106KJ2849309520091-ch00001','20200106KJ2849309520091','2020-01-06',693.01,'Base room charge');
INSERT INTO PAYMENT VALUES ('20200106KJ2849309520091-p00001','20200106KJ2849309520091','2020-01-08','CC',693.01,'Tai Tookes','2153262409665474',8,2027,336,'Mastercard');
-- ------- SAMPLE 1531 ----------
INSERT INTO GUEST VALUES(2531,'Dorothea','Dipaolo','DDipaolo@yahoo.com','1234 DaWrong Lane','Flonkerton','MD','12345','477-413-8234');
INSERT INTO RESERVATION VALUES ('20210315KI8503947477828',2531,null,'KI','2021-03-15','2021-03-18',null,'active');
INSERT INTO INVOICECHARGE VALUES ('20210315KI8503947477828-ch00001','20210315KI8503947477828','2021-03-15',255.87,'Base room charge');
INSERT INTO PAYMENT (payment_id,invoice_id,payment_date,payment_type,payment_amount) VALUES ('20210315KI8503947477828-p00001','20210315KI8503947477828','2021-03-17','CA',137);
-- ------- SAMPLE 1532 ----------
INSERT INTO GUEST VALUES(2532,'Leonore','Losh','LLosh@hotmail.com','1234 DaWrong Lane','Flonkerton','MD','12345','566-464-9772');
INSERT INTO RESERVATION VALUES ('20190403QD6747882251307',2532,101,'QD','2019-04-03','2019-04-05',null,'complete');
INSERT INTO INVOICECHARGE VALUES ('20190403QD6747882251307-ch00001','20190403QD6747882251307','2019-04-03',191.9,'Base room charge');
INSERT INTO PAYMENT VALUES ('20190403QD6747882251307-p00001','20190403QD6747882251307','2019-04-05','CC',191.9,'Leonore Losh','7309059723467269',12,2023,399,'Mastercard');
-- ------- SAMPLE 1533 ----------
INSERT INTO GUEST VALUES(2533,'Dorothea','Dipaolo','DDipaolo@hotmail.com','1234 DaWrong Lane','Flonkerton','MD','12345','329-998-7544');
INSERT INTO RESERVATION VALUES ('20200619KS6498973679915',2533,null,'KS','2020-06-19','2020-06-22',null,'active');
INSERT INTO INVOICECHARGE VALUES ('20200619KS6498973679915-ch00001','20200619KS6498973679915','2020-06-19',211.09,'Base room charge');
INSERT INTO INVOICECHARGE VALUES ('20200619KS6498973679915-ch00002','20200619KS6498973679915','2020-06-19',108.75,'Room Service');
INSERT INTO PAYMENT (payment_id,invoice_id,payment_date,payment_type,payment_amount) VALUES ('20200619KS6498973679915-p00001','20200619KS6498973679915','2020-06-21','CA',116);
-- ------- SAMPLE 1534 ----------
INSERT INTO GUEST VALUES(2534,'Shawna','Schmit','SSchmit@hotmail.com','1234 DaWrong Lane','Flonkerton','MD','12345','558-249-9998');
INSERT INTO RESERVATION VALUES ('20190317KS1797210115930',2534,107,'KS','2019-03-17','2019-03-19',null,'complete');
INSERT INTO INVOICECHARGE VALUES ('20190317KS1797210115930-ch00001','20190317KS1797210115930','2019-03-17',213.23,'Base room charge');
INSERT INTO PAYMENT VALUES ('20190317KS1797210115930-p00001','20190317KS1797210115930','2019-03-19','CC',213.23,'Shawna Schmit','9033298447973612',2,2023,653,'Mastercard');
-- ------- SAMPLE 1535 ----------
INSERT INTO GUEST VALUES(2535,'Romaine','Reck','RReck@gmail.com','1234 DaWrong Lane','Flonkerton','MD','12345','200-977-1348');
INSERT INTO RESERVATION VALUES ('20190218KI9036371804173',2535,105,'KI','2019-02-18','2019-02-21',null,'complete');
INSERT INTO INVOICECHARGE VALUES ('20190218KI9036371804173-ch00001','20190218KI9036371804173','2019-02-18',168.87,'Base room charge');
INSERT INTO INVOICECHARGE VALUES ('20190218KI9036371804173-ch00002','20190218KI9036371804173','2019-02-18',87,'Cleaning fee');
INSERT INTO PAYMENT VALUES ('20190218KI9036371804173-p00001','20190218KI9036371804173','2019-02-20','CC',255.87,'Romaine Reck','7906704093745935',3,2024,640,'Mastercard');
-- ------- SAMPLE 1536 ----------
INSERT INTO GUEST VALUES(2536,'Audrey','Aikens','AAikens@yahoo.com','1234 DaWrong Lane','Flonkerton','MD','12345','060-779-9906');
INSERT INTO RESERVATION VALUES ('20190811QD3348385619553',2536,111,'QD','2019-08-11','2019-08-15',null,'complete');
INSERT INTO INVOICECHARGE VALUES ('20190811QD3348385619553-ch00001','20190811QD3348385619553','2019-08-11',383.81,'Base room charge');
INSERT INTO PAYMENT VALUES ('20190811QD3348385619553-p00001','20190811QD3348385619553','2019-08-13','CC',383.81,'Audrey Aikens','2834770015755765',1,2024,373,'Mastercard');
-- ------- SAMPLE 1537 ----------
INSERT INTO GUEST VALUES(2537,'Ceola','Carasco','CCarasco@hotmail.com','1234 DaWrong Lane','Flonkerton','MD','12345','517-495-9898');
INSERT INTO RESERVATION VALUES ('20210213KS5622723990372',2537,null,'KS','2021-02-13','2021-02-15',null,'active');
INSERT INTO INVOICECHARGE VALUES ('20210213KS5622723990372-ch00001','20210213KS5622723990372','2021-02-13',140.73,'Base room charge');
INSERT INTO INVOICECHARGE VALUES ('20210213KS5622723990372-ch00002','20210213KS5622723990372','2021-02-13',72.5,'Cleaning fee');
INSERT INTO PAYMENT (payment_id,invoice_id,payment_date,payment_type,payment_amount) VALUES ('20210213KS5622723990372-p00001','20210213KS5622723990372','2021-02-15','CA',213.23);
-- ------- SAMPLE 1538 ----------
INSERT INTO GUEST VALUES(2538,'Fonda','Foreman','FForeman@yahoo.com','1234 DaWrong Lane','Flonkerton','MD','12345','512-912-2579');
INSERT INTO RESERVATION VALUES ('20180804KI8888594364022',2538,105,'KI','2018-08-04','2018-08-06',null,'complete');
INSERT INTO INVOICECHARGE VALUES ('20180804KI8888594364022-ch00001','20180804KI8888594364022','2018-08-04',170.58,'Base room charge');
INSERT INTO PAYMENT VALUES ('20180804KI8888594364022-p00001','20180804KI8888594364022','2018-08-06','CC',170.58,'Fonda Foreman','7197328525515619',7,2021,198,'Mastercard');
-- ------- SAMPLE 1539 ----------
INSERT INTO GUEST VALUES(2539,'Walter','Wellington','WWellington@yahoo.com','1234 DaWrong Lane','Flonkerton','MD','12345','063-093-4385');
INSERT INTO RESERVATION VALUES ('20200821KJ2353479942501',2539,null,'KJ','2020-08-21','2020-08-23',null,'active');
INSERT INTO INVOICECHARGE VALUES ('20200821KJ2353479942501-ch00001','20200821KJ2353479942501','2020-08-21',182.95,'Base room charge');
INSERT INTO INVOICECHARGE VALUES ('20200821KJ2353479942501-ch00002','20200821KJ2353479942501','2020-08-21',94.25,'Cleaning fee');
INSERT INTO PAYMENT (payment_id,invoice_id,payment_date,payment_type,payment_amount) VALUES ('20200821KJ2353479942501-p00001','20200821KJ2353479942501','2020-08-23','CA',277.2);
-- ------- SAMPLE 1540 ----------
INSERT INTO GUEST VALUES(2540,'Floy','Feinstein','FFeinstein@hotmail.com','1234 DaWrong Lane','Flonkerton','MD','12345','309-660-6226');
INSERT INTO RESERVATION VALUES ('20210329KS4508215105529',2540,null,'KS','2021-03-29','2021-03-31',null,'active');
INSERT INTO INVOICECHARGE VALUES ('20210329KS4508215105529-ch00001','20210329KS4508215105529','2021-03-29',213.23,'Base room charge');
INSERT INTO PAYMENT VALUES ('20210329KS4508215105529-p00001','20210329KS4508215105529','2021-03-31','CC',213.23,'Floy Feinstein','6749766436195785',2,2022,535,'Mastercard');
-- ------- SAMPLE 1541 ----------
INSERT INTO GUEST VALUES(2541,'Yuette','Yetman','YYetman@yahoo.com','1234 DaWrong Lane','Flonkerton','MD','12345','853-182-1623');
INSERT INTO RESERVATION VALUES ('20190427KS4913800575376',2541,201,'KS','2019-04-27','2019-05-01',null,'complete');
INSERT INTO INVOICECHARGE VALUES ('20190427KS4913800575376-ch00001','20190427KS4913800575376','2019-04-27',281.46,'Base room charge');
INSERT INTO INVOICECHARGE VALUES ('20190427KS4913800575376-ch00002','20190427KS4913800575376','2019-04-27',145,'Cleaning fee');
INSERT INTO PAYMENT VALUES ('20190427KS4913800575376-p00001','20190427KS4913800575376','2019-04-29','CC',426.46,'Yuette Yetman','2733563925645045',2,2022,19,'Mastercard');
-- ------- SAMPLE 1542 ----------
INSERT INTO GUEST VALUES(2542,'Fleta','Fickel','FFickel@gmail.com','1234 DaWrong Lane','Flonkerton','MD','12345','751-542-5517');
INSERT INTO RESERVATION VALUES ('20180509KS6762764331032',2542,117,'KS','2018-05-09','2018-05-11',null,'cancelled');
INSERT INTO INVOICECHARGE VALUES ('20180509KS6762764331032-ch00001','20180509KS6762764331032','2018-05-09',140.73,'Base room charge');
INSERT INTO INVOICECHARGE VALUES ('20180509KS6762764331032-ch00002','20180509KS6762764331032','2018-05-09',72.5,'Cleaning fee');
INSERT INTO PAYMENT VALUES ('20180509KS6762764331032-p00001','20180509KS6762764331032','2018-05-11','CC',213.23,'Fleta Fickel','9286981409719977',8,2022,899,'Mastercard');
-- ------- SAMPLE 1543 ----------
INSERT INTO GUEST VALUES(2543,'Leighann','Leith','LLeith@hotmail.com','1234 DaWrong Lane','Flonkerton','MD','12345','119-794-7063');
INSERT INTO RESERVATION VALUES ('20201004QD5137918693367',2543,null,'QD','2020-10-04','2020-10-08',null,'active');
INSERT INTO INVOICECHARGE VALUES ('20201004QD5137918693367-ch00001','20201004QD5137918693367','2020-10-04',383.81,'Base room charge');
INSERT INTO PAYMENT (payment_id,invoice_id,payment_date,payment_type,payment_amount) VALUES ('20201004QD5137918693367-p00001','20201004QD5137918693367','2020-10-06','CA',383.81);
-- ------- SAMPLE 1544 ----------
INSERT INTO GUEST VALUES(2544,'Delsie','Dunstan','DDunstan@hotmail.com','1234 DaWrong Lane','Flonkerton','MD','12345','323-340-3802');
INSERT INTO RESERVATION VALUES ('20191128QD3930810949304',2544,111,'QD','2019-11-28','2019-11-30',null,'complete');
INSERT INTO INVOICECHARGE VALUES ('20191128QD3930810949304-ch00001','20191128QD3930810949304','2019-11-28',126.65,'Base room charge');
INSERT INTO INVOICECHARGE VALUES ('20191128QD3930810949304-ch00002','20191128QD3930810949304','2019-11-28',65.25,'Room Service');
INSERT INTO PAYMENT VALUES ('20191128QD3930810949304-p00001','20191128QD3930810949304','2019-11-30','CC',191.9,'Delsie Dunstan','7143360657983399',6,2021,554,'Mastercard');
-- ------- SAMPLE 1545 ----------
INSERT INTO GUEST VALUES(2545,'Malia','Molden','MMolden@hotmail.com','1234 DaWrong Lane','Flonkerton','MD','12345','658-755-6052');
INSERT INTO RESERVATION VALUES ('20191028QD9720204232422',2545,106,'QD','2019-10-28','2019-10-29',null,'complete');
INSERT INTO INVOICECHARGE VALUES ('20191028QD9720204232422-ch00001','20191028QD9720204232422','2019-10-28',95.95,'Base room charge');
INSERT INTO PAYMENT VALUES ('20191028QD9720204232422-p00001','20191028QD9720204232422','2019-10-30','CC',95.95,'Malia Molden','1484472329686641',7,2022,759,'Mastercard');
-- ------- SAMPLE 1546 ----------
INSERT INTO GUEST VALUES(2546,'Erminia','Eckard','EEckard@yahoo.com','1234 DaWrong Lane','Flonkerton','MD','12345','500-386-5722');
INSERT INTO RESERVATION VALUES ('20200625KI7307995343681',2546,null,'KI','2020-06-25','2020-06-29',null,'active');
INSERT INTO INVOICECHARGE VALUES ('20200625KI7307995343681-ch00001','20200625KI7307995343681','2020-06-25',225.17,'Base room charge');
INSERT INTO INVOICECHARGE VALUES ('20200625KI7307995343681-ch00002','20200625KI7307995343681','2020-06-25',115.99,'Room Service');
INSERT INTO PAYMENT (payment_id,invoice_id,payment_date,payment_type,payment_amount) VALUES ('20200625KI7307995343681-p00001','20200625KI7307995343681','2020-06-27','CA',341.16);
-- ------- SAMPLE 1547 ----------
INSERT INTO GUEST VALUES(2547,'Leonore','Losh','LLosh@gmail.com','1234 DaWrong Lane','Flonkerton','MD','12345','241-706-3021');
INSERT INTO RESERVATION VALUES ('20200610KI5049611438446',2547,null,'KI','2020-06-10','2020-06-13',null,'active');
INSERT INTO INVOICECHARGE VALUES ('20200610KI5049611438446-ch00001','20200610KI5049611438446','2020-06-10',255.87,'Base room charge');
INSERT INTO PAYMENT VALUES ('20200610KI5049611438446-p00001','20200610KI5049611438446','2020-06-12','CC',255.87,'Leonore Losh','4691096322307323',5,2027,611,'Mastercard');
-- ------- SAMPLE 1548 ----------
INSERT INTO GUEST VALUES(2548,'Audrey','Aikens','AAikens@yahoo.com','1234 DaWrong Lane','Flonkerton','MD','12345','490-963-2024');
INSERT INTO RESERVATION VALUES ('20181104QD6566978133073',2548,205,'QD','2018-11-04','2018-11-07',null,'complete');
INSERT INTO INVOICECHARGE VALUES ('20181104QD6566978133073-ch00001','20181104QD6566978133073','2018-11-04',189.99,'Base room charge');
INSERT INTO INVOICECHARGE VALUES ('20181104QD6566978133073-ch00002','20181104QD6566978133073','2018-11-04',97.87,'Room Service');
INSERT INTO PAYMENT VALUES ('20181104QD6566978133073-p00001','20181104QD6566978133073','2018-11-06','CC',287.86,'Audrey Aikens','6789089106736798',2,2027,520,'Mastercard');
-- ------- SAMPLE 1549 ----------
INSERT INTO GUEST VALUES(2549,'Buffy','Beattie','BBeattie@gmail.com','1234 DaWrong Lane','Flonkerton','MD','12345','766-654-9689');
INSERT INTO RESERVATION VALUES ('20210205KS8137965564177',2549,null,'KS','2021-02-05','2021-02-10',null,'active');
INSERT INTO INVOICECHARGE VALUES ('20210205KS8137965564177-ch00001','20210205KS8137965564177','2021-02-05',533.07,'Base room charge');
INSERT INTO PAYMENT VALUES ('20210205KS8137965564177-p00001','20210205KS8137965564177','2021-02-07','CC',533.07,'Buffy Beattie','4782669048310942',12,2024,3,'Mastercard');
-- ------- SAMPLE 1550 ----------
INSERT INTO GUEST VALUES(2550,'Doyle','Dykema','DDykema@hotmail.com','1234 DaWrong Lane','Flonkerton','MD','12345','642-014-3897');
INSERT INTO RESERVATION VALUES ('20200405QD1135715529404',2550,200,'QD','2020-04-05','2020-04-07',null,'complete');
INSERT INTO INVOICECHARGE VALUES ('20200405QD1135715529404-ch00001','20200405QD1135715529404','2020-04-05',191.9,'Base room charge');
INSERT INTO PAYMENT (payment_id,invoice_id,payment_date,payment_type,payment_amount) VALUES ('20200405QD1135715529404-p00001','20200405QD1135715529404','2020-04-07','CA',191.9);
-- ------- SAMPLE 1551 ----------
INSERT INTO GUEST VALUES(2551,'Eryn','Edenfield','EEdenfield@gmail.com','1234 DaWrong Lane','Flonkerton','MD','12345','633-164-3290');
INSERT INTO RESERVATION VALUES ('20200907KS5756043400172',2551,null,'KS','2020-09-07','2020-09-11',null,'active');
-- ------- SAMPLE 1552 ----------
INSERT INTO GUEST VALUES(2552,'Shawna','Schmit','SSchmit@hotmail.com','1234 DaWrong Lane','Flonkerton','MD','12345','715-130-1020');
INSERT INTO RESERVATION VALUES ('20181022QS9235429612413',2552,207,'QS','2018-10-22','2018-10-26',null,'complete');
INSERT INTO INVOICECHARGE VALUES ('20181022QS9235429612413-ch00001','20181022QS9235429612413','2018-10-22',309.61,'Base room charge');
INSERT INTO INVOICECHARGE VALUES ('20181022QS9235429612413-ch00002','20181022QS9235429612413','2018-10-22',159.5,'Room Service');
INSERT INTO PAYMENT VALUES ('20181022QS9235429612413-p00001','20181022QS9235429612413','2018-10-24','CC',469.11,'Shawna Schmit','5899317019842901',10,2024,298,'Mastercard');
-- ------- SAMPLE 1553 ----------
INSERT INTO GUEST VALUES(2553,'Tanner','Tomasello','TTomasello@gmail.com','1234 DaWrong Lane','Flonkerton','MD','12345','469-223-9083');
INSERT INTO RESERVATION VALUES ('20200411KJ9269559980907',2553,119,'KJ','2020-04-11','2020-04-12',null,'complete');
INSERT INTO INVOICECHARGE VALUES ('20200411KJ9269559980907-ch00001','20200411KJ9269559980907','2020-04-11',91.48,'Base room charge');
INSERT INTO INVOICECHARGE VALUES ('20200411KJ9269559980907-ch00002','20200411KJ9269559980907','2020-04-11',47.12,'Cleaning fee');
INSERT INTO PAYMENT VALUES ('20200411KJ9269559980907-p00001','20200411KJ9269559980907','2020-04-13','CC',138.6,'Tanner Tomasello','6488597490314189',10,2021,278,'Mastercard');
-- ------- SAMPLE 1554 ----------
INSERT INTO GUEST VALUES(2554,'Leonore','Losh','LLosh@hotmail.com','1234 DaWrong Lane','Flonkerton','MD','12345','405-089-9513');
INSERT INTO RESERVATION VALUES ('20181204KJ1953835417801',2554,109,'KJ','2018-12-04','2018-12-09',null,'cancelled');
INSERT INTO INVOICECHARGE VALUES ('20181204KJ1953835417801-ch00001','20181204KJ1953835417801','2018-12-04',693.01,'Base room charge');
INSERT INTO PAYMENT (payment_id,invoice_id,payment_date,payment_type,payment_amount) VALUES ('20181204KJ1953835417801-p00001','20181204KJ1953835417801','2018-12-06','CA',693.01);
-- ------- SAMPLE 1555 ----------
INSERT INTO GUEST VALUES(2555,'Francie','Fairbank','FFairbank@hotmail.com','1234 DaWrong Lane','Flonkerton','MD','12345','423-481-4740');
INSERT INTO RESERVATION VALUES ('20190716KI2615541588108',2555,204,'KI','2019-07-16','2019-07-21',null,'complete');
INSERT INTO INVOICECHARGE VALUES ('20190716KI2615541588108-ch00001','20190716KI2615541588108','2019-07-16',426.45,'Base room charge');
INSERT INTO PAYMENT VALUES ('20190716KI2615541588108-p00001','20190716KI2615541588108','2019-07-18','CC',426.45,'Francie Fairbank','7972836771259900',3,2023,478,'Mastercard');
-- ------- SAMPLE 1556 ----------
INSERT INTO GUEST VALUES(2556,'Marcelino','Meisner','MMeisner@gmail.com','1234 DaWrong Lane','Flonkerton','MD','12345','057-376-4579');
INSERT INTO RESERVATION VALUES ('20191102QS4488610505255',2556,103,'QS','2019-11-02','2019-11-05',null,'complete');
INSERT INTO INVOICECHARGE VALUES ('20191102QS4488610505255-ch00001','20191102QS4488610505255','2019-11-02',232.21,'Base room charge');
INSERT INTO INVOICECHARGE VALUES ('20191102QS4488610505255-ch00002','20191102QS4488610505255','2019-11-02',119.62,'Cleaning fee');
INSERT INTO PAYMENT VALUES ('20191102QS4488610505255-p00001','20191102QS4488610505255','2019-11-04','CC',351.83,'Marcelino Meisner','1829218779142601',6,2025,482,'Mastercard');
-- ------- SAMPLE 1557 ----------
INSERT INTO GUEST VALUES(2557,'Randal','Rohman','RRohman@hotmail.com','1234 DaWrong Lane','Flonkerton','MD','12345','096-704-7922');
INSERT INTO RESERVATION VALUES ('20180610QS9602820173744',2557,207,'QS','2018-06-10','2018-06-13',null,'complete');
INSERT INTO INVOICECHARGE VALUES ('20180610QS9602820173744-ch00001','20180610QS9602820173744','2018-06-10',232.21,'Base room charge');
INSERT INTO INVOICECHARGE VALUES ('20180610QS9602820173744-ch00002','20180610QS9602820173744','2018-06-10',119.62,'Cleaning fee');
INSERT INTO PAYMENT (payment_id,invoice_id,payment_date,payment_type,payment_amount) VALUES ('20180610QS9602820173744-p00001','20180610QS9602820173744','2018-06-12','CA',351.83);
-- ------- SAMPLE 1558 ----------
INSERT INTO GUEST VALUES(2558,'Abram','Adolph','AAdolph@hotmail.com','1234 DaWrong Lane','Flonkerton','MD','12345','861-637-8168');
INSERT INTO RESERVATION VALUES ('20191125QD5791306713885',2558,106,'QD','2019-11-25','2019-11-27',null,'cancelled');
INSERT INTO INVOICECHARGE VALUES ('20191125QD5791306713885-ch00001','20191125QD5791306713885','2019-11-25',191.9,'Base room charge');
INSERT INTO PAYMENT VALUES ('20191125QD5791306713885-p00001','20191125QD5791306713885','2019-11-27','CC',191.9,'Abram Adolph','2724796859372186',3,2022,844,'Mastercard');
-- ------- SAMPLE 1559 ----------
INSERT INTO GUEST VALUES(2559,'Lincoln','Lattea','LLattea@gmail.com','1234 DaWrong Lane','Flonkerton','MD','12345','568-410-5441');
INSERT INTO RESERVATION VALUES ('20180602KS2203918226960',2559,201,'KS','2018-06-02','2018-06-07',null,'complete');
INSERT INTO INVOICECHARGE VALUES ('20180602KS2203918226960-ch00001','20180602KS2203918226960','2018-06-02',533.07,'Base room charge');
INSERT INTO PAYMENT VALUES ('20180602KS2203918226960-p00001','20180602KS2203918226960','2018-06-04','CC',533.07,'Lincoln Lattea','7884349701255801',8,2023,712,'Mastercard');
-- ------- SAMPLE 1560 ----------
INSERT INTO GUEST VALUES(2560,'Natalia','Nowacki','NNowacki@hotmail.com','1234 DaWrong Lane','Flonkerton','MD','12345','615-135-9165');
INSERT INTO RESERVATION VALUES ('20190830KI4176876436493',2560,105,'KI','2019-08-30','2019-09-02',null,'complete');
INSERT INTO INVOICECHARGE VALUES ('20190830KI4176876436493-ch00001','20190830KI4176876436493','2019-08-30',255.87,'Base room charge');
INSERT INTO PAYMENT VALUES ('20190830KI4176876436493-p00001','20190830KI4176876436493','2019-09-01','CC',255.87,'Natalia Nowacki','8577364678437572',5,2021,833,'Mastercard');
-- ------- SAMPLE 1561 ----------
INSERT INTO GUEST VALUES(2561,'Delsie','Delong','DDelong@yahoo.com','1234 DaWrong Lane','Flonkerton','MD','12345','835-960-7188');
INSERT INTO RESERVATION VALUES ('20190917KI9680391907213',2561,110,'KI','2019-09-17','2019-09-19',null,'complete');
INSERT INTO INVOICECHARGE VALUES ('20190917KI9680391907213-ch00001','20190917KI9680391907213','2019-09-17',112.58,'Base room charge');
INSERT INTO INVOICECHARGE VALUES ('20190917KI9680391907213-ch00002','20190917KI9680391907213','2019-09-17',58,'Room Service');
INSERT INTO PAYMENT VALUES ('20190917KI9680391907213-p00001','20190917KI9680391907213','2019-09-19','CC',170.58,'Delsie Delong','6675854062083277',12,2024,518,'Mastercard');
-- ------- SAMPLE 1562 ----------
INSERT INTO GUEST VALUES(2562,'Raisa','Romito','RRomito@yahoo.com','1234 DaWrong Lane','Flonkerton','MD','12345','247-905-3844');
INSERT INTO RESERVATION VALUES ('20200301QD9748057774560',2562,200,'QD','2020-03-01','2020-03-04',null,'complete');
INSERT INTO INVOICECHARGE VALUES ('20200301QD9748057774560-ch00001','20200301QD9748057774560','2020-03-01',189.99,'Base room charge');
INSERT INTO INVOICECHARGE VALUES ('20200301QD9748057774560-ch00002','20200301QD9748057774560','2020-03-01',97.87,'Room Service');
INSERT INTO PAYMENT VALUES ('20200301QD9748057774560-p00001','20200301QD9748057774560','2020-03-03','CC',287.86,'Raisa Romito','3894686832929214',6,2022,113,'Mastercard');
-- ------- SAMPLE 1563 ----------
INSERT INTO GUEST VALUES(2563,'Deandra','Dimauro','DDimauro@gmail.com','1234 DaWrong Lane','Flonkerton','MD','12345','765-134-9528');
INSERT INTO RESERVATION VALUES ('20200110KI2116082560266',2563,110,'KI','2020-01-10','2020-01-14',null,'complete');
INSERT INTO INVOICECHARGE VALUES ('20200110KI2116082560266-ch00001','20200110KI2116082560266','2020-01-10',225.17,'Base room charge');
INSERT INTO INVOICECHARGE VALUES ('20200110KI2116082560266-ch00002','20200110KI2116082560266','2020-01-10',115.99,'Cleaning fee');
INSERT INTO PAYMENT (payment_id,invoice_id,payment_date,payment_type,payment_amount) VALUES ('20200110KI2116082560266-p00001','20200110KI2116082560266','2020-01-12','CA',341.16);
-- ------- SAMPLE 1564 ----------
INSERT INTO GUEST VALUES(2564,'Fiona','Figgs','FFiggs@gmail.com','1234 DaWrong Lane','Flonkerton','MD','12345','591-431-3383');
INSERT INTO RESERVATION VALUES ('20181231QS2896679160018',2564,207,'QS','2018-12-31','2019-01-01',null,'complete');
INSERT INTO INVOICECHARGE VALUES ('20181231QS2896679160018-ch00001','20181231QS2896679160018','2018-12-31',77.4,'Base room charge');
INSERT INTO INVOICECHARGE VALUES ('20181231QS2896679160018-ch00002','20181231QS2896679160018','2018-12-31',39.88,'Cleaning fee');
INSERT INTO PAYMENT VALUES ('20181231QS2896679160018-p00001','20181231QS2896679160018','2019-01-02','CC',117.28,'Fiona Figgs','4370820568809780',8,2022,715,'Mastercard');
-- ------- SAMPLE 1565 ----------
INSERT INTO GUEST VALUES(2565,'Rachell','Riser','RRiser@yahoo.com','1234 DaWrong Lane','Flonkerton','MD','12345','839-761-0151');
INSERT INTO RESERVATION VALUES ('20181119KJ4937479862641',2565,114,'KJ','2018-11-19','2018-11-22',null,'complete');
INSERT INTO INVOICECHARGE VALUES ('20181119KJ4937479862641-ch00001','20181119KJ4937479862641','2018-11-19',415.81,'Base room charge');
INSERT INTO PAYMENT VALUES ('20181119KJ4937479862641-p00001','20181119KJ4937479862641','2018-11-21','CC',415.81,'Rachell Riser','5704808431363666',10,2027,311,'Mastercard');
-- ------- SAMPLE 1566 ----------
INSERT INTO GUEST VALUES(2566,'Kathey','Kingston','KKingston@hotmail.com','1234 DaWrong Lane','Flonkerton','MD','12345','092-655-4636');
INSERT INTO RESERVATION VALUES ('20210206KJ8778882016110',2566,null,'KJ','2021-02-06','2021-02-11',null,'active');
-- ------- SAMPLE 1567 ----------
INSERT INTO GUEST VALUES(2567,'Louisa','Laroque','LLaroque@yahoo.com','1234 DaWrong Lane','Flonkerton','MD','12345','905-263-3824');
INSERT INTO RESERVATION VALUES ('20200102QD1389249903199',2567,101,'QD','2020-01-02','2020-01-05',null,'cancelled');
INSERT INTO INVOICECHARGE VALUES ('20200102QD1389249903199-ch00001','20200102QD1389249903199','2020-01-02',189.99,'Base room charge');
INSERT INTO INVOICECHARGE VALUES ('20200102QD1389249903199-ch00002','20200102QD1389249903199','2020-01-02',97.87,'Room Service');
INSERT INTO PAYMENT (payment_id,invoice_id,payment_date,payment_type,payment_amount) VALUES ('20200102QD1389249903199-p00001','20200102QD1389249903199','2020-01-04','CA',287.86);
-- ------- SAMPLE 1568 ----------
INSERT INTO GUEST VALUES(2568,'Bessie','Buhler','BBuhler@yahoo.com','1234 DaWrong Lane','Flonkerton','MD','12345','995-889-4464');
INSERT INTO RESERVATION VALUES ('20180714KS2779028989327',2568,112,'KS','2018-07-14','2018-07-16',null,'complete');
INSERT INTO INVOICECHARGE VALUES ('20180714KS2779028989327-ch00001','20180714KS2779028989327','2018-07-14',140.73,'Base room charge');
INSERT INTO INVOICECHARGE VALUES ('20180714KS2779028989327-ch00002','20180714KS2779028989327','2018-07-14',72.5,'Cleaning fee');
INSERT INTO PAYMENT (payment_id,invoice_id,payment_date,payment_type,payment_amount) VALUES ('20180714KS2779028989327-p00001','20180714KS2779028989327','2018-07-16','CA',213.23);
-- ------- SAMPLE 1569 ----------
INSERT INTO GUEST VALUES(2569,'Maryann','Mccutcheon','MMccutcheon@hotmail.com','1234 DaWrong Lane','Flonkerton','MD','12345','480-210-1601');
INSERT INTO RESERVATION VALUES ('20190521QS6789329204751',2569,113,'QS','2019-05-21','2019-05-26',null,'complete');
INSERT INTO INVOICECHARGE VALUES ('20190521QS6789329204751-ch00001','20190521QS6789329204751','2019-05-21',586.38,'Base room charge');
INSERT INTO PAYMENT VALUES ('20190521QS6789329204751-p00001','20190521QS6789329204751','2019-05-23','CC',586.38,'Maryann Mccutcheon','8196060204777943',6,2023,14,'Mastercard');
-- ------- SAMPLE 1570 ----------
INSERT INTO GUEST VALUES(2570,'Asa','Allan','AAllan@gmail.com','1234 DaWrong Lane','Flonkerton','MD','12345','758-919-3454');
INSERT INTO RESERVATION VALUES ('20181219QD6822290545339',2570,106,'QD','2018-12-19','2018-12-20',null,'complete');
INSERT INTO INVOICECHARGE VALUES ('20181219QD6822290545339-ch00001','20181219QD6822290545339','2018-12-19',63.33,'Base room charge');
INSERT INTO INVOICECHARGE VALUES ('20181219QD6822290545339-ch00002','20181219QD6822290545339','2018-12-19',32.62,'Room Service');
INSERT INTO PAYMENT VALUES ('20181219QD6822290545339-p00001','20181219QD6822290545339','2018-12-21','CC',95.95,'Asa Allan','7244855024596067',5,2021,52,'Mastercard');
-- ------- SAMPLE 1571 ----------
INSERT INTO GUEST VALUES(2571,'Kaley','Kilmon','KKilmon@yahoo.com','1234 DaWrong Lane','Flonkerton','MD','12345','711-989-6863');
INSERT INTO RESERVATION VALUES ('20190919QS8625058420045',2571,202,'QS','2019-09-19','2019-09-20',null,'complete');
INSERT INTO INVOICECHARGE VALUES ('20190919QS8625058420045-ch00001','20190919QS8625058420045','2019-09-19',77.4,'Base room charge');
INSERT INTO INVOICECHARGE VALUES ('20190919QS8625058420045-ch00002','20190919QS8625058420045','2019-09-19',39.88,'Room Service');
INSERT INTO PAYMENT VALUES ('20190919QS8625058420045-p00001','20190919QS8625058420045','2019-09-21','CC',117.28,'Kaley Kilmon','3138005997157541',6,2027,626,'Mastercard');
-- ------- SAMPLE 1572 ----------
INSERT INTO GUEST VALUES(2572,'Shera','Shorter','SShorter@hotmail.com','1234 DaWrong Lane','Flonkerton','MD','12345','271-629-9031');
INSERT INTO RESERVATION VALUES ('20190124QS9340515847978',2572,113,'QS','2019-01-24','2019-01-29',null,'complete');
INSERT INTO INVOICECHARGE VALUES ('20190124QS9340515847978-ch00001','20190124QS9340515847978','2019-01-24',387.01,'Base room charge');
INSERT INTO INVOICECHARGE VALUES ('20190124QS9340515847978-ch00002','20190124QS9340515847978','2019-01-24',199.37,'Cleaning fee');
INSERT INTO PAYMENT (payment_id,invoice_id,payment_date,payment_type,payment_amount) VALUES ('20190124QS9340515847978-p00001','20190124QS9340515847978','2019-01-26','CA',586.38);
-- ------- SAMPLE 1573 ----------
INSERT INTO GUEST VALUES(2573,'Abram','Adolph','AAdolph@gmail.com','1234 DaWrong Lane','Flonkerton','MD','12345','095-396-8426');
INSERT INTO RESERVATION VALUES ('20190408KJ8215406499812',2573,104,'KJ','2019-04-08','2019-04-09',null,'complete');
INSERT INTO INVOICECHARGE VALUES ('20190408KJ8215406499812-ch00001','20190408KJ8215406499812','2019-04-08',91.48,'Base room charge');
INSERT INTO INVOICECHARGE VALUES ('20190408KJ8215406499812-ch00002','20190408KJ8215406499812','2019-04-08',47.12,'Cleaning fee');
INSERT INTO PAYMENT VALUES ('20190408KJ8215406499812-p00001','20190408KJ8215406499812','2019-04-10','CC',138.6,'Abram Adolph','4754205109820216',9,2023,57,'Mastercard');
-- ------- SAMPLE 1574 ----------
INSERT INTO GUEST VALUES(2574,'Clara','Crimmins','CCrimmins@hotmail.com','1234 DaWrong Lane','Flonkerton','MD','12345','162-657-0713');
INSERT INTO RESERVATION VALUES ('20200428QD2711371222822',2574,111,'QD','2020-04-28','2020-05-03',null,'complete');
INSERT INTO INVOICECHARGE VALUES ('20200428QD2711371222822-ch00001','20200428QD2711371222822','2020-04-28',479.76,'Base room charge');
INSERT INTO PAYMENT (payment_id,invoice_id,payment_date,payment_type,payment_amount) VALUES ('20200428QD2711371222822-p00001','20200428QD2711371222822','2020-04-30','CA',479.76);
-- ------- SAMPLE 1575 ----------
INSERT INTO GUEST VALUES(2575,'Leanora','Locke','LLocke@yahoo.com','1234 DaWrong Lane','Flonkerton','MD','12345','064-864-9804');
INSERT INTO RESERVATION VALUES ('20180823KS9428041091373',2575,107,'KS','2018-08-23','2018-08-25',null,'complete');
INSERT INTO INVOICECHARGE VALUES ('20180823KS9428041091373-ch00001','20180823KS9428041091373','2018-08-23',140.73,'Base room charge');
INSERT INTO INVOICECHARGE VALUES ('20180823KS9428041091373-ch00002','20180823KS9428041091373','2018-08-23',72.5,'Room Service');
INSERT INTO PAYMENT VALUES ('20180823KS9428041091373-p00001','20180823KS9428041091373','2018-08-25','CC',213.23,'Leanora Locke','7702272633883653',3,2025,942,'Mastercard');
-- ------- SAMPLE 1576 ----------
INSERT INTO GUEST VALUES(2576,'Boyce','Bate','BBate@hotmail.com','1234 DaWrong Lane','Flonkerton','MD','12345','828-916-4763');
INSERT INTO RESERVATION VALUES ('20190918KS4259342219593',2576,112,'KS','2019-09-18','2019-09-21',null,'complete');
INSERT INTO INVOICECHARGE VALUES ('20190918KS4259342219593-ch00001','20190918KS4259342219593','2019-09-18',319.84,'Base room charge');
INSERT INTO PAYMENT VALUES ('20190918KS4259342219593-p00001','20190918KS4259342219593','2019-09-20','CC',319.84,'Boyce Bate','6502031433890483',3,2022,108,'Mastercard');
-- ------- SAMPLE 1577 ----------
INSERT INTO GUEST VALUES(2577,'Irma','Irby','IIrby@gmail.com','1234 DaWrong Lane','Flonkerton','MD','12345','711-552-2760');
INSERT INTO RESERVATION VALUES ('20210217KS2080954938513',2577,null,'KS','2021-02-17','2021-02-22',null,'active');
-- ------- SAMPLE 1578 ----------
INSERT INTO GUEST VALUES(2578,'Shenna','Salmi','SSalmi@yahoo.com','1234 DaWrong Lane','Flonkerton','MD','12345','368-054-7484');
INSERT INTO RESERVATION VALUES ('20191207QD1683790521664',2578,106,'QD','2019-12-07','2019-12-08',null,'complete');
INSERT INTO INVOICECHARGE VALUES ('20191207QD1683790521664-ch00001','20191207QD1683790521664','2019-12-07',63.33,'Base room charge');
INSERT INTO INVOICECHARGE VALUES ('20191207QD1683790521664-ch00002','20191207QD1683790521664','2019-12-07',32.62,'Room Service');
INSERT INTO PAYMENT VALUES ('20191207QD1683790521664-p00001','20191207QD1683790521664','2019-12-09','CC',95.95,'Shenna Salmi','6378401652082730',8,2021,807,'Mastercard');
-- ------- SAMPLE 1579 ----------
INSERT INTO GUEST VALUES(2579,'Boris','Berner','BBerner@yahoo.com','1234 DaWrong Lane','Flonkerton','MD','12345','177-793-5341');
INSERT INTO RESERVATION VALUES ('20190717KI2957960126423',2579,115,'KI','2019-07-17','2019-07-20',null,'complete');
INSERT INTO INVOICECHARGE VALUES ('20190717KI2957960126423-ch00001','20190717KI2957960126423','2019-07-17',255.87,'Base room charge');
INSERT INTO PAYMENT VALUES ('20190717KI2957960126423-p00001','20190717KI2957960126423','2019-07-19','CC',255.87,'Boris Berner','8461252220467280',1,2021,946,'Mastercard');
-- ------- SAMPLE 1580 ----------
INSERT INTO GUEST VALUES(2580,'Linwood','Layden','LLayden@gmail.com','1234 DaWrong Lane','Flonkerton','MD','12345','006-237-4632');
INSERT INTO RESERVATION VALUES ('20190901QS5953282953285',2580,207,'QS','2019-09-01','2019-09-05',null,'cancelled');
INSERT INTO INVOICECHARGE VALUES ('20190901QS5953282953285-ch00001','20190901QS5953282953285','2019-09-01',469.11,'Base room charge');
INSERT INTO PAYMENT (payment_id,invoice_id,payment_date,payment_type,payment_amount) VALUES ('20190901QS5953282953285-p00001','20190901QS5953282953285','2019-09-03','CA',469.11);
-- ------- SAMPLE 1581 ----------
INSERT INTO GUEST VALUES(2581,'Natalia','Nowacki','NNowacki@gmail.com','1234 DaWrong Lane','Flonkerton','MD','12345','532-319-3937');
INSERT INTO RESERVATION VALUES ('20210103KI2758891457159',2581,null,'KI','2021-01-03','2021-01-08',null,'active');
INSERT INTO INVOICECHARGE VALUES ('20210103KI2758891457159-ch00001','20210103KI2758891457159','2021-01-03',426.45,'Base room charge');
INSERT INTO PAYMENT (payment_id,invoice_id,payment_date,payment_type,payment_amount) VALUES ('20210103KI2758891457159-p00001','20210103KI2758891457159','2021-01-05','CA',29);
-- ------- SAMPLE 1582 ----------
INSERT INTO GUEST VALUES(2582,'Abel','Alire','AAlire@gmail.com','1234 DaWrong Lane','Flonkerton','MD','12345','443-998-6309');
INSERT INTO RESERVATION VALUES ('20190717QD3887602808803',2582,116,'QD','2019-07-17','2019-07-22',null,'complete');
INSERT INTO INVOICECHARGE VALUES ('20190717QD3887602808803-ch00001','20190717QD3887602808803','2019-07-17',316.64,'Base room charge');
INSERT INTO INVOICECHARGE VALUES ('20190717QD3887602808803-ch00002','20190717QD3887602808803','2019-07-17',163.12,'Room Service');
INSERT INTO PAYMENT VALUES ('20190717QD3887602808803-p00001','20190717QD3887602808803','2019-07-19','CC',479.76,'Abel Alire','8821169427525225',9,2022,61,'Mastercard');
-- ------- SAMPLE 1583 ----------
INSERT INTO GUEST VALUES(2583,'Shandi','Scharf','SScharf@gmail.com','1234 DaWrong Lane','Flonkerton','MD','12345','138-145-5112');
INSERT INTO RESERVATION VALUES ('20200222KI5445687369239',2583,115,'KI','2020-02-22','2020-02-25',null,'complete');
INSERT INTO INVOICECHARGE VALUES ('20200222KI5445687369239-ch00001','20200222KI5445687369239','2020-02-22',255.87,'Base room charge');
INSERT INTO PAYMENT VALUES ('20200222KI5445687369239-p00001','20200222KI5445687369239','2020-02-24','CC',255.87,'Shandi Scharf','7528190557559754',5,2023,100,'Mastercard');
-- ------- SAMPLE 1584 ----------
INSERT INTO GUEST VALUES(2584,'Ngan','Nalley','NNalley@gmail.com','1234 DaWrong Lane','Flonkerton','MD','12345','566-170-4991');
INSERT INTO RESERVATION VALUES ('20200929KJ5787924088714',2584,null,'KJ','2020-09-29','2020-10-03',null,'active');
-- ------- SAMPLE 1585 ----------
INSERT INTO GUEST VALUES(2585,'Audrey','Aikens','AAikens@hotmail.com','1234 DaWrong Lane','Flonkerton','MD','12345','406-952-4060');
INSERT INTO RESERVATION VALUES ('20200909QS3270189811429',2585,null,'QS','2020-09-09','2020-09-11',null,'active');
-- ------- SAMPLE 1586 ----------
INSERT INTO GUEST VALUES(2586,'Collin','Chaparro','CChaparro@hotmail.com','1234 DaWrong Lane','Flonkerton','MD','12345','126-794-1746');
INSERT INTO RESERVATION VALUES ('20190424KJ3719469488068',2586,119,'KJ','2019-04-24','2019-04-27',null,'complete');
INSERT INTO INVOICECHARGE VALUES ('20190424KJ3719469488068-ch00001','20190424KJ3719469488068','2019-04-24',274.43,'Base room charge');
INSERT INTO INVOICECHARGE VALUES ('20190424KJ3719469488068-ch00002','20190424KJ3719469488068','2019-04-24',141.38,'Cleaning fee');
INSERT INTO PAYMENT (payment_id,invoice_id,payment_date,payment_type,payment_amount) VALUES ('20190424KJ3719469488068-p00001','20190424KJ3719469488068','2019-04-26','CA',415.81);
-- ------- SAMPLE 1587 ----------
INSERT INTO GUEST VALUES(2587,'James','Janey','JJaney@gmail.com','1234 DaWrong Lane','Flonkerton','MD','12345','886-943-7060');
INSERT INTO RESERVATION VALUES ('20200407KS7169830009874',2587,206,'KS','2020-04-07','2020-04-10',null,'complete');
INSERT INTO INVOICECHARGE VALUES ('20200407KS7169830009874-ch00001','20200407KS7169830009874','2020-04-07',211.09,'Base room charge');
INSERT INTO INVOICECHARGE VALUES ('20200407KS7169830009874-ch00002','20200407KS7169830009874','2020-04-07',108.75,'Cleaning fee');
INSERT INTO PAYMENT (payment_id,invoice_id,payment_date,payment_type,payment_amount) VALUES ('20200407KS7169830009874-p00001','20200407KS7169830009874','2020-04-09','CA',319.84);
-- ------- SAMPLE 1588 ----------
INSERT INTO GUEST VALUES(2588,'Laraine','Lazar','LLazar@hotmail.com','1234 DaWrong Lane','Flonkerton','MD','12345','063-699-4510');
INSERT INTO RESERVATION VALUES ('20190526KS3998544490065',2588,206,'KS','2019-05-26','2019-05-31',null,'complete');
INSERT INTO INVOICECHARGE VALUES ('20190526KS3998544490065-ch00001','20190526KS3998544490065','2019-05-26',351.83,'Base room charge');
INSERT INTO INVOICECHARGE VALUES ('20190526KS3998544490065-ch00002','20190526KS3998544490065','2019-05-26',181.24,'Cleaning fee');
INSERT INTO PAYMENT VALUES ('20190526KS3998544490065-p00001','20190526KS3998544490065','2019-05-28','CC',533.07,'Laraine Lazar','4275278458715012',9,2027,660,'Mastercard');
-- ------- SAMPLE 1589 ----------
INSERT INTO GUEST VALUES(2589,'Rossana','Running','RRunning@hotmail.com','1234 DaWrong Lane','Flonkerton','MD','12345','633-636-3599');
INSERT INTO RESERVATION VALUES ('20200318QS1316456433628',2589,118,'QS','2020-03-18','2020-03-19',null,'complete');
INSERT INTO INVOICECHARGE VALUES ('20200318QS1316456433628-ch00001','20200318QS1316456433628','2020-03-18',77.4,'Base room charge');
INSERT INTO INVOICECHARGE VALUES ('20200318QS1316456433628-ch00002','20200318QS1316456433628','2020-03-18',39.88,'Cleaning fee');
INSERT INTO PAYMENT (payment_id,invoice_id,payment_date,payment_type,payment_amount) VALUES ('20200318QS1316456433628-p00001','20200318QS1316456433628','2020-03-20','CA',117.28);
-- ------- SAMPLE 1590 ----------
INSERT INTO GUEST VALUES(2590,'Fiona','Figgs','FFiggs@gmail.com','1234 DaWrong Lane','Flonkerton','MD','12345','755-459-7778');
INSERT INTO RESERVATION VALUES ('20181009KI1117776893058',2590,120,'KI','2018-10-09','2018-10-12',null,'complete');
INSERT INTO INVOICECHARGE VALUES ('20181009KI1117776893058-ch00001','20181009KI1117776893058','2018-10-09',168.87,'Base room charge');
INSERT INTO INVOICECHARGE VALUES ('20181009KI1117776893058-ch00002','20181009KI1117776893058','2018-10-09',87,'Room Service');
INSERT INTO PAYMENT VALUES ('20181009KI1117776893058-p00001','20181009KI1117776893058','2018-10-11','CC',255.87,'Fiona Figgs','4045500828902374',7,2021,898,'Mastercard');
-- ------- SAMPLE 1591 ----------
INSERT INTO GUEST VALUES(2591,'Francie','Fairbank','FFairbank@yahoo.com','1234 DaWrong Lane','Flonkerton','MD','12345','145-757-1415');
INSERT INTO RESERVATION VALUES ('20210215QS1777855507245',2591,null,'QS','2021-02-15','2021-02-19',null,'active');
INSERT INTO INVOICECHARGE VALUES ('20210215QS1777855507245-ch00001','20210215QS1777855507245','2021-02-15',469.11,'Base room charge');
INSERT INTO PAYMENT VALUES ('20210215QS1777855507245-p00001','20210215QS1777855507245','2021-02-17','CC',469.11,'Francie Fairbank','2721129424284345',9,2026,402,'Mastercard');
-- ------- SAMPLE 1592 ----------
INSERT INTO GUEST VALUES(2592,'Tai','Tookes','TTookes@gmail.com','1234 DaWrong Lane','Flonkerton','MD','12345','259-577-9907');
INSERT INTO RESERVATION VALUES ('20191104KI3663913590145',2592,209,'KI','2019-11-04','2019-11-06',null,'complete');
INSERT INTO INVOICECHARGE VALUES ('20191104KI3663913590145-ch00001','20191104KI3663913590145','2019-11-04',112.58,'Base room charge');
INSERT INTO INVOICECHARGE VALUES ('20191104KI3663913590145-ch00002','20191104KI3663913590145','2019-11-04',58,'Cleaning fee');
INSERT INTO PAYMENT VALUES ('20191104KI3663913590145-p00001','20191104KI3663913590145','2019-11-06','CC',170.58,'Tai Tookes','7326349156739425',8,2024,460,'Mastercard');
-- ------- SAMPLE 1593 ----------
INSERT INTO GUEST VALUES(2593,'Kenisha','Kane','KKane@gmail.com','1234 DaWrong Lane','Flonkerton','MD','12345','224-988-5985');
INSERT INTO RESERVATION VALUES ('20190520QS5947775162585',2593,108,'QS','2019-05-20','2019-05-22',null,'complete');
INSERT INTO INVOICECHARGE VALUES ('20190520QS5947775162585-ch00001','20190520QS5947775162585','2019-05-20',154.8,'Base room charge');
INSERT INTO INVOICECHARGE VALUES ('20190520QS5947775162585-ch00002','20190520QS5947775162585','2019-05-20',79.75,'Cleaning fee');
INSERT INTO PAYMENT (payment_id,invoice_id,payment_date,payment_type,payment_amount) VALUES ('20190520QS5947775162585-p00001','20190520QS5947775162585','2019-05-22','CA',234.55);
-- ------- SAMPLE 1594 ----------
INSERT INTO GUEST VALUES(2594,'Lakenya','Langston','LLangston@gmail.com','1234 DaWrong Lane','Flonkerton','MD','12345','798-768-0691');
INSERT INTO RESERVATION VALUES ('20210110KI1775199044909',2594,null,'KI','2021-01-10','2021-01-15',null,'active');
INSERT INTO INVOICECHARGE VALUES ('20210110KI1775199044909-ch00001','20210110KI1775199044909','2021-01-10',426.45,'Base room charge');
INSERT INTO PAYMENT VALUES ('20210110KI1775199044909-p00001','20210110KI1775199044909','2021-01-12','CC',426.45,'Lakenya Langston','5061273534077822',5,2024,988,'Mastercard');
-- ------- SAMPLE 1595 ----------
INSERT INTO GUEST VALUES(2595,'Tish','Tusing','TTusing@hotmail.com','1234 DaWrong Lane','Flonkerton','MD','12345','700-403-2361');
INSERT INTO RESERVATION VALUES ('20190510KJ7506859544719',2595,208,'KJ','2019-05-10','2019-05-14',null,'complete');
INSERT INTO INVOICECHARGE VALUES ('20190510KJ7506859544719-ch00001','20190510KJ7506859544719','2019-05-10',365.91,'Base room charge');
INSERT INTO INVOICECHARGE VALUES ('20190510KJ7506859544719-ch00002','20190510KJ7506859544719','2019-05-10',188.5,'Cleaning fee');
INSERT INTO PAYMENT VALUES ('20190510KJ7506859544719-p00001','20190510KJ7506859544719','2019-05-12','CC',554.41,'Tish Tusing','6026393662909982',8,2025,649,'Mastercard');
-- ------- SAMPLE 1596 ----------
INSERT INTO GUEST VALUES(2596,'Rick','Ritenour','RRitenour@gmail.com','1234 DaWrong Lane','Flonkerton','MD','12345','382-644-8124');
INSERT INTO RESERVATION VALUES ('20200912QS7749361578462',2596,null,'QS','2020-09-12','2020-09-14',null,'active');
INSERT INTO INVOICECHARGE VALUES ('20200912QS7749361578462-ch00001','20200912QS7749361578462','2020-09-12',234.55,'Base room charge');
INSERT INTO PAYMENT VALUES ('20200912QS7749361578462-p00001','20200912QS7749361578462','2020-09-14','CC',121,'Rick Ritenour','7859272718685319',4,2027,631,'Mastercard');
-- ------- SAMPLE 1597 ----------
INSERT INTO GUEST VALUES(2597,'Ngan','Nalley','NNalley@yahoo.com','1234 DaWrong Lane','Flonkerton','MD','12345','812-976-7112');
INSERT INTO RESERVATION VALUES ('20200605KS4948816790455',2597,null,'KS','2020-06-05','2020-06-08',null,'active');
-- ------- SAMPLE 1598 ----------
INSERT INTO GUEST VALUES(2598,'Walter','Wellington','WWellington@hotmail.com','1234 DaWrong Lane','Flonkerton','MD','12345','104-138-8020');
INSERT INTO RESERVATION VALUES ('20201029KJ2888872871814',2598,null,'KJ','2020-10-29','2020-11-03',null,'active');
INSERT INTO INVOICECHARGE VALUES ('20201029KJ2888872871814-ch00001','20201029KJ2888872871814','2020-10-29',457.39,'Base room charge');
INSERT INTO INVOICECHARGE VALUES ('20201029KJ2888872871814-ch00002','20201029KJ2888872871814','2020-10-29',235.62,'Cleaning fee');
INSERT INTO PAYMENT VALUES ('20201029KJ2888872871814-p00001','20201029KJ2888872871814','2020-10-31','CC',693.01,'Walter Wellington','6478357153264698',3,2024,380,'Mastercard');
-- ------- SAMPLE 1599 ----------
INSERT INTO GUEST VALUES(2599,'Piedad','Proctor','PProctor@yahoo.com','1234 DaWrong Lane','Flonkerton','MD','12345','825-682-6559');
INSERT INTO RESERVATION VALUES ('20180904QD9784381013576',2599,106,'QD','2018-09-04','2018-09-09',null,'complete');
INSERT INTO INVOICECHARGE VALUES ('20180904QD9784381013576-ch00001','20180904QD9784381013576','2018-09-04',479.76,'Base room charge');
INSERT INTO PAYMENT VALUES ('20180904QD9784381013576-p00001','20180904QD9784381013576','2018-09-06','CC',479.76,'Piedad Proctor','7788791116574015',5,2022,845,'Mastercard');
-- ------- SAMPLE 1600 ----------
INSERT INTO GUEST VALUES(2600,'Lucius','Liles','LLiles@hotmail.com','1234 DaWrong Lane','Flonkerton','MD','12345','937-204-3769');
INSERT INTO RESERVATION VALUES ('20190412KI8919366037655',2600,209,'KI','2019-04-12','2019-04-17',null,'complete');
INSERT INTO INVOICECHARGE VALUES ('20190412KI8919366037655-ch00001','20190412KI8919366037655','2019-04-12',426.45,'Base room charge');
INSERT INTO PAYMENT VALUES ('20190412KI8919366037655-p00001','20190412KI8919366037655','2019-04-14','CC',426.45,'Lucius Liles','1080490932310108',8,2024,232,'Mastercard');
-- ------- SAMPLE 1601 ----------
INSERT INTO GUEST VALUES(2601,'Eryn','Edenfield','EEdenfield@gmail.com','1234 DaWrong Lane','Flonkerton','MD','12345','472-505-1355');
INSERT INTO RESERVATION VALUES ('20180713QS9381224019982',2601,118,'QS','2018-07-13','2018-07-15',null,'complete');
INSERT INTO INVOICECHARGE VALUES ('20180713QS9381224019982-ch00001','20180713QS9381224019982','2018-07-13',234.55,'Base room charge');
INSERT INTO PAYMENT VALUES ('20180713QS9381224019982-p00001','20180713QS9381224019982','2018-07-15','CC',234.55,'Eryn Edenfield','4685529333681075',11,2023,935,'Mastercard');
-- ------- SAMPLE 1602 ----------
INSERT INTO GUEST VALUES(2602,'Freida','Forbis','FForbis@gmail.com','1234 DaWrong Lane','Flonkerton','MD','12345','003-059-6692');
INSERT INTO RESERVATION VALUES ('20181115KJ4931726302796',2602,114,'KJ','2018-11-15','2018-11-18',null,'complete');
INSERT INTO INVOICECHARGE VALUES ('20181115KJ4931726302796-ch00001','20181115KJ4931726302796','2018-11-15',274.43,'Base room charge');
INSERT INTO INVOICECHARGE VALUES ('20181115KJ4931726302796-ch00002','20181115KJ4931726302796','2018-11-15',141.38,'Room Service');
INSERT INTO PAYMENT VALUES ('20181115KJ4931726302796-p00001','20181115KJ4931726302796','2018-11-17','CC',415.81,'Freida Forbis','4262775517613494',8,2022,874,'Mastercard');
-- ------- SAMPLE 1603 ----------
INSERT INTO GUEST VALUES(2603,'Shenna','Salmi','SSalmi@yahoo.com','1234 DaWrong Lane','Flonkerton','MD','12345','333-329-5793');
INSERT INTO RESERVATION VALUES ('20180907QS4291656462513',2603,108,'QS','2018-09-07','2018-09-11',null,'complete');
INSERT INTO INVOICECHARGE VALUES ('20180907QS4291656462513-ch00001','20180907QS4291656462513','2018-09-07',469.11,'Base room charge');
INSERT INTO PAYMENT VALUES ('20180907QS4291656462513-p00001','20180907QS4291656462513','2018-09-09','CC',469.11,'Shenna Salmi','8529455062696059',5,2024,565,'Mastercard');
-- ------- SAMPLE 1604 ----------
INSERT INTO GUEST VALUES(2604,'Shawn','Stefanski','SStefanski@hotmail.com','1234 DaWrong Lane','Flonkerton','MD','12345','168-386-4807');
INSERT INTO RESERVATION VALUES ('20190219KS9472735329630',2604,107,'KS','2019-02-19','2019-02-22',null,'cancelled');
INSERT INTO INVOICECHARGE VALUES ('20190219KS9472735329630-ch00001','20190219KS9472735329630','2019-02-19',319.84,'Base room charge');
INSERT INTO PAYMENT VALUES ('20190219KS9472735329630-p00001','20190219KS9472735329630','2019-02-21','CC',319.84,'Shawn Stefanski','3743279720692735',7,2021,598,'Mastercard');
-- ------- SAMPLE 1605 ----------
INSERT INTO GUEST VALUES(2605,'Kerstin','Khalaf','KKhalaf@hotmail.com','1234 DaWrong Lane','Flonkerton','MD','12345','247-599-2400');
INSERT INTO RESERVATION VALUES ('20200723QD7247796549964',2605,null,'QD','2020-07-23','2020-07-25',null,'active');
-- ------- SAMPLE 1606 ----------
INSERT INTO GUEST VALUES(2606,'Florentino','Feth','FFeth@gmail.com','1234 DaWrong Lane','Flonkerton','MD','12345','675-769-3857');
INSERT INTO RESERVATION VALUES ('20201201KI4548457296510',2606,null,'KI','2020-12-01','2020-12-05',null,'active');
INSERT INTO INVOICECHARGE VALUES ('20201201KI4548457296510-ch00001','20201201KI4548457296510','2020-12-01',341.16,'Base room charge');
INSERT INTO PAYMENT VALUES ('20201201KI4548457296510-p00001','20201201KI4548457296510','2020-12-03','CC',304,'Florentino Feth','3216464601929529',8,2026,596,'Mastercard');
-- ------- SAMPLE 1607 ----------
INSERT INTO GUEST VALUES(2607,'Vicky','Vanderhoff','VVanderhoff@yahoo.com','1234 DaWrong Lane','Flonkerton','MD','12345','160-970-6596');
INSERT INTO RESERVATION VALUES ('20200711KI5161369289713',2607,null,'KI','2020-07-11','2020-07-13',null,'cancelled');
INSERT INTO INVOICECHARGE VALUES ('20200711KI5161369289713-ch00001','20200711KI5161369289713','2020-07-11',170.58,'Base room charge');
INSERT INTO PAYMENT VALUES ('20200711KI5161369289713-p00001','20200711KI5161369289713','2020-07-13','CC',100,'Vicky Vanderhoff','7134837221489180',1,2021,543,'Mastercard');
-- ------- SAMPLE 1608 ----------
INSERT INTO GUEST VALUES(2608,'Rachell','Riser','RRiser@hotmail.com','1234 DaWrong Lane','Flonkerton','MD','12345','452-127-6470');
INSERT INTO RESERVATION VALUES ('20200831KI5487356670291',2608,null,'KI','2020-08-31','2020-09-01',null,'active');
INSERT INTO INVOICECHARGE VALUES ('20200831KI5487356670291-ch00001','20200831KI5487356670291','2020-08-31',56.29,'Base room charge');
INSERT INTO INVOICECHARGE VALUES ('20200831KI5487356670291-ch00002','20200831KI5487356670291','2020-08-31',29,'Cleaning fee');
INSERT INTO PAYMENT (payment_id,invoice_id,payment_date,payment_type,payment_amount) VALUES ('20200831KI5487356670291-p00001','20200831KI5487356670291','2020-09-02','CA',66);
-- ------- SAMPLE 1609 ----------
INSERT INTO GUEST VALUES(2609,'Alverta','Arce','AArce@hotmail.com','1234 DaWrong Lane','Flonkerton','MD','12345','851-627-9182');
INSERT INTO RESERVATION VALUES ('20190629QS4942086201319',2609,108,'QS','2019-06-29','2019-06-30',null,'complete');
INSERT INTO INVOICECHARGE VALUES ('20190629QS4942086201319-ch00001','20190629QS4942086201319','2019-06-29',77.4,'Base room charge');
INSERT INTO INVOICECHARGE VALUES ('20190629QS4942086201319-ch00002','20190629QS4942086201319','2019-06-29',39.88,'Room Service');
INSERT INTO PAYMENT VALUES ('20190629QS4942086201319-p00001','20190629QS4942086201319','2019-07-01','CC',117.28,'Alverta Arce','9106885016035270',10,2023,979,'Mastercard');
-- ------- SAMPLE 1610 ----------
INSERT INTO GUEST VALUES(2610,'Edmundo','Erickson','EErickson@hotmail.com','1234 DaWrong Lane','Flonkerton','MD','12345','410-495-8073');
INSERT INTO RESERVATION VALUES ('20200124QS2097982730224',2610,108,'QS','2020-01-24','2020-01-27',null,'complete');
INSERT INTO INVOICECHARGE VALUES ('20200124QS2097982730224-ch00001','20200124QS2097982730224','2020-01-24',232.21,'Base room charge');
INSERT INTO INVOICECHARGE VALUES ('20200124QS2097982730224-ch00002','20200124QS2097982730224','2020-01-24',119.62,'Cleaning fee');
INSERT INTO PAYMENT (payment_id,invoice_id,payment_date,payment_type,payment_amount) VALUES ('20200124QS2097982730224-p00001','20200124QS2097982730224','2020-01-26','CA',351.83);
-- ------- SAMPLE 1611 ----------
INSERT INTO GUEST VALUES(2611,'Kandra','Kelty','KKelty@gmail.com','1234 DaWrong Lane','Flonkerton','MD','12345','182-333-4190');
INSERT INTO RESERVATION VALUES ('20191210QD5060916371967',2611,111,'QD','2019-12-10','2019-12-13',null,'complete');
INSERT INTO INVOICECHARGE VALUES ('20191210QD5060916371967-ch00001','20191210QD5060916371967','2019-12-10',189.99,'Base room charge');
INSERT INTO INVOICECHARGE VALUES ('20191210QD5060916371967-ch00002','20191210QD5060916371967','2019-12-10',97.87,'Cleaning fee');
INSERT INTO PAYMENT (payment_id,invoice_id,payment_date,payment_type,payment_amount) VALUES ('20191210QD5060916371967-p00001','20191210QD5060916371967','2019-12-12','CA',287.86);
-- ------- SAMPLE 1612 ----------
INSERT INTO GUEST VALUES(2612,'Rachell','Riser','RRiser@gmail.com','1234 DaWrong Lane','Flonkerton','MD','12345','272-147-1011');
INSERT INTO RESERVATION VALUES ('20201117KS2555460135971',2612,null,'KS','2020-11-17','2020-11-21',null,'active');
-- ------- SAMPLE 1613 ----------
INSERT INTO GUEST VALUES(2613,'Shawn','Stefanski','SStefanski@hotmail.com','1234 DaWrong Lane','Flonkerton','MD','12345','576-181-3148');
INSERT INTO RESERVATION VALUES ('20201217KJ2754594863196',2613,null,'KJ','2020-12-17','2020-12-20',null,'active');
-- ------- SAMPLE 1614 ----------
INSERT INTO GUEST VALUES(2614,'Fonda','Foreman','FForeman@hotmail.com','1234 DaWrong Lane','Flonkerton','MD','12345','394-084-4954');
INSERT INTO RESERVATION VALUES ('20200824KS4495309290962',2614,null,'KS','2020-08-24','2020-08-25',null,'cancelled');
INSERT INTO INVOICECHARGE VALUES ('20200824KS4495309290962-ch00001','20200824KS4495309290962','2020-08-24',70.36,'Base room charge');
INSERT INTO INVOICECHARGE VALUES ('20200824KS4495309290962-ch00002','20200824KS4495309290962','2020-08-24',36.25,'Room Service');
INSERT INTO PAYMENT VALUES ('20200824KS4495309290962-p00001','20200824KS4495309290962','2020-08-26','CC',95,'Fonda Foreman','1785183602459812',8,2026,642,'Mastercard');
-- ------- SAMPLE 1615 ----------
INSERT INTO GUEST VALUES(2615,'Joann','Joplin','JJoplin@gmail.com','1234 DaWrong Lane','Flonkerton','MD','12345','777-802-4488');
INSERT INTO RESERVATION VALUES ('20190616KJ6174080885698',2615,114,'KJ','2019-06-16','2019-06-18',null,'complete');
INSERT INTO INVOICECHARGE VALUES ('20190616KJ6174080885698-ch00001','20190616KJ6174080885698','2019-06-16',277.2,'Base room charge');
INSERT INTO PAYMENT VALUES ('20190616KJ6174080885698-p00001','20190616KJ6174080885698','2019-06-18','CC',277.2,'Joann Joplin','3379800591731271',3,2025,935,'Mastercard');
-- ------- SAMPLE 1616 ----------
INSERT INTO GUEST VALUES(2616,'Missy','Mcclintock','MMcclintock@hotmail.com','1234 DaWrong Lane','Flonkerton','MD','12345','271-583-9309');
INSERT INTO RESERVATION VALUES ('20190414KS8148511626746',2616,206,'KS','2019-04-14','2019-04-17',null,'complete');
INSERT INTO INVOICECHARGE VALUES ('20190414KS8148511626746-ch00001','20190414KS8148511626746','2019-04-14',211.09,'Base room charge');
INSERT INTO INVOICECHARGE VALUES ('20190414KS8148511626746-ch00002','20190414KS8148511626746','2019-04-14',108.75,'Room Service');
INSERT INTO PAYMENT (payment_id,invoice_id,payment_date,payment_type,payment_amount) VALUES ('20190414KS8148511626746-p00001','20190414KS8148511626746','2019-04-16','CA',319.84);
-- ------- SAMPLE 1617 ----------
INSERT INTO GUEST VALUES(2617,'Kenisha','Kane','KKane@gmail.com','1234 DaWrong Lane','Flonkerton','MD','12345','438-837-7887');
INSERT INTO RESERVATION VALUES ('20190206KS4520760121565',2617,102,'KS','2019-02-06','2019-02-10',null,'complete');
INSERT INTO INVOICECHARGE VALUES ('20190206KS4520760121565-ch00001','20190206KS4520760121565','2019-02-06',281.46,'Base room charge');
INSERT INTO INVOICECHARGE VALUES ('20190206KS4520760121565-ch00002','20190206KS4520760121565','2019-02-06',145,'Room Service');
INSERT INTO PAYMENT VALUES ('20190206KS4520760121565-p00001','20190206KS4520760121565','2019-02-08','CC',426.46,'Kenisha Kane','4291957299367776',7,2021,984,'Mastercard');
-- ------- SAMPLE 1618 ----------
INSERT INTO GUEST VALUES(2618,'Keturah','Kagawa','KKagawa@hotmail.com','1234 DaWrong Lane','Flonkerton','MD','12345','334-088-4453');
INSERT INTO RESERVATION VALUES ('20180509KJ8183320331960',2618,208,'KJ','2018-05-09','2018-05-14',null,'complete');
INSERT INTO INVOICECHARGE VALUES ('20180509KJ8183320331960-ch00001','20180509KJ8183320331960','2018-05-09',457.39,'Base room charge');
INSERT INTO INVOICECHARGE VALUES ('20180509KJ8183320331960-ch00002','20180509KJ8183320331960','2018-05-09',235.62,'Cleaning fee');
INSERT INTO PAYMENT VALUES ('20180509KJ8183320331960-p00001','20180509KJ8183320331960','2018-05-11','CC',693.01,'Keturah Kagawa','1268863128443038',12,2026,69,'Mastercard');
-- ------- SAMPLE 1619 ----------
INSERT INTO GUEST VALUES(2619,'Dewey','Dye','DDye@yahoo.com','1234 DaWrong Lane','Flonkerton','MD','12345','723-914-9638');
INSERT INTO RESERVATION VALUES ('20190624QD9416146442012',2619,200,'QD','2019-06-24','2019-06-25',null,'complete');
INSERT INTO INVOICECHARGE VALUES ('20190624QD9416146442012-ch00001','20190624QD9416146442012','2019-06-24',95.95,'Base room charge');
INSERT INTO PAYMENT (payment_id,invoice_id,payment_date,payment_type,payment_amount) VALUES ('20190624QD9416146442012-p00001','20190624QD9416146442012','2019-06-26','CA',95.95);
-- ------- SAMPLE 1620 ----------
INSERT INTO GUEST VALUES(2620,'Major','Meng','MMeng@gmail.com','1234 DaWrong Lane','Flonkerton','MD','12345','562-523-1203');
INSERT INTO RESERVATION VALUES ('20191024KS6646180806179',2620,107,'KS','2019-10-24','2019-10-28',null,'complete');
INSERT INTO INVOICECHARGE VALUES ('20191024KS6646180806179-ch00001','20191024KS6646180806179','2019-10-24',281.46,'Base room charge');
INSERT INTO INVOICECHARGE VALUES ('20191024KS6646180806179-ch00002','20191024KS6646180806179','2019-10-24',145,'Cleaning fee');
INSERT INTO PAYMENT VALUES ('20191024KS6646180806179-p00001','20191024KS6646180806179','2019-10-26','CC',426.46,'Major Meng','4765489597291562',1,2024,953,'Mastercard');
-- ------- SAMPLE 1621 ----------
INSERT INTO GUEST VALUES(2621,'Antwan','Albury','AAlbury@hotmail.com','1234 DaWrong Lane','Flonkerton','MD','12345','857-349-4974');
INSERT INTO RESERVATION VALUES ('20190419QS3828160748733',2621,207,'QS','2019-04-19','2019-04-22',null,'complete');
INSERT INTO INVOICECHARGE VALUES ('20190419QS3828160748733-ch00001','20190419QS3828160748733','2019-04-19',232.21,'Base room charge');
INSERT INTO INVOICECHARGE VALUES ('20190419QS3828160748733-ch00002','20190419QS3828160748733','2019-04-19',119.62,'Room Service');
INSERT INTO PAYMENT VALUES ('20190419QS3828160748733-p00001','20190419QS3828160748733','2019-04-21','CC',351.83,'Antwan Albury','7908542313776453',1,2023,648,'Mastercard');
-- ------- SAMPLE 1622 ----------
INSERT INTO GUEST VALUES(2622,'Tai','Tookes','TTookes@yahoo.com','1234 DaWrong Lane','Flonkerton','MD','12345','312-301-0854');
INSERT INTO RESERVATION VALUES ('20201115QD4733244915727',2622,null,'QD','2020-11-15','2020-11-19',null,'active');
INSERT INTO INVOICECHARGE VALUES ('20201115QD4733244915727-ch00001','20201115QD4733244915727','2020-11-15',383.81,'Base room charge');
INSERT INTO PAYMENT (payment_id,invoice_id,payment_date,payment_type,payment_amount) VALUES ('20201115QD4733244915727-p00001','20201115QD4733244915727','2020-11-17','CA',383.81);
-- ------- SAMPLE 1623 ----------
INSERT INTO GUEST VALUES(2623,'James','Janey','JJaney@yahoo.com','1234 DaWrong Lane','Flonkerton','MD','12345','440-581-0016');
INSERT INTO RESERVATION VALUES ('20210220QS9141178422223',2623,null,'QS','2021-02-20','2021-02-24',null,'active');
INSERT INTO INVOICECHARGE VALUES ('20210220QS9141178422223-ch00001','20210220QS9141178422223','2021-02-20',309.61,'Base room charge');
INSERT INTO INVOICECHARGE VALUES ('20210220QS9141178422223-ch00002','20210220QS9141178422223','2021-02-20',159.5,'Cleaning fee');
INSERT INTO PAYMENT VALUES ('20210220QS9141178422223-p00001','20210220QS9141178422223','2021-02-22','CC',469.11,'James Janey','5353481388179391',11,2023,451,'Mastercard');
-- ------- SAMPLE 1624 ----------
INSERT INTO GUEST VALUES(2624,'Dorothea','Dipaolo','DDipaolo@gmail.com','1234 DaWrong Lane','Flonkerton','MD','12345','814-567-4388');
INSERT INTO RESERVATION VALUES ('20210411QS1510095628760',2624,null,'QS','2021-04-11','2021-04-14',null,'active');
INSERT INTO INVOICECHARGE VALUES ('20210411QS1510095628760-ch00001','20210411QS1510095628760','2021-04-11',351.83,'Base room charge');
INSERT INTO PAYMENT (payment_id,invoice_id,payment_date,payment_type,payment_amount) VALUES ('20210411QS1510095628760-p00001','20210411QS1510095628760','2021-04-13','CA',351.83);
-- ------- SAMPLE 1625 ----------
INSERT INTO GUEST VALUES(2625,'Annie','Albrecht','AAlbrecht@hotmail.com','1234 DaWrong Lane','Flonkerton','MD','12345','363-188-5105');
INSERT INTO RESERVATION VALUES ('20200506KJ5413500970645',2625,119,'KJ','2020-05-06','2020-05-09',null,'complete');
-- ------- SAMPLE 1626 ----------
INSERT INTO GUEST VALUES(2626,'Raisa','Romito','RRomito@gmail.com','1234 DaWrong Lane','Flonkerton','MD','12345','147-379-0029');
INSERT INTO RESERVATION VALUES ('20190911KS4404744139662',2626,201,'KS','2019-09-11','2019-09-13',null,'complete');
INSERT INTO INVOICECHARGE VALUES ('20190911KS4404744139662-ch00001','20190911KS4404744139662','2019-09-11',213.23,'Base room charge');
INSERT INTO PAYMENT VALUES ('20190911KS4404744139662-p00001','20190911KS4404744139662','2019-09-13','CC',213.23,'Raisa Romito','6670963774440151',12,2021,318,'Mastercard');
-- ------- SAMPLE 1627 ----------
INSERT INTO GUEST VALUES(2627,'Rossana','Running','RRunning@yahoo.com','1234 DaWrong Lane','Flonkerton','MD','12345','480-069-9948');
INSERT INTO RESERVATION VALUES ('20210420KJ2523619920603',2627,null,'KJ','2021-04-20','2021-04-24',null,'active');
-- ------- SAMPLE 1628 ----------
INSERT INTO GUEST VALUES(2628,'Francie','Fairbank','FFairbank@gmail.com','1234 DaWrong Lane','Flonkerton','MD','12345','971-796-1148');
INSERT INTO RESERVATION VALUES ('20210225KJ5498932854020',2628,null,'KJ','2021-02-25','2021-02-27',null,'active');
INSERT INTO INVOICECHARGE VALUES ('20210225KJ5498932854020-ch00001','20210225KJ5498932854020','2021-02-25',277.2,'Base room charge');
INSERT INTO PAYMENT VALUES ('20210225KJ5498932854020-p00001','20210225KJ5498932854020','2021-02-27','CC',277.2,'Francie Fairbank','3273402577648055',1,2023,322,'Mastercard');
-- ------- SAMPLE 1629 ----------
INSERT INTO GUEST VALUES(2629,'Doyle','Dykema','DDykema@hotmail.com','1234 DaWrong Lane','Flonkerton','MD','12345','727-372-8172');
INSERT INTO RESERVATION VALUES ('20180510KJ3852412722237',2629,109,'KJ','2018-05-10','2018-05-12',null,'complete');
INSERT INTO INVOICECHARGE VALUES ('20180510KJ3852412722237-ch00001','20180510KJ3852412722237','2018-05-10',277.2,'Base room charge');
INSERT INTO PAYMENT VALUES ('20180510KJ3852412722237-p00001','20180510KJ3852412722237','2018-05-12','CC',277.2,'Doyle Dykema','2023791850649993',11,2027,625,'Mastercard');
-- ------- SAMPLE 1630 ----------
INSERT INTO GUEST VALUES(2630,'Kandra','Kelty','KKelty@gmail.com','1234 DaWrong Lane','Flonkerton','MD','12345','442-266-8727');
INSERT INTO RESERVATION VALUES ('20200429KJ1316898445691',2630,114,'KJ','2020-04-29','2020-05-01',null,'complete');
INSERT INTO INVOICECHARGE VALUES ('20200429KJ1316898445691-ch00001','20200429KJ1316898445691','2020-04-29',182.95,'Base room charge');
INSERT INTO INVOICECHARGE VALUES ('20200429KJ1316898445691-ch00002','20200429KJ1316898445691','2020-04-29',94.25,'Cleaning fee');
INSERT INTO PAYMENT (payment_id,invoice_id,payment_date,payment_type,payment_amount) VALUES ('20200429KJ1316898445691-p00001','20200429KJ1316898445691','2020-05-01','CA',277.2);
-- ------- SAMPLE 1631 ----------
INSERT INTO GUEST VALUES(2631,'Lincoln','Lattea','LLattea@gmail.com','1234 DaWrong Lane','Flonkerton','MD','12345','016-977-3649');
INSERT INTO RESERVATION VALUES ('20191021QS5376513088672',2631,207,'QS','2019-10-21','2019-10-26',null,'complete');
INSERT INTO INVOICECHARGE VALUES ('20191021QS5376513088672-ch00001','20191021QS5376513088672','2019-10-21',586.38,'Base room charge');
INSERT INTO PAYMENT (payment_id,invoice_id,payment_date,payment_type,payment_amount) VALUES ('20191021QS5376513088672-p00001','20191021QS5376513088672','2019-10-23','CA',586.38);
-- ------- SAMPLE 1632 ----------
INSERT INTO GUEST VALUES(2632,'Melony','Mcmartin','MMcmartin@gmail.com','1234 DaWrong Lane','Flonkerton','MD','12345','437-075-5660');
INSERT INTO RESERVATION VALUES ('20210225QS3095420046933',2632,null,'QS','2021-02-25','2021-02-27',null,'active');
INSERT INTO INVOICECHARGE VALUES ('20210225QS3095420046933-ch00001','20210225QS3095420046933','2021-02-25',154.8,'Base room charge');
INSERT INTO INVOICECHARGE VALUES ('20210225QS3095420046933-ch00002','20210225QS3095420046933','2021-02-25',79.75,'Room Service');
INSERT INTO PAYMENT VALUES ('20210225QS3095420046933-p00001','20210225QS3095420046933','2021-02-27','CC',234.55,'Melony Mcmartin','3700079742521623',10,2021,635,'Mastercard');
-- ------- SAMPLE 1633 ----------
INSERT INTO GUEST VALUES(2633,'Kathlyn','Kinser','KKinser@yahoo.com','1234 DaWrong Lane','Flonkerton','MD','12345','327-220-6167');
INSERT INTO RESERVATION VALUES ('20200113QD4334542494719',2633,205,'QD','2020-01-13','2020-01-16',null,'complete');
INSERT INTO INVOICECHARGE VALUES ('20200113QD4334542494719-ch00001','20200113QD4334542494719','2020-01-13',287.86,'Base room charge');
INSERT INTO PAYMENT VALUES ('20200113QD4334542494719-p00001','20200113QD4334542494719','2020-01-15','CC',287.86,'Kathlyn Kinser','5930433305432724',3,2027,569,'Mastercard');
-- ------- SAMPLE 1634 ----------
INSERT INTO GUEST VALUES(2634,'Lorean','Loden','LLoden@hotmail.com','1234 DaWrong Lane','Flonkerton','MD','12345','982-819-2148');
INSERT INTO RESERVATION VALUES ('20180927KJ5133797443285',2634,119,'KJ','2018-09-27','2018-10-02',null,'complete');
INSERT INTO INVOICECHARGE VALUES ('20180927KJ5133797443285-ch00001','20180927KJ5133797443285','2018-09-27',693.01,'Base room charge');
INSERT INTO PAYMENT VALUES ('20180927KJ5133797443285-p00001','20180927KJ5133797443285','2018-09-29','CC',693.01,'Lorean Loden','6441625896440446',7,2022,276,'Mastercard');
-- ------- SAMPLE 1635 ----------
INSERT INTO GUEST VALUES(2635,'Joann','Joplin','JJoplin@yahoo.com','1234 DaWrong Lane','Flonkerton','MD','12345','273-826-6853');
INSERT INTO RESERVATION VALUES ('20200214KJ1852809964298',2635,109,'KJ','2020-02-14','2020-02-18',null,'complete');
INSERT INTO INVOICECHARGE VALUES ('20200214KJ1852809964298-ch00001','20200214KJ1852809964298','2020-02-14',365.91,'Base room charge');
INSERT INTO INVOICECHARGE VALUES ('20200214KJ1852809964298-ch00002','20200214KJ1852809964298','2020-02-14',188.5,'Room Service');
INSERT INTO PAYMENT VALUES ('20200214KJ1852809964298-p00001','20200214KJ1852809964298','2020-02-16','CC',554.41,'Joann Joplin','7984095256721480',6,2021,566,'Mastercard');
-- ------- SAMPLE 1636 ----------
INSERT INTO GUEST VALUES(2636,'Natalia','Nowacki','NNowacki@gmail.com','1234 DaWrong Lane','Flonkerton','MD','12345','639-972-4834');
INSERT INTO RESERVATION VALUES ('20200411QD7442988718916',2636,200,'QD','2020-04-11','2020-04-13',null,'complete');
INSERT INTO INVOICECHARGE VALUES ('20200411QD7442988718916-ch00001','20200411QD7442988718916','2020-04-11',191.9,'Base room charge');
INSERT INTO PAYMENT VALUES ('20200411QD7442988718916-p00001','20200411QD7442988718916','2020-04-13','CC',191.9,'Natalia Nowacki','9540328534045204',12,2026,879,'Mastercard');
-- ------- SAMPLE 1637 ----------
INSERT INTO GUEST VALUES(2637,'Serafina','Singh','SSingh@yahoo.com','1234 DaWrong Lane','Flonkerton','MD','12345','070-358-1657');
INSERT INTO RESERVATION VALUES ('20190704KJ9692561894883',2637,119,'KJ','2019-07-04','2019-07-05',null,'complete');
INSERT INTO INVOICECHARGE VALUES ('20190704KJ9692561894883-ch00001','20190704KJ9692561894883','2019-07-04',91.48,'Base room charge');
INSERT INTO INVOICECHARGE VALUES ('20190704KJ9692561894883-ch00002','20190704KJ9692561894883','2019-07-04',47.12,'Cleaning fee');
INSERT INTO PAYMENT VALUES ('20190704KJ9692561894883-p00001','20190704KJ9692561894883','2019-07-06','CC',138.6,'Serafina Singh','6919645367932305',10,2024,748,'Mastercard');
-- ------- SAMPLE 1638 ----------
INSERT INTO GUEST VALUES(2638,'Fleta','Fickel','FFickel@yahoo.com','1234 DaWrong Lane','Flonkerton','MD','12345','539-702-1938');
INSERT INTO RESERVATION VALUES ('20200423QS2570712660205',2638,108,'QS','2020-04-23','2020-04-26',null,'complete');
INSERT INTO INVOICECHARGE VALUES ('20200423QS2570712660205-ch00001','20200423QS2570712660205','2020-04-23',351.83,'Base room charge');
INSERT INTO PAYMENT VALUES ('20200423QS2570712660205-p00001','20200423QS2570712660205','2020-04-25','CC',351.83,'Fleta Fickel','3999814136549129',3,2022,836,'Mastercard');
-- ------- SAMPLE 1639 ----------
INSERT INTO GUEST VALUES(2639,'Marcelino','Meisner','MMeisner@hotmail.com','1234 DaWrong Lane','Flonkerton','MD','12345','879-704-2558');
INSERT INTO RESERVATION VALUES ('20200308KI8408630669722',2639,120,'KI','2020-03-08','2020-03-11',null,'complete');
INSERT INTO INVOICECHARGE VALUES ('20200308KI8408630669722-ch00001','20200308KI8408630669722','2020-03-08',168.87,'Base room charge');
INSERT INTO INVOICECHARGE VALUES ('20200308KI8408630669722-ch00002','20200308KI8408630669722','2020-03-08',87,'Cleaning fee');
INSERT INTO PAYMENT VALUES ('20200308KI8408630669722-p00001','20200308KI8408630669722','2020-03-10','CC',255.87,'Marcelino Meisner','2490012950534189',1,2027,828,'Mastercard');
-- ------- SAMPLE 1640 ----------
INSERT INTO GUEST VALUES(2640,'Buffy','Beattie','BBeattie@yahoo.com','1234 DaWrong Lane','Flonkerton','MD','12345','722-328-2540');
INSERT INTO RESERVATION VALUES ('20190211QS9212038187868',2640,202,'QS','2019-02-11','2019-02-14',null,'complete');
INSERT INTO INVOICECHARGE VALUES ('20190211QS9212038187868-ch00001','20190211QS9212038187868','2019-02-11',351.83,'Base room charge');
INSERT INTO PAYMENT VALUES ('20190211QS9212038187868-p00001','20190211QS9212038187868','2019-02-13','CC',351.83,'Buffy Beattie','5130723493394375',12,2027,532,'Mastercard');
-- ------- SAMPLE 1641 ----------
INSERT INTO GUEST VALUES(2641,'Missy','Mcclintock','MMcclintock@hotmail.com','1234 DaWrong Lane','Flonkerton','MD','12345','694-657-9991');
INSERT INTO RESERVATION VALUES ('20200113KJ2195383520156',2641,114,'KJ','2020-01-13','2020-01-14',null,'complete');
INSERT INTO INVOICECHARGE VALUES ('20200113KJ2195383520156-ch00001','20200113KJ2195383520156','2020-01-13',91.48,'Base room charge');
INSERT INTO INVOICECHARGE VALUES ('20200113KJ2195383520156-ch00002','20200113KJ2195383520156','2020-01-13',47.12,'Room Service');
INSERT INTO PAYMENT VALUES ('20200113KJ2195383520156-p00001','20200113KJ2195383520156','2020-01-15','CC',138.6,'Missy Mcclintock','7216065277327700',12,2025,420,'Mastercard');
-- ------- SAMPLE 1642 ----------
INSERT INTO GUEST VALUES(2642,'Fleta','Fickel','FFickel@hotmail.com','1234 DaWrong Lane','Flonkerton','MD','12345','539-004-3488');
INSERT INTO RESERVATION VALUES ('20200622QD6271469565412',2642,null,'QD','2020-06-22','2020-06-24',null,'active');
-- ------- SAMPLE 1643 ----------
INSERT INTO GUEST VALUES(2643,'Lorean','Loden','LLoden@hotmail.com','1234 DaWrong Lane','Flonkerton','MD','12345','458-604-9827');
INSERT INTO RESERVATION VALUES ('20190426KJ9294802525032',2643,208,'KJ','2019-04-26','2019-04-28',null,'complete');
INSERT INTO INVOICECHARGE VALUES ('20190426KJ9294802525032-ch00001','20190426KJ9294802525032','2019-04-26',182.95,'Base room charge');
INSERT INTO INVOICECHARGE VALUES ('20190426KJ9294802525032-ch00002','20190426KJ9294802525032','2019-04-26',94.25,'Room Service');
INSERT INTO PAYMENT VALUES ('20190426KJ9294802525032-p00001','20190426KJ9294802525032','2019-04-28','CC',277.2,'Lorean Loden','4899702427430663',9,2021,255,'Mastercard');
-- ------- SAMPLE 1644 ----------
INSERT INTO GUEST VALUES(2644,'Doyle','Dykema','DDykema@gmail.com','1234 DaWrong Lane','Flonkerton','MD','12345','680-646-1208');
INSERT INTO RESERVATION VALUES ('20200422KS4852560843582',2644,201,'KS','2020-04-22','2020-04-27',null,'complete');
INSERT INTO INVOICECHARGE VALUES ('20200422KS4852560843582-ch00001','20200422KS4852560843582','2020-04-22',351.83,'Base room charge');
INSERT INTO INVOICECHARGE VALUES ('20200422KS4852560843582-ch00002','20200422KS4852560843582','2020-04-22',181.24,'Cleaning fee');
INSERT INTO PAYMENT (payment_id,invoice_id,payment_date,payment_type,payment_amount) VALUES ('20200422KS4852560843582-p00001','20200422KS4852560843582','2020-04-24','CA',533.07);
-- ------- SAMPLE 1645 ----------
INSERT INTO GUEST VALUES(2645,'Shena','Sandoz','SSandoz@yahoo.com','1234 DaWrong Lane','Flonkerton','MD','12345','058-607-9145');
INSERT INTO RESERVATION VALUES ('20180621KJ8526586162019',2645,208,'KJ','2018-06-21','2018-06-26',null,'complete');
INSERT INTO INVOICECHARGE VALUES ('20180621KJ8526586162019-ch00001','20180621KJ8526586162019','2018-06-21',457.39,'Base room charge');
INSERT INTO INVOICECHARGE VALUES ('20180621KJ8526586162019-ch00002','20180621KJ8526586162019','2018-06-21',235.62,'Room Service');
INSERT INTO PAYMENT VALUES ('20180621KJ8526586162019-p00001','20180621KJ8526586162019','2018-06-23','CC',693.01,'Shena Sandoz','4202552283150549',2,2025,561,'Mastercard');
-- ------- SAMPLE 1646 ----------
INSERT INTO GUEST VALUES(2646,'Randal','Rohman','RRohman@gmail.com','1234 DaWrong Lane','Flonkerton','MD','12345','512-061-6635');
INSERT INTO RESERVATION VALUES ('20180909QD2614669383137',2646,205,'QD','2018-09-09','2018-09-11',null,'cancelled');
INSERT INTO INVOICECHARGE VALUES ('20180909QD2614669383137-ch00001','20180909QD2614669383137','2018-09-09',191.9,'Base room charge');
INSERT INTO PAYMENT VALUES ('20180909QD2614669383137-p00001','20180909QD2614669383137','2018-09-11','CC',191.9,'Randal Rohman','6392668008090170',9,2025,535,'Mastercard');
-- ------- SAMPLE 1647 ----------
INSERT INTO GUEST VALUES(2647,'Fiona','Figgs','FFiggs@yahoo.com','1234 DaWrong Lane','Flonkerton','MD','12345','191-567-2363');
INSERT INTO RESERVATION VALUES ('20190420QD1567573855772',2647,116,'QD','2019-04-20','2019-04-24',null,'complete');
INSERT INTO INVOICECHARGE VALUES ('20190420QD1567573855772-ch00001','20190420QD1567573855772','2019-04-20',253.31,'Base room charge');
INSERT INTO INVOICECHARGE VALUES ('20190420QD1567573855772-ch00002','20190420QD1567573855772','2019-04-20',130.5,'Cleaning fee');
INSERT INTO PAYMENT VALUES ('20190420QD1567573855772-p00001','20190420QD1567573855772','2019-04-22','CC',383.81,'Fiona Figgs','2917940752894961',6,2021,473,'Mastercard');
-- ------- SAMPLE 1648 ----------
INSERT INTO GUEST VALUES(2648,'Walker','Weatherhead','WWeatherhead@hotmail.com','1234 DaWrong Lane','Flonkerton','MD','12345','294-041-6102');
INSERT INTO RESERVATION VALUES ('20190416KJ3924185941766',2648,104,'KJ','2019-04-16','2019-04-20',null,'complete');
INSERT INTO INVOICECHARGE VALUES ('20190416KJ3924185941766-ch00001','20190416KJ3924185941766','2019-04-16',365.91,'Base room charge');
INSERT INTO INVOICECHARGE VALUES ('20190416KJ3924185941766-ch00002','20190416KJ3924185941766','2019-04-16',188.5,'Cleaning fee');
INSERT INTO PAYMENT VALUES ('20190416KJ3924185941766-p00001','20190416KJ3924185941766','2019-04-18','CC',554.41,'Walker Weatherhead','9145634635629831',12,2027,126,'Mastercard');
-- ------- SAMPLE 1649 ----------
INSERT INTO GUEST VALUES(2649,'Missy','Mcclintock','MMcclintock@yahoo.com','1234 DaWrong Lane','Flonkerton','MD','12345','236-111-4452');
INSERT INTO RESERVATION VALUES ('20200311KI2475119030603',2649,115,'KI','2020-03-11','2020-03-14',null,'complete');
INSERT INTO INVOICECHARGE VALUES ('20200311KI2475119030603-ch00001','20200311KI2475119030603','2020-03-11',255.87,'Base room charge');
INSERT INTO PAYMENT VALUES ('20200311KI2475119030603-p00001','20200311KI2475119030603','2020-03-13','CC',255.87,'Missy Mcclintock','1482897211392096',11,2025,499,'Mastercard');
-- ------- SAMPLE 1650 ----------
INSERT INTO GUEST VALUES(2650,'Delsie','Dunstan','DDunstan@hotmail.com','1234 DaWrong Lane','Flonkerton','MD','12345','060-706-0338');
INSERT INTO RESERVATION VALUES ('20190519KI4207356276099',2650,209,'KI','2019-05-19','2019-05-24',null,'complete');
INSERT INTO INVOICECHARGE VALUES ('20190519KI4207356276099-ch00001','20190519KI4207356276099','2019-05-19',281.46,'Base room charge');
INSERT INTO INVOICECHARGE VALUES ('20190519KI4207356276099-ch00002','20190519KI4207356276099','2019-05-19',144.99,'Room Service');
INSERT INTO PAYMENT VALUES ('20190519KI4207356276099-p00001','20190519KI4207356276099','2019-05-21','CC',426.45,'Delsie Dunstan','7830377826154243',12,2026,256,'Mastercard');
-- ------- SAMPLE 1651 ----------
INSERT INTO GUEST VALUES(2651,'Shena','Sandoz','SSandoz@hotmail.com','1234 DaWrong Lane','Flonkerton','MD','12345','079-801-9388');
INSERT INTO RESERVATION VALUES ('20190708KI3410216279850',2651,209,'KI','2019-07-08','2019-07-10',null,'complete');
INSERT INTO INVOICECHARGE VALUES ('20190708KI3410216279850-ch00001','20190708KI3410216279850','2019-07-08',170.58,'Base room charge');
INSERT INTO PAYMENT VALUES ('20190708KI3410216279850-p00001','20190708KI3410216279850','2019-07-10','CC',170.58,'Shena Sandoz','8245004058392878',6,2024,399,'Mastercard');
-- ------- SAMPLE 1652 ----------
INSERT INTO GUEST VALUES(2652,'Jeanene','Jacobo','JJacobo@hotmail.com','1234 DaWrong Lane','Flonkerton','MD','12345','349-135-6195');
INSERT INTO RESERVATION VALUES ('20190512QS3221586590468',2652,108,'QS','2019-05-12','2019-05-13',null,'complete');
INSERT INTO INVOICECHARGE VALUES ('20190512QS3221586590468-ch00001','20190512QS3221586590468','2019-05-12',77.4,'Base room charge');
INSERT INTO INVOICECHARGE VALUES ('20190512QS3221586590468-ch00002','20190512QS3221586590468','2019-05-12',39.88,'Cleaning fee');
INSERT INTO PAYMENT VALUES ('20190512QS3221586590468-p00001','20190512QS3221586590468','2019-05-14','CC',117.28,'Jeanene Jacobo','7933607162468101',7,2021,978,'Mastercard');
-- ------- SAMPLE 1653 ----------
INSERT INTO GUEST VALUES(2653,'Delora','Delph','DDelph@hotmail.com','1234 DaWrong Lane','Flonkerton','MD','12345','695-770-7360');
INSERT INTO RESERVATION VALUES ('20200104KI3317501158221',2653,110,'KI','2020-01-04','2020-01-08',null,'complete');
INSERT INTO INVOICECHARGE VALUES ('20200104KI3317501158221-ch00001','20200104KI3317501158221','2020-01-04',341.16,'Base room charge');
INSERT INTO PAYMENT VALUES ('20200104KI3317501158221-p00001','20200104KI3317501158221','2020-01-06','CC',341.16,'Delora Delph','7117023822777543',8,2024,774,'Mastercard');
-- ------- SAMPLE 1654 ----------
INSERT INTO GUEST VALUES(2654,'Alverta','Arce','AArce@gmail.com','1234 DaWrong Lane','Flonkerton','MD','12345','075-308-0901');
INSERT INTO RESERVATION VALUES ('20190713KS4538423870177',2654,117,'KS','2019-07-13','2019-07-14',null,'complete');
INSERT INTO INVOICECHARGE VALUES ('20190713KS4538423870177-ch00001','20190713KS4538423870177','2019-07-13',106.61,'Base room charge');
INSERT INTO PAYMENT (payment_id,invoice_id,payment_date,payment_type,payment_amount) VALUES ('20190713KS4538423870177-p00001','20190713KS4538423870177','2019-07-15','CA',106.61);
-- ------- SAMPLE 1655 ----------
INSERT INTO GUEST VALUES(2655,'Reita','Rudder','RRudder@yahoo.com','1234 DaWrong Lane','Flonkerton','MD','12345','925-634-1020');
INSERT INTO RESERVATION VALUES ('20200902KJ7761503548007',2655,null,'KJ','2020-09-02','2020-09-04',null,'active');
INSERT INTO INVOICECHARGE VALUES ('20200902KJ7761503548007-ch00001','20200902KJ7761503548007','2020-09-02',277.2,'Base room charge');
INSERT INTO PAYMENT VALUES ('20200902KJ7761503548007-p00001','20200902KJ7761503548007','2020-09-04','CC',277.2,'Reita Rudder','7492051259575083',9,2021,725,'Mastercard');
-- ------- SAMPLE 1656 ----------
INSERT INTO GUEST VALUES(2656,'Cherry','Chiarello','CChiarello@yahoo.com','1234 DaWrong Lane','Flonkerton','MD','12345','071-034-2431');
INSERT INTO RESERVATION VALUES ('20201031QD4744189380316',2656,null,'QD','2020-10-31','2020-11-03',null,'active');
INSERT INTO INVOICECHARGE VALUES ('20201031QD4744189380316-ch00001','20201031QD4744189380316','2020-10-31',287.86,'Base room charge');
INSERT INTO PAYMENT VALUES ('20201031QD4744189380316-p00001','20201031QD4744189380316','2020-11-02','CC',287.86,'Cherry Chiarello','4426477161699380',10,2024,10,'Mastercard');
-- ------- SAMPLE 1657 ----------
INSERT INTO GUEST VALUES(2657,'Kenisha','Kane','KKane@hotmail.com','1234 DaWrong Lane','Flonkerton','MD','12345','109-617-1187');
INSERT INTO RESERVATION VALUES ('20191026KI7121798638560',2657,115,'KI','2019-10-26','2019-10-28',null,'complete');
INSERT INTO INVOICECHARGE VALUES ('20191026KI7121798638560-ch00001','20191026KI7121798638560','2019-10-26',170.58,'Base room charge');
INSERT INTO PAYMENT VALUES ('20191026KI7121798638560-p00001','20191026KI7121798638560','2019-10-28','CC',170.58,'Kenisha Kane','7963199689108307',12,2024,201,'Mastercard');
-- ------- SAMPLE 1658 ----------
INSERT INTO GUEST VALUES(2658,'Missy','Mcclintock','MMcclintock@gmail.com','1234 DaWrong Lane','Flonkerton','MD','12345','543-050-2609');
INSERT INTO RESERVATION VALUES ('20200630KI7013497257918',2658,null,'KI','2020-06-30','2020-07-01',null,'cancelled');
INSERT INTO INVOICECHARGE VALUES ('20200630KI7013497257918-ch00001','20200630KI7013497257918','2020-06-30',56.29,'Base room charge');
INSERT INTO INVOICECHARGE VALUES ('20200630KI7013497257918-ch00002','20200630KI7013497257918','2020-06-30',29,'Room Service');
INSERT INTO PAYMENT (payment_id,invoice_id,payment_date,payment_type,payment_amount) VALUES ('20200630KI7013497257918-p00001','20200630KI7013497257918','2020-07-02','CA',85.29);
-- ------- SAMPLE 1659 ----------
INSERT INTO GUEST VALUES(2659,'Rick','Ritenour','RRitenour@hotmail.com','1234 DaWrong Lane','Flonkerton','MD','12345','196-547-9794');
INSERT INTO RESERVATION VALUES ('20201219KS4044343672926',2659,null,'KS','2020-12-19','2020-12-20',null,'active');
INSERT INTO INVOICECHARGE VALUES ('20201219KS4044343672926-ch00001','20201219KS4044343672926','2020-12-19',106.61,'Base room charge');
INSERT INTO PAYMENT VALUES ('20201219KS4044343672926-p00001','20201219KS4044343672926','2020-12-21','CC',106.61,'Rick Ritenour','8620565391284436',7,2026,130,'Mastercard');
-- ------- SAMPLE 1660 ----------
INSERT INTO GUEST VALUES(2660,'Kathlyn','Kinser','KKinser@hotmail.com','1234 DaWrong Lane','Flonkerton','MD','12345','575-962-7351');
INSERT INTO RESERVATION VALUES ('20180814KS5387428829394',2660,102,'KS','2018-08-14','2018-08-18',null,'complete');
INSERT INTO INVOICECHARGE VALUES ('20180814KS5387428829394-ch00001','20180814KS5387428829394','2018-08-14',281.46,'Base room charge');
INSERT INTO INVOICECHARGE VALUES ('20180814KS5387428829394-ch00002','20180814KS5387428829394','2018-08-14',145,'Cleaning fee');
INSERT INTO PAYMENT VALUES ('20180814KS5387428829394-p00001','20180814KS5387428829394','2018-08-16','CC',426.46,'Kathlyn Kinser','9207047362050579',3,2025,37,'Mastercard');
-- ------- SAMPLE 1661 ----------
INSERT INTO GUEST VALUES(2661,'Serafina','Singh','SSingh@gmail.com','1234 DaWrong Lane','Flonkerton','MD','12345','689-573-2818');
INSERT INTO RESERVATION VALUES ('20190829QD4537012679422',2661,106,'QD','2019-08-29','2019-08-30',null,'cancelled');
INSERT INTO INVOICECHARGE VALUES ('20190829QD4537012679422-ch00001','20190829QD4537012679422','2019-08-29',95.95,'Base room charge');
INSERT INTO PAYMENT (payment_id,invoice_id,payment_date,payment_type,payment_amount) VALUES ('20190829QD4537012679422-p00001','20190829QD4537012679422','2019-08-31','CA',95.95);
-- ------- SAMPLE 1662 ----------
INSERT INTO GUEST VALUES(2662,'Margorie','Mcnish','MMcnish@gmail.com','1234 DaWrong Lane','Flonkerton','MD','12345','667-534-2885');
INSERT INTO RESERVATION VALUES ('20191228QD6067122988970',2662,106,'QD','2019-12-28','2019-12-30',null,'complete');
INSERT INTO INVOICECHARGE VALUES ('20191228QD6067122988970-ch00001','20191228QD6067122988970','2019-12-28',191.9,'Base room charge');
INSERT INTO PAYMENT VALUES ('20191228QD6067122988970-p00001','20191228QD6067122988970','2019-12-30','CC',191.9,'Margorie Mcnish','1673525071870473',12,2024,149,'Mastercard');
-- ------- SAMPLE 1663 ----------
INSERT INTO GUEST VALUES(2663,'Stan','Schnell','SSchnell@gmail.com','1234 DaWrong Lane','Flonkerton','MD','12345','709-261-7621');
INSERT INTO RESERVATION VALUES ('20200523KS8346069723948',2663,null,'KS','2020-05-23','2020-05-27',null,'active');
INSERT INTO INVOICECHARGE VALUES ('20200523KS8346069723948-ch00001','20200523KS8346069723948','2020-05-23',281.46,'Base room charge');
INSERT INTO INVOICECHARGE VALUES ('20200523KS8346069723948-ch00002','20200523KS8346069723948','2020-05-23',145,'Cleaning fee');
INSERT INTO PAYMENT VALUES ('20200523KS8346069723948-p00001','20200523KS8346069723948','2020-05-25','CC',35,'Stan Schnell','7476628005838837',1,2023,925,'Mastercard');
-- ------- SAMPLE 1664 ----------
INSERT INTO GUEST VALUES(2664,'Raisa','Romito','RRomito@yahoo.com','1234 DaWrong Lane','Flonkerton','MD','12345','920-535-4922');
INSERT INTO RESERVATION VALUES ('20190617KI9581537951687',2664,209,'KI','2019-06-17','2019-06-21',null,'complete');
INSERT INTO INVOICECHARGE VALUES ('20190617KI9581537951687-ch00001','20190617KI9581537951687','2019-06-17',341.16,'Base room charge');
INSERT INTO PAYMENT VALUES ('20190617KI9581537951687-p00001','20190617KI9581537951687','2019-06-19','CC',341.16,'Raisa Romito','5743074227194903',11,2025,717,'Mastercard');
-- ------- SAMPLE 1665 ----------
INSERT INTO GUEST VALUES(2665,'Romelia','Rigdon','RRigdon@hotmail.com','1234 DaWrong Lane','Flonkerton','MD','12345','477-125-3398');
INSERT INTO RESERVATION VALUES ('20190605QS2390819951620',2665,202,'QS','2019-06-05','2019-06-09',null,'complete');
INSERT INTO INVOICECHARGE VALUES ('20190605QS2390819951620-ch00001','20190605QS2390819951620','2019-06-05',309.61,'Base room charge');
INSERT INTO INVOICECHARGE VALUES ('20190605QS2390819951620-ch00002','20190605QS2390819951620','2019-06-05',159.5,'Cleaning fee');
INSERT INTO PAYMENT VALUES ('20190605QS2390819951620-p00001','20190605QS2390819951620','2019-06-07','CC',469.11,'Romelia Rigdon','6787265200774447',5,2027,757,'Mastercard');
-- ------- SAMPLE 1666 ----------
INSERT INTO GUEST VALUES(2666,'Tish','Tusing','TTusing@yahoo.com','1234 DaWrong Lane','Flonkerton','MD','12345','872-135-1007');
INSERT INTO RESERVATION VALUES ('20210311KJ4868665242052',2666,null,'KJ','2021-03-11','2021-03-16',null,'cancelled');
INSERT INTO INVOICECHARGE VALUES ('20210311KJ4868665242052-ch00001','20210311KJ4868665242052','2021-03-11',365.91,'Base room charge');
INSERT INTO INVOICECHARGE VALUES ('20210311KJ4868665242052-ch00002','20210311KJ4868665242052','2021-03-11',188.5,'Room Service');
INSERT INTO PAYMENT VALUES ('20210311KJ4868665242052-p00001','20210311KJ4868665242052','2021-03-13','CC',554.41,'Tish Tusing','4804668379190054',1,2025,117,'Mastercard');
-- ------- SAMPLE 1667 ----------
INSERT INTO GUEST VALUES(2667,'Demarcus','Dearborn','DDearborn@gmail.com','1234 DaWrong Lane','Flonkerton','MD','12345','012-343-4747');
INSERT INTO RESERVATION VALUES ('20200211KI2621640714680',2667,105,'KI','2020-02-11','2020-02-16',null,'complete');
INSERT INTO INVOICECHARGE VALUES ('20200211KI2621640714680-ch00001','20200211KI2621640714680','2020-02-11',281.46,'Base room charge');
INSERT INTO INVOICECHARGE VALUES ('20200211KI2621640714680-ch00002','20200211KI2621640714680','2020-02-11',144.99,'Cleaning fee');
INSERT INTO PAYMENT VALUES ('20200211KI2621640714680-p00001','20200211KI2621640714680','2020-02-13','CC',426.45,'Demarcus Dearborn','5385740944100265',7,2022,58,'Mastercard');
-- ------- SAMPLE 1668 ----------
INSERT INTO GUEST VALUES(2668,'Kasey','Kipp','KKipp@yahoo.com','1234 DaWrong Lane','Flonkerton','MD','12345','500-195-7447');
INSERT INTO RESERVATION VALUES ('20201217QS7232845649407',2668,null,'QS','2020-12-17','2020-12-22',null,'cancelled');
INSERT INTO INVOICECHARGE VALUES ('20201217QS7232845649407-ch00001','20201217QS7232845649407','2020-12-17',387.01,'Base room charge');
INSERT INTO INVOICECHARGE VALUES ('20201217QS7232845649407-ch00002','20201217QS7232845649407','2020-12-17',199.37,'Cleaning fee');
INSERT INTO PAYMENT VALUES ('20201217QS7232845649407-p00001','20201217QS7232845649407','2020-12-19','CC',586.38,'Kasey Kipp','6506655834175165',5,2021,378,'Mastercard');
-- ------- SAMPLE 1669 ----------
INSERT INTO GUEST VALUES(2669,'Kenisha','Kane','KKane@yahoo.com','1234 DaWrong Lane','Flonkerton','MD','12345','811-634-4292');
INSERT INTO RESERVATION VALUES ('20190903QD2929532461891',2669,116,'QD','2019-09-03','2019-09-05',null,'complete');
INSERT INTO INVOICECHARGE VALUES ('20190903QD2929532461891-ch00001','20190903QD2929532461891','2019-09-03',191.9,'Base room charge');
INSERT INTO PAYMENT VALUES ('20190903QD2929532461891-p00001','20190903QD2929532461891','2019-09-05','CC',191.9,'Kenisha Kane','7180803024231638',11,2027,20,'Mastercard');
-- ------- SAMPLE 1670 ----------
INSERT INTO GUEST VALUES(2670,'Lorean','Loden','LLoden@hotmail.com','1234 DaWrong Lane','Flonkerton','MD','12345','377-159-5134');
INSERT INTO RESERVATION VALUES ('20190522QD4214297509367',2670,116,'QD','2019-05-22','2019-05-27',null,'complete');
INSERT INTO INVOICECHARGE VALUES ('20190522QD4214297509367-ch00001','20190522QD4214297509367','2019-05-22',479.76,'Base room charge');
INSERT INTO PAYMENT VALUES ('20190522QD4214297509367-p00001','20190522QD4214297509367','2019-05-24','CC',479.76,'Lorean Loden','2614380652146395',3,2021,58,'Mastercard');
-- ------- SAMPLE 1671 ----------
INSERT INTO GUEST VALUES(2671,'Katerine','Kawakami','KKawakami@yahoo.com','1234 DaWrong Lane','Flonkerton','MD','12345','403-267-0506');
INSERT INTO RESERVATION VALUES ('20181026KJ3822678634486',2671,109,'KJ','2018-10-26','2018-10-30',null,'complete');
INSERT INTO INVOICECHARGE VALUES ('20181026KJ3822678634486-ch00001','20181026KJ3822678634486','2018-10-26',365.91,'Base room charge');
INSERT INTO INVOICECHARGE VALUES ('20181026KJ3822678634486-ch00002','20181026KJ3822678634486','2018-10-26',188.5,'Cleaning fee');
INSERT INTO PAYMENT VALUES ('20181026KJ3822678634486-p00001','20181026KJ3822678634486','2018-10-28','CC',554.41,'Katerine Kawakami','4099547595243024',10,2023,582,'Mastercard');
-- ------- SAMPLE 1672 ----------
INSERT INTO GUEST VALUES(2672,'Lucius','Liles','LLiles@yahoo.com','1234 DaWrong Lane','Flonkerton','MD','12345','150-117-9132');
INSERT INTO RESERVATION VALUES ('20180727QD3584615025797',2672,111,'QD','2018-07-27','2018-07-29',null,'complete');
INSERT INTO INVOICECHARGE VALUES ('20180727QD3584615025797-ch00001','20180727QD3584615025797','2018-07-27',191.9,'Base room charge');
INSERT INTO PAYMENT VALUES ('20180727QD3584615025797-p00001','20180727QD3584615025797','2018-07-29','CC',191.9,'Lucius Liles','9671341883574307',6,2022,584,'Mastercard');
-- ------- SAMPLE 1673 ----------
INSERT INTO GUEST VALUES(2673,'Reita','Rudder','RRudder@yahoo.com','1234 DaWrong Lane','Flonkerton','MD','12345','255-276-4851');
INSERT INTO RESERVATION VALUES ('20200726KJ8818535080073',2673,null,'KJ','2020-07-26','2020-07-30',null,'active');
INSERT INTO INVOICECHARGE VALUES ('20200726KJ8818535080073-ch00001','20200726KJ8818535080073','2020-07-26',365.91,'Base room charge');
INSERT INTO INVOICECHARGE VALUES ('20200726KJ8818535080073-ch00002','20200726KJ8818535080073','2020-07-26',188.5,'Cleaning fee');
INSERT INTO PAYMENT VALUES ('20200726KJ8818535080073-p00001','20200726KJ8818535080073','2020-07-28','CC',554.41,'Reita Rudder','3401105730573928',1,2022,454,'Mastercard');
-- ------- SAMPLE 1674 ----------
INSERT INTO GUEST VALUES(2674,'Jeanene','Jacobo','JJacobo@yahoo.com','1234 DaWrong Lane','Flonkerton','MD','12345','538-862-5809');
INSERT INTO RESERVATION VALUES ('20200323KS2714804163257',2674,117,'KS','2020-03-23','2020-03-25',null,'complete');
INSERT INTO INVOICECHARGE VALUES ('20200323KS2714804163257-ch00001','20200323KS2714804163257','2020-03-23',140.73,'Base room charge');
INSERT INTO INVOICECHARGE VALUES ('20200323KS2714804163257-ch00002','20200323KS2714804163257','2020-03-23',72.5,'Room Service');
INSERT INTO PAYMENT (payment_id,invoice_id,payment_date,payment_type,payment_amount) VALUES ('20200323KS2714804163257-p00001','20200323KS2714804163257','2020-03-25','CA',213.23);
-- ------- SAMPLE 1675 ----------
INSERT INTO GUEST VALUES(2675,'Delsie','Dunstan','DDunstan@hotmail.com','1234 DaWrong Lane','Flonkerton','MD','12345','461-625-5322');
INSERT INTO RESERVATION VALUES ('20180715KJ8621867211716',2675,208,'KJ','2018-07-15','2018-07-16',null,'complete');
INSERT INTO INVOICECHARGE VALUES ('20180715KJ8621867211716-ch00001','20180715KJ8621867211716','2018-07-15',138.6,'Base room charge');
INSERT INTO PAYMENT VALUES ('20180715KJ8621867211716-p00001','20180715KJ8621867211716','2018-07-17','CC',138.6,'Delsie Dunstan','4378969223935218',6,2022,300,'Mastercard');
-- ------- SAMPLE 1676 ----------
INSERT INTO GUEST VALUES(2676,'Theodora','Trickey','TTrickey@hotmail.com','1234 DaWrong Lane','Flonkerton','MD','12345','088-790-5160');
INSERT INTO RESERVATION VALUES ('20201030QD4248247753174',2676,null,'QD','2020-10-30','2020-11-03',null,'active');
INSERT INTO INVOICECHARGE VALUES ('20201030QD4248247753174-ch00001','20201030QD4248247753174','2020-10-30',253.31,'Base room charge');
INSERT INTO INVOICECHARGE VALUES ('20201030QD4248247753174-ch00002','20201030QD4248247753174','2020-10-30',130.5,'Room Service');
INSERT INTO PAYMENT VALUES ('20201030QD4248247753174-p00001','20201030QD4248247753174','2020-11-01','CC',283,'Theodora Trickey','4832856681470103',9,2024,984,'Mastercard');
-- ------- SAMPLE 1677 ----------
INSERT INTO GUEST VALUES(2677,'Freida','Forbis','FForbis@gmail.com','1234 DaWrong Lane','Flonkerton','MD','12345','123-093-3849');
INSERT INTO RESERVATION VALUES ('20181002KI1584930032787',2677,105,'KI','2018-10-02','2018-10-03',null,'complete');
INSERT INTO INVOICECHARGE VALUES ('20181002KI1584930032787-ch00001','20181002KI1584930032787','2018-10-02',56.29,'Base room charge');
INSERT INTO INVOICECHARGE VALUES ('20181002KI1584930032787-ch00002','20181002KI1584930032787','2018-10-02',29,'Room Service');
INSERT INTO PAYMENT VALUES ('20181002KI1584930032787-p00001','20181002KI1584930032787','2018-10-04','CC',85.29,'Freida Forbis','3323278184768069',10,2024,101,'Mastercard');
-- ------- SAMPLE 1678 ----------
INSERT INTO GUEST VALUES(2678,'Shawna','Schmit','SSchmit@yahoo.com','1234 DaWrong Lane','Flonkerton','MD','12345','332-316-4262');
INSERT INTO RESERVATION VALUES ('20190522QS9444562671827',2678,202,'QS','2019-05-22','2019-05-27',null,'complete');
INSERT INTO INVOICECHARGE VALUES ('20190522QS9444562671827-ch00001','20190522QS9444562671827','2019-05-22',586.38,'Base room charge');
INSERT INTO PAYMENT VALUES ('20190522QS9444562671827-p00001','20190522QS9444562671827','2019-05-24','CC',586.38,'Shawna Schmit','5965736403884220',5,2023,286,'Mastercard');
-- ------- SAMPLE 1679 ----------
INSERT INTO GUEST VALUES(2679,'Doyle','Dykema','DDykema@hotmail.com','1234 DaWrong Lane','Flonkerton','MD','12345','619-705-0288');
INSERT INTO RESERVATION VALUES ('20180831KS3012586892120',2679,206,'KS','2018-08-31','2018-09-05',null,'complete');
INSERT INTO INVOICECHARGE VALUES ('20180831KS3012586892120-ch00001','20180831KS3012586892120','2018-08-31',351.83,'Base room charge');
INSERT INTO INVOICECHARGE VALUES ('20180831KS3012586892120-ch00002','20180831KS3012586892120','2018-08-31',181.24,'Room Service');
INSERT INTO PAYMENT VALUES ('20180831KS3012586892120-p00001','20180831KS3012586892120','2018-09-02','CC',533.07,'Doyle Dykema','7085183122379919',6,2027,802,'Mastercard');
-- ------- SAMPLE 1680 ----------
INSERT INTO GUEST VALUES(2680,'Walker','Weatherhead','WWeatherhead@gmail.com','1234 DaWrong Lane','Flonkerton','MD','12345','364-087-3881');
INSERT INTO RESERVATION VALUES ('20201202QS2383215367529',2680,null,'QS','2020-12-02','2020-12-04',null,'active');
-- ------- SAMPLE 1681 ----------
INSERT INTO GUEST VALUES(2681,'Irma','Irby','IIrby@gmail.com','1234 DaWrong Lane','Flonkerton','MD','12345','617-981-1052');
INSERT INTO RESERVATION VALUES ('20180720KS8090930515945',2681,107,'KS','2018-07-20','2018-07-21',null,'complete');
INSERT INTO INVOICECHARGE VALUES ('20180720KS8090930515945-ch00001','20180720KS8090930515945','2018-07-20',70.36,'Base room charge');
INSERT INTO INVOICECHARGE VALUES ('20180720KS8090930515945-ch00002','20180720KS8090930515945','2018-07-20',36.25,'Room Service');
INSERT INTO PAYMENT VALUES ('20180720KS8090930515945-p00001','20180720KS8090930515945','2018-07-22','CC',106.61,'Irma Irby','8025259832834640',3,2024,363,'Mastercard');
-- ------- SAMPLE 1682 ----------
INSERT INTO GUEST VALUES(2682,'Fonda','Foreman','FForeman@hotmail.com','1234 DaWrong Lane','Flonkerton','MD','12345','529-793-6459');
INSERT INTO RESERVATION VALUES ('20180807QS8732655418149',2682,207,'QS','2018-08-07','2018-08-09',null,'cancelled');
INSERT INTO INVOICECHARGE VALUES ('20180807QS8732655418149-ch00001','20180807QS8732655418149','2018-08-07',154.8,'Base room charge');
INSERT INTO INVOICECHARGE VALUES ('20180807QS8732655418149-ch00002','20180807QS8732655418149','2018-08-07',79.75,'Room Service');
INSERT INTO PAYMENT VALUES ('20180807QS8732655418149-p00001','20180807QS8732655418149','2018-08-09','CC',234.55,'Fonda Foreman','9555972031136011',10,2022,485,'Mastercard');
-- ------- SAMPLE 1683 ----------
INSERT INTO GUEST VALUES(2683,'Asa','Allan','AAllan@gmail.com','1234 DaWrong Lane','Flonkerton','MD','12345','713-740-7123');
INSERT INTO RESERVATION VALUES ('20191117KS3526467119977',2683,107,'KS','2019-11-17','2019-11-20',null,'cancelled');
INSERT INTO INVOICECHARGE VALUES ('20191117KS3526467119977-ch00001','20191117KS3526467119977','2019-11-17',211.09,'Base room charge');
INSERT INTO INVOICECHARGE VALUES ('20191117KS3526467119977-ch00002','20191117KS3526467119977','2019-11-17',108.75,'Cleaning fee');
INSERT INTO PAYMENT VALUES ('20191117KS3526467119977-p00001','20191117KS3526467119977','2019-11-19','CC',319.84,'Asa Allan','7604594160913839',7,2023,785,'Mastercard');
-- ------- SAMPLE 1684 ----------
INSERT INTO GUEST VALUES(2684,'Stan','Schnell','SSchnell@gmail.com','1234 DaWrong Lane','Flonkerton','MD','12345','725-671-9278');
INSERT INTO RESERVATION VALUES ('20190417QD4830541650370',2684,205,'QD','2019-04-17','2019-04-21',null,'complete');
INSERT INTO INVOICECHARGE VALUES ('20190417QD4830541650370-ch00001','20190417QD4830541650370','2019-04-17',383.81,'Base room charge');
INSERT INTO PAYMENT VALUES ('20190417QD4830541650370-p00001','20190417QD4830541650370','2019-04-19','CC',383.81,'Stan Schnell','9345106263763451',10,2027,789,'Mastercard');
-- ------- SAMPLE 1685 ----------
INSERT INTO GUEST VALUES(2685,'Demarcus','Dearborn','DDearborn@yahoo.com','1234 DaWrong Lane','Flonkerton','MD','12345','868-156-4516');
INSERT INTO RESERVATION VALUES ('20200806KJ2565084903250',2685,null,'KJ','2020-08-06','2020-08-10',null,'active');
INSERT INTO INVOICECHARGE VALUES ('20200806KJ2565084903250-ch00001','20200806KJ2565084903250','2020-08-06',365.91,'Base room charge');
INSERT INTO INVOICECHARGE VALUES ('20200806KJ2565084903250-ch00002','20200806KJ2565084903250','2020-08-06',188.5,'Room Service');
INSERT INTO PAYMENT VALUES ('20200806KJ2565084903250-p00001','20200806KJ2565084903250','2020-08-08','CC',1,'Demarcus Dearborn','5897501400373834',5,2021,163,'Mastercard');
-- ------- SAMPLE 1686 ----------
INSERT INTO GUEST VALUES(2686,'Natalia','Nowacki','NNowacki@hotmail.com','1234 DaWrong Lane','Flonkerton','MD','12345','125-223-5871');
INSERT INTO RESERVATION VALUES ('20201026QD9583877187878',2686,null,'QD','2020-10-26','2020-10-31',null,'active');
-- ------- SAMPLE 1687 ----------
INSERT INTO GUEST VALUES(2687,'Dorian','Delbosque','DDelbosque@hotmail.com','1234 DaWrong Lane','Flonkerton','MD','12345','265-259-1370');
INSERT INTO RESERVATION VALUES ('20190915KS4645568732281',2687,117,'KS','2019-09-15','2019-09-16',null,'complete');
INSERT INTO INVOICECHARGE VALUES ('20190915KS4645568732281-ch00001','20190915KS4645568732281','2019-09-15',70.36,'Base room charge');
INSERT INTO INVOICECHARGE VALUES ('20190915KS4645568732281-ch00002','20190915KS4645568732281','2019-09-15',36.25,'Room Service');
INSERT INTO PAYMENT VALUES ('20190915KS4645568732281-p00001','20190915KS4645568732281','2019-09-17','CC',106.61,'Dorian Delbosque','7090965485582505',10,2021,719,'Mastercard');
-- ------- SAMPLE 1688 ----------
INSERT INTO GUEST VALUES(2688,'Asa','Allan','AAllan@hotmail.com','1234 DaWrong Lane','Flonkerton','MD','12345','607-697-2196');
INSERT INTO RESERVATION VALUES ('20190312QD1446091068637',2688,116,'QD','2019-03-12','2019-03-15',null,'complete');
INSERT INTO INVOICECHARGE VALUES ('20190312QD1446091068637-ch00001','20190312QD1446091068637','2019-03-12',189.99,'Base room charge');
INSERT INTO INVOICECHARGE VALUES ('20190312QD1446091068637-ch00002','20190312QD1446091068637','2019-03-12',97.87,'Room Service');
INSERT INTO PAYMENT VALUES ('20190312QD1446091068637-p00001','20190312QD1446091068637','2019-03-14','CC',287.86,'Asa Allan','1039777370267125',1,2022,951,'Mastercard');
-- ------- SAMPLE 1689 ----------
INSERT INTO GUEST VALUES(2689,'Jenna','Jesse','JJesse@gmail.com','1234 DaWrong Lane','Flonkerton','MD','12345','613-979-6215');
INSERT INTO RESERVATION VALUES ('20190525QD1118795993859',2689,200,'QD','2019-05-25','2019-05-26',null,'complete');
INSERT INTO INVOICECHARGE VALUES ('20190525QD1118795993859-ch00001','20190525QD1118795993859','2019-05-25',95.95,'Base room charge');
INSERT INTO PAYMENT (payment_id,invoice_id,payment_date,payment_type,payment_amount) VALUES ('20190525QD1118795993859-p00001','20190525QD1118795993859','2019-05-27','CA',95.95);
-- ------- SAMPLE 1690 ----------
INSERT INTO GUEST VALUES(2690,'Ella','Evanoff','EEvanoff@hotmail.com','1234 DaWrong Lane','Flonkerton','MD','12345','506-278-5584');
INSERT INTO RESERVATION VALUES ('20200814KI1155579708491',2690,null,'KI','2020-08-14','2020-08-15',null,'active');
INSERT INTO INVOICECHARGE VALUES ('20200814KI1155579708491-ch00001','20200814KI1155579708491','2020-08-14',56.29,'Base room charge');
INSERT INTO INVOICECHARGE VALUES ('20200814KI1155579708491-ch00002','20200814KI1155579708491','2020-08-14',29,'Cleaning fee');
INSERT INTO PAYMENT VALUES ('20200814KI1155579708491-p00001','20200814KI1155579708491','2020-08-16','CC',85.29,'Ella Evanoff','4827678500179943',5,2022,227,'Mastercard');
-- ------- SAMPLE 1691 ----------
INSERT INTO GUEST VALUES(2691,'Rossana','Running','RRunning@gmail.com','1234 DaWrong Lane','Flonkerton','MD','12345','502-270-2506');
INSERT INTO RESERVATION VALUES ('20190911KJ2799305122390',2691,203,'KJ','2019-09-11','2019-09-16',null,'complete');
INSERT INTO INVOICECHARGE VALUES ('20190911KJ2799305122390-ch00001','20190911KJ2799305122390','2019-09-11',693.01,'Base room charge');
INSERT INTO PAYMENT VALUES ('20190911KJ2799305122390-p00001','20190911KJ2799305122390','2019-09-13','CC',693.01,'Rossana Running','8363411413052959',10,2022,326,'Mastercard');
-- ------- SAMPLE 1692 ----------
INSERT INTO GUEST VALUES(2692,'Walter','Wellington','WWellington@gmail.com','1234 DaWrong Lane','Flonkerton','MD','12345','858-395-1900');
INSERT INTO RESERVATION VALUES ('20200319QS2830103917117',2692,207,'QS','2020-03-19','2020-03-24',null,'complete');
INSERT INTO INVOICECHARGE VALUES ('20200319QS2830103917117-ch00001','20200319QS2830103917117','2020-03-19',586.38,'Base room charge');
INSERT INTO PAYMENT VALUES ('20200319QS2830103917117-p00001','20200319QS2830103917117','2020-03-21','CC',586.38,'Walter Wellington','6524812671379526',7,2024,774,'Mastercard');
-- ------- SAMPLE 1693 ----------
INSERT INTO GUEST VALUES(2693,'Jamey','Jen','JJen@yahoo.com','1234 DaWrong Lane','Flonkerton','MD','12345','217-026-1931');
INSERT INTO RESERVATION VALUES ('20190807QS9955683426048',2693,202,'QS','2019-08-07','2019-08-12',null,'complete');
INSERT INTO INVOICECHARGE VALUES ('20190807QS9955683426048-ch00001','20190807QS9955683426048','2019-08-07',387.01,'Base room charge');
INSERT INTO INVOICECHARGE VALUES ('20190807QS9955683426048-ch00002','20190807QS9955683426048','2019-08-07',199.37,'Room Service');
INSERT INTO PAYMENT VALUES ('20190807QS9955683426048-p00001','20190807QS9955683426048','2019-08-09','CC',586.38,'Jamey Jen','7491449322240519',6,2024,285,'Mastercard');
-- ------- SAMPLE 1694 ----------
INSERT INTO GUEST VALUES(2694,'Natalya','Neathery','NNeathery@hotmail.com','1234 DaWrong Lane','Flonkerton','MD','12345','778-286-3997');
INSERT INTO RESERVATION VALUES ('20200728KS3750761952634',2694,null,'KS','2020-07-28','2020-07-30',null,'cancelled');
INSERT INTO INVOICECHARGE VALUES ('20200728KS3750761952634-ch00001','20200728KS3750761952634','2020-07-28',140.73,'Base room charge');
INSERT INTO INVOICECHARGE VALUES ('20200728KS3750761952634-ch00002','20200728KS3750761952634','2020-07-28',72.5,'Cleaning fee');
INSERT INTO PAYMENT VALUES ('20200728KS3750761952634-p00001','20200728KS3750761952634','2020-07-30','CC',130,'Natalya Neathery','1466687381543117',7,2021,511,'Mastercard');
-- ------- SAMPLE 1695 ----------
INSERT INTO GUEST VALUES(2695,'Rose','Royall','RRoyall@yahoo.com','1234 DaWrong Lane','Flonkerton','MD','12345','865-181-3788');
INSERT INTO RESERVATION VALUES ('20200102QD5602415475873',2695,205,'QD','2020-01-02','2020-01-07',null,'complete');
INSERT INTO INVOICECHARGE VALUES ('20200102QD5602415475873-ch00001','20200102QD5602415475873','2020-01-02',479.76,'Base room charge');
INSERT INTO PAYMENT VALUES ('20200102QD5602415475873-p00001','20200102QD5602415475873','2020-01-04','CC',479.76,'Rose Royall','2106375440267891',5,2024,385,'Mastercard');
-- ------- SAMPLE 1696 ----------
INSERT INTO GUEST VALUES(2696,'Boris','Berner','BBerner@hotmail.com','1234 DaWrong Lane','Flonkerton','MD','12345','705-327-8514');
INSERT INTO RESERVATION VALUES ('20180824QS8635214289902',2696,108,'QS','2018-08-24','2018-08-28',null,'complete');
INSERT INTO INVOICECHARGE VALUES ('20180824QS8635214289902-ch00001','20180824QS8635214289902','2018-08-24',309.61,'Base room charge');
INSERT INTO INVOICECHARGE VALUES ('20180824QS8635214289902-ch00002','20180824QS8635214289902','2018-08-24',159.5,'Room Service');
INSERT INTO PAYMENT VALUES ('20180824QS8635214289902-p00001','20180824QS8635214289902','2018-08-26','CC',469.11,'Boris Berner','9600515668225403',2,2021,131,'Mastercard');
-- ------- SAMPLE 1697 ----------
INSERT INTO GUEST VALUES(2697,'Erminia','Eckard','EEckard@yahoo.com','1234 DaWrong Lane','Flonkerton','MD','12345','801-361-8631');
INSERT INTO RESERVATION VALUES ('20201119QD7841438452611',2697,null,'QD','2020-11-19','2020-11-24',null,'active');
INSERT INTO INVOICECHARGE VALUES ('20201119QD7841438452611-ch00001','20201119QD7841438452611','2020-11-19',479.76,'Base room charge');
INSERT INTO PAYMENT VALUES ('20201119QD7841438452611-p00001','20201119QD7841438452611','2020-11-21','CC',479.76,'Erminia Eckard','2650230304715455',8,2027,890,'Mastercard');
-- ------- SAMPLE 1698 ----------
INSERT INTO GUEST VALUES(2698,'Stacie','Schupp','SSchupp@gmail.com','1234 DaWrong Lane','Flonkerton','MD','12345','608-960-9125');
INSERT INTO RESERVATION VALUES ('20181030KS1847199047776',2698,206,'KS','2018-10-30','2018-11-02',null,'complete');
INSERT INTO INVOICECHARGE VALUES ('20181030KS1847199047776-ch00001','20181030KS1847199047776','2018-10-30',319.84,'Base room charge');
INSERT INTO PAYMENT VALUES ('20181030KS1847199047776-p00001','20181030KS1847199047776','2018-11-01','CC',319.84,'Stacie Schupp','6657344522993180',8,2026,806,'Mastercard');
-- ------- SAMPLE 1699 ----------
INSERT INTO GUEST VALUES(2699,'Ginger','Gordillo','GGordillo@hotmail.com','1234 DaWrong Lane','Flonkerton','MD','12345','070-049-2020');
INSERT INTO RESERVATION VALUES ('20180731KJ3110698522412',2699,208,'KJ','2018-07-31','2018-08-01',null,'complete');
INSERT INTO INVOICECHARGE VALUES ('20180731KJ3110698522412-ch00001','20180731KJ3110698522412','2018-07-31',91.48,'Base room charge');
INSERT INTO INVOICECHARGE VALUES ('20180731KJ3110698522412-ch00002','20180731KJ3110698522412','2018-07-31',47.12,'Cleaning fee');
INSERT INTO PAYMENT VALUES ('20180731KJ3110698522412-p00001','20180731KJ3110698522412','2018-08-02','CC',138.6,'Ginger Gordillo','9865744288606694',3,2021,478,'Mastercard');
-- ------- SAMPLE 1700 ----------
INSERT INTO GUEST VALUES(2700,'Tai','Tookes','TTookes@gmail.com','1234 DaWrong Lane','Flonkerton','MD','12345','008-437-7735');
INSERT INTO RESERVATION VALUES ('20200904KJ9224716624249',2700,null,'KJ','2020-09-04','2020-09-05',null,'active');
INSERT INTO INVOICECHARGE VALUES ('20200904KJ9224716624249-ch00001','20200904KJ9224716624249','2020-09-04',138.6,'Base room charge');
INSERT INTO PAYMENT VALUES ('20200904KJ9224716624249-p00001','20200904KJ9224716624249','2020-09-06','CC',138.6,'Tai Tookes','3174759624718850',7,2023,303,'Mastercard');
-- ------- SAMPLE 1701 ----------
INSERT INTO GUEST VALUES(2701,'Dewey','Dye','DDye@gmail.com','1234 DaWrong Lane','Flonkerton','MD','12345','815-058-9905');
INSERT INTO RESERVATION VALUES ('20190205KS1390740991374',2701,201,'KS','2019-02-05','2019-02-09',null,'complete');
INSERT INTO INVOICECHARGE VALUES ('20190205KS1390740991374-ch00001','20190205KS1390740991374','2019-02-05',281.46,'Base room charge');
INSERT INTO INVOICECHARGE VALUES ('20190205KS1390740991374-ch00002','20190205KS1390740991374','2019-02-05',145,'Room Service');
INSERT INTO PAYMENT VALUES ('20190205KS1390740991374-p00001','20190205KS1390740991374','2019-02-07','CC',426.46,'Dewey Dye','5001819793957961',4,2022,630,'Mastercard');
-- ------- SAMPLE 1702 ----------
INSERT INTO GUEST VALUES(2702,'Erminia','Eckard','EEckard@yahoo.com','1234 DaWrong Lane','Flonkerton','MD','12345','102-293-9333');
INSERT INTO RESERVATION VALUES ('20191228QS1743394962390',2702,108,'QS','2019-12-28','2020-01-01',null,'complete');
INSERT INTO INVOICECHARGE VALUES ('20191228QS1743394962390-ch00001','20191228QS1743394962390','2019-12-28',469.11,'Base room charge');
INSERT INTO PAYMENT VALUES ('20191228QS1743394962390-p00001','20191228QS1743394962390','2019-12-30','CC',469.11,'Erminia Eckard','1863112020581169',9,2023,755,'Mastercard');
-- ------- SAMPLE 1703 ----------
INSERT INTO GUEST VALUES(2703,'Floy','Feinstein','FFeinstein@yahoo.com','1234 DaWrong Lane','Flonkerton','MD','12345','535-674-1658');
INSERT INTO RESERVATION VALUES ('20201106QD6837667871562',2703,null,'QD','2020-11-06','2020-11-10',null,'active');
-- ------- SAMPLE 1704 ----------
INSERT INTO GUEST VALUES(2704,'Julene','Jahn','JJahn@yahoo.com','1234 DaWrong Lane','Flonkerton','MD','12345','609-670-1127');
INSERT INTO RESERVATION VALUES ('20200701KI2129390016616',2704,null,'KI','2020-07-01','2020-07-02',null,'active');
INSERT INTO INVOICECHARGE VALUES ('20200701KI2129390016616-ch00001','20200701KI2129390016616','2020-07-01',56.29,'Base room charge');
INSERT INTO INVOICECHARGE VALUES ('20200701KI2129390016616-ch00002','20200701KI2129390016616','2020-07-01',29,'Room Service');
INSERT INTO PAYMENT VALUES ('20200701KI2129390016616-p00001','20200701KI2129390016616','2020-07-03','CC',85.29,'Julene Jahn','6647488002477508',7,2023,384,'Mastercard');
-- ------- SAMPLE 1705 ----------
INSERT INTO GUEST VALUES(2705,'Dane','Dumond','DDumond@yahoo.com','1234 DaWrong Lane','Flonkerton','MD','12345','503-460-0064');
INSERT INTO RESERVATION VALUES ('20180901KI2656307693389',2705,115,'KI','2018-09-01','2018-09-04',null,'complete');
INSERT INTO INVOICECHARGE VALUES ('20180901KI2656307693389-ch00001','20180901KI2656307693389','2018-09-01',168.87,'Base room charge');
INSERT INTO INVOICECHARGE VALUES ('20180901KI2656307693389-ch00002','20180901KI2656307693389','2018-09-01',87,'Cleaning fee');
INSERT INTO PAYMENT (payment_id,invoice_id,payment_date,payment_type,payment_amount) VALUES ('20180901KI2656307693389-p00001','20180901KI2656307693389','2018-09-03','CA',255.87);
-- ------- SAMPLE 1706 ----------
INSERT INTO GUEST VALUES(2706,'Shonda','Schult','SSchult@gmail.com','1234 DaWrong Lane','Flonkerton','MD','12345','032-436-8301');
INSERT INTO RESERVATION VALUES ('20190620KS8027563033265',2706,102,'KS','2019-06-20','2019-06-22',null,'complete');
INSERT INTO INVOICECHARGE VALUES ('20190620KS8027563033265-ch00001','20190620KS8027563033265','2019-06-20',140.73,'Base room charge');
INSERT INTO INVOICECHARGE VALUES ('20190620KS8027563033265-ch00002','20190620KS8027563033265','2019-06-20',72.5,'Cleaning fee');
INSERT INTO PAYMENT VALUES ('20190620KS8027563033265-p00001','20190620KS8027563033265','2019-06-22','CC',213.23,'Shonda Schult','5183976292567790',10,2021,194,'Mastercard');
-- ------- SAMPLE 1707 ----------
INSERT INTO GUEST VALUES(2707,'Danette','Dammann','DDammann@gmail.com','1234 DaWrong Lane','Flonkerton','MD','12345','638-298-9027');
INSERT INTO RESERVATION VALUES ('20180602QS5297596868924',2707,108,'QS','2018-06-02','2018-06-07',null,'complete');
INSERT INTO INVOICECHARGE VALUES ('20180602QS5297596868924-ch00001','20180602QS5297596868924','2018-06-02',387.01,'Base room charge');
INSERT INTO INVOICECHARGE VALUES ('20180602QS5297596868924-ch00002','20180602QS5297596868924','2018-06-02',199.37,'Room Service');
INSERT INTO PAYMENT VALUES ('20180602QS5297596868924-p00001','20180602QS5297596868924','2018-06-04','CC',586.38,'Danette Dammann','1935754005268374',3,2027,346,'Mastercard');
-- ------- SAMPLE 1708 ----------
INSERT INTO GUEST VALUES(2708,'Abdul','Ashe','AAshe@gmail.com','1234 DaWrong Lane','Flonkerton','MD','12345','485-954-8866');
INSERT INTO RESERVATION VALUES ('20190615QD1198204763734',2708,200,'QD','2019-06-15','2019-06-16',null,'complete');
INSERT INTO INVOICECHARGE VALUES ('20190615QD1198204763734-ch00001','20190615QD1198204763734','2019-06-15',95.95,'Base room charge');
INSERT INTO PAYMENT VALUES ('20190615QD1198204763734-p00001','20190615QD1198204763734','2019-06-17','CC',95.95,'Abdul Ashe','5863127630640572',4,2021,973,'Mastercard');
-- ------- SAMPLE 1709 ----------
INSERT INTO GUEST VALUES(2709,'Raven','Rybicki','RRybicki@gmail.com','1234 DaWrong Lane','Flonkerton','MD','12345','819-417-2683');
INSERT INTO RESERVATION VALUES ('20200429KJ4974687861906',2709,203,'KJ','2020-04-29','2020-05-02',null,'complete');
INSERT INTO INVOICECHARGE VALUES ('20200429KJ4974687861906-ch00001','20200429KJ4974687861906','2020-04-29',415.81,'Base room charge');
INSERT INTO PAYMENT VALUES ('20200429KJ4974687861906-p00001','20200429KJ4974687861906','2020-05-01','CC',415.81,'Raven Rybicki','2246805206281462',12,2024,494,'Mastercard');
-- ------- SAMPLE 1710 ----------
INSERT INTO GUEST VALUES(2710,'Tai','Tookes','TTookes@gmail.com','1234 DaWrong Lane','Flonkerton','MD','12345','398-926-1147');
INSERT INTO RESERVATION VALUES ('20190226QS7458993728244',2710,207,'QS','2019-02-26','2019-03-01',null,'complete');
INSERT INTO INVOICECHARGE VALUES ('20190226QS7458993728244-ch00001','20190226QS7458993728244','2019-02-26',232.21,'Base room charge');
INSERT INTO INVOICECHARGE VALUES ('20190226QS7458993728244-ch00002','20190226QS7458993728244','2019-02-26',119.62,'Cleaning fee');
INSERT INTO PAYMENT VALUES ('20190226QS7458993728244-p00001','20190226QS7458993728244','2019-02-28','CC',351.83,'Tai Tookes','5877213386183112',7,2024,989,'Mastercard');
-- ------- SAMPLE 1711 ----------
INSERT INTO GUEST VALUES(2711,'Len','Linquist','LLinquist@yahoo.com','1234 DaWrong Lane','Flonkerton','MD','12345','102-296-7480');
INSERT INTO RESERVATION VALUES ('20190617QS7501908293107',2711,207,'QS','2019-06-17','2019-06-19',null,'complete');
INSERT INTO INVOICECHARGE VALUES ('20190617QS7501908293107-ch00001','20190617QS7501908293107','2019-06-17',234.55,'Base room charge');
INSERT INTO PAYMENT (payment_id,invoice_id,payment_date,payment_type,payment_amount) VALUES ('20190617QS7501908293107-p00001','20190617QS7501908293107','2019-06-19','CA',234.55);
-- ------- SAMPLE 1712 ----------
INSERT INTO GUEST VALUES(2712,'Leonore','Losh','LLosh@gmail.com','1234 DaWrong Lane','Flonkerton','MD','12345','033-297-9126');
INSERT INTO RESERVATION VALUES ('20190715QS3095223598994',2712,103,'QS','2019-07-15','2019-07-16',null,'complete');
INSERT INTO INVOICECHARGE VALUES ('20190715QS3095223598994-ch00001','20190715QS3095223598994','2019-07-15',117.28,'Base room charge');
INSERT INTO PAYMENT VALUES ('20190715QS3095223598994-p00001','20190715QS3095223598994','2019-07-17','CC',117.28,'Leonore Losh','3093747616933935',10,2023,159,'Mastercard');
-- ------- SAMPLE 1713 ----------
INSERT INTO GUEST VALUES(2713,'Deandre','Defore','DDefore@yahoo.com','1234 DaWrong Lane','Flonkerton','MD','12345','500-320-8151');
INSERT INTO RESERVATION VALUES ('20200104KJ2936978141148',2713,208,'KJ','2020-01-04','2020-01-05',null,'complete');
INSERT INTO INVOICECHARGE VALUES ('20200104KJ2936978141148-ch00001','20200104KJ2936978141148','2020-01-04',91.48,'Base room charge');
INSERT INTO INVOICECHARGE VALUES ('20200104KJ2936978141148-ch00002','20200104KJ2936978141148','2020-01-04',47.12,'Cleaning fee');
INSERT INTO PAYMENT VALUES ('20200104KJ2936978141148-p00001','20200104KJ2936978141148','2020-01-06','CC',138.6,'Deandre Defore','9079546218056929',3,2025,526,'Mastercard');
-- ------- SAMPLE 1714 ----------
INSERT INTO GUEST VALUES(2714,'Dewey','Dye','DDye@hotmail.com','1234 DaWrong Lane','Flonkerton','MD','12345','941-061-4045');
INSERT INTO RESERVATION VALUES ('20180824KS3110850375900',2714,102,'KS','2018-08-24','2018-08-26',null,'complete');
INSERT INTO INVOICECHARGE VALUES ('20180824KS3110850375900-ch00001','20180824KS3110850375900','2018-08-24',213.23,'Base room charge');
INSERT INTO PAYMENT (payment_id,invoice_id,payment_date,payment_type,payment_amount) VALUES ('20180824KS3110850375900-p00001','20180824KS3110850375900','2018-08-26','CA',213.23);
-- ------- SAMPLE 1715 ----------
INSERT INTO GUEST VALUES(2715,'Eryn','Edenfield','EEdenfield@yahoo.com','1234 DaWrong Lane','Flonkerton','MD','12345','442-637-0029');
INSERT INTO RESERVATION VALUES ('20180915KS1575007882931',2715,112,'KS','2018-09-15','2018-09-17',null,'complete');
INSERT INTO INVOICECHARGE VALUES ('20180915KS1575007882931-ch00001','20180915KS1575007882931','2018-09-15',140.73,'Base room charge');
INSERT INTO INVOICECHARGE VALUES ('20180915KS1575007882931-ch00002','20180915KS1575007882931','2018-09-15',72.5,'Cleaning fee');
INSERT INTO PAYMENT VALUES ('20180915KS1575007882931-p00001','20180915KS1575007882931','2018-09-17','CC',213.23,'Eryn Edenfield','8125951509210875',5,2027,394,'Mastercard');
-- ------- SAMPLE 1716 ----------
INSERT INTO GUEST VALUES(2716,'Hanna','Hastie','HHastie@yahoo.com','1234 DaWrong Lane','Flonkerton','MD','12345','773-685-8322');
INSERT INTO RESERVATION VALUES ('20201024QD7897935373626',2716,null,'QD','2020-10-24','2020-10-26',null,'active');
-- ------- SAMPLE 1717 ----------
INSERT INTO GUEST VALUES(2717,'Daron','Dycus','DDycus@gmail.com','1234 DaWrong Lane','Flonkerton','MD','12345','439-890-8411');
INSERT INTO RESERVATION VALUES ('20181206QS2035697563000',2717,118,'QS','2018-12-06','2018-12-07',null,'complete');
INSERT INTO INVOICECHARGE VALUES ('20181206QS2035697563000-ch00001','20181206QS2035697563000','2018-12-06',77.4,'Base room charge');
INSERT INTO INVOICECHARGE VALUES ('20181206QS2035697563000-ch00002','20181206QS2035697563000','2018-12-06',39.88,'Cleaning fee');
INSERT INTO PAYMENT VALUES ('20181206QS2035697563000-p00001','20181206QS2035697563000','2018-12-08','CC',117.28,'Daron Dycus','7122286953012425',2,2026,108,'Mastercard');
-- ------- SAMPLE 1718 ----------
INSERT INTO GUEST VALUES(2718,'Luella','Lundstrom','LLundstrom@hotmail.com','1234 DaWrong Lane','Flonkerton','MD','12345','693-087-9747');
INSERT INTO RESERVATION VALUES ('20180912QD5809527001549',2718,106,'QD','2018-09-12','2018-09-15',null,'complete');
INSERT INTO INVOICECHARGE VALUES ('20180912QD5809527001549-ch00001','20180912QD5809527001549','2018-09-12',287.86,'Base room charge');
INSERT INTO PAYMENT VALUES ('20180912QD5809527001549-p00001','20180912QD5809527001549','2018-09-14','CC',287.86,'Luella Lundstrom','9134610640382776',3,2024,808,'Mastercard');
-- ------- SAMPLE 1719 ----------
INSERT INTO GUEST VALUES(2719,'Abram','Adolph','AAdolph@hotmail.com','1234 DaWrong Lane','Flonkerton','MD','12345','052-025-7642');
INSERT INTO RESERVATION VALUES ('20200718KJ3668842625261',2719,null,'KJ','2020-07-18','2020-07-19',null,'active');
INSERT INTO INVOICECHARGE VALUES ('20200718KJ3668842625261-ch00001','20200718KJ3668842625261','2020-07-18',91.48,'Base room charge');
INSERT INTO INVOICECHARGE VALUES ('20200718KJ3668842625261-ch00002','20200718KJ3668842625261','2020-07-18',47.12,'Room Service');
INSERT INTO PAYMENT VALUES ('20200718KJ3668842625261-p00001','20200718KJ3668842625261','2020-07-20','CC',26,'Abram Adolph','5790905340998690',2,2027,798,'Mastercard');
-- ------- SAMPLE 1720 ----------
INSERT INTO GUEST VALUES(2720,'Fredericka','Farney','FFarney@hotmail.com','1234 DaWrong Lane','Flonkerton','MD','12345','285-173-2708');
INSERT INTO RESERVATION VALUES ('20180524QS6888629915816',2720,113,'QS','2018-05-24','2018-05-26',null,'complete');
INSERT INTO INVOICECHARGE VALUES ('20180524QS6888629915816-ch00001','20180524QS6888629915816','2018-05-24',234.55,'Base room charge');
INSERT INTO PAYMENT VALUES ('20180524QS6888629915816-p00001','20180524QS6888629915816','2018-05-26','CC',234.55,'Fredericka Farney','8615750301145623',9,2026,463,'Mastercard');
-- ------- SAMPLE 1721 ----------
INSERT INTO GUEST VALUES(2721,'Francie','Fairbank','FFairbank@gmail.com','1234 DaWrong Lane','Flonkerton','MD','12345','524-721-5518');
INSERT INTO RESERVATION VALUES ('20200305KI8976705852675',2721,105,'KI','2020-03-05','2020-03-10',null,'complete');
INSERT INTO INVOICECHARGE VALUES ('20200305KI8976705852675-ch00001','20200305KI8976705852675','2020-03-05',341.16,'Base room charge');
INSERT INTO PAYMENT VALUES ('20200305KI8976705852675-p00001','20200305KI8976705852675','2020-03-07','CC',341.16,'Francie Fairbank','9439979865258151',7,2024,828,'Mastercard');
-- ------- SAMPLE 1722 ----------
INSERT INTO GUEST VALUES(2722,'Theodora','Trickey','TTrickey@yahoo.com','1234 DaWrong Lane','Flonkerton','MD','12345','315-311-2201');
INSERT INTO RESERVATION VALUES ('20200409KI6822804819268',2722,120,'KI','2020-04-09','2020-04-12',null,'complete');
INSERT INTO INVOICECHARGE VALUES ('20200409KI6822804819268-ch00001','20200409KI6822804819268','2020-04-09',168.87,'Base room charge');
INSERT INTO INVOICECHARGE VALUES ('20200409KI6822804819268-ch00002','20200409KI6822804819268','2020-04-09',87,'Cleaning fee');
INSERT INTO PAYMENT (payment_id,invoice_id,payment_date,payment_type,payment_amount) VALUES ('20200409KI6822804819268-p00001','20200409KI6822804819268','2020-04-11','CA',255.87);
-- ------- SAMPLE 1723 ----------
INSERT INTO GUEST VALUES(2723,'Leanora','Locke','LLocke@hotmail.com','1234 DaWrong Lane','Flonkerton','MD','12345','230-317-3445');
INSERT INTO RESERVATION VALUES ('20190613KJ3347609276742',2723,104,'KJ','2019-06-13','2019-06-17',null,'complete');
INSERT INTO INVOICECHARGE VALUES ('20190613KJ3347609276742-ch00001','20190613KJ3347609276742','2019-06-13',554.41,'Base room charge');
INSERT INTO PAYMENT VALUES ('20190613KJ3347609276742-p00001','20190613KJ3347609276742','2019-06-15','CC',554.41,'Leanora Locke','5342577405423178',2,2024,676,'Mastercard');
-- ------- SAMPLE 1724 ----------
INSERT INTO GUEST VALUES(2724,'Shaneka','Stribling','SStribling@yahoo.com','1234 DaWrong Lane','Flonkerton','MD','12345','955-162-8171');
INSERT INTO RESERVATION VALUES ('20210322QD1225192053726',2724,null,'QD','2021-03-22','2021-03-24',null,'active');
-- ------- SAMPLE 1725 ----------
INSERT INTO GUEST VALUES(2725,'Shad','Sitler','SSitler@yahoo.com','1234 DaWrong Lane','Flonkerton','MD','12345','096-747-6599');
INSERT INTO RESERVATION VALUES ('20190807KJ5735274869692',2725,208,'KJ','2019-08-07','2019-08-09',null,'complete');
INSERT INTO INVOICECHARGE VALUES ('20190807KJ5735274869692-ch00001','20190807KJ5735274869692','2019-08-07',277.2,'Base room charge');
INSERT INTO PAYMENT VALUES ('20190807KJ5735274869692-p00001','20190807KJ5735274869692','2019-08-09','CC',277.2,'Shad Sitler','7371881522693420',2,2023,745,'Mastercard');
-- ------- SAMPLE 1726 ----------
INSERT INTO GUEST VALUES(2726,'Dane','Dumond','DDumond@hotmail.com','1234 DaWrong Lane','Flonkerton','MD','12345','184-523-2640');
INSERT INTO RESERVATION VALUES ('20190215QD9889302006492',2726,205,'QD','2019-02-15','2019-02-16',null,'complete');
INSERT INTO INVOICECHARGE VALUES ('20190215QD9889302006492-ch00001','20190215QD9889302006492','2019-02-15',63.33,'Base room charge');
INSERT INTO INVOICECHARGE VALUES ('20190215QD9889302006492-ch00002','20190215QD9889302006492','2019-02-15',32.62,'Cleaning fee');
INSERT INTO PAYMENT (payment_id,invoice_id,payment_date,payment_type,payment_amount) VALUES ('20190215QD9889302006492-p00001','20190215QD9889302006492','2019-02-17','CA',95.95);
-- ------- SAMPLE 1727 ----------
INSERT INTO GUEST VALUES(2727,'Delsie','Delong','DDelong@hotmail.com','1234 DaWrong Lane','Flonkerton','MD','12345','315-834-9061');
INSERT INTO RESERVATION VALUES ('20191124QS6310921862368',2727,113,'QS','2019-11-24','2019-11-28',null,'complete');
INSERT INTO INVOICECHARGE VALUES ('20191124QS6310921862368-ch00001','20191124QS6310921862368','2019-11-24',469.11,'Base room charge');
INSERT INTO PAYMENT (payment_id,invoice_id,payment_date,payment_type,payment_amount) VALUES ('20191124QS6310921862368-p00001','20191124QS6310921862368','2019-11-26','CA',469.11);
-- ------- SAMPLE 1728 ----------
INSERT INTO GUEST VALUES(2728,'Hedwig','Hinz','HHinz@gmail.com','1234 DaWrong Lane','Flonkerton','MD','12345','921-604-9861');
INSERT INTO RESERVATION VALUES ('20180714KS5267825088785',2728,107,'KS','2018-07-14','2018-07-18',null,'complete');
INSERT INTO INVOICECHARGE VALUES ('20180714KS5267825088785-ch00001','20180714KS5267825088785','2018-07-14',426.46,'Base room charge');
INSERT INTO PAYMENT VALUES ('20180714KS5267825088785-p00001','20180714KS5267825088785','2018-07-16','CC',426.46,'Hedwig Hinz','1950817502496098',3,2024,539,'Mastercard');
-- ------- SAMPLE 1729 ----------
INSERT INTO GUEST VALUES(2729,'Clara','Crimmins','CCrimmins@hotmail.com','1234 DaWrong Lane','Flonkerton','MD','12345','475-378-0971');
INSERT INTO RESERVATION VALUES ('20180922KS5201512108610',2729,206,'KS','2018-09-22','2018-09-24',null,'complete');
INSERT INTO INVOICECHARGE VALUES ('20180922KS5201512108610-ch00001','20180922KS5201512108610','2018-09-22',213.23,'Base room charge');
INSERT INTO PAYMENT VALUES ('20180922KS5201512108610-p00001','20180922KS5201512108610','2018-09-24','CC',213.23,'Clara Crimmins','2653249812427068',4,2026,22,'Mastercard');
-- ------- SAMPLE 1730 ----------
INSERT INTO GUEST VALUES(2730,'Bell','Belizaire','BBelizaire@yahoo.com','1234 DaWrong Lane','Flonkerton','MD','12345','207-774-0501');
INSERT INTO RESERVATION VALUES ('20200307QD9322173708587',2730,106,'QD','2020-03-07','2020-03-09',null,'complete');
INSERT INTO INVOICECHARGE VALUES ('20200307QD9322173708587-ch00001','20200307QD9322173708587','2020-03-07',63.33,'Base room charge');
INSERT INTO INVOICECHARGE VALUES ('20200307QD9322173708587-ch00002','20200307QD9322173708587','2020-03-07',32.62,'Cleaning fee');
INSERT INTO PAYMENT (payment_id,invoice_id,payment_date,payment_type,payment_amount) VALUES ('20200307QD9322173708587-p00001','20200307QD9322173708587','2020-03-09','CA',95.95);
-- ------- SAMPLE 1731 ----------
INSERT INTO GUEST VALUES(2731,'Stan','Schnell','SSchnell@gmail.com','1234 DaWrong Lane','Flonkerton','MD','12345','150-343-8815');
INSERT INTO RESERVATION VALUES ('20210312KI8134072260752',2731,null,'KI','2021-03-12','2021-03-14',null,'active');
-- ------- SAMPLE 1732 ----------
INSERT INTO GUEST VALUES(2732,'Kathern','Korn','KKorn@yahoo.com','1234 DaWrong Lane','Flonkerton','MD','12345','235-229-8305');
INSERT INTO RESERVATION VALUES ('20190211KJ9069635054269',2732,208,'KJ','2019-02-11','2019-02-12',null,'cancelled');
INSERT INTO INVOICECHARGE VALUES ('20190211KJ9069635054269-ch00001','20190211KJ9069635054269','2019-02-11',138.6,'Base room charge');
INSERT INTO PAYMENT VALUES ('20190211KJ9069635054269-p00001','20190211KJ9069635054269','2019-02-13','CC',138.6,'Kathern Korn','7184339421420307',8,2021,255,'Mastercard');
-- ------- SAMPLE 1733 ----------
INSERT INTO GUEST VALUES(2733,'Natalya','Neathery','NNeathery@yahoo.com','1234 DaWrong Lane','Flonkerton','MD','12345','314-678-7601');
INSERT INTO RESERVATION VALUES ('20190301KJ2490340011770',2733,208,'KJ','2019-03-01','2019-03-05',null,'complete');
INSERT INTO INVOICECHARGE VALUES ('20190301KJ2490340011770-ch00001','20190301KJ2490340011770','2019-03-01',365.91,'Base room charge');
INSERT INTO INVOICECHARGE VALUES ('20190301KJ2490340011770-ch00002','20190301KJ2490340011770','2019-03-01',188.5,'Room Service');
INSERT INTO PAYMENT VALUES ('20190301KJ2490340011770-p00001','20190301KJ2490340011770','2019-03-03','CC',554.41,'Natalya Neathery','2710384043157863',6,2025,111,'Mastercard');
-- ------- SAMPLE 1734 ----------
INSERT INTO GUEST VALUES(2734,'Jarrett','Janelle','JJanelle@yahoo.com','1234 DaWrong Lane','Flonkerton','MD','12345','346-567-4070');
INSERT INTO RESERVATION VALUES ('20200205KJ8519061434260',2734,203,'KJ','2020-02-05','2020-02-07',null,'complete');
INSERT INTO INVOICECHARGE VALUES ('20200205KJ8519061434260-ch00001','20200205KJ8519061434260','2020-02-05',182.95,'Base room charge');
INSERT INTO INVOICECHARGE VALUES ('20200205KJ8519061434260-ch00002','20200205KJ8519061434260','2020-02-05',94.25,'Cleaning fee');
INSERT INTO PAYMENT VALUES ('20200205KJ8519061434260-p00001','20200205KJ8519061434260','2020-02-07','CC',277.2,'Jarrett Janelle','9830755235124835',6,2025,126,'Mastercard');
-- ------- SAMPLE 1735 ----------
INSERT INTO GUEST VALUES(2735,'Lillia','Linen','LLinen@yahoo.com','1234 DaWrong Lane','Flonkerton','MD','12345','776-686-1739');
INSERT INTO RESERVATION VALUES ('20190425QS5881374877288',2735,103,'QS','2019-04-25','2019-04-26',null,'complete');
INSERT INTO INVOICECHARGE VALUES ('20190425QS5881374877288-ch00001','20190425QS5881374877288','2019-04-25',77.4,'Base room charge');
INSERT INTO INVOICECHARGE VALUES ('20190425QS5881374877288-ch00002','20190425QS5881374877288','2019-04-25',39.88,'Cleaning fee');
INSERT INTO PAYMENT VALUES ('20190425QS5881374877288-p00001','20190425QS5881374877288','2019-04-27','CC',117.28,'Lillia Linen','1094033175089056',8,2024,819,'Mastercard');
-- ------- SAMPLE 1736 ----------
INSERT INTO GUEST VALUES(2736,'Willian','Wiest','WWiest@yahoo.com','1234 DaWrong Lane','Flonkerton','MD','12345','002-492-6412');
INSERT INTO RESERVATION VALUES ('20200806QS7280880174689',2736,null,'QS','2020-08-06','2020-08-08',null,'active');
INSERT INTO INVOICECHARGE VALUES ('20200806QS7280880174689-ch00001','20200806QS7280880174689','2020-08-06',234.55,'Base room charge');
INSERT INTO PAYMENT (payment_id,invoice_id,payment_date,payment_type,payment_amount) VALUES ('20200806QS7280880174689-p00001','20200806QS7280880174689','2020-08-08','CA',234.55);
-- ------- SAMPLE 1737 ----------
INSERT INTO GUEST VALUES(2737,'Delsie','Delong','DDelong@gmail.com','1234 DaWrong Lane','Flonkerton','MD','12345','741-568-1041');
INSERT INTO RESERVATION VALUES ('20180713KS5931287222703',2737,107,'KS','2018-07-13','2018-07-16',null,'complete');
INSERT INTO INVOICECHARGE VALUES ('20180713KS5931287222703-ch00001','20180713KS5931287222703','2018-07-13',319.84,'Base room charge');
INSERT INTO PAYMENT VALUES ('20180713KS5931287222703-p00001','20180713KS5931287222703','2018-07-15','CC',319.84,'Delsie Delong','6709619561716310',5,2026,732,'Mastercard');
-- ------- SAMPLE 1738 ----------
INSERT INTO GUEST VALUES(2738,'Major','Meng','MMeng@hotmail.com','1234 DaWrong Lane','Flonkerton','MD','12345','452-455-3476');
INSERT INTO RESERVATION VALUES ('20181128KS7086086740135',2738,112,'KS','2018-11-28','2018-12-01',null,'complete');
INSERT INTO INVOICECHARGE VALUES ('20181128KS7086086740135-ch00001','20181128KS7086086740135','2018-11-28',211.09,'Base room charge');
INSERT INTO INVOICECHARGE VALUES ('20181128KS7086086740135-ch00002','20181128KS7086086740135','2018-11-28',108.75,'Cleaning fee');
INSERT INTO PAYMENT (payment_id,invoice_id,payment_date,payment_type,payment_amount) VALUES ('20181128KS7086086740135-p00001','20181128KS7086086740135','2018-11-30','CA',319.84);
-- ------- SAMPLE 1739 ----------
INSERT INTO GUEST VALUES(2739,'Joann','Joplin','JJoplin@gmail.com','1234 DaWrong Lane','Flonkerton','MD','12345','390-343-8927');
INSERT INTO RESERVATION VALUES ('20190325KS4371128323741',2739,117,'KS','2019-03-25','2019-03-29',null,'complete');
INSERT INTO INVOICECHARGE VALUES ('20190325KS4371128323741-ch00001','20190325KS4371128323741','2019-03-25',426.46,'Base room charge');
INSERT INTO PAYMENT VALUES ('20190325KS4371128323741-p00001','20190325KS4371128323741','2019-03-27','CC',426.46,'Joann Joplin','7470937336794579',11,2025,502,'Mastercard');
-- ------- SAMPLE 1740 ----------
INSERT INTO GUEST VALUES(2740,'Heather','Hartin','HHartin@hotmail.com','1234 DaWrong Lane','Flonkerton','MD','12345','322-402-9623');
INSERT INTO RESERVATION VALUES ('20181001QS4183356850922',2740,108,'QS','2018-10-01','2018-10-06',null,'complete');
INSERT INTO INVOICECHARGE VALUES ('20181001QS4183356850922-ch00001','20181001QS4183356850922','2018-10-01',387.01,'Base room charge');
INSERT INTO INVOICECHARGE VALUES ('20181001QS4183356850922-ch00002','20181001QS4183356850922','2018-10-01',199.37,'Cleaning fee');
INSERT INTO PAYMENT VALUES ('20181001QS4183356850922-p00001','20181001QS4183356850922','2018-10-03','CC',586.38,'Heather Hartin','3588288215371413',3,2026,880,'Mastercard');
-- ------- SAMPLE 1741 ----------
INSERT INTO GUEST VALUES(2741,'Alverta','Arce','AArce@hotmail.com','1234 DaWrong Lane','Flonkerton','MD','12345','409-560-2575');
INSERT INTO RESERVATION VALUES ('20200323KJ5501482553345',2741,203,'KJ','2020-03-23','2020-03-28',null,'complete');
INSERT INTO INVOICECHARGE VALUES ('20200323KJ5501482553345-ch00001','20200323KJ5501482553345','2020-03-23',693.01,'Base room charge');
INSERT INTO PAYMENT (payment_id,invoice_id,payment_date,payment_type,payment_amount) VALUES ('20200323KJ5501482553345-p00001','20200323KJ5501482553345','2020-03-25','CA',693.01);
-- ------- SAMPLE 1742 ----------
INSERT INTO GUEST VALUES(2742,'Piedad','Proctor','PProctor@hotmail.com','1234 DaWrong Lane','Flonkerton','MD','12345','767-942-3531');
INSERT INTO RESERVATION VALUES ('20210315KS2923212507850',2742,null,'KS','2021-03-15','2021-03-17',null,'active');
INSERT INTO INVOICECHARGE VALUES ('20210315KS2923212507850-ch00001','20210315KS2923212507850','2021-03-15',213.23,'Base room charge');
INSERT INTO PAYMENT VALUES ('20210315KS2923212507850-p00001','20210315KS2923212507850','2021-03-17','CC',213.23,'Piedad Proctor','7717335904689333',7,2022,167,'Mastercard');
-- ------- SAMPLE 1743 ----------
INSERT INTO GUEST VALUES(2743,'Keturah','Kagawa','KKagawa@yahoo.com','1234 DaWrong Lane','Flonkerton','MD','12345','272-979-4226');
INSERT INTO RESERVATION VALUES ('20191230KS9698415270508',2743,206,'KS','2019-12-30','2019-12-31',null,'complete');
INSERT INTO INVOICECHARGE VALUES ('20191230KS9698415270508-ch00001','20191230KS9698415270508','2019-12-30',106.61,'Base room charge');
INSERT INTO PAYMENT VALUES ('20191230KS9698415270508-p00001','20191230KS9698415270508','2020-01-01','CC',106.61,'Keturah Kagawa','7112489915262557',1,2021,487,'Mastercard');
-- ------- SAMPLE 1744 ----------
INSERT INTO GUEST VALUES(2744,'Nena','Nunez','NNunez@gmail.com','1234 DaWrong Lane','Flonkerton','MD','12345','996-848-0574');
INSERT INTO RESERVATION VALUES ('20201218KI2249861740376',2744,null,'KI','2020-12-18','2020-12-23',null,'active');
INSERT INTO INVOICECHARGE VALUES ('20201218KI2249861740376-ch00001','20201218KI2249861740376','2020-12-18',426.45,'Base room charge');
INSERT INTO PAYMENT VALUES ('20201218KI2249861740376-p00001','20201218KI2249861740376','2020-12-20','CC',426.45,'Nena Nunez','7982782636758112',3,2024,491,'Mastercard');
-- ------- SAMPLE 1745 ----------
INSERT INTO GUEST VALUES(2745,'Maryann','Mccutcheon','MMccutcheon@hotmail.com','1234 DaWrong Lane','Flonkerton','MD','12345','942-055-8196');
INSERT INTO RESERVATION VALUES ('20200104QS3341725772759',2745,207,'QS','2020-01-04','2020-01-06',null,'complete');
INSERT INTO INVOICECHARGE VALUES ('20200104QS3341725772759-ch00001','20200104QS3341725772759','2020-01-04',234.55,'Base room charge');
INSERT INTO PAYMENT (payment_id,invoice_id,payment_date,payment_type,payment_amount) VALUES ('20200104QS3341725772759-p00001','20200104QS3341725772759','2020-01-06','CA',234.55);
-- ------- SAMPLE 1746 ----------
INSERT INTO GUEST VALUES(2746,'Tifany','Temple','TTemple@hotmail.com','1234 DaWrong Lane','Flonkerton','MD','12345','087-060-4554');
INSERT INTO RESERVATION VALUES ('20200226KI1367188337060',2746,209,'KI','2020-02-26','2020-02-28',null,'complete');
INSERT INTO INVOICECHARGE VALUES ('20200226KI1367188337060-ch00001','20200226KI1367188337060','2020-02-26',112.58,'Base room charge');
INSERT INTO INVOICECHARGE VALUES ('20200226KI1367188337060-ch00002','20200226KI1367188337060','2020-02-26',58,'Room Service');
INSERT INTO PAYMENT (payment_id,invoice_id,payment_date,payment_type,payment_amount) VALUES ('20200226KI1367188337060-p00001','20200226KI1367188337060','2020-02-28','CA',170.58);
-- ------- SAMPLE 1747 ----------
INSERT INTO GUEST VALUES(2747,'Shaneka','Stribling','SStribling@gmail.com','1234 DaWrong Lane','Flonkerton','MD','12345','689-497-1418');
INSERT INTO RESERVATION VALUES ('20201004KI4674706734307',2747,null,'KI','2020-10-04','2020-10-05',null,'active');
-- ------- SAMPLE 1748 ----------
INSERT INTO GUEST VALUES(2748,'Elfriede','Esslinger','EEsslinger@hotmail.com','1234 DaWrong Lane','Flonkerton','MD','12345','723-246-2626');
INSERT INTO RESERVATION VALUES ('20181225KI6684043004737',2748,120,'KI','2018-12-25','2018-12-29',null,'complete');
INSERT INTO INVOICECHARGE VALUES ('20181225KI6684043004737-ch00001','20181225KI6684043004737','2018-12-25',225.17,'Base room charge');
INSERT INTO INVOICECHARGE VALUES ('20181225KI6684043004737-ch00002','20181225KI6684043004737','2018-12-25',115.99,'Cleaning fee');
INSERT INTO PAYMENT VALUES ('20181225KI6684043004737-p00001','20181225KI6684043004737','2018-12-27','CC',341.16,'Elfriede Esslinger','6494005665783368',1,2022,154,'Mastercard');
-- ------- SAMPLE 1749 ----------
INSERT INTO GUEST VALUES(2749,'Kasey','Kipp','KKipp@gmail.com','1234 DaWrong Lane','Flonkerton','MD','12345','904-709-1812');
INSERT INTO RESERVATION VALUES ('20191022QD8915195176921',2749,106,'QD','2019-10-22','2019-10-26',null,'complete');
INSERT INTO INVOICECHARGE VALUES ('20191022QD8915195176921-ch00001','20191022QD8915195176921','2019-10-22',383.81,'Base room charge');
INSERT INTO PAYMENT (payment_id,invoice_id,payment_date,payment_type,payment_amount) VALUES ('20191022QD8915195176921-p00001','20191022QD8915195176921','2019-10-24','CA',383.81);
-- ------- SAMPLE 1750 ----------
INSERT INTO GUEST VALUES(2750,'Georgianne','Guadarrama','GGuadarrama@yahoo.com','1234 DaWrong Lane','Flonkerton','MD','12345','188-212-7777');
INSERT INTO RESERVATION VALUES ('20200223KI2259855502628',2750,209,'KI','2020-02-23','2020-02-27',null,'complete');
INSERT INTO INVOICECHARGE VALUES ('20200223KI2259855502628-ch00001','20200223KI2259855502628','2020-02-23',225.17,'Base room charge');
INSERT INTO INVOICECHARGE VALUES ('20200223KI2259855502628-ch00002','20200223KI2259855502628','2020-02-23',115.99,'Room Service');
INSERT INTO PAYMENT VALUES ('20200223KI2259855502628-p00001','20200223KI2259855502628','2020-02-25','CC',341.16,'Georgianne Guadarrama','9975199206757125',9,2024,202,'Mastercard');
-- ------- SAMPLE 1751 ----------
INSERT INTO GUEST VALUES(2751,'Shawna','Schmit','SSchmit@yahoo.com','1234 DaWrong Lane','Flonkerton','MD','12345','413-467-9453');
INSERT INTO RESERVATION VALUES ('20190604QS7906822338186',2751,108,'QS','2019-06-04','2019-06-07',null,'complete');
INSERT INTO INVOICECHARGE VALUES ('20190604QS7906822338186-ch00001','20190604QS7906822338186','2019-06-04',232.21,'Base room charge');
INSERT INTO INVOICECHARGE VALUES ('20190604QS7906822338186-ch00002','20190604QS7906822338186','2019-06-04',119.62,'Room Service');
INSERT INTO PAYMENT VALUES ('20190604QS7906822338186-p00001','20190604QS7906822338186','2019-06-06','CC',351.83,'Shawna Schmit','6636809351670351',6,2025,7,'Mastercard');
-- ------- SAMPLE 1752 ----------
INSERT INTO GUEST VALUES(2752,'Ngan','Nalley','NNalley@hotmail.com','1234 DaWrong Lane','Flonkerton','MD','12345','337-597-1791');
INSERT INTO RESERVATION VALUES ('20190113KS6430500080009',2752,206,'KS','2019-01-13','2019-01-14',null,'complete');
INSERT INTO INVOICECHARGE VALUES ('20190113KS6430500080009-ch00001','20190113KS6430500080009','2019-01-13',106.61,'Base room charge');
INSERT INTO PAYMENT VALUES ('20190113KS6430500080009-p00001','20190113KS6430500080009','2019-01-15','CC',106.61,'Ngan Nalley','2734205849893877',11,2026,389,'Mastercard');
-- ------- SAMPLE 1753 ----------
INSERT INTO GUEST VALUES(2753,'Clara','Crimmins','CCrimmins@hotmail.com','1234 DaWrong Lane','Flonkerton','MD','12345','482-611-6584');
INSERT INTO RESERVATION VALUES ('20190215KI9563906956234',2753,105,'KI','2019-02-15','2019-02-19',null,'complete');
INSERT INTO INVOICECHARGE VALUES ('20190215KI9563906956234-ch00001','20190215KI9563906956234','2019-02-15',341.16,'Base room charge');
INSERT INTO PAYMENT VALUES ('20190215KI9563906956234-p00001','20190215KI9563906956234','2019-02-17','CC',341.16,'Clara Crimmins','7879492232035274',5,2025,400,'Mastercard');
-- ------- SAMPLE 1754 ----------
INSERT INTO GUEST VALUES(2754,'Fleta','Fickel','FFickel@yahoo.com','1234 DaWrong Lane','Flonkerton','MD','12345','515-660-7981');
INSERT INTO RESERVATION VALUES ('20190921KJ9573943397926',2754,114,'KJ','2019-09-21','2019-09-24',null,'complete');
INSERT INTO INVOICECHARGE VALUES ('20190921KJ9573943397926-ch00001','20190921KJ9573943397926','2019-09-21',274.43,'Base room charge');
INSERT INTO INVOICECHARGE VALUES ('20190921KJ9573943397926-ch00002','20190921KJ9573943397926','2019-09-21',141.38,'Cleaning fee');
INSERT INTO PAYMENT (payment_id,invoice_id,payment_date,payment_type,payment_amount) VALUES ('20190921KJ9573943397926-p00001','20190921KJ9573943397926','2019-09-23','CA',415.81);
-- ------- SAMPLE 1755 ----------
INSERT INTO GUEST VALUES(2755,'Bradley','Bently','BBently@yahoo.com','1234 DaWrong Lane','Flonkerton','MD','12345','477-513-2482');
INSERT INTO RESERVATION VALUES ('20190128QS1093025804816',2755,103,'QS','2019-01-28','2019-01-30',null,'cancelled');
INSERT INTO INVOICECHARGE VALUES ('20190128QS1093025804816-ch00001','20190128QS1093025804816','2019-01-28',154.8,'Base room charge');
INSERT INTO INVOICECHARGE VALUES ('20190128QS1093025804816-ch00002','20190128QS1093025804816','2019-01-28',79.75,'Cleaning fee');
INSERT INTO PAYMENT VALUES ('20190128QS1093025804816-p00001','20190128QS1093025804816','2019-01-30','CC',234.55,'Bradley Bently','7870378681548851',4,2025,33,'Mastercard');
-- ------- SAMPLE 1756 ----------
INSERT INTO GUEST VALUES(2756,'Erminia','Eckard','EEckard@hotmail.com','1234 DaWrong Lane','Flonkerton','MD','12345','850-588-6629');
INSERT INTO RESERVATION VALUES ('20201221KI2098704756141',2756,null,'KI','2020-12-21','2020-12-26',null,'active');
INSERT INTO INVOICECHARGE VALUES ('20201221KI2098704756141-ch00001','20201221KI2098704756141','2020-12-21',281.46,'Base room charge');
INSERT INTO INVOICECHARGE VALUES ('20201221KI2098704756141-ch00002','20201221KI2098704756141','2020-12-21',144.99,'Room Service');
INSERT INTO PAYMENT (payment_id,invoice_id,payment_date,payment_type,payment_amount) VALUES ('20201221KI2098704756141-p00001','20201221KI2098704756141','2020-12-23','CA',426.45);
-- ------- SAMPLE 1757 ----------
INSERT INTO GUEST VALUES(2757,'Willian','Wiest','WWiest@hotmail.com','1234 DaWrong Lane','Flonkerton','MD','12345','517-065-5173');
INSERT INTO RESERVATION VALUES ('20191008KS5124601640926',2757,117,'KS','2019-10-08','2019-10-11',null,'complete');
INSERT INTO INVOICECHARGE VALUES ('20191008KS5124601640926-ch00001','20191008KS5124601640926','2019-10-08',211.09,'Base room charge');
INSERT INTO INVOICECHARGE VALUES ('20191008KS5124601640926-ch00002','20191008KS5124601640926','2019-10-08',108.75,'Cleaning fee');
INSERT INTO PAYMENT VALUES ('20191008KS5124601640926-p00001','20191008KS5124601640926','2019-10-10','CC',319.84,'Willian Wiest','4790941788115402',2,2021,392,'Mastercard');
-- ------- SAMPLE 1758 ----------
INSERT INTO GUEST VALUES(2758,'Shaneka','Stribling','SStribling@yahoo.com','1234 DaWrong Lane','Flonkerton','MD','12345','372-765-4525');
INSERT INTO RESERVATION VALUES ('20180718KS3326379224473',2758,107,'KS','2018-07-18','2018-07-21',null,'complete');
INSERT INTO INVOICECHARGE VALUES ('20180718KS3326379224473-ch00001','20180718KS3326379224473','2018-07-18',319.84,'Base room charge');
INSERT INTO PAYMENT (payment_id,invoice_id,payment_date,payment_type,payment_amount) VALUES ('20180718KS3326379224473-p00001','20180718KS3326379224473','2018-07-20','CA',319.84);
-- ------- SAMPLE 1759 ----------
INSERT INTO GUEST VALUES(2759,'Shonda','Schult','SSchult@gmail.com','1234 DaWrong Lane','Flonkerton','MD','12345','908-635-7248');
INSERT INTO RESERVATION VALUES ('20181203QS1829598171392',2759,118,'QS','2018-12-03','2018-12-06',null,'complete');
INSERT INTO INVOICECHARGE VALUES ('20181203QS1829598171392-ch00001','20181203QS1829598171392','2018-12-03',351.83,'Base room charge');
INSERT INTO PAYMENT VALUES ('20181203QS1829598171392-p00001','20181203QS1829598171392','2018-12-05','CC',351.83,'Shonda Schult','1292053458819550',5,2023,448,'Mastercard');
-- ------- SAMPLE 1760 ----------
INSERT INTO GUEST VALUES(2760,'Lakenya','Langston','LLangston@hotmail.com','1234 DaWrong Lane','Flonkerton','MD','12345','527-605-7730');
INSERT INTO RESERVATION VALUES ('20200229KJ8126002585540',2760,203,'KJ','2020-02-29','2020-03-01',null,'complete');
INSERT INTO INVOICECHARGE VALUES ('20200229KJ8126002585540-ch00001','20200229KJ8126002585540','2020-02-29',91.48,'Base room charge');
INSERT INTO INVOICECHARGE VALUES ('20200229KJ8126002585540-ch00002','20200229KJ8126002585540','2020-02-29',47.12,'Cleaning fee');
INSERT INTO PAYMENT VALUES ('20200229KJ8126002585540-p00001','20200229KJ8126002585540','2020-03-02','CC',138.6,'Lakenya Langston','6684369928665535',6,2025,24,'Mastercard');
-- ------- SAMPLE 1761 ----------
INSERT INTO GUEST VALUES(2761,'Shena','Sandoz','SSandoz@gmail.com','1234 DaWrong Lane','Flonkerton','MD','12345','764-080-5505');
INSERT INTO RESERVATION VALUES ('20200326QD8738312004428',2761,106,'QD','2020-03-26','2020-03-31',null,'complete');
INSERT INTO INVOICECHARGE VALUES ('20200326QD8738312004428-ch00001','20200326QD8738312004428','2020-03-26',479.76,'Base room charge');
INSERT INTO PAYMENT (payment_id,invoice_id,payment_date,payment_type,payment_amount) VALUES ('20200326QD8738312004428-p00001','20200326QD8738312004428','2020-03-28','CA',479.76);
-- ------- SAMPLE 1762 ----------
INSERT INTO GUEST VALUES(2762,'Eda','Elmendorf','EElmendorf@gmail.com','1234 DaWrong Lane','Flonkerton','MD','12345','084-800-4271');
INSERT INTO RESERVATION VALUES ('20210414QD1441263973145',2762,null,'QD','2021-04-14','2021-04-17',null,'active');
INSERT INTO INVOICECHARGE VALUES ('20210414QD1441263973145-ch00001','20210414QD1441263973145','2021-04-14',189.99,'Base room charge');
INSERT INTO INVOICECHARGE VALUES ('20210414QD1441263973145-ch00002','20210414QD1441263973145','2021-04-14',97.87,'Cleaning fee');
INSERT INTO PAYMENT VALUES ('20210414QD1441263973145-p00001','20210414QD1441263973145','2021-04-16','CC',55,'Eda Elmendorf','1167465151544583',5,2026,624,'Mastercard');
-- ------- SAMPLE 1763 ----------
INSERT INTO GUEST VALUES(2763,'Shawna','Schmit','SSchmit@gmail.com','1234 DaWrong Lane','Flonkerton','MD','12345','932-250-8173');
INSERT INTO RESERVATION VALUES ('20191221QS1719062611710',2763,103,'QS','2019-12-21','2019-12-24',null,'complete');
INSERT INTO INVOICECHARGE VALUES ('20191221QS1719062611710-ch00001','20191221QS1719062611710','2019-12-21',351.83,'Base room charge');
INSERT INTO PAYMENT VALUES ('20191221QS1719062611710-p00001','20191221QS1719062611710','2019-12-23','CC',351.83,'Shawna Schmit','2236528396495731',10,2024,896,'Mastercard');
-- ------- SAMPLE 1764 ----------
INSERT INTO GUEST VALUES(2764,'Annie','Albrecht','AAlbrecht@yahoo.com','1234 DaWrong Lane','Flonkerton','MD','12345','740-105-5333');
INSERT INTO RESERVATION VALUES ('20181116KS4392189315047',2764,201,'KS','2018-11-16','2018-11-17',null,'complete');
INSERT INTO INVOICECHARGE VALUES ('20181116KS4392189315047-ch00001','20181116KS4392189315047','2018-11-16',106.61,'Base room charge');
INSERT INTO PAYMENT VALUES ('20181116KS4392189315047-p00001','20181116KS4392189315047','2018-11-18','CC',106.61,'Annie Albrecht','2470573221248738',2,2023,199,'Mastercard');
-- ------- SAMPLE 1765 ----------
INSERT INTO GUEST VALUES(2765,'Luella','Lundstrom','LLundstrom@yahoo.com','1234 DaWrong Lane','Flonkerton','MD','12345','515-295-8452');
INSERT INTO RESERVATION VALUES ('20180610KI9141783861336',2765,204,'KI','2018-06-10','2018-06-13',null,'complete');
INSERT INTO INVOICECHARGE VALUES ('20180610KI9141783861336-ch00001','20180610KI9141783861336','2018-06-10',168.87,'Base room charge');
INSERT INTO INVOICECHARGE VALUES ('20180610KI9141783861336-ch00002','20180610KI9141783861336','2018-06-10',87,'Cleaning fee');
INSERT INTO PAYMENT VALUES ('20180610KI9141783861336-p00001','20180610KI9141783861336','2018-06-12','CC',255.87,'Luella Lundstrom','9988794159172314',5,2024,349,'Mastercard');
-- ------- SAMPLE 1766 ----------
INSERT INTO GUEST VALUES(2766,'Dewey','Dye','DDye@gmail.com','1234 DaWrong Lane','Flonkerton','MD','12345','372-269-1410');
INSERT INTO RESERVATION VALUES ('20200715KI1201561459799',2766,null,'KI','2020-07-15','2020-07-18',null,'active');
INSERT INTO INVOICECHARGE VALUES ('20200715KI1201561459799-ch00001','20200715KI1201561459799','2020-07-15',255.87,'Base room charge');
INSERT INTO PAYMENT (payment_id,invoice_id,payment_date,payment_type,payment_amount) VALUES ('20200715KI1201561459799-p00001','20200715KI1201561459799','2020-07-17','CA',255.87);
-- ------- SAMPLE 1767 ----------
INSERT INTO GUEST VALUES(2767,'Deandra','Dimauro','DDimauro@gmail.com','1234 DaWrong Lane','Flonkerton','MD','12345','537-847-2640');
INSERT INTO RESERVATION VALUES ('20190215KS8497618873347',2767,112,'KS','2019-02-15','2019-02-19',null,'complete');
INSERT INTO INVOICECHARGE VALUES ('20190215KS8497618873347-ch00001','20190215KS8497618873347','2019-02-15',426.46,'Base room charge');
INSERT INTO PAYMENT VALUES ('20190215KS8497618873347-p00001','20190215KS8497618873347','2019-02-17','CC',426.46,'Deandra Dimauro','8948917002601032',4,2025,450,'Mastercard');
-- ------- SAMPLE 1768 ----------
INSERT INTO GUEST VALUES(2768,'Nena','Nunez','NNunez@hotmail.com','1234 DaWrong Lane','Flonkerton','MD','12345','530-982-1116');
INSERT INTO RESERVATION VALUES ('20210204KI2887720250540',2768,null,'KI','2021-02-04','2021-02-05',null,'active');
-- ------- SAMPLE 1769 ----------
INSERT INTO GUEST VALUES(2769,'Demarcus','Dearborn','DDearborn@hotmail.com','1234 DaWrong Lane','Flonkerton','MD','12345','514-329-0292');
INSERT INTO RESERVATION VALUES ('20191208KI1743548152509',2769,209,'KI','2019-12-08','2019-12-09',null,'complete');
INSERT INTO INVOICECHARGE VALUES ('20191208KI1743548152509-ch00001','20191208KI1743548152509','2019-12-08',85.29,'Base room charge');
INSERT INTO PAYMENT VALUES ('20191208KI1743548152509-p00001','20191208KI1743548152509','2019-12-10','CC',85.29,'Demarcus Dearborn','1091478745735349',4,2024,390,'Mastercard');
-- ------- SAMPLE 1770 ----------
INSERT INTO GUEST VALUES(2770,'Collin','Chaparro','CChaparro@hotmail.com','1234 DaWrong Lane','Flonkerton','MD','12345','711-814-9141');
INSERT INTO RESERVATION VALUES ('20190915QS9754180148866',2770,202,'QS','2019-09-15','2019-09-19',null,'complete');
INSERT INTO INVOICECHARGE VALUES ('20190915QS9754180148866-ch00001','20190915QS9754180148866','2019-09-15',309.61,'Base room charge');
INSERT INTO INVOICECHARGE VALUES ('20190915QS9754180148866-ch00002','20190915QS9754180148866','2019-09-15',159.5,'Room Service');
INSERT INTO PAYMENT VALUES ('20190915QS9754180148866-p00001','20190915QS9754180148866','2019-09-17','CC',469.11,'Collin Chaparro','8354714125575195',2,2021,282,'Mastercard');
-- ------- SAMPLE 1771 ----------
INSERT INTO GUEST VALUES(2771,'Bessie','Buhler','BBuhler@gmail.com','1234 DaWrong Lane','Flonkerton','MD','12345','748-041-5102');
INSERT INTO RESERVATION VALUES ('20180521KS5062645250042',2771,102,'KS','2018-05-21','2018-05-26',null,'complete');
INSERT INTO INVOICECHARGE VALUES ('20180521KS5062645250042-ch00001','20180521KS5062645250042','2018-05-21',533.07,'Base room charge');
INSERT INTO PAYMENT VALUES ('20180521KS5062645250042-p00001','20180521KS5062645250042','2018-05-23','CC',533.07,'Bessie Buhler','9131562347025473',3,2027,248,'Mastercard');
-- ------- SAMPLE 1772 ----------
INSERT INTO GUEST VALUES(2772,'Shonda','Schult','SSchult@yahoo.com','1234 DaWrong Lane','Flonkerton','MD','12345','876-447-3958');
INSERT INTO RESERVATION VALUES ('20190317KJ9522797459637',2772,109,'KJ','2019-03-17','2019-03-18',null,'complete');
INSERT INTO INVOICECHARGE VALUES ('20190317KJ9522797459637-ch00001','20190317KJ9522797459637','2019-03-17',91.48,'Base room charge');
INSERT INTO INVOICECHARGE VALUES ('20190317KJ9522797459637-ch00002','20190317KJ9522797459637','2019-03-17',47.12,'Cleaning fee');
INSERT INTO PAYMENT VALUES ('20190317KJ9522797459637-p00001','20190317KJ9522797459637','2019-03-19','CC',138.6,'Shonda Schult','5182053532672343',1,2022,379,'Mastercard');
-- ------- SAMPLE 1773 ----------
INSERT INTO GUEST VALUES(2773,'Selene','Staiger','SStaiger@gmail.com','1234 DaWrong Lane','Flonkerton','MD','12345','165-757-4423');
INSERT INTO RESERVATION VALUES ('20200221QD3328617232933',2773,101,'QD','2020-02-21','2020-02-25',null,'complete');
INSERT INTO INVOICECHARGE VALUES ('20200221QD3328617232933-ch00001','20200221QD3328617232933','2020-02-21',253.31,'Base room charge');
INSERT INTO INVOICECHARGE VALUES ('20200221QD3328617232933-ch00002','20200221QD3328617232933','2020-02-21',130.5,'Room Service');
INSERT INTO PAYMENT (payment_id,invoice_id,payment_date,payment_type,payment_amount) VALUES ('20200221QD3328617232933-p00001','20200221QD3328617232933','2020-02-23','CA',383.81);
-- ------- SAMPLE 1774 ----------
INSERT INTO GUEST VALUES(2774,'Antwan','Albury','AAlbury@hotmail.com','1234 DaWrong Lane','Flonkerton','MD','12345','735-537-5813');
INSERT INTO RESERVATION VALUES ('20191103KI8614505247214',2774,110,'KI','2019-11-03','2019-11-07',null,'complete');
INSERT INTO INVOICECHARGE VALUES ('20191103KI8614505247214-ch00001','20191103KI8614505247214','2019-11-03',225.17,'Base room charge');
INSERT INTO INVOICECHARGE VALUES ('20191103KI8614505247214-ch00002','20191103KI8614505247214','2019-11-03',115.99,'Room Service');
INSERT INTO PAYMENT VALUES ('20191103KI8614505247214-p00001','20191103KI8614505247214','2019-11-05','CC',341.16,'Antwan Albury','1446716197832760',1,2027,352,'Mastercard');
-- ------- SAMPLE 1775 ----------
INSERT INTO GUEST VALUES(2775,'Laraine','Lazar','LLazar@gmail.com','1234 DaWrong Lane','Flonkerton','MD','12345','200-234-4351');
INSERT INTO RESERVATION VALUES ('20200817KJ3620182474072',2775,null,'KJ','2020-08-17','2020-08-21',null,'active');
-- ------- SAMPLE 1776 ----------
INSERT INTO GUEST VALUES(2776,'Louisa','Laroque','LLaroque@gmail.com','1234 DaWrong Lane','Flonkerton','MD','12345','469-732-1745');
INSERT INTO RESERVATION VALUES ('20210320KI5355181177435',2776,null,'KI','2021-03-20','2021-03-21',null,'active');
INSERT INTO INVOICECHARGE VALUES ('20210320KI5355181177435-ch00001','20210320KI5355181177435','2021-03-20',56.29,'Base room charge');
INSERT INTO INVOICECHARGE VALUES ('20210320KI5355181177435-ch00002','20210320KI5355181177435','2021-03-20',29,'Cleaning fee');
INSERT INTO PAYMENT (payment_id,invoice_id,payment_date,payment_type,payment_amount) VALUES ('20210320KI5355181177435-p00001','20210320KI5355181177435','2021-03-22','CA',85.29);
-- ------- SAMPLE 1777 ----------
INSERT INTO GUEST VALUES(2777,'Shawn','Stefanski','SStefanski@yahoo.com','1234 DaWrong Lane','Flonkerton','MD','12345','038-507-9971');
INSERT INTO RESERVATION VALUES ('20190604QD1155905052197',2777,205,'QD','2019-06-04','2019-06-07',null,'complete');
INSERT INTO INVOICECHARGE VALUES ('20190604QD1155905052197-ch00001','20190604QD1155905052197','2019-06-04',287.86,'Base room charge');
INSERT INTO PAYMENT VALUES ('20190604QD1155905052197-p00001','20190604QD1155905052197','2019-06-06','CC',287.86,'Shawn Stefanski','5766490134251609',3,2022,874,'Mastercard');
-- ------- SAMPLE 1778 ----------
INSERT INTO GUEST VALUES(2778,'Aretha','Acy','AAcy@gmail.com','1234 DaWrong Lane','Flonkerton','MD','12345','911-993-4082');
INSERT INTO RESERVATION VALUES ('20191123QD7926049667769',2778,205,'QD','2019-11-23','2019-11-24',null,'complete');
INSERT INTO INVOICECHARGE VALUES ('20191123QD7926049667769-ch00001','20191123QD7926049667769','2019-11-23',63.33,'Base room charge');
INSERT INTO INVOICECHARGE VALUES ('20191123QD7926049667769-ch00002','20191123QD7926049667769','2019-11-23',32.62,'Cleaning fee');
INSERT INTO PAYMENT VALUES ('20191123QD7926049667769-p00001','20191123QD7926049667769','2019-11-25','CC',95.95,'Aretha Acy','9032528536324500',7,2023,879,'Mastercard');
-- ------- SAMPLE 1779 ----------
INSERT INTO GUEST VALUES(2779,'Boris','Berner','BBerner@hotmail.com','1234 DaWrong Lane','Flonkerton','MD','12345','927-474-5081');
INSERT INTO RESERVATION VALUES ('20181011QS6739208708419',2779,207,'QS','2018-10-11','2018-10-14',null,'complete');
INSERT INTO INVOICECHARGE VALUES ('20181011QS6739208708419-ch00001','20181011QS6739208708419','2018-10-11',351.83,'Base room charge');
INSERT INTO PAYMENT (payment_id,invoice_id,payment_date,payment_type,payment_amount) VALUES ('20181011QS6739208708419-p00001','20181011QS6739208708419','2018-10-13','CA',351.83);
-- ------- SAMPLE 1780 ----------
INSERT INTO GUEST VALUES(2780,'Hedwig','Hinz','HHinz@yahoo.com','1234 DaWrong Lane','Flonkerton','MD','12345','223-572-9084');
INSERT INTO RESERVATION VALUES ('20191201KS5605705334011',2780,107,'KS','2019-12-01','2019-12-02',null,'complete');
INSERT INTO INVOICECHARGE VALUES ('20191201KS5605705334011-ch00001','20191201KS5605705334011','2019-12-01',70.36,'Base room charge');
INSERT INTO INVOICECHARGE VALUES ('20191201KS5605705334011-ch00002','20191201KS5605705334011','2019-12-01',36.25,'Room Service');
INSERT INTO PAYMENT VALUES ('20191201KS5605705334011-p00001','20191201KS5605705334011','2019-12-03','CC',106.61,'Hedwig Hinz','1514423643457554',10,2022,22,'Mastercard');
-- ------- SAMPLE 1781 ----------
INSERT INTO GUEST VALUES(2781,'Reita','Rudder','RRudder@hotmail.com','1234 DaWrong Lane','Flonkerton','MD','12345','393-149-1568');
INSERT INTO RESERVATION VALUES ('20200328KS8973310202386',2781,102,'KS','2020-03-28','2020-04-02',null,'complete');
INSERT INTO INVOICECHARGE VALUES ('20200328KS8973310202386-ch00001','20200328KS8973310202386','2020-03-28',351.83,'Base room charge');
INSERT INTO INVOICECHARGE VALUES ('20200328KS8973310202386-ch00002','20200328KS8973310202386','2020-03-28',181.24,'Cleaning fee');
INSERT INTO PAYMENT VALUES ('20200328KS8973310202386-p00001','20200328KS8973310202386','2020-03-30','CC',533.07,'Reita Rudder','7867145435918779',2,2021,285,'Mastercard');
-- ------- SAMPLE 1782 ----------
INSERT INTO GUEST VALUES(2782,'Leonore','Losh','LLosh@hotmail.com','1234 DaWrong Lane','Flonkerton','MD','12345','161-396-2650');
INSERT INTO RESERVATION VALUES ('20201130QD2034108560261',2782,null,'QD','2020-11-30','2020-12-01',null,'active');
INSERT INTO INVOICECHARGE VALUES ('20201130QD2034108560261-ch00001','20201130QD2034108560261','2020-11-30',63.33,'Base room charge');
INSERT INTO INVOICECHARGE VALUES ('20201130QD2034108560261-ch00002','20201130QD2034108560261','2020-11-30',32.62,'Room Service');
INSERT INTO PAYMENT VALUES ('20201130QD2034108560261-p00001','20201130QD2034108560261','2020-12-02','CC',95.95,'Leonore Losh','3290054222190279',7,2023,91,'Mastercard');
-- ------- SAMPLE 1783 ----------
INSERT INTO GUEST VALUES(2783,'Stacie','Schupp','SSchupp@hotmail.com','1234 DaWrong Lane','Flonkerton','MD','12345','748-426-0163');
INSERT INTO RESERVATION VALUES ('20210326QS9902845105086',2783,null,'QS','2021-03-26','2021-03-27',null,'active');
INSERT INTO INVOICECHARGE VALUES ('20210326QS9902845105086-ch00001','20210326QS9902845105086','2021-03-26',77.4,'Base room charge');
INSERT INTO INVOICECHARGE VALUES ('20210326QS9902845105086-ch00002','20210326QS9902845105086','2021-03-26',39.88,'Room Service');
INSERT INTO PAYMENT (payment_id,invoice_id,payment_date,payment_type,payment_amount) VALUES ('20210326QS9902845105086-p00001','20210326QS9902845105086','2021-03-28','CA',117.28);
-- ------- SAMPLE 1784 ----------
INSERT INTO GUEST VALUES(2784,'Laraine','Lazar','LLazar@yahoo.com','1234 DaWrong Lane','Flonkerton','MD','12345','276-025-4948');
INSERT INTO RESERVATION VALUES ('20181104KI1766061332847',2784,120,'KI','2018-11-04','2018-11-09',null,'complete');
INSERT INTO INVOICECHARGE VALUES ('20181104KI1766061332847-ch00001','20181104KI1766061332847','2018-11-04',426.45,'Base room charge');
INSERT INTO PAYMENT (payment_id,invoice_id,payment_date,payment_type,payment_amount) VALUES ('20181104KI1766061332847-p00001','20181104KI1766061332847','2018-11-06','CA',426.45);
-- ------- SAMPLE 1785 ----------
INSERT INTO GUEST VALUES(2785,'Len','Linquist','LLinquist@gmail.com','1234 DaWrong Lane','Flonkerton','MD','12345','262-186-7060');
INSERT INTO RESERVATION VALUES ('20180820KJ7027846433760',2785,109,'KJ','2018-08-20','2018-08-22',null,'complete');
INSERT INTO INVOICECHARGE VALUES ('20180820KJ7027846433760-ch00001','20180820KJ7027846433760','2018-08-20',182.95,'Base room charge');
INSERT INTO INVOICECHARGE VALUES ('20180820KJ7027846433760-ch00002','20180820KJ7027846433760','2018-08-20',94.25,'Room Service');
INSERT INTO PAYMENT VALUES ('20180820KJ7027846433760-p00001','20180820KJ7027846433760','2018-08-22','CC',277.2,'Len Linquist','3385639115282724',9,2021,549,'Mastercard');
-- ------- SAMPLE 1786 ----------
INSERT INTO GUEST VALUES(2786,'Lakenya','Langston','LLangston@hotmail.com','1234 DaWrong Lane','Flonkerton','MD','12345','289-261-5947');
INSERT INTO RESERVATION VALUES ('20210228KJ6903817484970',2786,null,'KJ','2021-02-28','2021-03-02',null,'active');
-- ------- SAMPLE 1787 ----------
INSERT INTO GUEST VALUES(2787,'Kasey','Kipp','KKipp@yahoo.com','1234 DaWrong Lane','Flonkerton','MD','12345','154-057-2818');
INSERT INTO RESERVATION VALUES ('20190715KI7690402497256',2787,209,'KI','2019-07-15','2019-07-17',null,'complete');
INSERT INTO INVOICECHARGE VALUES ('20190715KI7690402497256-ch00001','20190715KI7690402497256','2019-07-15',112.58,'Base room charge');
INSERT INTO INVOICECHARGE VALUES ('20190715KI7690402497256-ch00002','20190715KI7690402497256','2019-07-15',58,'Cleaning fee');
INSERT INTO PAYMENT VALUES ('20190715KI7690402497256-p00001','20190715KI7690402497256','2019-07-17','CC',170.58,'Kasey Kipp','6875819850699551',9,2022,99,'Mastercard');
-- ------- SAMPLE 1788 ----------
INSERT INTO GUEST VALUES(2788,'Danette','Dammann','DDammann@gmail.com','1234 DaWrong Lane','Flonkerton','MD','12345','880-836-2762');
INSERT INTO RESERVATION VALUES ('20200204KJ1748858068454',2788,104,'KJ','2020-02-04','2020-02-09',null,'complete');
INSERT INTO INVOICECHARGE VALUES ('20200204KJ1748858068454-ch00001','20200204KJ1748858068454','2020-02-04',693.01,'Base room charge');
INSERT INTO PAYMENT (payment_id,invoice_id,payment_date,payment_type,payment_amount) VALUES ('20200204KJ1748858068454-p00001','20200204KJ1748858068454','2020-02-06','CA',693.01);
-- ------- SAMPLE 1789 ----------
INSERT INTO GUEST VALUES(2789,'Gwyneth','Gamber','GGamber@yahoo.com','1234 DaWrong Lane','Flonkerton','MD','12345','577-844-7621');
INSERT INTO RESERVATION VALUES ('20200106KJ7788487050929',2789,109,'KJ','2020-01-06','2020-01-10',null,'complete');
INSERT INTO INVOICECHARGE VALUES ('20200106KJ7788487050929-ch00001','20200106KJ7788487050929','2020-01-06',554.41,'Base room charge');
INSERT INTO PAYMENT VALUES ('20200106KJ7788487050929-p00001','20200106KJ7788487050929','2020-01-08','CC',554.41,'Gwyneth Gamber','9264847659847063',4,2022,445,'Mastercard');
-- ------- SAMPLE 1790 ----------
INSERT INTO GUEST VALUES(2790,'Irma','Irby','IIrby@gmail.com','1234 DaWrong Lane','Flonkerton','MD','12345','231-971-9252');
INSERT INTO RESERVATION VALUES ('20190809QD8360392174970',2790,200,'QD','2019-08-09','2019-08-12',null,'complete');
INSERT INTO INVOICECHARGE VALUES ('20190809QD8360392174970-ch00001','20190809QD8360392174970','2019-08-09',287.86,'Base room charge');
INSERT INTO PAYMENT (payment_id,invoice_id,payment_date,payment_type,payment_amount) VALUES ('20190809QD8360392174970-p00001','20190809QD8360392174970','2019-08-11','CA',287.86);
-- ------- SAMPLE 1791 ----------
INSERT INTO GUEST VALUES(2791,'Mario','Macdowell','MMacdowell@gmail.com','1234 DaWrong Lane','Flonkerton','MD','12345','595-769-4222');
INSERT INTO RESERVATION VALUES ('20200329KI9633041424748',2791,105,'KI','2020-03-29','2020-04-01',null,'complete');
INSERT INTO INVOICECHARGE VALUES ('20200329KI9633041424748-ch00001','20200329KI9633041424748','2020-03-29',168.87,'Base room charge');
INSERT INTO INVOICECHARGE VALUES ('20200329KI9633041424748-ch00002','20200329KI9633041424748','2020-03-29',87,'Room Service');
INSERT INTO PAYMENT (payment_id,invoice_id,payment_date,payment_type,payment_amount) VALUES ('20200329KI9633041424748-p00001','20200329KI9633041424748','2020-03-31','CA',255.87);
-- ------- SAMPLE 1792 ----------
INSERT INTO GUEST VALUES(2792,'Dorothea','Dipaolo','DDipaolo@gmail.com','1234 DaWrong Lane','Flonkerton','MD','12345','284-763-2410');
INSERT INTO RESERVATION VALUES ('20200816QS6010920817850',2792,null,'QS','2020-08-16','2020-08-20',null,'cancelled');
INSERT INTO INVOICECHARGE VALUES ('20200816QS6010920817850-ch00001','20200816QS6010920817850','2020-08-16',309.61,'Base room charge');
INSERT INTO INVOICECHARGE VALUES ('20200816QS6010920817850-ch00002','20200816QS6010920817850','2020-08-16',159.5,'Cleaning fee');
INSERT INTO PAYMENT VALUES ('20200816QS6010920817850-p00001','20200816QS6010920817850','2020-08-18','CC',469.11,'Dorothea Dipaolo','7731754592961096',4,2025,119,'Mastercard');
-- ------- SAMPLE 1793 ----------
INSERT INTO GUEST VALUES(2793,'Ginger','Gordillo','GGordillo@yahoo.com','1234 DaWrong Lane','Flonkerton','MD','12345','164-402-6714');
INSERT INTO RESERVATION VALUES ('20190225QS7343501365570',2793,207,'QS','2019-02-25','2019-02-28',null,'complete');
INSERT INTO INVOICECHARGE VALUES ('20190225QS7343501365570-ch00001','20190225QS7343501365570','2019-02-25',232.21,'Base room charge');
INSERT INTO INVOICECHARGE VALUES ('20190225QS7343501365570-ch00002','20190225QS7343501365570','2019-02-25',119.62,'Room Service');
INSERT INTO PAYMENT VALUES ('20190225QS7343501365570-p00001','20190225QS7343501365570','2019-02-27','CC',351.83,'Ginger Gordillo','8954319847153612',2,2027,384,'Mastercard');
-- ------- SAMPLE 1794 ----------
INSERT INTO GUEST VALUES(2794,'Doyle','Dykema','DDykema@hotmail.com','1234 DaWrong Lane','Flonkerton','MD','12345','728-519-4532');
INSERT INTO RESERVATION VALUES ('20210106KS2590873548632',2794,null,'KS','2021-01-06','2021-01-10',null,'active');
INSERT INTO INVOICECHARGE VALUES ('20210106KS2590873548632-ch00001','20210106KS2590873548632','2021-01-06',426.46,'Base room charge');
INSERT INTO PAYMENT (payment_id,invoice_id,payment_date,payment_type,payment_amount) VALUES ('20210106KS2590873548632-p00001','20210106KS2590873548632','2021-01-08','CA',223);
-- ------- SAMPLE 1795 ----------
INSERT INTO GUEST VALUES(2795,'Raven','Rybicki','RRybicki@yahoo.com','1234 DaWrong Lane','Flonkerton','MD','12345','921-809-3901');
INSERT INTO RESERVATION VALUES ('20190729QD9679416312652',2795,111,'QD','2019-07-29','2019-08-01',null,'complete');
INSERT INTO INVOICECHARGE VALUES ('20190729QD9679416312652-ch00001','20190729QD9679416312652','2019-07-29',189.99,'Base room charge');
INSERT INTO INVOICECHARGE VALUES ('20190729QD9679416312652-ch00002','20190729QD9679416312652','2019-07-29',97.87,'Cleaning fee');
INSERT INTO PAYMENT VALUES ('20190729QD9679416312652-p00001','20190729QD9679416312652','2019-07-31','CC',287.86,'Raven Rybicki','5804317532085894',4,2026,398,'Mastercard');
-- ------- SAMPLE 1796 ----------
INSERT INTO GUEST VALUES(2796,'Abdul','Ashe','AAshe@yahoo.com','1234 DaWrong Lane','Flonkerton','MD','12345','132-825-5684');
INSERT INTO RESERVATION VALUES ('20180529QD2758776340702',2796,106,'QD','2018-05-29','2018-06-03',null,'complete');
INSERT INTO INVOICECHARGE VALUES ('20180529QD2758776340702-ch00001','20180529QD2758776340702','2018-05-29',479.76,'Base room charge');
INSERT INTO PAYMENT VALUES ('20180529QD2758776340702-p00001','20180529QD2758776340702','2018-05-31','CC',479.76,'Abdul Ashe','9770399379338058',9,2021,99,'Mastercard');
-- ------- SAMPLE 1797 ----------
INSERT INTO GUEST VALUES(2797,'Alverta','Arce','AArce@gmail.com','1234 DaWrong Lane','Flonkerton','MD','12345','562-557-3497');
INSERT INTO RESERVATION VALUES ('20180920KS1459419609935',2797,102,'KS','2018-09-20','2018-09-23',null,'cancelled');
INSERT INTO INVOICECHARGE VALUES ('20180920KS1459419609935-ch00001','20180920KS1459419609935','2018-09-20',211.09,'Base room charge');
INSERT INTO INVOICECHARGE VALUES ('20180920KS1459419609935-ch00002','20180920KS1459419609935','2018-09-20',108.75,'Cleaning fee');
INSERT INTO PAYMENT VALUES ('20180920KS1459419609935-p00001','20180920KS1459419609935','2018-09-22','CC',319.84,'Alverta Arce','2490792677528032',5,2027,568,'Mastercard');
-- ------- SAMPLE 1798 ----------
INSERT INTO GUEST VALUES(2798,'Sherrie','Stultz','SStultz@gmail.com','1234 DaWrong Lane','Flonkerton','MD','12345','100-433-0232');
INSERT INTO RESERVATION VALUES ('20201111QD3963408473390',2798,null,'QD','2020-11-11','2020-11-13',null,'active');
INSERT INTO INVOICECHARGE VALUES ('20201111QD3963408473390-ch00001','20201111QD3963408473390','2020-11-11',126.65,'Base room charge');
INSERT INTO INVOICECHARGE VALUES ('20201111QD3963408473390-ch00002','20201111QD3963408473390','2020-11-11',65.25,'Room Service');
INSERT INTO PAYMENT VALUES ('20201111QD3963408473390-p00001','20201111QD3963408473390','2020-11-13','CC',82,'Sherrie Stultz','9727128240718043',1,2022,343,'Mastercard');
-- ------- SAMPLE 1799 ----------
INSERT INTO GUEST VALUES(2799,'Mario','Macdowell','MMacdowell@gmail.com','1234 DaWrong Lane','Flonkerton','MD','12345','272-228-6630');
INSERT INTO RESERVATION VALUES ('20190111KJ8264416953690',2799,119,'KJ','2019-01-11','2019-01-16',null,'complete');
INSERT INTO INVOICECHARGE VALUES ('20190111KJ8264416953690-ch00001','20190111KJ8264416953690','2019-01-11',693.01,'Base room charge');
INSERT INTO PAYMENT VALUES ('20190111KJ8264416953690-p00001','20190111KJ8264416953690','2019-01-13','CC',693.01,'Mario Macdowell','7447129687702651',2,2022,993,'Mastercard');
-- ------- SAMPLE 1800 ----------
INSERT INTO GUEST VALUES(2800,'Daron','Dycus','DDycus@hotmail.com','1234 DaWrong Lane','Flonkerton','MD','12345','712-653-1191');
INSERT INTO RESERVATION VALUES ('20190211QD8712674872694',2800,101,'QD','2019-02-11','2019-02-14',null,'complete');
INSERT INTO INVOICECHARGE VALUES ('20190211QD8712674872694-ch00001','20190211QD8712674872694','2019-02-11',189.99,'Base room charge');
INSERT INTO INVOICECHARGE VALUES ('20190211QD8712674872694-ch00002','20190211QD8712674872694','2019-02-11',97.87,'Room Service');
INSERT INTO PAYMENT (payment_id,invoice_id,payment_date,payment_type,payment_amount) VALUES ('20190211QD8712674872694-p00001','20190211QD8712674872694','2019-02-13','CA',287.86);
-- ------- SAMPLE 1801 ----------
INSERT INTO GUEST VALUES(2801,'Buffy','Beattie','BBeattie@hotmail.com','1234 DaWrong Lane','Flonkerton','MD','12345','101-582-1657');
INSERT INTO RESERVATION VALUES ('20191022QD7822620611282',2801,101,'QD','2019-10-22','2019-10-26',null,'complete');
INSERT INTO INVOICECHARGE VALUES ('20191022QD7822620611282-ch00001','20191022QD7822620611282','2019-10-22',253.31,'Base room charge');
INSERT INTO INVOICECHARGE VALUES ('20191022QD7822620611282-ch00002','20191022QD7822620611282','2019-10-22',130.5,'Room Service');
INSERT INTO PAYMENT VALUES ('20191022QD7822620611282-p00001','20191022QD7822620611282','2019-10-24','CC',383.81,'Buffy Beattie','1894846958078485',8,2025,18,'Mastercard');
-- ------- SAMPLE 1802 ----------
INSERT INTO GUEST VALUES(2802,'Jarrett','Janelle','JJanelle@gmail.com','1234 DaWrong Lane','Flonkerton','MD','12345','872-201-4576');
INSERT INTO RESERVATION VALUES ('20190914QS1770152810707',2802,118,'QS','2019-09-14','2019-09-16',null,'complete');
INSERT INTO INVOICECHARGE VALUES ('20190914QS1770152810707-ch00001','20190914QS1770152810707','2019-09-14',154.8,'Base room charge');
INSERT INTO INVOICECHARGE VALUES ('20190914QS1770152810707-ch00002','20190914QS1770152810707','2019-09-14',79.75,'Room Service');
INSERT INTO PAYMENT (payment_id,invoice_id,payment_date,payment_type,payment_amount) VALUES ('20190914QS1770152810707-p00001','20190914QS1770152810707','2019-09-16','CA',234.55);
-- ------- SAMPLE 1803 ----------
INSERT INTO GUEST VALUES(2803,'Vicky','Vanderhoff','VVanderhoff@yahoo.com','1234 DaWrong Lane','Flonkerton','MD','12345','632-976-4079');
INSERT INTO RESERVATION VALUES ('20201105QS2059203229143',2803,null,'QS','2020-11-05','2020-11-09',null,'active');
INSERT INTO INVOICECHARGE VALUES ('20201105QS2059203229143-ch00001','20201105QS2059203229143','2020-11-05',309.61,'Base room charge');
INSERT INTO INVOICECHARGE VALUES ('20201105QS2059203229143-ch00002','20201105QS2059203229143','2020-11-05',159.5,'Cleaning fee');
INSERT INTO PAYMENT VALUES ('20201105QS2059203229143-p00001','20201105QS2059203229143','2020-11-07','CC',469.11,'Vicky Vanderhoff','6095560294699820',10,2023,613,'Mastercard');
-- ------- SAMPLE 1804 ----------
INSERT INTO GUEST VALUES(2804,'Jammie','Jo','JJo@gmail.com','1234 DaWrong Lane','Flonkerton','MD','12345','469-609-2864');
INSERT INTO RESERVATION VALUES ('20180804KJ9153307028782',2804,104,'KJ','2018-08-04','2018-08-06',null,'complete');
INSERT INTO INVOICECHARGE VALUES ('20180804KJ9153307028782-ch00001','20180804KJ9153307028782','2018-08-04',182.95,'Base room charge');
INSERT INTO INVOICECHARGE VALUES ('20180804KJ9153307028782-ch00002','20180804KJ9153307028782','2018-08-04',94.25,'Cleaning fee');
INSERT INTO PAYMENT (payment_id,invoice_id,payment_date,payment_type,payment_amount) VALUES ('20180804KJ9153307028782-p00001','20180804KJ9153307028782','2018-08-06','CA',277.2);
-- ------- SAMPLE 1805 ----------
INSERT INTO GUEST VALUES(2805,'Theodora','Trickey','TTrickey@gmail.com','1234 DaWrong Lane','Flonkerton','MD','12345','160-933-2848');
INSERT INTO RESERVATION VALUES ('20200606KS4418717248594',2805,null,'KS','2020-06-06','2020-06-08',null,'active');
INSERT INTO INVOICECHARGE VALUES ('20200606KS4418717248594-ch00001','20200606KS4418717248594','2020-06-06',140.73,'Base room charge');
INSERT INTO INVOICECHARGE VALUES ('20200606KS4418717248594-ch00002','20200606KS4418717248594','2020-06-06',72.5,'Cleaning fee');
INSERT INTO PAYMENT VALUES ('20200606KS4418717248594-p00001','20200606KS4418717248594','2020-06-08','CC',213.23,'Theodora Trickey','9868108858984338',5,2021,414,'Mastercard');
-- ------- SAMPLE 1806 ----------
INSERT INTO GUEST VALUES(2806,'Dewey','Dye','DDye@hotmail.com','1234 DaWrong Lane','Flonkerton','MD','12345','861-882-4842');
INSERT INTO RESERVATION VALUES ('20191215KI8593831999180',2806,105,'KI','2019-12-15','2019-12-18',null,'complete');
INSERT INTO INVOICECHARGE VALUES ('20191215KI8593831999180-ch00001','20191215KI8593831999180','2019-12-15',255.87,'Base room charge');
INSERT INTO PAYMENT VALUES ('20191215KI8593831999180-p00001','20191215KI8593831999180','2019-12-17','CC',255.87,'Dewey Dye','4981089841771288',9,2027,931,'Mastercard');
-- ------- SAMPLE 1807 ----------
INSERT INTO GUEST VALUES(2807,'Dorothea','Dipaolo','DDipaolo@hotmail.com','1234 DaWrong Lane','Flonkerton','MD','12345','542-478-3214');
INSERT INTO RESERVATION VALUES ('20200603KS8414683833093',2807,null,'KS','2020-06-03','2020-06-05',null,'active');
-- ------- SAMPLE 1808 ----------
INSERT INTO GUEST VALUES(2808,'Melony','Mcmartin','MMcmartin@yahoo.com','1234 DaWrong Lane','Flonkerton','MD','12345','805-860-9822');
INSERT INTO RESERVATION VALUES ('20210424KJ4351460811403',2808,null,'KJ','2021-04-24','2021-04-25',null,'active');
-- ------- SAMPLE 1809 ----------
INSERT INTO GUEST VALUES(2809,'Marylynn','Musson','MMusson@gmail.com','1234 DaWrong Lane','Flonkerton','MD','12345','013-779-9301');
INSERT INTO RESERVATION VALUES ('20200727KI6618515312774',2809,null,'KI','2020-07-27','2020-07-31',null,'active');
INSERT INTO INVOICECHARGE VALUES ('20200727KI6618515312774-ch00001','20200727KI6618515312774','2020-07-27',225.17,'Base room charge');
INSERT INTO INVOICECHARGE VALUES ('20200727KI6618515312774-ch00002','20200727KI6618515312774','2020-07-27',115.99,'Cleaning fee');
INSERT INTO PAYMENT (payment_id,invoice_id,payment_date,payment_type,payment_amount) VALUES ('20200727KI6618515312774-p00001','20200727KI6618515312774','2020-07-29','CA',341.16);
-- ------- SAMPLE 1810 ----------
INSERT INTO GUEST VALUES(2810,'Adrianna','Aungst','AAungst@hotmail.com','1234 DaWrong Lane','Flonkerton','MD','12345','998-218-9412');
INSERT INTO RESERVATION VALUES ('20210415KJ8467677284300',2810,null,'KJ','2021-04-15','2021-04-20',null,'active');
INSERT INTO INVOICECHARGE VALUES ('20210415KJ8467677284300-ch00001','20210415KJ8467677284300','2021-04-15',457.39,'Base room charge');
INSERT INTO INVOICECHARGE VALUES ('20210415KJ8467677284300-ch00002','20210415KJ8467677284300','2021-04-15',235.62,'Cleaning fee');
INSERT INTO PAYMENT (payment_id,invoice_id,payment_date,payment_type,payment_amount) VALUES ('20210415KJ8467677284300-p00001','20210415KJ8467677284300','2021-04-17','CA',490);
-- ------- SAMPLE 1811 ----------
INSERT INTO GUEST VALUES(2811,'Major','Meng','MMeng@gmail.com','1234 DaWrong Lane','Flonkerton','MD','12345','579-552-5051');
INSERT INTO RESERVATION VALUES ('20200130KI4629083782086',2811,115,'KI','2020-01-30','2020-02-01',null,'complete');
INSERT INTO INVOICECHARGE VALUES ('20200130KI4629083782086-ch00001','20200130KI4629083782086','2020-01-30',170.58,'Base room charge');
INSERT INTO PAYMENT VALUES ('20200130KI4629083782086-p00001','20200130KI4629083782086','2020-02-01','CC',170.58,'Major Meng','5324013491114224',9,2025,853,'Mastercard');
-- ------- SAMPLE 1812 ----------
INSERT INTO GUEST VALUES(2812,'Eryn','Edenfield','EEdenfield@gmail.com','1234 DaWrong Lane','Flonkerton','MD','12345','418-479-3776');
INSERT INTO RESERVATION VALUES ('20191006KJ2023319263867',2812,109,'KJ','2019-10-06','2019-10-08',null,'cancelled');
INSERT INTO INVOICECHARGE VALUES ('20191006KJ2023319263867-ch00001','20191006KJ2023319263867','2019-10-06',182.95,'Base room charge');
INSERT INTO INVOICECHARGE VALUES ('20191006KJ2023319263867-ch00002','20191006KJ2023319263867','2019-10-06',94.25,'Cleaning fee');
INSERT INTO PAYMENT (payment_id,invoice_id,payment_date,payment_type,payment_amount) VALUES ('20191006KJ2023319263867-p00001','20191006KJ2023319263867','2019-10-08','CA',277.2);
-- ------- SAMPLE 1813 ----------
INSERT INTO GUEST VALUES(2813,'Margorie','Mcnish','MMcnish@yahoo.com','1234 DaWrong Lane','Flonkerton','MD','12345','455-937-4846');
INSERT INTO RESERVATION VALUES ('20191220QS4066797001230',2813,118,'QS','2019-12-20','2019-12-21',null,'complete');
INSERT INTO INVOICECHARGE VALUES ('20191220QS4066797001230-ch00001','20191220QS4066797001230','2019-12-20',77.4,'Base room charge');
INSERT INTO INVOICECHARGE VALUES ('20191220QS4066797001230-ch00002','20191220QS4066797001230','2019-12-20',39.88,'Cleaning fee');
INSERT INTO PAYMENT VALUES ('20191220QS4066797001230-p00001','20191220QS4066797001230','2019-12-22','CC',117.28,'Margorie Mcnish','7049871970762776',11,2025,633,'Mastercard');
-- ------- SAMPLE 1814 ----------
INSERT INTO GUEST VALUES(2814,'Len','Linquist','LLinquist@yahoo.com','1234 DaWrong Lane','Flonkerton','MD','12345','277-978-0541');
INSERT INTO RESERVATION VALUES ('20200125QS8531789778650',2814,207,'QS','2020-01-25','2020-01-30',null,'complete');
INSERT INTO INVOICECHARGE VALUES ('20200125QS8531789778650-ch00001','20200125QS8531789778650','2020-01-25',586.38,'Base room charge');
INSERT INTO PAYMENT VALUES ('20200125QS8531789778650-p00001','20200125QS8531789778650','2020-01-27','CC',586.38,'Len Linquist','7461886976501934',2,2024,983,'Mastercard');
-- ------- SAMPLE 1815 ----------
INSERT INTO GUEST VALUES(2815,'Ella','Evanoff','EEvanoff@yahoo.com','1234 DaWrong Lane','Flonkerton','MD','12345','930-085-6634');
INSERT INTO RESERVATION VALUES ('20190326QS4176521341231',2815,108,'QS','2019-03-26','2019-03-27',null,'cancelled');
INSERT INTO INVOICECHARGE VALUES ('20190326QS4176521341231-ch00001','20190326QS4176521341231','2019-03-26',77.4,'Base room charge');
INSERT INTO INVOICECHARGE VALUES ('20190326QS4176521341231-ch00002','20190326QS4176521341231','2019-03-26',39.88,'Cleaning fee');
INSERT INTO PAYMENT VALUES ('20190326QS4176521341231-p00001','20190326QS4176521341231','2019-03-28','CC',117.28,'Ella Evanoff','3457589484801236',6,2027,630,'Mastercard');
-- ------- SAMPLE 1816 ----------
INSERT INTO GUEST VALUES(2816,'Florentino','Feth','FFeth@gmail.com','1234 DaWrong Lane','Flonkerton','MD','12345','326-819-0596');
INSERT INTO RESERVATION VALUES ('20201008KI6080038197515',2816,null,'KI','2020-10-08','2020-10-10',null,'active');
INSERT INTO INVOICECHARGE VALUES ('20201008KI6080038197515-ch00001','20201008KI6080038197515','2020-10-08',112.58,'Base room charge');
INSERT INTO INVOICECHARGE VALUES ('20201008KI6080038197515-ch00002','20201008KI6080038197515','2020-10-08',58,'Room Service');
INSERT INTO PAYMENT VALUES ('20201008KI6080038197515-p00001','20201008KI6080038197515','2020-10-10','CC',170.58,'Florentino Feth','3544272601562001',12,2026,348,'Mastercard');
-- ------- SAMPLE 1817 ----------
INSERT INTO GUEST VALUES(2817,'Theodora','Trickey','TTrickey@gmail.com','1234 DaWrong Lane','Flonkerton','MD','12345','568-437-0867');
INSERT INTO RESERVATION VALUES ('20200303QD9745500790635',2817,205,'QD','2020-03-03','2020-03-05',null,'complete');
INSERT INTO INVOICECHARGE VALUES ('20200303QD9745500790635-ch00001','20200303QD9745500790635','2020-03-03',126.65,'Base room charge');
INSERT INTO INVOICECHARGE VALUES ('20200303QD9745500790635-ch00002','20200303QD9745500790635','2020-03-03',65.25,'Cleaning fee');
INSERT INTO PAYMENT VALUES ('20200303QD9745500790635-p00001','20200303QD9745500790635','2020-03-05','CC',191.9,'Theodora Trickey','3281308880078346',5,2026,702,'Mastercard');
-- ------- SAMPLE 1818 ----------
INSERT INTO GUEST VALUES(2818,'Joann','Joplin','JJoplin@yahoo.com','1234 DaWrong Lane','Flonkerton','MD','12345','189-747-7268');
INSERT INTO RESERVATION VALUES ('20190129QS1334046843726',2818,103,'QS','2019-01-29','2019-02-02',null,'complete');
INSERT INTO INVOICECHARGE VALUES ('20190129QS1334046843726-ch00001','20190129QS1334046843726','2019-01-29',469.11,'Base room charge');
INSERT INTO PAYMENT VALUES ('20190129QS1334046843726-p00001','20190129QS1334046843726','2019-01-31','CC',469.11,'Joann Joplin','6682778281719013',9,2023,651,'Mastercard');
-- ------- SAMPLE 1819 ----------
INSERT INTO GUEST VALUES(2819,'Shandi','Scharf','SScharf@hotmail.com','1234 DaWrong Lane','Flonkerton','MD','12345','078-918-2628');
INSERT INTO RESERVATION VALUES ('20210130QD1458315028663',2819,null,'QD','2021-01-30','2021-02-01',null,'active');
INSERT INTO INVOICECHARGE VALUES ('20210130QD1458315028663-ch00001','20210130QD1458315028663','2021-01-30',126.65,'Base room charge');
INSERT INTO INVOICECHARGE VALUES ('20210130QD1458315028663-ch00002','20210130QD1458315028663','2021-01-30',65.25,'Cleaning fee');
INSERT INTO PAYMENT (payment_id,invoice_id,payment_date,payment_type,payment_amount) VALUES ('20210130QD1458315028663-p00001','20210130QD1458315028663','2021-02-01','CA',191.9);
-- ------- SAMPLE 1820 ----------
INSERT INTO GUEST VALUES(2820,'Kaley','Kilmon','KKilmon@yahoo.com','1234 DaWrong Lane','Flonkerton','MD','12345','572-703-5961');
INSERT INTO RESERVATION VALUES ('20200910KJ7462241352203',2820,null,'KJ','2020-09-10','2020-09-12',null,'active');
INSERT INTO INVOICECHARGE VALUES ('20200910KJ7462241352203-ch00001','20200910KJ7462241352203','2020-09-10',182.95,'Base room charge');
INSERT INTO INVOICECHARGE VALUES ('20200910KJ7462241352203-ch00002','20200910KJ7462241352203','2020-09-10',94.25,'Room Service');
INSERT INTO PAYMENT (payment_id,invoice_id,payment_date,payment_type,payment_amount) VALUES ('20200910KJ7462241352203-p00001','20200910KJ7462241352203','2020-09-12','CA',277.2);
-- ------- SAMPLE 1821 ----------
INSERT INTO GUEST VALUES(2821,'Fredericka','Farney','FFarney@hotmail.com','1234 DaWrong Lane','Flonkerton','MD','12345','771-690-4344');
INSERT INTO RESERVATION VALUES ('20190529KJ3431703324313',2821,203,'KJ','2019-05-29','2019-06-01',null,'complete');
INSERT INTO INVOICECHARGE VALUES ('20190529KJ3431703324313-ch00001','20190529KJ3431703324313','2019-05-29',274.43,'Base room charge');
INSERT INTO INVOICECHARGE VALUES ('20190529KJ3431703324313-ch00002','20190529KJ3431703324313','2019-05-29',141.38,'Cleaning fee');
INSERT INTO PAYMENT VALUES ('20190529KJ3431703324313-p00001','20190529KJ3431703324313','2019-05-31','CC',415.81,'Fredericka Farney','4185473986693237',3,2022,809,'Mastercard');
-- ------- SAMPLE 1822 ----------
INSERT INTO GUEST VALUES(2822,'Daron','Dycus','DDycus@hotmail.com','1234 DaWrong Lane','Flonkerton','MD','12345','016-701-7430');
INSERT INTO RESERVATION VALUES ('20200229KJ6412527201704',2822,119,'KJ','2020-02-29','2020-03-04',null,'complete');
INSERT INTO INVOICECHARGE VALUES ('20200229KJ6412527201704-ch00001','20200229KJ6412527201704','2020-02-29',365.91,'Base room charge');
INSERT INTO INVOICECHARGE VALUES ('20200229KJ6412527201704-ch00002','20200229KJ6412527201704','2020-02-29',188.5,'Room Service');
INSERT INTO PAYMENT VALUES ('20200229KJ6412527201704-p00001','20200229KJ6412527201704','2020-03-02','CC',554.41,'Daron Dycus','7118076787930283',4,2022,100,'Mastercard');
-- ------- SAMPLE 1823 ----------
INSERT INTO GUEST VALUES(2823,'Cherry','Chiarello','CChiarello@yahoo.com','1234 DaWrong Lane','Flonkerton','MD','12345','097-819-8623');
INSERT INTO RESERVATION VALUES ('20201228QD5047608312221',2823,null,'QD','2020-12-28','2020-12-31',null,'active');
-- ------- SAMPLE 1824 ----------
INSERT INTO GUEST VALUES(2824,'Lincoln','Lattea','LLattea@gmail.com','1234 DaWrong Lane','Flonkerton','MD','12345','831-270-8108');
INSERT INTO RESERVATION VALUES ('20190512QS5192653731717',2824,207,'QS','2019-05-12','2019-05-14',null,'complete');
INSERT INTO INVOICECHARGE VALUES ('20190512QS5192653731717-ch00001','20190512QS5192653731717','2019-05-12',154.8,'Base room charge');
INSERT INTO INVOICECHARGE VALUES ('20190512QS5192653731717-ch00002','20190512QS5192653731717','2019-05-12',79.75,'Room Service');
INSERT INTO PAYMENT VALUES ('20190512QS5192653731717-p00001','20190512QS5192653731717','2019-05-14','CC',234.55,'Lincoln Lattea','9421878143159585',7,2027,419,'Mastercard');
-- ------- SAMPLE 1825 ----------
INSERT INTO GUEST VALUES(2825,'Deandra','Dimauro','DDimauro@yahoo.com','1234 DaWrong Lane','Flonkerton','MD','12345','306-760-9173');
INSERT INTO RESERVATION VALUES ('20181222QD2679047012079',2825,101,'QD','2018-12-22','2018-12-24',null,'cancelled');
INSERT INTO INVOICECHARGE VALUES ('20181222QD2679047012079-ch00001','20181222QD2679047012079','2018-12-22',191.9,'Base room charge');
INSERT INTO PAYMENT VALUES ('20181222QD2679047012079-p00001','20181222QD2679047012079','2018-12-24','CC',191.9,'Deandra Dimauro','5359435668529563',3,2022,796,'Mastercard');
-- ------- SAMPLE 1826 ----------
INSERT INTO GUEST VALUES(2826,'Missy','Mcclintock','MMcclintock@yahoo.com','1234 DaWrong Lane','Flonkerton','MD','12345','314-178-7331');
INSERT INTO RESERVATION VALUES ('20190819QD8526094667940',2826,101,'QD','2019-08-19','2019-08-23',null,'complete');
INSERT INTO INVOICECHARGE VALUES ('20190819QD8526094667940-ch00001','20190819QD8526094667940','2019-08-19',253.31,'Base room charge');
INSERT INTO INVOICECHARGE VALUES ('20190819QD8526094667940-ch00002','20190819QD8526094667940','2019-08-19',130.5,'Room Service');
INSERT INTO PAYMENT VALUES ('20190819QD8526094667940-p00001','20190819QD8526094667940','2019-08-21','CC',383.81,'Missy Mcclintock','4023511144807451',10,2027,337,'Mastercard');
-- ------- SAMPLE 1827 ----------
INSERT INTO GUEST VALUES(2827,'Elfriede','Esslinger','EEsslinger@yahoo.com','1234 DaWrong Lane','Flonkerton','MD','12345','941-413-9520');
INSERT INTO RESERVATION VALUES ('20200523KS8184943946041',2827,null,'KS','2020-05-23','2020-05-24',null,'active');
INSERT INTO INVOICECHARGE VALUES ('20200523KS8184943946041-ch00001','20200523KS8184943946041','2020-05-23',106.61,'Base room charge');
INSERT INTO PAYMENT VALUES ('20200523KS8184943946041-p00001','20200523KS8184943946041','2020-05-25','CC',106.61,'Elfriede Esslinger','1439985443724534',7,2027,685,'Mastercard');
-- ------- SAMPLE 1828 ----------
INSERT INTO GUEST VALUES(2828,'Boris','Berner','BBerner@gmail.com','1234 DaWrong Lane','Flonkerton','MD','12345','850-830-7550');
INSERT INTO RESERVATION VALUES ('20210315KI6189369721328',2828,null,'KI','2021-03-15','2021-03-19',null,'active');
INSERT INTO INVOICECHARGE VALUES ('20210315KI6189369721328-ch00001','20210315KI6189369721328','2021-03-15',341.16,'Base room charge');
INSERT INTO PAYMENT VALUES ('20210315KI6189369721328-p00001','20210315KI6189369721328','2021-03-17','CC',9,'Boris Berner','4571943608921559',11,2024,269,'Mastercard');
-- ------- SAMPLE 1829 ----------
INSERT INTO GUEST VALUES(2829,'Fonda','Foreman','FForeman@yahoo.com','1234 DaWrong Lane','Flonkerton','MD','12345','568-239-8913');
INSERT INTO RESERVATION VALUES ('20190623KS1259175757239',2829,117,'KS','2019-06-23','2019-06-24',null,'complete');
INSERT INTO INVOICECHARGE VALUES ('20190623KS1259175757239-ch00001','20190623KS1259175757239','2019-06-23',70.36,'Base room charge');
INSERT INTO INVOICECHARGE VALUES ('20190623KS1259175757239-ch00002','20190623KS1259175757239','2019-06-23',36.25,'Room Service');
INSERT INTO PAYMENT VALUES ('20190623KS1259175757239-p00001','20190623KS1259175757239','2019-06-25','CC',106.61,'Fonda Foreman','4121227443611260',11,2027,551,'Mastercard');
-- ------- SAMPLE 1830 ----------
INSERT INTO GUEST VALUES(2830,'Ginger','Gordillo','GGordillo@gmail.com','1234 DaWrong Lane','Flonkerton','MD','12345','371-936-2409');
INSERT INTO RESERVATION VALUES ('20190430KJ6175610370695',2830,119,'KJ','2019-04-30','2019-05-04',null,'cancelled');
INSERT INTO INVOICECHARGE VALUES ('20190430KJ6175610370695-ch00001','20190430KJ6175610370695','2019-04-30',554.41,'Base room charge');
INSERT INTO PAYMENT (payment_id,invoice_id,payment_date,payment_type,payment_amount) VALUES ('20190430KJ6175610370695-p00001','20190430KJ6175610370695','2019-05-02','CA',554.41);
-- ------- SAMPLE 1831 ----------
INSERT INTO GUEST VALUES(2831,'Abram','Adolph','AAdolph@hotmail.com','1234 DaWrong Lane','Flonkerton','MD','12345','629-765-8959');
INSERT INTO RESERVATION VALUES ('20190618KI4898225568026',2831,209,'KI','2019-06-18','2019-06-23',null,'complete');
INSERT INTO INVOICECHARGE VALUES ('20190618KI4898225568026-ch00001','20190618KI4898225568026','2019-06-18',281.46,'Base room charge');
INSERT INTO INVOICECHARGE VALUES ('20190618KI4898225568026-ch00002','20190618KI4898225568026','2019-06-18',144.99,'Cleaning fee');
INSERT INTO PAYMENT (payment_id,invoice_id,payment_date,payment_type,payment_amount) VALUES ('20190618KI4898225568026-p00001','20190618KI4898225568026','2019-06-20','CA',426.45);
-- ------- SAMPLE 1832 ----------
INSERT INTO GUEST VALUES(2832,'Selene','Staiger','SStaiger@yahoo.com','1234 DaWrong Lane','Flonkerton','MD','12345','061-697-8588');
INSERT INTO RESERVATION VALUES ('20200714QD6708172412481',2832,null,'QD','2020-07-14','2020-07-19',null,'active');
INSERT INTO INVOICECHARGE VALUES ('20200714QD6708172412481-ch00001','20200714QD6708172412481','2020-07-14',316.64,'Base room charge');
INSERT INTO INVOICECHARGE VALUES ('20200714QD6708172412481-ch00002','20200714QD6708172412481','2020-07-14',163.12,'Room Service');
INSERT INTO PAYMENT VALUES ('20200714QD6708172412481-p00001','20200714QD6708172412481','2020-07-16','CC',479.76,'Selene Staiger','5404012488459377',2,2026,311,'Mastercard');
-- ------- SAMPLE 1833 ----------
INSERT INTO GUEST VALUES(2833,'Shaneka','Stribling','SStribling@gmail.com','1234 DaWrong Lane','Flonkerton','MD','12345','311-616-3841');
INSERT INTO RESERVATION VALUES ('20190629QD4503194559588',2833,116,'QD','2019-06-29','2019-07-03',null,'complete');
INSERT INTO INVOICECHARGE VALUES ('20190629QD4503194559588-ch00001','20190629QD4503194559588','2019-06-29',383.81,'Base room charge');
INSERT INTO PAYMENT VALUES ('20190629QD4503194559588-p00001','20190629QD4503194559588','2019-07-01','CC',383.81,'Shaneka Stribling','3711170796939835',2,2021,688,'Mastercard');
-- ------- SAMPLE 1834 ----------
INSERT INTO GUEST VALUES(2834,'Eryn','Edenfield','EEdenfield@hotmail.com','1234 DaWrong Lane','Flonkerton','MD','12345','824-498-5766');
INSERT INTO RESERVATION VALUES ('20201016KS2205656509021',2834,null,'KS','2020-10-16','2020-10-21',null,'cancelled');
INSERT INTO INVOICECHARGE VALUES ('20201016KS2205656509021-ch00001','20201016KS2205656509021','2020-10-16',351.83,'Base room charge');
INSERT INTO INVOICECHARGE VALUES ('20201016KS2205656509021-ch00002','20201016KS2205656509021','2020-10-16',181.24,'Cleaning fee');
INSERT INTO PAYMENT VALUES ('20201016KS2205656509021-p00001','20201016KS2205656509021','2020-10-18','CC',533.07,'Eryn Edenfield','2444823648214867',8,2026,372,'Mastercard');
-- ------- SAMPLE 1835 ----------
INSERT INTO GUEST VALUES(2835,'Fiona','Figgs','FFiggs@hotmail.com','1234 DaWrong Lane','Flonkerton','MD','12345','347-259-1298');
INSERT INTO RESERVATION VALUES ('20191016KJ1429382727528',2835,119,'KJ','2019-10-16','2019-10-20',null,'complete');
INSERT INTO INVOICECHARGE VALUES ('20191016KJ1429382727528-ch00001','20191016KJ1429382727528','2019-10-16',554.41,'Base room charge');
INSERT INTO PAYMENT VALUES ('20191016KJ1429382727528-p00001','20191016KJ1429382727528','2019-10-18','CC',554.41,'Fiona Figgs','2983510545842178',8,2022,222,'Mastercard');
-- ------- SAMPLE 1836 ----------
INSERT INTO GUEST VALUES(2836,'Kasey','Kipp','KKipp@gmail.com','1234 DaWrong Lane','Flonkerton','MD','12345','245-887-3380');
INSERT INTO RESERVATION VALUES ('20190727KI7063443033862',2836,110,'KI','2019-07-27','2019-07-31',null,'complete');
INSERT INTO INVOICECHARGE VALUES ('20190727KI7063443033862-ch00001','20190727KI7063443033862','2019-07-27',341.16,'Base room charge');
INSERT INTO PAYMENT (payment_id,invoice_id,payment_date,payment_type,payment_amount) VALUES ('20190727KI7063443033862-p00001','20190727KI7063443033862','2019-07-29','CA',341.16);
-- ------- SAMPLE 1837 ----------
INSERT INTO GUEST VALUES(2837,'Francie','Fairbank','FFairbank@gmail.com','1234 DaWrong Lane','Flonkerton','MD','12345','058-347-4204');
INSERT INTO RESERVATION VALUES ('20200911QS8783326330317',2837,null,'QS','2020-09-11','2020-09-14',null,'active');
INSERT INTO INVOICECHARGE VALUES ('20200911QS8783326330317-ch00001','20200911QS8783326330317','2020-09-11',351.83,'Base room charge');
INSERT INTO PAYMENT VALUES ('20200911QS8783326330317-p00001','20200911QS8783326330317','2020-09-13','CC',351.83,'Francie Fairbank','7325217917882098',3,2022,52,'Mastercard');
-- ------- SAMPLE 1838 ----------
INSERT INTO GUEST VALUES(2838,'Lincoln','Lattea','LLattea@hotmail.com','1234 DaWrong Lane','Flonkerton','MD','12345','882-350-1497');
INSERT INTO RESERVATION VALUES ('20190222QS6524226245023',2838,207,'QS','2019-02-22','2019-02-26',null,'complete');
INSERT INTO INVOICECHARGE VALUES ('20190222QS6524226245023-ch00001','20190222QS6524226245023','2019-02-22',469.11,'Base room charge');
INSERT INTO PAYMENT (payment_id,invoice_id,payment_date,payment_type,payment_amount) VALUES ('20190222QS6524226245023-p00001','20190222QS6524226245023','2019-02-24','CA',469.11);
-- ------- SAMPLE 1839 ----------
INSERT INTO GUEST VALUES(2839,'Rosemarie','Roeser','RRoeser@yahoo.com','1234 DaWrong Lane','Flonkerton','MD','12345','035-807-3824');
INSERT INTO RESERVATION VALUES ('20180602KJ5910947526999',2839,203,'KJ','2018-06-02','2018-06-04',null,'cancelled');
INSERT INTO INVOICECHARGE VALUES ('20180602KJ5910947526999-ch00001','20180602KJ5910947526999','2018-06-02',277.2,'Base room charge');
INSERT INTO PAYMENT VALUES ('20180602KJ5910947526999-p00001','20180602KJ5910947526999','2018-06-04','CC',277.2,'Rosemarie Roeser','1132400746599365',9,2026,507,'Mastercard');
-- ------- SAMPLE 1840 ----------
INSERT INTO GUEST VALUES(2840,'Jenna','Jesse','JJesse@hotmail.com','1234 DaWrong Lane','Flonkerton','MD','12345','516-392-2646');
INSERT INTO RESERVATION VALUES ('20200920KI9074439770925',2840,null,'KI','2020-09-20','2020-09-22',null,'active');
INSERT INTO INVOICECHARGE VALUES ('20200920KI9074439770925-ch00001','20200920KI9074439770925','2020-09-20',170.58,'Base room charge');
INSERT INTO PAYMENT VALUES ('20200920KI9074439770925-p00001','20200920KI9074439770925','2020-09-22','CC',170.58,'Jenna Jesse','5074241774510896',7,2022,298,'Mastercard');
-- ------- SAMPLE 1841 ----------
INSERT INTO GUEST VALUES(2841,'Audrey','Aikens','AAikens@yahoo.com','1234 DaWrong Lane','Flonkerton','MD','12345','123-744-4218');
INSERT INTO RESERVATION VALUES ('20190307KI5721221029991',2841,115,'KI','2019-03-07','2019-03-10',null,'complete');
INSERT INTO INVOICECHARGE VALUES ('20190307KI5721221029991-ch00001','20190307KI5721221029991','2019-03-07',170.58,'Base room charge');
INSERT INTO PAYMENT VALUES ('20190307KI5721221029991-p00001','20190307KI5721221029991','2019-03-09','CC',170.58,'Audrey Aikens','1387160660458216',5,2026,568,'Mastercard');
-- ------- SAMPLE 1842 ----------
INSERT INTO GUEST VALUES(2842,'Romaine','Reck','RReck@hotmail.com','1234 DaWrong Lane','Flonkerton','MD','12345','075-879-8785');
INSERT INTO RESERVATION VALUES ('20190928QS6937287508676',2842,103,'QS','2019-09-28','2019-10-02',null,'complete');
INSERT INTO INVOICECHARGE VALUES ('20190928QS6937287508676-ch00001','20190928QS6937287508676','2019-09-28',309.61,'Base room charge');
INSERT INTO INVOICECHARGE VALUES ('20190928QS6937287508676-ch00002','20190928QS6937287508676','2019-09-28',159.5,'Cleaning fee');
INSERT INTO PAYMENT VALUES ('20190928QS6937287508676-p00001','20190928QS6937287508676','2019-09-30','CC',469.11,'Romaine Reck','8033521531857607',1,2023,377,'Mastercard');
-- ------- SAMPLE 1843 ----------
INSERT INTO GUEST VALUES(2843,'Hanna','Hastie','HHastie@gmail.com','1234 DaWrong Lane','Flonkerton','MD','12345','406-938-2655');
INSERT INTO RESERVATION VALUES ('20200224KI6779559851867',2843,110,'KI','2020-02-24','2020-02-29',null,'complete');
INSERT INTO INVOICECHARGE VALUES ('20200224KI6779559851867-ch00001','20200224KI6779559851867','2020-02-24',426.45,'Base room charge');
INSERT INTO PAYMENT VALUES ('20200224KI6779559851867-p00001','20200224KI6779559851867','2020-02-26','CC',426.45,'Hanna Hastie','1486197049427947',9,2022,934,'Mastercard');
-- ------- SAMPLE 1844 ----------
INSERT INTO GUEST VALUES(2844,'Julene','Jahn','JJahn@yahoo.com','1234 DaWrong Lane','Flonkerton','MD','12345','155-302-3551');
INSERT INTO RESERVATION VALUES ('20201005QS5618563971194',2844,null,'QS','2020-10-05','2020-10-08',null,'active');
INSERT INTO INVOICECHARGE VALUES ('20201005QS5618563971194-ch00001','20201005QS5618563971194','2020-10-05',351.83,'Base room charge');
INSERT INTO PAYMENT VALUES ('20201005QS5618563971194-p00001','20201005QS5618563971194','2020-10-07','CC',106,'Julene Jahn','6970896246129612',2,2021,551,'Mastercard');
-- ------- SAMPLE 1845 ----------
INSERT INTO GUEST VALUES(2845,'Irma','Irby','IIrby@hotmail.com','1234 DaWrong Lane','Flonkerton','MD','12345','916-921-7951');
INSERT INTO RESERVATION VALUES ('20200330KI4008387054265',2845,110,'KI','2020-03-30','2020-03-31',null,'cancelled');
INSERT INTO INVOICECHARGE VALUES ('20200330KI4008387054265-ch00001','20200330KI4008387054265','2020-03-30',85.29,'Base room charge');
INSERT INTO PAYMENT (payment_id,invoice_id,payment_date,payment_type,payment_amount) VALUES ('20200330KI4008387054265-p00001','20200330KI4008387054265','2020-04-01','CA',85.29);
-- ------- SAMPLE 1846 ----------
INSERT INTO GUEST VALUES(2846,'Corene','Carmody','CCarmody@yahoo.com','1234 DaWrong Lane','Flonkerton','MD','12345','687-212-9179');
INSERT INTO RESERVATION VALUES ('20190101KJ7927670419381',2846,114,'KJ','2019-01-01','2019-01-02',null,'complete');
INSERT INTO INVOICECHARGE VALUES ('20190101KJ7927670419381-ch00001','20190101KJ7927670419381','2019-01-01',138.6,'Base room charge');
INSERT INTO PAYMENT VALUES ('20190101KJ7927670419381-p00001','20190101KJ7927670419381','2019-01-03','CC',138.6,'Corene Carmody','1887920378213160',1,2023,777,'Mastercard');
-- ------- SAMPLE 1847 ----------
INSERT INTO GUEST VALUES(2847,'Audrey','Aikens','AAikens@hotmail.com','1234 DaWrong Lane','Flonkerton','MD','12345','447-716-2645');
INSERT INTO RESERVATION VALUES ('20200122QD2045374706223',2847,101,'QD','2020-01-22','2020-01-23',null,'complete');
INSERT INTO INVOICECHARGE VALUES ('20200122QD2045374706223-ch00001','20200122QD2045374706223','2020-01-22',95.95,'Base room charge');
INSERT INTO PAYMENT VALUES ('20200122QD2045374706223-p00001','20200122QD2045374706223','2020-01-24','CC',95.95,'Audrey Aikens','1836093429540853',4,2023,31,'Mastercard');
-- ------- SAMPLE 1848 ----------
INSERT INTO GUEST VALUES(2848,'Fleta','Fickel','FFickel@yahoo.com','1234 DaWrong Lane','Flonkerton','MD','12345','926-336-1646');
INSERT INTO RESERVATION VALUES ('20210131KI5069180074741',2848,null,'KI','2021-01-31','2021-02-04',null,'active');
INSERT INTO INVOICECHARGE VALUES ('20210131KI5069180074741-ch00001','20210131KI5069180074741','2021-01-31',341.16,'Base room charge');
INSERT INTO PAYMENT (payment_id,invoice_id,payment_date,payment_type,payment_amount) VALUES ('20210131KI5069180074741-p00001','20210131KI5069180074741','2021-02-02','CA',341.16);
-- ------- SAMPLE 1849 ----------
INSERT INTO GUEST VALUES(2849,'Stacie','Schupp','SSchupp@yahoo.com','1234 DaWrong Lane','Flonkerton','MD','12345','233-797-1604');
INSERT INTO RESERVATION VALUES ('20200610QD2450768431943',2849,null,'QD','2020-06-10','2020-06-12',null,'active');
INSERT INTO INVOICECHARGE VALUES ('20200610QD2450768431943-ch00001','20200610QD2450768431943','2020-06-10',126.65,'Base room charge');
INSERT INTO INVOICECHARGE VALUES ('20200610QD2450768431943-ch00002','20200610QD2450768431943','2020-06-10',65.25,'Room Service');
INSERT INTO PAYMENT VALUES ('20200610QD2450768431943-p00001','20200610QD2450768431943','2020-06-12','CC',191.9,'Stacie Schupp','2118620934993478',2,2027,483,'Mastercard');
-- ------- SAMPLE 1850 ----------
INSERT INTO GUEST VALUES(2850,'Reita','Rudder','RRudder@hotmail.com','1234 DaWrong Lane','Flonkerton','MD','12345','640-957-4727');
INSERT INTO RESERVATION VALUES ('20200106QS5952829616958',2850,207,'QS','2020-01-06','2020-01-11',null,'complete');
INSERT INTO INVOICECHARGE VALUES ('20200106QS5952829616958-ch00001','20200106QS5952829616958','2020-01-06',586.38,'Base room charge');
INSERT INTO PAYMENT VALUES ('20200106QS5952829616958-p00001','20200106QS5952829616958','2020-01-08','CC',586.38,'Reita Rudder','8140264416106499',2,2025,934,'Mastercard');
-- ------- SAMPLE 1851 ----------
INSERT INTO GUEST VALUES(2851,'Heather','Hartin','HHartin@hotmail.com','1234 DaWrong Lane','Flonkerton','MD','12345','816-871-8473');
INSERT INTO RESERVATION VALUES ('20190409QD4314102566184',2851,116,'QD','2019-04-09','2019-04-13',null,'complete');
INSERT INTO INVOICECHARGE VALUES ('20190409QD4314102566184-ch00001','20190409QD4314102566184','2019-04-09',253.31,'Base room charge');
INSERT INTO INVOICECHARGE VALUES ('20190409QD4314102566184-ch00002','20190409QD4314102566184','2019-04-09',130.5,'Cleaning fee');
INSERT INTO PAYMENT VALUES ('20190409QD4314102566184-p00001','20190409QD4314102566184','2019-04-11','CC',383.81,'Heather Hartin','8040324778203714',3,2027,650,'Mastercard');
-- ------- SAMPLE 1852 ----------
INSERT INTO GUEST VALUES(2852,'Ginger','Gordillo','GGordillo@gmail.com','1234 DaWrong Lane','Flonkerton','MD','12345','151-607-7458');
INSERT INTO RESERVATION VALUES ('20200829KI4771643457995',2852,null,'KI','2020-08-29','2020-09-01',null,'active');
-- ------- SAMPLE 1853 ----------
INSERT INTO GUEST VALUES(2853,'Raisa','Romito','RRomito@yahoo.com','1234 DaWrong Lane','Flonkerton','MD','12345','140-182-6877');
INSERT INTO RESERVATION VALUES ('20181213QS9786819436856',2853,113,'QS','2018-12-13','2018-12-17',null,'complete');
INSERT INTO INVOICECHARGE VALUES ('20181213QS9786819436856-ch00001','20181213QS9786819436856','2018-12-13',469.11,'Base room charge');
INSERT INTO PAYMENT VALUES ('20181213QS9786819436856-p00001','20181213QS9786819436856','2018-12-15','CC',469.11,'Raisa Romito','2386310225601806',1,2021,822,'Mastercard');
-- ------- SAMPLE 1854 ----------
INSERT INTO GUEST VALUES(2854,'James','Janey','JJaney@yahoo.com','1234 DaWrong Lane','Flonkerton','MD','12345','376-628-2259');
INSERT INTO RESERVATION VALUES ('20180830KS5615804752835',2854,112,'KS','2018-08-30','2018-09-02',null,'complete');
INSERT INTO INVOICECHARGE VALUES ('20180830KS5615804752835-ch00001','20180830KS5615804752835','2018-08-30',211.09,'Base room charge');
INSERT INTO INVOICECHARGE VALUES ('20180830KS5615804752835-ch00002','20180830KS5615804752835','2018-08-30',108.75,'Cleaning fee');
INSERT INTO PAYMENT VALUES ('20180830KS5615804752835-p00001','20180830KS5615804752835','2018-09-01','CC',319.84,'James Janey','8039720193857244',11,2023,885,'Mastercard');
-- ------- SAMPLE 1855 ----------
INSERT INTO GUEST VALUES(2855,'Maryann','Mccutcheon','MMccutcheon@gmail.com','1234 DaWrong Lane','Flonkerton','MD','12345','229-570-5266');
INSERT INTO RESERVATION VALUES ('20190813KS1960867828568',2855,201,'KS','2019-08-13','2019-08-18',null,'complete');
INSERT INTO INVOICECHARGE VALUES ('20190813KS1960867828568-ch00001','20190813KS1960867828568','2019-08-13',351.83,'Base room charge');
INSERT INTO INVOICECHARGE VALUES ('20190813KS1960867828568-ch00002','20190813KS1960867828568','2019-08-13',181.24,'Cleaning fee');
INSERT INTO PAYMENT (payment_id,invoice_id,payment_date,payment_type,payment_amount) VALUES ('20190813KS1960867828568-p00001','20190813KS1960867828568','2019-08-15','CA',533.07);
-- ------- SAMPLE 1856 ----------
INSERT INTO GUEST VALUES(2856,'Christine','Ciampa','CCiampa@gmail.com','1234 DaWrong Lane','Flonkerton','MD','12345','193-236-4665');
INSERT INTO RESERVATION VALUES ('20190508KJ1216869424964',2856,104,'KJ','2019-05-08','2019-05-10',null,'cancelled');
INSERT INTO INVOICECHARGE VALUES ('20190508KJ1216869424964-ch00001','20190508KJ1216869424964','2019-05-08',182.95,'Base room charge');
INSERT INTO INVOICECHARGE VALUES ('20190508KJ1216869424964-ch00002','20190508KJ1216869424964','2019-05-08',94.25,'Cleaning fee');
INSERT INTO PAYMENT (payment_id,invoice_id,payment_date,payment_type,payment_amount) VALUES ('20190508KJ1216869424964-p00001','20190508KJ1216869424964','2019-05-10','CA',277.2);
-- ------- SAMPLE 1857 ----------
INSERT INTO GUEST VALUES(2857,'Doyle','Dykema','DDykema@yahoo.com','1234 DaWrong Lane','Flonkerton','MD','12345','695-387-3667');
INSERT INTO RESERVATION VALUES ('20200308QD5773810434749',2857,106,'QD','2020-03-08','2020-03-09',null,'cancelled');
INSERT INTO INVOICECHARGE VALUES ('20200308QD5773810434749-ch00001','20200308QD5773810434749','2020-03-08',63.33,'Base room charge');
INSERT INTO INVOICECHARGE VALUES ('20200308QD5773810434749-ch00002','20200308QD5773810434749','2020-03-08',32.62,'Room Service');
INSERT INTO PAYMENT VALUES ('20200308QD5773810434749-p00001','20200308QD5773810434749','2020-03-10','CC',95.95,'Doyle Dykema','3207013593353238',4,2026,428,'Mastercard');
-- ------- SAMPLE 1858 ----------
INSERT INTO GUEST VALUES(2858,'Marcelino','Meisner','MMeisner@gmail.com','1234 DaWrong Lane','Flonkerton','MD','12345','434-713-4141');
INSERT INTO RESERVATION VALUES ('20201123KJ4969748593992',2858,null,'KJ','2020-11-23','2020-11-26',null,'active');
INSERT INTO INVOICECHARGE VALUES ('20201123KJ4969748593992-ch00001','20201123KJ4969748593992','2020-11-23',415.81,'Base room charge');
INSERT INTO PAYMENT (payment_id,invoice_id,payment_date,payment_type,payment_amount) VALUES ('20201123KJ4969748593992-p00001','20201123KJ4969748593992','2020-11-25','CA',179);
-- ------- SAMPLE 1859 ----------
INSERT INTO GUEST VALUES(2859,'Floy','Feinstein','FFeinstein@hotmail.com','1234 DaWrong Lane','Flonkerton','MD','12345','575-494-6134');
INSERT INTO RESERVATION VALUES ('20190115QD4887284242966',2859,200,'QD','2019-01-15','2019-01-18',null,'complete');
INSERT INTO INVOICECHARGE VALUES ('20190115QD4887284242966-ch00001','20190115QD4887284242966','2019-01-15',287.86,'Base room charge');
INSERT INTO PAYMENT VALUES ('20190115QD4887284242966-p00001','20190115QD4887284242966','2019-01-17','CC',287.86,'Floy Feinstein','1482034403396892',12,2022,393,'Mastercard');
-- ------- SAMPLE 1860 ----------
INSERT INTO GUEST VALUES(2860,'Reita','Rudder','RRudder@gmail.com','1234 DaWrong Lane','Flonkerton','MD','12345','374-215-2978');
INSERT INTO RESERVATION VALUES ('20190103QD6682536477730',2860,116,'QD','2019-01-03','2019-01-08',null,'complete');
INSERT INTO INVOICECHARGE VALUES ('20190103QD6682536477730-ch00001','20190103QD6682536477730','2019-01-03',316.64,'Base room charge');
INSERT INTO INVOICECHARGE VALUES ('20190103QD6682536477730-ch00002','20190103QD6682536477730','2019-01-03',163.12,'Cleaning fee');
INSERT INTO PAYMENT (payment_id,invoice_id,payment_date,payment_type,payment_amount) VALUES ('20190103QD6682536477730-p00001','20190103QD6682536477730','2019-01-05','CA',479.76);
-- ------- SAMPLE 1861 ----------
INSERT INTO GUEST VALUES(2861,'Audrey','Aikens','AAikens@hotmail.com','1234 DaWrong Lane','Flonkerton','MD','12345','164-286-4011');
INSERT INTO RESERVATION VALUES ('20210125KJ5492597697213',2861,null,'KJ','2021-01-25','2021-01-29',null,'active');
INSERT INTO INVOICECHARGE VALUES ('20210125KJ5492597697213-ch00001','20210125KJ5492597697213','2021-01-25',365.91,'Base room charge');
INSERT INTO INVOICECHARGE VALUES ('20210125KJ5492597697213-ch00002','20210125KJ5492597697213','2021-01-25',188.5,'Room Service');
INSERT INTO PAYMENT VALUES ('20210125KJ5492597697213-p00001','20210125KJ5492597697213','2021-01-27','CC',295,'Audrey Aikens','1612803425783606',3,2022,434,'Mastercard');
-- ------- SAMPLE 1862 ----------
INSERT INTO GUEST VALUES(2862,'Fleta','Fickel','FFickel@hotmail.com','1234 DaWrong Lane','Flonkerton','MD','12345','025-132-4388');
INSERT INTO RESERVATION VALUES ('20201111KI5575085695284',2862,null,'KI','2020-11-11','2020-11-13',null,'active');
INSERT INTO INVOICECHARGE VALUES ('20201111KI5575085695284-ch00001','20201111KI5575085695284','2020-11-11',112.58,'Base room charge');
INSERT INTO INVOICECHARGE VALUES ('20201111KI5575085695284-ch00002','20201111KI5575085695284','2020-11-11',58,'Cleaning fee');
INSERT INTO PAYMENT VALUES ('20201111KI5575085695284-p00001','20201111KI5575085695284','2020-11-13','CC',29,'Fleta Fickel','1412189442275000',11,2021,768,'Mastercard');
-- ------- SAMPLE 1863 ----------
INSERT INTO GUEST VALUES(2863,'Linwood','Layden','LLayden@yahoo.com','1234 DaWrong Lane','Flonkerton','MD','12345','945-243-6667');
INSERT INTO RESERVATION VALUES ('20200510KI3892900415844',2863,null,'KI','2020-05-10','2020-05-11',null,'active');
INSERT INTO INVOICECHARGE VALUES ('20200510KI3892900415844-ch00001','20200510KI3892900415844','2020-05-10',56.29,'Base room charge');
INSERT INTO INVOICECHARGE VALUES ('20200510KI3892900415844-ch00002','20200510KI3892900415844','2020-05-10',29,'Room Service');
INSERT INTO PAYMENT (payment_id,invoice_id,payment_date,payment_type,payment_amount) VALUES ('20200510KI3892900415844-p00001','20200510KI3892900415844','2020-05-12','CA',85.29);
-- ------- SAMPLE 1864 ----------
INSERT INTO GUEST VALUES(2864,'Sherrie','Stultz','SStultz@gmail.com','1234 DaWrong Lane','Flonkerton','MD','12345','401-385-4603');
INSERT INTO RESERVATION VALUES ('20190715KS2813090937894',2864,102,'KS','2019-07-15','2019-07-17',null,'complete');
INSERT INTO INVOICECHARGE VALUES ('20190715KS2813090937894-ch00001','20190715KS2813090937894','2019-07-15',140.73,'Base room charge');
INSERT INTO INVOICECHARGE VALUES ('20190715KS2813090937894-ch00002','20190715KS2813090937894','2019-07-15',72.5,'Room Service');
INSERT INTO PAYMENT (payment_id,invoice_id,payment_date,payment_type,payment_amount) VALUES ('20190715KS2813090937894-p00001','20190715KS2813090937894','2019-07-17','CA',213.23);
-- ------- SAMPLE 1865 ----------
INSERT INTO GUEST VALUES(2865,'Kathlyn','Kinser','KKinser@hotmail.com','1234 DaWrong Lane','Flonkerton','MD','12345','975-910-0987');
INSERT INTO RESERVATION VALUES ('20181117QD3355081762979',2865,111,'QD','2018-11-17','2018-11-21',null,'complete');
INSERT INTO INVOICECHARGE VALUES ('20181117QD3355081762979-ch00001','20181117QD3355081762979','2018-11-17',383.81,'Base room charge');
INSERT INTO PAYMENT VALUES ('20181117QD3355081762979-p00001','20181117QD3355081762979','2018-11-19','CC',383.81,'Kathlyn Kinser','3227788058685166',5,2027,408,'Mastercard');
-- ------- SAMPLE 1866 ----------
INSERT INTO GUEST VALUES(2866,'Annie','Albrecht','AAlbrecht@hotmail.com','1234 DaWrong Lane','Flonkerton','MD','12345','542-750-6983');
INSERT INTO RESERVATION VALUES ('20190209QD2423037834544',2866,200,'QD','2019-02-09','2019-02-11',null,'complete');
INSERT INTO INVOICECHARGE VALUES ('20190209QD2423037834544-ch00001','20190209QD2423037834544','2019-02-09',126.65,'Base room charge');
INSERT INTO INVOICECHARGE VALUES ('20190209QD2423037834544-ch00002','20190209QD2423037834544','2019-02-09',65.25,'Cleaning fee');
INSERT INTO PAYMENT VALUES ('20190209QD2423037834544-p00001','20190209QD2423037834544','2019-02-11','CC',191.9,'Annie Albrecht','5671559626236643',8,2026,736,'Mastercard');
-- ------- SAMPLE 1867 ----------
INSERT INTO GUEST VALUES(2867,'Irma','Irby','IIrby@gmail.com','1234 DaWrong Lane','Flonkerton','MD','12345','613-738-2760');
INSERT INTO RESERVATION VALUES ('20210402KI6475478634050',2867,null,'KI','2021-04-02','2021-04-05',null,'active');
INSERT INTO INVOICECHARGE VALUES ('20210402KI6475478634050-ch00001','20210402KI6475478634050','2021-04-02',255.87,'Base room charge');
INSERT INTO PAYMENT VALUES ('20210402KI6475478634050-p00001','20210402KI6475478634050','2021-04-04','CC',255.87,'Irma Irby','4164114093862302',3,2027,865,'Mastercard');
-- ------- SAMPLE 1868 ----------
INSERT INTO GUEST VALUES(2868,'Claribel','Catanzaro','CCatanzaro@gmail.com','1234 DaWrong Lane','Flonkerton','MD','12345','083-625-7475');
INSERT INTO RESERVATION VALUES ('20210416KJ7914103934836',2868,null,'KJ','2021-04-16','2021-04-18',null,'active');
INSERT INTO INVOICECHARGE VALUES ('20210416KJ7914103934836-ch00001','20210416KJ7914103934836','2021-04-16',182.95,'Base room charge');
INSERT INTO INVOICECHARGE VALUES ('20210416KJ7914103934836-ch00002','20210416KJ7914103934836','2021-04-16',94.25,'Room Service');
INSERT INTO PAYMENT VALUES ('20210416KJ7914103934836-p00001','20210416KJ7914103934836','2021-04-18','CC',277.2,'Claribel Catanzaro','4379214162467215',2,2024,209,'Mastercard');
-- ------- SAMPLE 1869 ----------
INSERT INTO GUEST VALUES(2869,'Clara','Crimmins','CCrimmins@yahoo.com','1234 DaWrong Lane','Flonkerton','MD','12345','722-564-5387');
INSERT INTO RESERVATION VALUES ('20190917QS3534067816926',2869,108,'QS','2019-09-17','2019-09-18',null,'complete');
INSERT INTO INVOICECHARGE VALUES ('20190917QS3534067816926-ch00001','20190917QS3534067816926','2019-09-17',77.4,'Base room charge');
INSERT INTO INVOICECHARGE VALUES ('20190917QS3534067816926-ch00002','20190917QS3534067816926','2019-09-17',39.88,'Room Service');
INSERT INTO PAYMENT VALUES ('20190917QS3534067816926-p00001','20190917QS3534067816926','2019-09-19','CC',117.28,'Clara Crimmins','2337386966486296',9,2025,799,'Mastercard');
-- ------- SAMPLE 1870 ----------
INSERT INTO GUEST VALUES(2870,'Mario','Macdowell','MMacdowell@yahoo.com','1234 DaWrong Lane','Flonkerton','MD','12345','085-096-0515');
INSERT INTO RESERVATION VALUES ('20180802QD6983005992023',2870,205,'QD','2018-08-02','2018-08-04',null,'complete');
INSERT INTO INVOICECHARGE VALUES ('20180802QD6983005992023-ch00001','20180802QD6983005992023','2018-08-02',191.9,'Base room charge');
INSERT INTO PAYMENT VALUES ('20180802QD6983005992023-p00001','20180802QD6983005992023','2018-08-04','CC',191.9,'Mario Macdowell','2863938955757684',11,2026,762,'Mastercard');
-- ------- SAMPLE 1871 ----------
INSERT INTO GUEST VALUES(2871,'Marylynn','Musson','MMusson@gmail.com','1234 DaWrong Lane','Flonkerton','MD','12345','286-220-7540');
INSERT INTO RESERVATION VALUES ('20180817KJ5314085791390',2871,104,'KJ','2018-08-17','2018-08-19',null,'complete');
INSERT INTO INVOICECHARGE VALUES ('20180817KJ5314085791390-ch00001','20180817KJ5314085791390','2018-08-17',182.95,'Base room charge');
INSERT INTO INVOICECHARGE VALUES ('20180817KJ5314085791390-ch00002','20180817KJ5314085791390','2018-08-17',94.25,'Room Service');
INSERT INTO PAYMENT VALUES ('20180817KJ5314085791390-p00001','20180817KJ5314085791390','2018-08-19','CC',277.2,'Marylynn Musson','5552220146028096',4,2023,772,'Mastercard');
-- ------- SAMPLE 1872 ----------
INSERT INTO GUEST VALUES(2872,'Kandra','Kelty','KKelty@hotmail.com','1234 DaWrong Lane','Flonkerton','MD','12345','537-489-8536');
INSERT INTO RESERVATION VALUES ('20210123QS8201015296771',2872,null,'QS','2021-01-23','2021-01-26',null,'active');
INSERT INTO INVOICECHARGE VALUES ('20210123QS8201015296771-ch00001','20210123QS8201015296771','2021-01-23',232.21,'Base room charge');
INSERT INTO INVOICECHARGE VALUES ('20210123QS8201015296771-ch00002','20210123QS8201015296771','2021-01-23',119.62,'Room Service');
INSERT INTO PAYMENT (payment_id,invoice_id,payment_date,payment_type,payment_amount) VALUES ('20210123QS8201015296771-p00001','20210123QS8201015296771','2021-01-25','CA',98);
-- ------- SAMPLE 1873 ----------
INSERT INTO GUEST VALUES(2873,'Rossana','Running','RRunning@gmail.com','1234 DaWrong Lane','Flonkerton','MD','12345','742-841-0257');
INSERT INTO RESERVATION VALUES ('20200206KJ9427979187509',2873,104,'KJ','2020-02-06','2020-02-08',null,'complete');
INSERT INTO INVOICECHARGE VALUES ('20200206KJ9427979187509-ch00001','20200206KJ9427979187509','2020-02-06',182.95,'Base room charge');
INSERT INTO INVOICECHARGE VALUES ('20200206KJ9427979187509-ch00002','20200206KJ9427979187509','2020-02-06',94.25,'Cleaning fee');
INSERT INTO PAYMENT VALUES ('20200206KJ9427979187509-p00001','20200206KJ9427979187509','2020-02-08','CC',277.2,'Rossana Running','8410836676332324',7,2025,672,'Mastercard');
-- ------- SAMPLE 1874 ----------
INSERT INTO GUEST VALUES(2874,'Demarcus','Dearborn','DDearborn@gmail.com','1234 DaWrong Lane','Flonkerton','MD','12345','799-009-1592');
INSERT INTO RESERVATION VALUES ('20180920KJ1048640121031',2874,119,'KJ','2018-09-20','2018-09-24',null,'complete');
INSERT INTO INVOICECHARGE VALUES ('20180920KJ1048640121031-ch00001','20180920KJ1048640121031','2018-09-20',554.41,'Base room charge');
INSERT INTO PAYMENT VALUES ('20180920KJ1048640121031-p00001','20180920KJ1048640121031','2018-09-22','CC',554.41,'Demarcus Dearborn','4990595179747095',2,2021,446,'Mastercard');
-- ------- SAMPLE 1875 ----------
INSERT INTO GUEST VALUES(2875,'Romelia','Rigdon','RRigdon@hotmail.com','1234 DaWrong Lane','Flonkerton','MD','12345','703-104-2629');
INSERT INTO RESERVATION VALUES ('20200921QD1028186188845',2875,null,'QD','2020-09-21','2020-09-23',null,'active');
INSERT INTO INVOICECHARGE VALUES ('20200921QD1028186188845-ch00001','20200921QD1028186188845','2020-09-21',191.9,'Base room charge');
INSERT INTO PAYMENT VALUES ('20200921QD1028186188845-p00001','20200921QD1028186188845','2020-09-23','CC',159,'Romelia Rigdon','4718412296661913',7,2021,482,'Mastercard');
-- ------- SAMPLE 1876 ----------
INSERT INTO GUEST VALUES(2876,'Delsie','Delong','DDelong@hotmail.com','1234 DaWrong Lane','Flonkerton','MD','12345','067-410-4904');
INSERT INTO RESERVATION VALUES ('20200216QD5089419190685',2876,111,'QD','2020-02-16','2020-02-20',null,'complete');
INSERT INTO INVOICECHARGE VALUES ('20200216QD5089419190685-ch00001','20200216QD5089419190685','2020-02-16',383.81,'Base room charge');
INSERT INTO PAYMENT (payment_id,invoice_id,payment_date,payment_type,payment_amount) VALUES ('20200216QD5089419190685-p00001','20200216QD5089419190685','2020-02-18','CA',383.81);
-- ------- SAMPLE 1877 ----------
INSERT INTO GUEST VALUES(2877,'Delora','Delph','DDelph@hotmail.com','1234 DaWrong Lane','Flonkerton','MD','12345','312-518-3379');
INSERT INTO RESERVATION VALUES ('20210228QS4776243568287',2877,null,'QS','2021-02-28','2021-03-05',null,'active');
INSERT INTO INVOICECHARGE VALUES ('20210228QS4776243568287-ch00001','20210228QS4776243568287','2021-02-28',586.38,'Base room charge');
INSERT INTO PAYMENT (payment_id,invoice_id,payment_date,payment_type,payment_amount) VALUES ('20210228QS4776243568287-p00001','20210228QS4776243568287','2021-03-02','CA',586.38);
-- ------- SAMPLE 1878 ----------
INSERT INTO GUEST VALUES(2878,'Piedad','Proctor','PProctor@hotmail.com','1234 DaWrong Lane','Flonkerton','MD','12345','296-026-0244');
INSERT INTO RESERVATION VALUES ('20190702KI2273331334606',2878,209,'KI','2019-07-02','2019-07-04',null,'complete');
INSERT INTO INVOICECHARGE VALUES ('20190702KI2273331334606-ch00001','20190702KI2273331334606','2019-07-02',170.58,'Base room charge');
INSERT INTO PAYMENT VALUES ('20190702KI2273331334606-p00001','20190702KI2273331334606','2019-07-04','CC',170.58,'Piedad Proctor','2442070560651722',9,2021,380,'Mastercard');
-- ------- SAMPLE 1879 ----------
INSERT INTO GUEST VALUES(2879,'Keturah','Kagawa','KKagawa@gmail.com','1234 DaWrong Lane','Flonkerton','MD','12345','842-961-9586');
INSERT INTO RESERVATION VALUES ('20190805KJ4401786084527',2879,104,'KJ','2019-08-05','2019-08-06',null,'complete');
INSERT INTO INVOICECHARGE VALUES ('20190805KJ4401786084527-ch00001','20190805KJ4401786084527','2019-08-05',138.6,'Base room charge');
INSERT INTO PAYMENT (payment_id,invoice_id,payment_date,payment_type,payment_amount) VALUES ('20190805KJ4401786084527-p00001','20190805KJ4401786084527','2019-08-07','CA',138.6);
-- ------- SAMPLE 1880 ----------
INSERT INTO GUEST VALUES(2880,'Shena','Sandoz','SSandoz@gmail.com','1234 DaWrong Lane','Flonkerton','MD','12345','221-210-9795');
INSERT INTO RESERVATION VALUES ('20200409KS7192888524615',2880,107,'KS','2020-04-09','2020-04-11',null,'complete');
INSERT INTO INVOICECHARGE VALUES ('20200409KS7192888524615-ch00001','20200409KS7192888524615','2020-04-09',140.73,'Base room charge');
INSERT INTO INVOICECHARGE VALUES ('20200409KS7192888524615-ch00002','20200409KS7192888524615','2020-04-09',72.5,'Room Service');
INSERT INTO PAYMENT VALUES ('20200409KS7192888524615-p00001','20200409KS7192888524615','2020-04-11','CC',213.23,'Shena Sandoz','4498375702941407',2,2023,717,'Mastercard');
-- ------- SAMPLE 1881 ----------
INSERT INTO GUEST VALUES(2881,'Sherryl','Shurtleff','SShurtleff@yahoo.com','1234 DaWrong Lane','Flonkerton','MD','12345','713-586-9607');
INSERT INTO RESERVATION VALUES ('20200910QD5081695914363',2881,null,'QD','2020-09-10','2020-09-12',null,'active');
INSERT INTO INVOICECHARGE VALUES ('20200910QD5081695914363-ch00001','20200910QD5081695914363','2020-09-10',191.9,'Base room charge');
INSERT INTO PAYMENT VALUES ('20200910QD5081695914363-p00001','20200910QD5081695914363','2020-09-12','CC',191.9,'Sherryl Shurtleff','5851562227306089',6,2026,424,'Mastercard');
-- ------- SAMPLE 1882 ----------
INSERT INTO GUEST VALUES(2882,'Erminia','Eckard','EEckard@gmail.com','1234 DaWrong Lane','Flonkerton','MD','12345','074-100-6069');
INSERT INTO RESERVATION VALUES ('20190208QS9738238390809',2882,202,'QS','2019-02-08','2019-02-13',null,'complete');
INSERT INTO INVOICECHARGE VALUES ('20190208QS9738238390809-ch00001','20190208QS9738238390809','2019-02-08',586.38,'Base room charge');
INSERT INTO PAYMENT (payment_id,invoice_id,payment_date,payment_type,payment_amount) VALUES ('20190208QS9738238390809-p00001','20190208QS9738238390809','2019-02-10','CA',586.38);
-- ------- SAMPLE 1883 ----------
INSERT INTO GUEST VALUES(2883,'Alverta','Arce','AArce@yahoo.com','1234 DaWrong Lane','Flonkerton','MD','12345','889-189-0464');
INSERT INTO RESERVATION VALUES ('20181219QS1108364408950',2883,207,'QS','2018-12-19','2018-12-22',null,'cancelled');
INSERT INTO INVOICECHARGE VALUES ('20181219QS1108364408950-ch00001','20181219QS1108364408950','2018-12-19',232.21,'Base room charge');
INSERT INTO INVOICECHARGE VALUES ('20181219QS1108364408950-ch00002','20181219QS1108364408950','2018-12-19',119.62,'Cleaning fee');
INSERT INTO PAYMENT (payment_id,invoice_id,payment_date,payment_type,payment_amount) VALUES ('20181219QS1108364408950-p00001','20181219QS1108364408950','2018-12-21','CA',351.83);
-- ------- SAMPLE 1884 ----------
INSERT INTO GUEST VALUES(2884,'Buford','Biddy','BBiddy@hotmail.com','1234 DaWrong Lane','Flonkerton','MD','12345','617-332-2854');
INSERT INTO RESERVATION VALUES ('20180528KJ8715680933860',2884,114,'KJ','2018-05-28','2018-05-29',null,'complete');
INSERT INTO INVOICECHARGE VALUES ('20180528KJ8715680933860-ch00001','20180528KJ8715680933860','2018-05-28',138.6,'Base room charge');
INSERT INTO PAYMENT VALUES ('20180528KJ8715680933860-p00001','20180528KJ8715680933860','2018-05-30','CC',138.6,'Buford Biddy','7159736570125873',7,2024,12,'Mastercard');
-- ------- SAMPLE 1885 ----------
INSERT INTO GUEST VALUES(2885,'Marcelino','Meisner','MMeisner@yahoo.com','1234 DaWrong Lane','Flonkerton','MD','12345','411-606-1301');
INSERT INTO RESERVATION VALUES ('20201213QS3966063687155',2885,null,'QS','2020-12-13','2020-12-15',null,'active');
INSERT INTO INVOICECHARGE VALUES ('20201213QS3966063687155-ch00001','20201213QS3966063687155','2020-12-13',154.8,'Base room charge');
INSERT INTO INVOICECHARGE VALUES ('20201213QS3966063687155-ch00002','20201213QS3966063687155','2020-12-13',79.75,'Cleaning fee');
INSERT INTO PAYMENT VALUES ('20201213QS3966063687155-p00001','20201213QS3966063687155','2020-12-15','CC',167,'Marcelino Meisner','9643610194898322',12,2024,509,'Mastercard');
-- ------- SAMPLE 1886 ----------
INSERT INTO GUEST VALUES(2886,'Irma','Irby','IIrby@yahoo.com','1234 DaWrong Lane','Flonkerton','MD','12345','967-456-6522');
INSERT INTO RESERVATION VALUES ('20210115QS8107868738370',2886,null,'QS','2021-01-15','2021-01-19',null,'active');
-- ------- SAMPLE 1887 ----------
INSERT INTO GUEST VALUES(2887,'Kenisha','Kane','KKane@hotmail.com','1234 DaWrong Lane','Flonkerton','MD','12345','104-581-2199');
INSERT INTO RESERVATION VALUES ('20190201KS1770058044382',2887,117,'KS','2019-02-01','2019-02-06',null,'complete');
INSERT INTO INVOICECHARGE VALUES ('20190201KS1770058044382-ch00001','20190201KS1770058044382','2019-02-01',533.07,'Base room charge');
INSERT INTO PAYMENT VALUES ('20190201KS1770058044382-p00001','20190201KS1770058044382','2019-02-03','CC',533.07,'Kenisha Kane','7577582804938066',6,2024,472,'Mastercard');
-- ------- SAMPLE 1888 ----------
INSERT INTO GUEST VALUES(2888,'Kaley','Kilmon','KKilmon@yahoo.com','1234 DaWrong Lane','Flonkerton','MD','12345','561-264-3600');
INSERT INTO RESERVATION VALUES ('20181021KJ4616912926292',2888,208,'KJ','2018-10-21','2018-10-25',null,'complete');
INSERT INTO INVOICECHARGE VALUES ('20181021KJ4616912926292-ch00001','20181021KJ4616912926292','2018-10-21',365.91,'Base room charge');
INSERT INTO INVOICECHARGE VALUES ('20181021KJ4616912926292-ch00002','20181021KJ4616912926292','2018-10-21',188.5,'Cleaning fee');
INSERT INTO PAYMENT (payment_id,invoice_id,payment_date,payment_type,payment_amount) VALUES ('20181021KJ4616912926292-p00001','20181021KJ4616912926292','2018-10-23','CA',554.41);
-- ------- SAMPLE 1889 ----------
INSERT INTO GUEST VALUES(2889,'Julene','Jahn','JJahn@yahoo.com','1234 DaWrong Lane','Flonkerton','MD','12345','202-667-7891');
INSERT INTO RESERVATION VALUES ('20201210KI7897729042614',2889,null,'KI','2020-12-10','2020-12-14',null,'active');
INSERT INTO INVOICECHARGE VALUES ('20201210KI7897729042614-ch00001','20201210KI7897729042614','2020-12-10',341.16,'Base room charge');
INSERT INTO PAYMENT VALUES ('20201210KI7897729042614-p00001','20201210KI7897729042614','2020-12-12','CC',341.16,'Julene Jahn','3422013997611445',5,2022,149,'Mastercard');
-- ------- SAMPLE 1890 ----------
INSERT INTO GUEST VALUES(2890,'Collin','Chaparro','CChaparro@gmail.com','1234 DaWrong Lane','Flonkerton','MD','12345','010-261-7906');
INSERT INTO RESERVATION VALUES ('20191231QS1667376887227',2890,202,'QS','2019-12-31','2020-01-04',null,'complete');
INSERT INTO INVOICECHARGE VALUES ('20191231QS1667376887227-ch00001','20191231QS1667376887227','2019-12-31',309.61,'Base room charge');
INSERT INTO INVOICECHARGE VALUES ('20191231QS1667376887227-ch00002','20191231QS1667376887227','2019-12-31',159.5,'Room Service');
INSERT INTO PAYMENT VALUES ('20191231QS1667376887227-p00001','20191231QS1667376887227','2020-01-02','CC',469.11,'Collin Chaparro','7893282251898693',4,2024,893,'Mastercard');
-- ------- SAMPLE 1891 ----------
INSERT INTO GUEST VALUES(2891,'Annie','Albrecht','AAlbrecht@hotmail.com','1234 DaWrong Lane','Flonkerton','MD','12345','719-618-1374');
INSERT INTO RESERVATION VALUES ('20190312KI6946136356566',2891,105,'KI','2019-03-12','2019-03-17',null,'complete');
INSERT INTO INVOICECHARGE VALUES ('20190312KI6946136356566-ch00001','20190312KI6946136356566','2019-03-12',281.46,'Base room charge');
INSERT INTO INVOICECHARGE VALUES ('20190312KI6946136356566-ch00002','20190312KI6946136356566','2019-03-12',144.99,'Cleaning fee');
INSERT INTO PAYMENT (payment_id,invoice_id,payment_date,payment_type,payment_amount) VALUES ('20190312KI6946136356566-p00001','20190312KI6946136356566','2019-03-14','CA',426.45);
-- ------- SAMPLE 1892 ----------
INSERT INTO GUEST VALUES(2892,'Lucius','Liles','LLiles@yahoo.com','1234 DaWrong Lane','Flonkerton','MD','12345','953-837-2161');
INSERT INTO RESERVATION VALUES ('20190701KS1161050407309',2892,201,'KS','2019-07-01','2019-07-02',null,'complete');
INSERT INTO INVOICECHARGE VALUES ('20190701KS1161050407309-ch00001','20190701KS1161050407309','2019-07-01',70.36,'Base room charge');
INSERT INTO INVOICECHARGE VALUES ('20190701KS1161050407309-ch00002','20190701KS1161050407309','2019-07-01',36.25,'Room Service');
INSERT INTO PAYMENT VALUES ('20190701KS1161050407309-p00001','20190701KS1161050407309','2019-07-03','CC',106.61,'Lucius Liles','8236920309344303',4,2022,833,'Mastercard');
-- ------- SAMPLE 1893 ----------
INSERT INTO GUEST VALUES(2893,'Aretha','Acy','AAcy@hotmail.com','1234 DaWrong Lane','Flonkerton','MD','12345','295-257-8295');
INSERT INTO RESERVATION VALUES ('20191023QS9866738528429',2893,113,'QS','2019-10-23','2019-10-27',null,'complete');
INSERT INTO INVOICECHARGE VALUES ('20191023QS9866738528429-ch00001','20191023QS9866738528429','2019-10-23',469.11,'Base room charge');
INSERT INTO PAYMENT VALUES ('20191023QS9866738528429-p00001','20191023QS9866738528429','2019-10-25','CC',469.11,'Aretha Acy','3238056017089553',7,2022,709,'Mastercard');
-- ------- SAMPLE 1894 ----------
INSERT INTO GUEST VALUES(2894,'Kathey','Kingston','KKingston@gmail.com','1234 DaWrong Lane','Flonkerton','MD','12345','165-357-7834');
INSERT INTO RESERVATION VALUES ('20181124KI2415290586626',2894,105,'KI','2018-11-24','2018-11-28',null,'complete');
INSERT INTO INVOICECHARGE VALUES ('20181124KI2415290586626-ch00001','20181124KI2415290586626','2018-11-24',341.16,'Base room charge');
INSERT INTO PAYMENT VALUES ('20181124KI2415290586626-p00001','20181124KI2415290586626','2018-11-26','CC',341.16,'Kathey Kingston','7836040080773792',7,2022,882,'Mastercard');
-- ------- SAMPLE 1895 ----------
INSERT INTO GUEST VALUES(2895,'Corene','Carmody','CCarmody@gmail.com','1234 DaWrong Lane','Flonkerton','MD','12345','091-445-5641');
INSERT INTO RESERVATION VALUES ('20181026KS5294828588683',2895,206,'KS','2018-10-26','2018-10-28',null,'complete');
INSERT INTO INVOICECHARGE VALUES ('20181026KS5294828588683-ch00001','20181026KS5294828588683','2018-10-26',213.23,'Base room charge');
INSERT INTO PAYMENT VALUES ('20181026KS5294828588683-p00001','20181026KS5294828588683','2018-10-28','CC',213.23,'Corene Carmody','1947851962463895',4,2023,144,'Mastercard');
-- ------- SAMPLE 1896 ----------
INSERT INTO GUEST VALUES(2896,'Sherrie','Stultz','SStultz@hotmail.com','1234 DaWrong Lane','Flonkerton','MD','12345','779-101-6997');
INSERT INTO RESERVATION VALUES ('20200510KJ1055973187522',2896,null,'KJ','2020-05-10','2020-05-15',null,'active');
INSERT INTO INVOICECHARGE VALUES ('20200510KJ1055973187522-ch00001','20200510KJ1055973187522','2020-05-10',693.01,'Base room charge');
INSERT INTO PAYMENT (payment_id,invoice_id,payment_date,payment_type,payment_amount) VALUES ('20200510KJ1055973187522-p00001','20200510KJ1055973187522','2020-05-12','CA',345);
-- ------- SAMPLE 1897 ----------
INSERT INTO GUEST VALUES(2897,'Tomika','Teran','TTeran@yahoo.com','1234 DaWrong Lane','Flonkerton','MD','12345','390-769-4328');
INSERT INTO RESERVATION VALUES ('20180523KJ5064154840936',2897,114,'KJ','2018-05-23','2018-05-24',null,'complete');
INSERT INTO INVOICECHARGE VALUES ('20180523KJ5064154840936-ch00001','20180523KJ5064154840936','2018-05-23',138.6,'Base room charge');
INSERT INTO PAYMENT VALUES ('20180523KJ5064154840936-p00001','20180523KJ5064154840936','2018-05-25','CC',138.6,'Tomika Teran','6084421261691755',3,2023,743,'Mastercard');
-- ------- SAMPLE 1898 ----------
INSERT INTO GUEST VALUES(2898,'Randal','Rohman','RRohman@yahoo.com','1234 DaWrong Lane','Flonkerton','MD','12345','115-631-2370');
INSERT INTO RESERVATION VALUES ('20210225KS3133752982851',2898,null,'KS','2021-02-25','2021-03-02',null,'active');
INSERT INTO INVOICECHARGE VALUES ('20210225KS3133752982851-ch00001','20210225KS3133752982851','2021-02-25',533.07,'Base room charge');
INSERT INTO PAYMENT VALUES ('20210225KS3133752982851-p00001','20210225KS3133752982851','2021-02-27','CC',533.07,'Randal Rohman','2474455507227400',10,2026,225,'Mastercard');
-- ------- SAMPLE 1899 ----------
INSERT INTO GUEST VALUES(2899,'Jenna','Jesse','JJesse@gmail.com','1234 DaWrong Lane','Flonkerton','MD','12345','877-222-6545');
INSERT INTO RESERVATION VALUES ('20181207KI2593396942179',2899,204,'KI','2018-12-07','2018-12-09',null,'complete');
INSERT INTO INVOICECHARGE VALUES ('20181207KI2593396942179-ch00001','20181207KI2593396942179','2018-12-07',170.58,'Base room charge');
INSERT INTO PAYMENT VALUES ('20181207KI2593396942179-p00001','20181207KI2593396942179','2018-12-09','CC',170.58,'Jenna Jesse','8915116840474508',3,2022,698,'Mastercard');
-- ------- SAMPLE 1900 ----------
INSERT INTO GUEST VALUES(2900,'Ngan','Nalley','NNalley@yahoo.com','1234 DaWrong Lane','Flonkerton','MD','12345','568-616-3628');
INSERT INTO RESERVATION VALUES ('20181007QS6403336537664',2900,202,'QS','2018-10-07','2018-10-10',null,'complete');
INSERT INTO INVOICECHARGE VALUES ('20181007QS6403336537664-ch00001','20181007QS6403336537664','2018-10-07',232.21,'Base room charge');
INSERT INTO INVOICECHARGE VALUES ('20181007QS6403336537664-ch00002','20181007QS6403336537664','2018-10-07',119.62,'Cleaning fee');
INSERT INTO PAYMENT VALUES ('20181007QS6403336537664-p00001','20181007QS6403336537664','2018-10-09','CC',351.83,'Ngan Nalley','4229339890936998',8,2023,151,'Mastercard');
-- ------- SAMPLE 1901 ----------
INSERT INTO GUEST VALUES(2901,'Walter','Wellington','WWellington@yahoo.com','1234 DaWrong Lane','Flonkerton','MD','12345','600-971-1836');
INSERT INTO RESERVATION VALUES ('20190602KJ3331906937231',2901,119,'KJ','2019-06-02','2019-06-03',null,'cancelled');
INSERT INTO INVOICECHARGE VALUES ('20190602KJ3331906937231-ch00001','20190602KJ3331906937231','2019-06-02',138.6,'Base room charge');
INSERT INTO PAYMENT VALUES ('20190602KJ3331906937231-p00001','20190602KJ3331906937231','2019-06-04','CC',138.6,'Walter Wellington','5139722931245110',7,2025,461,'Mastercard');
-- ------- SAMPLE 1902 ----------
INSERT INTO GUEST VALUES(2902,'Missy','Mcclintock','MMcclintock@hotmail.com','1234 DaWrong Lane','Flonkerton','MD','12345','926-149-4776');
INSERT INTO RESERVATION VALUES ('20190728KJ6347985722204',2902,114,'KJ','2019-07-28','2019-08-01',null,'complete');
INSERT INTO INVOICECHARGE VALUES ('20190728KJ6347985722204-ch00001','20190728KJ6347985722204','2019-07-28',365.91,'Base room charge');
INSERT INTO INVOICECHARGE VALUES ('20190728KJ6347985722204-ch00002','20190728KJ6347985722204','2019-07-28',188.5,'Cleaning fee');
INSERT INTO PAYMENT VALUES ('20190728KJ6347985722204-p00001','20190728KJ6347985722204','2019-07-30','CC',554.41,'Missy Mcclintock','8082696323681642',2,2023,599,'Mastercard');
-- ------- SAMPLE 1903 ----------
INSERT INTO GUEST VALUES(2903,'Claribel','Catanzaro','CCatanzaro@hotmail.com','1234 DaWrong Lane','Flonkerton','MD','12345','976-125-2891');
INSERT INTO RESERVATION VALUES ('20180902QS7930877352133',2903,113,'QS','2018-09-02','2018-09-03',null,'complete');
INSERT INTO INVOICECHARGE VALUES ('20180902QS7930877352133-ch00001','20180902QS7930877352133','2018-09-02',77.4,'Base room charge');
INSERT INTO INVOICECHARGE VALUES ('20180902QS7930877352133-ch00002','20180902QS7930877352133','2018-09-02',39.88,'Cleaning fee');
INSERT INTO PAYMENT VALUES ('20180902QS7930877352133-p00001','20180902QS7930877352133','2018-09-04','CC',117.28,'Claribel Catanzaro','8760085879497792',12,2022,988,'Mastercard');
-- ------- SAMPLE 1904 ----------
INSERT INTO GUEST VALUES(2904,'Annie','Albrecht','AAlbrecht@hotmail.com','1234 DaWrong Lane','Flonkerton','MD','12345','956-935-6932');
INSERT INTO RESERVATION VALUES ('20190701QS1094189198955',2904,113,'QS','2019-07-01','2019-07-03',null,'complete');
INSERT INTO INVOICECHARGE VALUES ('20190701QS1094189198955-ch00001','20190701QS1094189198955','2019-07-01',234.55,'Base room charge');
INSERT INTO PAYMENT VALUES ('20190701QS1094189198955-p00001','20190701QS1094189198955','2019-07-03','CC',234.55,'Annie Albrecht','7938837819195123',2,2024,900,'Mastercard');
-- ------- SAMPLE 1905 ----------
INSERT INTO GUEST VALUES(2905,'Tai','Tookes','TTookes@yahoo.com','1234 DaWrong Lane','Flonkerton','MD','12345','569-951-5626');
INSERT INTO RESERVATION VALUES ('20190128QD1468646644518',2905,111,'QD','2019-01-28','2019-01-29',null,'complete');
INSERT INTO INVOICECHARGE VALUES ('20190128QD1468646644518-ch00001','20190128QD1468646644518','2019-01-28',63.33,'Base room charge');
INSERT INTO INVOICECHARGE VALUES ('20190128QD1468646644518-ch00002','20190128QD1468646644518','2019-01-28',32.62,'Cleaning fee');
INSERT INTO PAYMENT VALUES ('20190128QD1468646644518-p00001','20190128QD1468646644518','2019-01-30','CC',95.95,'Tai Tookes','6067028715122451',11,2022,864,'Mastercard');
-- ------- SAMPLE 1906 ----------
INSERT INTO GUEST VALUES(2906,'Annie','Albrecht','AAlbrecht@hotmail.com','1234 DaWrong Lane','Flonkerton','MD','12345','962-095-0906');
INSERT INTO RESERVATION VALUES ('20191121KS2512717038498',2906,117,'KS','2019-11-21','2019-11-26',null,'complete');
INSERT INTO INVOICECHARGE VALUES ('20191121KS2512717038498-ch00001','20191121KS2512717038498','2019-11-21',533.07,'Base room charge');
INSERT INTO PAYMENT VALUES ('20191121KS2512717038498-p00001','20191121KS2512717038498','2019-11-23','CC',533.07,'Annie Albrecht','7341962947323091',2,2021,860,'Mastercard');
-- ------- SAMPLE 1907 ----------
INSERT INTO GUEST VALUES(2907,'Dewey','Dye','DDye@gmail.com','1234 DaWrong Lane','Flonkerton','MD','12345','503-068-6526');
INSERT INTO RESERVATION VALUES ('20180711QS5476453584162',2907,113,'QS','2018-07-11','2018-07-15',null,'cancelled');
INSERT INTO INVOICECHARGE VALUES ('20180711QS5476453584162-ch00001','20180711QS5476453584162','2018-07-11',469.11,'Base room charge');
INSERT INTO PAYMENT VALUES ('20180711QS5476453584162-p00001','20180711QS5476453584162','2018-07-13','CC',469.11,'Dewey Dye','3170854027936870',2,2027,913,'Mastercard');
-- ------- SAMPLE 1908 ----------
INSERT INTO GUEST VALUES(2908,'Joann','Joplin','JJoplin@gmail.com','1234 DaWrong Lane','Flonkerton','MD','12345','185-714-4620');
INSERT INTO RESERVATION VALUES ('20191020QD8543092031737',2908,106,'QD','2019-10-20','2019-10-25',null,'complete');
INSERT INTO INVOICECHARGE VALUES ('20191020QD8543092031737-ch00001','20191020QD8543092031737','2019-10-20',316.64,'Base room charge');
INSERT INTO INVOICECHARGE VALUES ('20191020QD8543092031737-ch00002','20191020QD8543092031737','2019-10-20',163.12,'Room Service');
INSERT INTO PAYMENT VALUES ('20191020QD8543092031737-p00001','20191020QD8543092031737','2019-10-22','CC',479.76,'Joann Joplin','8944932247981330',12,2024,594,'Mastercard');
-- ------- SAMPLE 1909 ----------
INSERT INTO GUEST VALUES(2909,'Rose','Royall','RRoyall@hotmail.com','1234 DaWrong Lane','Flonkerton','MD','12345','146-751-3224');
INSERT INTO RESERVATION VALUES ('20210203KS3676794633091',2909,null,'KS','2021-02-03','2021-02-04',null,'active');
INSERT INTO INVOICECHARGE VALUES ('20210203KS3676794633091-ch00001','20210203KS3676794633091','2021-02-03',70.36,'Base room charge');
INSERT INTO INVOICECHARGE VALUES ('20210203KS3676794633091-ch00002','20210203KS3676794633091','2021-02-03',36.25,'Cleaning fee');
INSERT INTO PAYMENT VALUES ('20210203KS3676794633091-p00001','20210203KS3676794633091','2021-02-05','CC',36,'Rose Royall','1455570100432580',9,2022,720,'Mastercard');
-- ------- SAMPLE 1910 ----------
INSERT INTO GUEST VALUES(2910,'Audrey','Aikens','AAikens@hotmail.com','1234 DaWrong Lane','Flonkerton','MD','12345','487-885-6487');
INSERT INTO RESERVATION VALUES ('20201003KS8156720441537',2910,null,'KS','2020-10-03','2020-10-06',null,'active');
INSERT INTO INVOICECHARGE VALUES ('20201003KS8156720441537-ch00001','20201003KS8156720441537','2020-10-03',211.09,'Base room charge');
INSERT INTO INVOICECHARGE VALUES ('20201003KS8156720441537-ch00002','20201003KS8156720441537','2020-10-03',108.75,'Cleaning fee');
INSERT INTO PAYMENT VALUES ('20201003KS8156720441537-p00001','20201003KS8156720441537','2020-10-05','CC',319.84,'Audrey Aikens','4098068995016587',5,2023,342,'Mastercard');
-- ------- SAMPLE 1911 ----------
INSERT INTO GUEST VALUES(2911,'Romelia','Rigdon','RRigdon@hotmail.com','1234 DaWrong Lane','Flonkerton','MD','12345','324-921-8929');
INSERT INTO RESERVATION VALUES ('20210211QS5925633800603',2911,null,'QS','2021-02-11','2021-02-15',null,'active');
-- ------- SAMPLE 1912 ----------
INSERT INTO GUEST VALUES(2912,'Rachell','Riser','RRiser@hotmail.com','1234 DaWrong Lane','Flonkerton','MD','12345','266-561-8994');
INSERT INTO RESERVATION VALUES ('20180723QD2652805936089',2912,200,'QD','2018-07-23','2018-07-26',null,'complete');
INSERT INTO INVOICECHARGE VALUES ('20180723QD2652805936089-ch00001','20180723QD2652805936089','2018-07-23',287.86,'Base room charge');
INSERT INTO PAYMENT VALUES ('20180723QD2652805936089-p00001','20180723QD2652805936089','2018-07-25','CC',287.86,'Rachell Riser','3249640665149168',11,2026,706,'Mastercard');
-- ------- SAMPLE 1913 ----------
INSERT INTO GUEST VALUES(2913,'Dorothea','Dipaolo','DDipaolo@hotmail.com','1234 DaWrong Lane','Flonkerton','MD','12345','527-291-1709');
INSERT INTO RESERVATION VALUES ('20210206KS5943551776689',2913,null,'KS','2021-02-06','2021-02-10',null,'active');
-- ------- SAMPLE 1914 ----------
INSERT INTO GUEST VALUES(2914,'Missy','Mcclintock','MMcclintock@yahoo.com','1234 DaWrong Lane','Flonkerton','MD','12345','842-968-3821');
INSERT INTO RESERVATION VALUES ('20180913KJ6314387634004',2914,104,'KJ','2018-09-13','2018-09-15',null,'complete');
INSERT INTO INVOICECHARGE VALUES ('20180913KJ6314387634004-ch00001','20180913KJ6314387634004','2018-09-13',277.2,'Base room charge');
INSERT INTO PAYMENT VALUES ('20180913KJ6314387634004-p00001','20180913KJ6314387634004','2018-09-15','CC',277.2,'Missy Mcclintock','2429015115223391',6,2024,35,'Mastercard');
-- ------- SAMPLE 1915 ----------
INSERT INTO GUEST VALUES(2915,'Shawna','Schmit','SSchmit@yahoo.com','1234 DaWrong Lane','Flonkerton','MD','12345','505-327-3914');
INSERT INTO RESERVATION VALUES ('20200223KI6852971508120',2915,105,'KI','2020-02-23','2020-02-28',null,'complete');
INSERT INTO INVOICECHARGE VALUES ('20200223KI6852971508120-ch00001','20200223KI6852971508120','2020-02-23',426.45,'Base room charge');
INSERT INTO PAYMENT VALUES ('20200223KI6852971508120-p00001','20200223KI6852971508120','2020-02-25','CC',426.45,'Shawna Schmit','4866755891207789',1,2021,693,'Mastercard');
-- ------- SAMPLE 1916 ----------
INSERT INTO GUEST VALUES(2916,'Malia','Molden','MMolden@gmail.com','1234 DaWrong Lane','Flonkerton','MD','12345','065-301-6404');
INSERT INTO RESERVATION VALUES ('20200903QD5646246267888',2916,null,'QD','2020-09-03','2020-09-07',null,'active');
-- ------- SAMPLE 1917 ----------
INSERT INTO GUEST VALUES(2917,'Danette','Dammann','DDammann@gmail.com','1234 DaWrong Lane','Flonkerton','MD','12345','553-058-1648');
INSERT INTO RESERVATION VALUES ('20210104KI5642878234150',2917,null,'KI','2021-01-04','2021-01-06',null,'active');
INSERT INTO INVOICECHARGE VALUES ('20210104KI5642878234150-ch00001','20210104KI5642878234150','2021-01-04',112.58,'Base room charge');
INSERT INTO INVOICECHARGE VALUES ('20210104KI5642878234150-ch00002','20210104KI5642878234150','2021-01-04',58,'Cleaning fee');
INSERT INTO PAYMENT VALUES ('20210104KI5642878234150-p00001','20210104KI5642878234150','2021-01-06','CC',39,'Danette Dammann','1693582870187565',12,2022,874,'Mastercard');
-- ------- SAMPLE 1918 ----------
INSERT INTO GUEST VALUES(2918,'Doyle','Dykema','DDykema@hotmail.com','1234 DaWrong Lane','Flonkerton','MD','12345','180-024-6060');
INSERT INTO RESERVATION VALUES ('20200806KI6386627782977',2918,null,'KI','2020-08-06','2020-08-09',null,'active');
-- ------- SAMPLE 1919 ----------
INSERT INTO GUEST VALUES(2919,'Keturah','Kagawa','KKagawa@gmail.com','1234 DaWrong Lane','Flonkerton','MD','12345','977-637-6816');
INSERT INTO RESERVATION VALUES ('20180821QS7203037706530',2919,103,'QS','2018-08-21','2018-08-22',null,'complete');
INSERT INTO INVOICECHARGE VALUES ('20180821QS7203037706530-ch00001','20180821QS7203037706530','2018-08-21',77.4,'Base room charge');
INSERT INTO INVOICECHARGE VALUES ('20180821QS7203037706530-ch00002','20180821QS7203037706530','2018-08-21',39.88,'Room Service');
INSERT INTO PAYMENT (payment_id,invoice_id,payment_date,payment_type,payment_amount) VALUES ('20180821QS7203037706530-p00001','20180821QS7203037706530','2018-08-23','CA',117.28);
-- ------- SAMPLE 1920 ----------
INSERT INTO GUEST VALUES(2920,'Joann','Joplin','JJoplin@hotmail.com','1234 DaWrong Lane','Flonkerton','MD','12345','264-007-6994');
INSERT INTO RESERVATION VALUES ('20200310QD8457798561623',2920,205,'QD','2020-03-10','2020-03-15',null,'complete');
INSERT INTO INVOICECHARGE VALUES ('20200310QD8457798561623-ch00001','20200310QD8457798561623','2020-03-10',316.64,'Base room charge');
INSERT INTO INVOICECHARGE VALUES ('20200310QD8457798561623-ch00002','20200310QD8457798561623','2020-03-10',163.12,'Cleaning fee');
INSERT INTO PAYMENT VALUES ('20200310QD8457798561623-p00001','20200310QD8457798561623','2020-03-12','CC',479.76,'Joann Joplin','7796142100658942',5,2021,592,'Mastercard');
-- ------- SAMPLE 1921 ----------
INSERT INTO GUEST VALUES(2921,'Leanora','Locke','LLocke@yahoo.com','1234 DaWrong Lane','Flonkerton','MD','12345','267-231-6214');
INSERT INTO RESERVATION VALUES ('20190109QD9778158977991',2921,205,'QD','2019-01-09','2019-01-14',null,'complete');
INSERT INTO INVOICECHARGE VALUES ('20190109QD9778158977991-ch00001','20190109QD9778158977991','2019-01-09',316.64,'Base room charge');
INSERT INTO INVOICECHARGE VALUES ('20190109QD9778158977991-ch00002','20190109QD9778158977991','2019-01-09',163.12,'Cleaning fee');
INSERT INTO PAYMENT (payment_id,invoice_id,payment_date,payment_type,payment_amount) VALUES ('20190109QD9778158977991-p00001','20190109QD9778158977991','2019-01-11','CA',479.76);
-- ------- SAMPLE 1922 ----------
INSERT INTO GUEST VALUES(2922,'Pearlene','Priestly','PPriestly@yahoo.com','1234 DaWrong Lane','Flonkerton','MD','12345','311-318-7457');
INSERT INTO RESERVATION VALUES ('20210214KJ4762689062662',2922,null,'KJ','2021-02-14','2021-02-17',null,'active');
INSERT INTO INVOICECHARGE VALUES ('20210214KJ4762689062662-ch00001','20210214KJ4762689062662','2021-02-14',415.81,'Base room charge');
INSERT INTO PAYMENT VALUES ('20210214KJ4762689062662-p00001','20210214KJ4762689062662','2021-02-16','CC',415.81,'Pearlene Priestly','8837600335704086',7,2026,373,'Mastercard');
-- ------- SAMPLE 1923 ----------
INSERT INTO GUEST VALUES(2923,'Audrey','Aikens','AAikens@gmail.com','1234 DaWrong Lane','Flonkerton','MD','12345','726-068-7272');
INSERT INTO RESERVATION VALUES ('20200607KJ7151790545248',2923,null,'KJ','2020-06-07','2020-06-11',null,'active');
-- ------- SAMPLE 1924 ----------
INSERT INTO GUEST VALUES(2924,'Fredericka','Farney','FFarney@gmail.com','1234 DaWrong Lane','Flonkerton','MD','12345','571-231-2314');
INSERT INTO RESERVATION VALUES ('20190426KS1575074774906',2924,107,'KS','2019-04-26','2019-04-28',null,'complete');
INSERT INTO INVOICECHARGE VALUES ('20190426KS1575074774906-ch00001','20190426KS1575074774906','2019-04-26',140.73,'Base room charge');
INSERT INTO INVOICECHARGE VALUES ('20190426KS1575074774906-ch00002','20190426KS1575074774906','2019-04-26',72.5,'Cleaning fee');
INSERT INTO PAYMENT VALUES ('20190426KS1575074774906-p00001','20190426KS1575074774906','2019-04-28','CC',213.23,'Fredericka Farney','3799550169592215',12,2027,388,'Mastercard');
-- ------- SAMPLE 1925 ----------
INSERT INTO GUEST VALUES(2925,'Raisa','Romito','RRomito@hotmail.com','1234 DaWrong Lane','Flonkerton','MD','12345','417-257-2982');
INSERT INTO RESERVATION VALUES ('20201018KI6665231077295',2925,null,'KI','2020-10-18','2020-10-21',null,'active');
INSERT INTO INVOICECHARGE VALUES ('20201018KI6665231077295-ch00001','20201018KI6665231077295','2020-10-18',168.87,'Base room charge');
INSERT INTO INVOICECHARGE VALUES ('20201018KI6665231077295-ch00002','20201018KI6665231077295','2020-10-18',87,'Cleaning fee');
INSERT INTO PAYMENT VALUES ('20201018KI6665231077295-p00001','20201018KI6665231077295','2020-10-20','CC',255.87,'Raisa Romito','9401105296275225',3,2027,365,'Mastercard');
-- ------- SAMPLE 1926 ----------
INSERT INTO GUEST VALUES(2926,'Buffy','Beattie','BBeattie@gmail.com','1234 DaWrong Lane','Flonkerton','MD','12345','831-034-9450');
INSERT INTO RESERVATION VALUES ('20190830KS1183089532973',2926,107,'KS','2019-08-30','2019-09-02',null,'complete');
INSERT INTO INVOICECHARGE VALUES ('20190830KS1183089532973-ch00001','20190830KS1183089532973','2019-08-30',319.84,'Base room charge');
INSERT INTO PAYMENT (payment_id,invoice_id,payment_date,payment_type,payment_amount) VALUES ('20190830KS1183089532973-p00001','20190830KS1183089532973','2019-09-01','CA',319.84);
-- ------- SAMPLE 1927 ----------
INSERT INTO GUEST VALUES(2927,'Katerine','Kawakami','KKawakami@yahoo.com','1234 DaWrong Lane','Flonkerton','MD','12345','916-380-4026');
INSERT INTO RESERVATION VALUES ('20190920KJ9343708170941',2927,208,'KJ','2019-09-20','2019-09-21',null,'complete');
INSERT INTO INVOICECHARGE VALUES ('20190920KJ9343708170941-ch00001','20190920KJ9343708170941','2019-09-20',91.48,'Base room charge');
INSERT INTO INVOICECHARGE VALUES ('20190920KJ9343708170941-ch00002','20190920KJ9343708170941','2019-09-20',47.12,'Cleaning fee');
INSERT INTO PAYMENT VALUES ('20190920KJ9343708170941-p00001','20190920KJ9343708170941','2019-09-22','CC',138.6,'Katerine Kawakami','4936419505346043',11,2027,523,'Mastercard');
-- ------- SAMPLE 1928 ----------
INSERT INTO GUEST VALUES(2928,'Stan','Schnell','SSchnell@yahoo.com','1234 DaWrong Lane','Flonkerton','MD','12345','603-390-3337');
INSERT INTO RESERVATION VALUES ('20190301KI1100330303246',2928,120,'KI','2019-03-01','2019-03-02',null,'complete');
INSERT INTO INVOICECHARGE VALUES ('20190301KI1100330303246-ch00001','20190301KI1100330303246','2019-03-01',56.29,'Base room charge');
INSERT INTO INVOICECHARGE VALUES ('20190301KI1100330303246-ch00002','20190301KI1100330303246','2019-03-01',29,'Cleaning fee');
INSERT INTO PAYMENT (payment_id,invoice_id,payment_date,payment_type,payment_amount) VALUES ('20190301KI1100330303246-p00001','20190301KI1100330303246','2019-03-03','CA',85.29);
-- ------- SAMPLE 1929 ----------
INSERT INTO GUEST VALUES(2929,'Jenna','Jesse','JJesse@hotmail.com','1234 DaWrong Lane','Flonkerton','MD','12345','275-712-8295');
INSERT INTO RESERVATION VALUES ('20181220QS7601018134778',2929,108,'QS','2018-12-20','2018-12-21',null,'complete');
INSERT INTO INVOICECHARGE VALUES ('20181220QS7601018134778-ch00001','20181220QS7601018134778','2018-12-20',117.28,'Base room charge');
INSERT INTO PAYMENT VALUES ('20181220QS7601018134778-p00001','20181220QS7601018134778','2018-12-22','CC',117.28,'Jenna Jesse','9881780856733494',2,2024,343,'Mastercard');
-- ------- SAMPLE 1930 ----------
INSERT INTO GUEST VALUES(2930,'Stacie','Schupp','SSchupp@yahoo.com','1234 DaWrong Lane','Flonkerton','MD','12345','710-357-1175');
INSERT INTO RESERVATION VALUES ('20180527QD2262790094574',2930,101,'QD','2018-05-27','2018-05-31',null,'complete');
INSERT INTO INVOICECHARGE VALUES ('20180527QD2262790094574-ch00001','20180527QD2262790094574','2018-05-27',253.31,'Base room charge');
INSERT INTO INVOICECHARGE VALUES ('20180527QD2262790094574-ch00002','20180527QD2262790094574','2018-05-27',130.5,'Cleaning fee');
INSERT INTO PAYMENT VALUES ('20180527QD2262790094574-p00001','20180527QD2262790094574','2018-05-29','CC',383.81,'Stacie Schupp','1230379726448204',9,2023,95,'Mastercard');
-- ------- SAMPLE 1931 ----------
INSERT INTO GUEST VALUES(2931,'Melony','Mcmartin','MMcmartin@hotmail.com','1234 DaWrong Lane','Flonkerton','MD','12345','404-927-0812');
INSERT INTO RESERVATION VALUES ('20210210KS8674913328160',2931,null,'KS','2021-02-10','2021-02-11',null,'active');
INSERT INTO INVOICECHARGE VALUES ('20210210KS8674913328160-ch00001','20210210KS8674913328160','2021-02-10',106.61,'Base room charge');
INSERT INTO PAYMENT (payment_id,invoice_id,payment_date,payment_type,payment_amount) VALUES ('20210210KS8674913328160-p00001','20210210KS8674913328160','2021-02-12','CA',106.61);
-- ------- SAMPLE 1932 ----------
INSERT INTO GUEST VALUES(2932,'Lincoln','Lattea','LLattea@gmail.com','1234 DaWrong Lane','Flonkerton','MD','12345','771-428-2064');
INSERT INTO RESERVATION VALUES ('20200528QS3856129991261',2932,null,'QS','2020-05-28','2020-05-30',null,'active');
INSERT INTO INVOICECHARGE VALUES ('20200528QS3856129991261-ch00001','20200528QS3856129991261','2020-05-28',234.55,'Base room charge');
INSERT INTO PAYMENT VALUES ('20200528QS3856129991261-p00001','20200528QS3856129991261','2020-05-30','CC',234.55,'Lincoln Lattea','5275489708608263',7,2026,166,'Mastercard');
-- ------- SAMPLE 1933 ----------
INSERT INTO GUEST VALUES(2933,'Lynda','Linda','LLinda@gmail.com','1234 DaWrong Lane','Flonkerton','MD','12345','221-341-2704');
INSERT INTO RESERVATION VALUES ('20201218KI3390052947666',2933,null,'KI','2020-12-18','2020-12-19',null,'active');
INSERT INTO INVOICECHARGE VALUES ('20201218KI3390052947666-ch00001','20201218KI3390052947666','2020-12-18',85.29,'Base room charge');
INSERT INTO PAYMENT VALUES ('20201218KI3390052947666-p00001','20201218KI3390052947666','2020-12-20','CC',85.29,'Lynda Linda','9127388125611073',4,2026,677,'Mastercard');
-- ------- SAMPLE 1934 ----------
INSERT INTO GUEST VALUES(2934,'Pearlene','Priestly','PPriestly@gmail.com','1234 DaWrong Lane','Flonkerton','MD','12345','406-344-9591');
INSERT INTO RESERVATION VALUES ('20190522KJ6690056414921',2934,104,'KJ','2019-05-22','2019-05-23',null,'complete');
INSERT INTO INVOICECHARGE VALUES ('20190522KJ6690056414921-ch00001','20190522KJ6690056414921','2019-05-22',91.48,'Base room charge');
INSERT INTO INVOICECHARGE VALUES ('20190522KJ6690056414921-ch00002','20190522KJ6690056414921','2019-05-22',47.12,'Room Service');
INSERT INTO PAYMENT VALUES ('20190522KJ6690056414921-p00001','20190522KJ6690056414921','2019-05-24','CC',138.6,'Pearlene Priestly','8188928808041372',8,2022,688,'Mastercard');
-- ------- SAMPLE 1935 ----------
INSERT INTO GUEST VALUES(2935,'Fonda','Foreman','FForeman@hotmail.com','1234 DaWrong Lane','Flonkerton','MD','12345','649-619-3573');
INSERT INTO RESERVATION VALUES ('20180609QS5054763247213',2935,103,'QS','2018-06-09','2018-06-14',null,'complete');
INSERT INTO INVOICECHARGE VALUES ('20180609QS5054763247213-ch00001','20180609QS5054763247213','2018-06-09',586.38,'Base room charge');
INSERT INTO PAYMENT (payment_id,invoice_id,payment_date,payment_type,payment_amount) VALUES ('20180609QS5054763247213-p00001','20180609QS5054763247213','2018-06-11','CA',586.38);
-- ------- SAMPLE 1936 ----------
INSERT INTO GUEST VALUES(2936,'Lorean','Loden','LLoden@gmail.com','1234 DaWrong Lane','Flonkerton','MD','12345','982-593-4571');
INSERT INTO RESERVATION VALUES ('20181102KS2873366923339',2936,102,'KS','2018-11-02','2018-11-06',null,'complete');
INSERT INTO INVOICECHARGE VALUES ('20181102KS2873366923339-ch00001','20181102KS2873366923339','2018-11-02',426.46,'Base room charge');
INSERT INTO PAYMENT VALUES ('20181102KS2873366923339-p00001','20181102KS2873366923339','2018-11-04','CC',426.46,'Lorean Loden','6128218344534842',3,2027,265,'Mastercard');
-- ------- SAMPLE 1937 ----------
INSERT INTO GUEST VALUES(2937,'Abel','Alire','AAlire@hotmail.com','1234 DaWrong Lane','Flonkerton','MD','12345','410-250-9206');
INSERT INTO RESERVATION VALUES ('20190603KJ6049674085274',2937,104,'KJ','2019-06-03','2019-06-05',null,'complete');
INSERT INTO INVOICECHARGE VALUES ('20190603KJ6049674085274-ch00001','20190603KJ6049674085274','2019-06-03',277.2,'Base room charge');
INSERT INTO PAYMENT VALUES ('20190603KJ6049674085274-p00001','20190603KJ6049674085274','2019-06-05','CC',277.2,'Abel Alire','3198763441323603',9,2021,136,'Mastercard');
-- ------- SAMPLE 1938 ----------
INSERT INTO GUEST VALUES(2938,'Danette','Dammann','DDammann@hotmail.com','1234 DaWrong Lane','Flonkerton','MD','12345','922-650-6006');
INSERT INTO RESERVATION VALUES ('20201108QS7632570746748',2938,null,'QS','2020-11-08','2020-11-13',null,'active');
-- ------- SAMPLE 1939 ----------
INSERT INTO GUEST VALUES(2939,'Floy','Feinstein','FFeinstein@yahoo.com','1234 DaWrong Lane','Flonkerton','MD','12345','309-891-0714');
INSERT INTO RESERVATION VALUES ('20200515KS9820113037762',2939,null,'KS','2020-05-15','2020-05-19',null,'active');
INSERT INTO INVOICECHARGE VALUES ('20200515KS9820113037762-ch00001','20200515KS9820113037762','2020-05-15',281.46,'Base room charge');
INSERT INTO INVOICECHARGE VALUES ('20200515KS9820113037762-ch00002','20200515KS9820113037762','2020-05-15',145,'Cleaning fee');
INSERT INTO PAYMENT VALUES ('20200515KS9820113037762-p00001','20200515KS9820113037762','2020-05-17','CC',426.46,'Floy Feinstein','4081907685571981',8,2026,720,'Mastercard');
-- ------- SAMPLE 1940 ----------
INSERT INTO GUEST VALUES(2940,'Bell','Belizaire','BBelizaire@gmail.com','1234 DaWrong Lane','Flonkerton','MD','12345','966-238-3242');
INSERT INTO RESERVATION VALUES ('20181120KS9000387562033',2940,102,'KS','2018-11-20','2018-11-25',null,'cancelled');
INSERT INTO INVOICECHARGE VALUES ('20181120KS9000387562033-ch00001','20181120KS9000387562033','2018-11-20',533.07,'Base room charge');
INSERT INTO PAYMENT (payment_id,invoice_id,payment_date,payment_type,payment_amount) VALUES ('20181120KS9000387562033-p00001','20181120KS9000387562033','2018-11-22','CA',533.07);
-- ------- SAMPLE 1941 ----------
INSERT INTO GUEST VALUES(2941,'Maryann','Mccutcheon','MMccutcheon@yahoo.com','1234 DaWrong Lane','Flonkerton','MD','12345','571-181-2593');
INSERT INTO RESERVATION VALUES ('20210128QD8449014550622',2941,null,'QD','2021-01-28','2021-02-02',null,'active');
INSERT INTO INVOICECHARGE VALUES ('20210128QD8449014550622-ch00001','20210128QD8449014550622','2021-01-28',316.64,'Base room charge');
INSERT INTO INVOICECHARGE VALUES ('20210128QD8449014550622-ch00002','20210128QD8449014550622','2021-01-28',163.12,'Room Service');
INSERT INTO PAYMENT VALUES ('20210128QD8449014550622-p00001','20210128QD8449014550622','2021-01-30','CC',479.76,'Maryann Mccutcheon','2938731398169957',6,2021,573,'Mastercard');
-- ------- SAMPLE 1942 ----------
INSERT INTO GUEST VALUES(2942,'Mario','Macdowell','MMacdowell@hotmail.com','1234 DaWrong Lane','Flonkerton','MD','12345','389-060-8724');
INSERT INTO RESERVATION VALUES ('20180525KJ3891570770090',2942,119,'KJ','2018-05-25','2018-05-29',null,'complete');
INSERT INTO INVOICECHARGE VALUES ('20180525KJ3891570770090-ch00001','20180525KJ3891570770090','2018-05-25',365.91,'Base room charge');
INSERT INTO INVOICECHARGE VALUES ('20180525KJ3891570770090-ch00002','20180525KJ3891570770090','2018-05-25',188.5,'Room Service');
INSERT INTO PAYMENT VALUES ('20180525KJ3891570770090-p00001','20180525KJ3891570770090','2018-05-27','CC',554.41,'Mario Macdowell','5296747516031906',12,2024,712,'Mastercard');
-- ------- SAMPLE 1943 ----------
INSERT INTO GUEST VALUES(2943,'Anita','Amezcua','AAmezcua@yahoo.com','1234 DaWrong Lane','Flonkerton','MD','12345','148-502-9283');
INSERT INTO RESERVATION VALUES ('20180717QD9281517672890',2943,205,'QD','2018-07-17','2018-07-21',null,'cancelled');
INSERT INTO INVOICECHARGE VALUES ('20180717QD9281517672890-ch00001','20180717QD9281517672890','2018-07-17',253.31,'Base room charge');
INSERT INTO INVOICECHARGE VALUES ('20180717QD9281517672890-ch00002','20180717QD9281517672890','2018-07-17',130.5,'Room Service');
INSERT INTO PAYMENT (payment_id,invoice_id,payment_date,payment_type,payment_amount) VALUES ('20180717QD9281517672890-p00001','20180717QD9281517672890','2018-07-19','CA',383.81);
-- ------- SAMPLE 1944 ----------
INSERT INTO GUEST VALUES(2944,'Annie','Albrecht','AAlbrecht@gmail.com','1234 DaWrong Lane','Flonkerton','MD','12345','406-452-8795');
INSERT INTO RESERVATION VALUES ('20200301KJ6770790120646',2944,114,'KJ','2020-03-01','2020-03-05',null,'complete');
INSERT INTO INVOICECHARGE VALUES ('20200301KJ6770790120646-ch00001','20200301KJ6770790120646','2020-03-01',554.41,'Base room charge');
INSERT INTO PAYMENT (payment_id,invoice_id,payment_date,payment_type,payment_amount) VALUES ('20200301KJ6770790120646-p00001','20200301KJ6770790120646','2020-03-03','CA',554.41);
-- ------- SAMPLE 1945 ----------
INSERT INTO GUEST VALUES(2945,'Gwyneth','Gamber','GGamber@hotmail.com','1234 DaWrong Lane','Flonkerton','MD','12345','459-312-1942');
INSERT INTO RESERVATION VALUES ('20180928QS1961267797557',2945,202,'QS','2018-09-28','2018-10-03',null,'complete');
INSERT INTO INVOICECHARGE VALUES ('20180928QS1961267797557-ch00001','20180928QS1961267797557','2018-09-28',586.38,'Base room charge');
INSERT INTO PAYMENT VALUES ('20180928QS1961267797557-p00001','20180928QS1961267797557','2018-09-30','CC',586.38,'Gwyneth Gamber','4298505803875726',3,2021,325,'Mastercard');
-- ------- SAMPLE 1946 ----------
INSERT INTO GUEST VALUES(2946,'Gwyneth','Gamber','GGamber@gmail.com','1234 DaWrong Lane','Flonkerton','MD','12345','888-800-9584');
INSERT INTO RESERVATION VALUES ('20190502QS2072255559991',2946,207,'QS','2019-05-02','2019-05-07',null,'complete');
INSERT INTO INVOICECHARGE VALUES ('20190502QS2072255559991-ch00001','20190502QS2072255559991','2019-05-02',586.38,'Base room charge');
INSERT INTO PAYMENT (payment_id,invoice_id,payment_date,payment_type,payment_amount) VALUES ('20190502QS2072255559991-p00001','20190502QS2072255559991','2019-05-04','CA',586.38);
-- ------- SAMPLE 1947 ----------
INSERT INTO GUEST VALUES(2947,'Bradley','Bently','BBently@yahoo.com','1234 DaWrong Lane','Flonkerton','MD','12345','111-669-2742');
INSERT INTO RESERVATION VALUES ('20201129KJ6295042691888',2947,null,'KJ','2020-11-29','2020-11-30',null,'active');
INSERT INTO INVOICECHARGE VALUES ('20201129KJ6295042691888-ch00001','20201129KJ6295042691888','2020-11-29',91.48,'Base room charge');
INSERT INTO INVOICECHARGE VALUES ('20201129KJ6295042691888-ch00002','20201129KJ6295042691888','2020-11-29',47.12,'Cleaning fee');
INSERT INTO PAYMENT VALUES ('20201129KJ6295042691888-p00001','20201129KJ6295042691888','2020-12-01','CC',73,'Bradley Bently','7397380015067593',10,2023,76,'Mastercard');
-- ------- SAMPLE 1948 ----------
INSERT INTO GUEST VALUES(2948,'Dane','Dumond','DDumond@gmail.com','1234 DaWrong Lane','Flonkerton','MD','12345','599-035-3549');
INSERT INTO RESERVATION VALUES ('20190612KS7223003728408',2948,201,'KS','2019-06-12','2019-06-17',null,'complete');
INSERT INTO INVOICECHARGE VALUES ('20190612KS7223003728408-ch00001','20190612KS7223003728408','2019-06-12',533.07,'Base room charge');
INSERT INTO PAYMENT (payment_id,invoice_id,payment_date,payment_type,payment_amount) VALUES ('20190612KS7223003728408-p00001','20190612KS7223003728408','2019-06-14','CA',533.07);
-- ------- SAMPLE 1949 ----------
INSERT INTO GUEST VALUES(2949,'Yuette','Yetman','YYetman@gmail.com','1234 DaWrong Lane','Flonkerton','MD','12345','157-019-3309');
INSERT INTO RESERVATION VALUES ('20200906QD9003488543224',2949,null,'QD','2020-09-06','2020-09-10',null,'active');
-- ------- SAMPLE 1950 ----------
INSERT INTO GUEST VALUES(2950,'Fonda','Foreman','FForeman@hotmail.com','1234 DaWrong Lane','Flonkerton','MD','12345','999-284-7704');
INSERT INTO RESERVATION VALUES ('20190511QD1365799877086',2950,205,'QD','2019-05-11','2019-05-14',null,'complete');
INSERT INTO INVOICECHARGE VALUES ('20190511QD1365799877086-ch00001','20190511QD1365799877086','2019-05-11',287.86,'Base room charge');
INSERT INTO PAYMENT VALUES ('20190511QD1365799877086-p00001','20190511QD1365799877086','2019-05-13','CC',287.86,'Fonda Foreman','8920012646801636',2,2024,602,'Mastercard');
-- ------- SAMPLE 1951 ----------
INSERT INTO GUEST VALUES(2951,'Dewey','Dye','DDye@yahoo.com','1234 DaWrong Lane','Flonkerton','MD','12345','096-433-3850');
INSERT INTO RESERVATION VALUES ('20191010KI4583055792022',2951,110,'KI','2019-10-10','2019-10-11',null,'complete');
INSERT INTO INVOICECHARGE VALUES ('20191010KI4583055792022-ch00001','20191010KI4583055792022','2019-10-10',56.29,'Base room charge');
INSERT INTO INVOICECHARGE VALUES ('20191010KI4583055792022-ch00002','20191010KI4583055792022','2019-10-10',29,'Room Service');
INSERT INTO PAYMENT (payment_id,invoice_id,payment_date,payment_type,payment_amount) VALUES ('20191010KI4583055792022-p00001','20191010KI4583055792022','2019-10-12','CA',85.29);
-- ------- SAMPLE 1952 ----------
INSERT INTO GUEST VALUES(2952,'Demarcus','Dearborn','DDearborn@gmail.com','1234 DaWrong Lane','Flonkerton','MD','12345','325-284-7310');
INSERT INTO RESERVATION VALUES ('20200706KS8664546422026',2952,null,'KS','2020-07-06','2020-07-10',null,'cancelled');
INSERT INTO INVOICECHARGE VALUES ('20200706KS8664546422026-ch00001','20200706KS8664546422026','2020-07-06',281.46,'Base room charge');
INSERT INTO INVOICECHARGE VALUES ('20200706KS8664546422026-ch00002','20200706KS8664546422026','2020-07-06',145,'Room Service');
INSERT INTO PAYMENT VALUES ('20200706KS8664546422026-p00001','20200706KS8664546422026','2020-07-08','CC',426.46,'Demarcus Dearborn','6496112283157783',11,2023,363,'Mastercard');
-- ------- SAMPLE 1953 ----------
INSERT INTO GUEST VALUES(2953,'Walker','Weatherhead','WWeatherhead@yahoo.com','1234 DaWrong Lane','Flonkerton','MD','12345','043-295-3083');
INSERT INTO RESERVATION VALUES ('20190426KJ9472198705147',2953,109,'KJ','2019-04-26','2019-05-01',null,'complete');
INSERT INTO INVOICECHARGE VALUES ('20190426KJ9472198705147-ch00001','20190426KJ9472198705147','2019-04-26',693.01,'Base room charge');
INSERT INTO PAYMENT VALUES ('20190426KJ9472198705147-p00001','20190426KJ9472198705147','2019-04-28','CC',693.01,'Walker Weatherhead','8427993130996333',9,2024,678,'Mastercard');
-- ------- SAMPLE 1954 ----------
INSERT INTO GUEST VALUES(2954,'Joann','Joplin','JJoplin@hotmail.com','1234 DaWrong Lane','Flonkerton','MD','12345','987-659-8154');
INSERT INTO RESERVATION VALUES ('20200316QS7417588284177',2954,207,'QS','2020-03-16','2020-03-21',null,'complete');
INSERT INTO INVOICECHARGE VALUES ('20200316QS7417588284177-ch00001','20200316QS7417588284177','2020-03-16',586.38,'Base room charge');
INSERT INTO PAYMENT VALUES ('20200316QS7417588284177-p00001','20200316QS7417588284177','2020-03-18','CC',586.38,'Joann Joplin','5472961343001478',6,2025,864,'Mastercard');
-- ------- SAMPLE 1955 ----------
INSERT INTO GUEST VALUES(2955,'Kenisha','Kane','KKane@gmail.com','1234 DaWrong Lane','Flonkerton','MD','12345','844-690-2853');
INSERT INTO RESERVATION VALUES ('20200603QD1935292504923',2955,null,'QD','2020-06-03','2020-06-07',null,'active');
-- ------- SAMPLE 1956 ----------
INSERT INTO GUEST VALUES(2956,'Vicky','Vanderhoff','VVanderhoff@gmail.com','1234 DaWrong Lane','Flonkerton','MD','12345','267-774-9261');
INSERT INTO RESERVATION VALUES ('20210304KS6439164378554',2956,null,'KS','2021-03-04','2021-03-08',null,'active');
-- ------- SAMPLE 1957 ----------
INSERT INTO GUEST VALUES(2957,'Heather','Hartin','HHartin@hotmail.com','1234 DaWrong Lane','Flonkerton','MD','12345','585-733-3592');
INSERT INTO RESERVATION VALUES ('20190622KS7486923257355',2957,201,'KS','2019-06-22','2019-06-27',null,'complete');
INSERT INTO INVOICECHARGE VALUES ('20190622KS7486923257355-ch00001','20190622KS7486923257355','2019-06-22',351.83,'Base room charge');
INSERT INTO INVOICECHARGE VALUES ('20190622KS7486923257355-ch00002','20190622KS7486923257355','2019-06-22',181.24,'Room Service');
INSERT INTO PAYMENT VALUES ('20190622KS7486923257355-p00001','20190622KS7486923257355','2019-06-24','CC',533.07,'Heather Hartin','2612082268515866',4,2027,185,'Mastercard');
-- ------- SAMPLE 1958 ----------
INSERT INTO GUEST VALUES(2958,'Hedwig','Hinz','HHinz@hotmail.com','1234 DaWrong Lane','Flonkerton','MD','12345','320-004-5269');
INSERT INTO RESERVATION VALUES ('20200929QD2598335823195',2958,null,'QD','2020-09-29','2020-09-30',null,'cancelled');
-- ------- SAMPLE 1959 ----------
INSERT INTO GUEST VALUES(2959,'Natalya','Neathery','NNeathery@yahoo.com','1234 DaWrong Lane','Flonkerton','MD','12345','443-432-1981');
INSERT INTO RESERVATION VALUES ('20200724KJ8084197813430',2959,null,'KJ','2020-07-24','2020-07-26',null,'active');
INSERT INTO INVOICECHARGE VALUES ('20200724KJ8084197813430-ch00001','20200724KJ8084197813430','2020-07-24',182.95,'Base room charge');
INSERT INTO INVOICECHARGE VALUES ('20200724KJ8084197813430-ch00002','20200724KJ8084197813430','2020-07-24',94.25,'Cleaning fee');
INSERT INTO PAYMENT VALUES ('20200724KJ8084197813430-p00001','20200724KJ8084197813430','2020-07-26','CC',68,'Natalya Neathery','6409759521712016',12,2023,372,'Mastercard');
-- ------- SAMPLE 1960 ----------
INSERT INTO GUEST VALUES(2960,'Heather','Hartin','HHartin@hotmail.com','1234 DaWrong Lane','Flonkerton','MD','12345','146-579-9880');
INSERT INTO RESERVATION VALUES ('20180516QS4593209910161',2960,118,'QS','2018-05-16','2018-05-21',null,'complete');
INSERT INTO INVOICECHARGE VALUES ('20180516QS4593209910161-ch00001','20180516QS4593209910161','2018-05-16',387.01,'Base room charge');
INSERT INTO INVOICECHARGE VALUES ('20180516QS4593209910161-ch00002','20180516QS4593209910161','2018-05-16',199.37,'Room Service');
INSERT INTO PAYMENT VALUES ('20180516QS4593209910161-p00001','20180516QS4593209910161','2018-05-18','CC',586.38,'Heather Hartin','1407046272768462',11,2022,553,'Mastercard');
-- ------- SAMPLE 1961 ----------
INSERT INTO GUEST VALUES(2961,'Eryn','Edenfield','EEdenfield@hotmail.com','1234 DaWrong Lane','Flonkerton','MD','12345','103-516-1225');
INSERT INTO RESERVATION VALUES ('20181004KI7850607009362',2961,115,'KI','2018-10-04','2018-10-08',null,'complete');
INSERT INTO INVOICECHARGE VALUES ('20181004KI7850607009362-ch00001','20181004KI7850607009362','2018-10-04',341.16,'Base room charge');
INSERT INTO PAYMENT VALUES ('20181004KI7850607009362-p00001','20181004KI7850607009362','2018-10-06','CC',341.16,'Eryn Edenfield','1158831150493765',9,2025,174,'Mastercard');
-- ------- SAMPLE 1962 ----------
INSERT INTO GUEST VALUES(2962,'Rose','Royall','RRoyall@gmail.com','1234 DaWrong Lane','Flonkerton','MD','12345','656-847-9336');
INSERT INTO RESERVATION VALUES ('20191220QS8154271553498',2962,108,'QS','2019-12-20','2019-12-21',null,'complete');
INSERT INTO INVOICECHARGE VALUES ('20191220QS8154271553498-ch00001','20191220QS8154271553498','2019-12-20',117.28,'Base room charge');
INSERT INTO PAYMENT VALUES ('20191220QS8154271553498-p00001','20191220QS8154271553498','2019-12-22','CC',117.28,'Rose Royall','8179354755964435',8,2022,25,'Mastercard');
-- ------- SAMPLE 1963 ----------
INSERT INTO GUEST VALUES(2963,'Mandi','Mcwain','MMcwain@hotmail.com','1234 DaWrong Lane','Flonkerton','MD','12345','361-460-3561');
INSERT INTO RESERVATION VALUES ('20190310QD6937831834097',2963,106,'QD','2019-03-10','2019-03-12',null,'complete');
INSERT INTO INVOICECHARGE VALUES ('20190310QD6937831834097-ch00001','20190310QD6937831834097','2019-03-10',126.65,'Base room charge');
INSERT INTO INVOICECHARGE VALUES ('20190310QD6937831834097-ch00002','20190310QD6937831834097','2019-03-10',65.25,'Cleaning fee');
INSERT INTO PAYMENT VALUES ('20190310QD6937831834097-p00001','20190310QD6937831834097','2019-03-12','CC',191.9,'Mandi Mcwain','2985673687309470',8,2025,852,'Mastercard');
-- ------- SAMPLE 1964 ----------
INSERT INTO GUEST VALUES(2964,'Deandre','Defore','DDefore@yahoo.com','1234 DaWrong Lane','Flonkerton','MD','12345','053-156-9038');
INSERT INTO RESERVATION VALUES ('20210227KI2308805796211',2964,null,'KI','2021-02-27','2021-03-03',null,'active');
INSERT INTO INVOICECHARGE VALUES ('20210227KI2308805796211-ch00001','20210227KI2308805796211','2021-02-27',225.17,'Base room charge');
INSERT INTO INVOICECHARGE VALUES ('20210227KI2308805796211-ch00002','20210227KI2308805796211','2021-02-27',115.99,'Cleaning fee');
INSERT INTO PAYMENT VALUES ('20210227KI2308805796211-p00001','20210227KI2308805796211','2021-03-01','CC',341.16,'Deandre Defore','4315575181029125',8,2026,584,'Mastercard');
-- ------- SAMPLE 1965 ----------
INSERT INTO GUEST VALUES(2965,'Yuette','Yetman','YYetman@yahoo.com','1234 DaWrong Lane','Flonkerton','MD','12345','745-237-9798');
INSERT INTO RESERVATION VALUES ('20190410KS8791527858637',2965,206,'KS','2019-04-10','2019-04-14',null,'complete');
INSERT INTO INVOICECHARGE VALUES ('20190410KS8791527858637-ch00001','20190410KS8791527858637','2019-04-10',426.46,'Base room charge');
INSERT INTO PAYMENT VALUES ('20190410KS8791527858637-p00001','20190410KS8791527858637','2019-04-12','CC',426.46,'Yuette Yetman','7701618523088474',3,2022,862,'Mastercard');
-- ------- SAMPLE 1966 ----------
INSERT INTO GUEST VALUES(2966,'Jenna','Jesse','JJesse@yahoo.com','1234 DaWrong Lane','Flonkerton','MD','12345','333-526-6176');
INSERT INTO RESERVATION VALUES ('20180716QD2940791905087',2966,101,'QD','2018-07-16','2018-07-19',null,'complete');
INSERT INTO INVOICECHARGE VALUES ('20180716QD2940791905087-ch00001','20180716QD2940791905087','2018-07-16',287.86,'Base room charge');
INSERT INTO PAYMENT VALUES ('20180716QD2940791905087-p00001','20180716QD2940791905087','2018-07-18','CC',287.86,'Jenna Jesse','5229235366765802',2,2024,861,'Mastercard');
-- ------- SAMPLE 1967 ----------
INSERT INTO GUEST VALUES(2967,'Corene','Carmody','CCarmody@hotmail.com','1234 DaWrong Lane','Flonkerton','MD','12345','560-230-5504');
INSERT INTO RESERVATION VALUES ('20190324KS7411783614235',2967,112,'KS','2019-03-24','2019-03-29',null,'complete');
INSERT INTO INVOICECHARGE VALUES ('20190324KS7411783614235-ch00001','20190324KS7411783614235','2019-03-24',351.83,'Base room charge');
INSERT INTO INVOICECHARGE VALUES ('20190324KS7411783614235-ch00002','20190324KS7411783614235','2019-03-24',181.24,'Cleaning fee');
INSERT INTO PAYMENT VALUES ('20190324KS7411783614235-p00001','20190324KS7411783614235','2019-03-26','CC',533.07,'Corene Carmody','3237569137865365',11,2026,663,'Mastercard');
-- ------- SAMPLE 1968 ----------
INSERT INTO GUEST VALUES(2968,'Kathern','Korn','KKorn@yahoo.com','1234 DaWrong Lane','Flonkerton','MD','12345','855-271-3421');
INSERT INTO RESERVATION VALUES ('20190409KJ5212194441362',2968,208,'KJ','2019-04-09','2019-04-12',null,'cancelled');
INSERT INTO INVOICECHARGE VALUES ('20190409KJ5212194441362-ch00001','20190409KJ5212194441362','2019-04-09',274.43,'Base room charge');
INSERT INTO INVOICECHARGE VALUES ('20190409KJ5212194441362-ch00002','20190409KJ5212194441362','2019-04-09',141.38,'Room Service');
INSERT INTO PAYMENT (payment_id,invoice_id,payment_date,payment_type,payment_amount) VALUES ('20190409KJ5212194441362-p00001','20190409KJ5212194441362','2019-04-11','CA',415.81);
-- ------- SAMPLE 1969 ----------
INSERT INTO GUEST VALUES(2969,'Lakenya','Langston','LLangston@gmail.com','1234 DaWrong Lane','Flonkerton','MD','12345','033-136-5716');
INSERT INTO RESERVATION VALUES ('20191029KS6398151966550',2969,206,'KS','2019-10-29','2019-11-02',null,'complete');
INSERT INTO INVOICECHARGE VALUES ('20191029KS6398151966550-ch00001','20191029KS6398151966550','2019-10-29',281.46,'Base room charge');
INSERT INTO INVOICECHARGE VALUES ('20191029KS6398151966550-ch00002','20191029KS6398151966550','2019-10-29',145,'Room Service');
INSERT INTO PAYMENT VALUES ('20191029KS6398151966550-p00001','20191029KS6398151966550','2019-10-31','CC',426.46,'Lakenya Langston','4891437068051045',11,2025,196,'Mastercard');
-- ------- SAMPLE 1970 ----------
INSERT INTO GUEST VALUES(2970,'Shandi','Scharf','SScharf@gmail.com','1234 DaWrong Lane','Flonkerton','MD','12345','466-665-3021');
INSERT INTO RESERVATION VALUES ('20180719KI9162072190225',2970,115,'KI','2018-07-19','2018-07-21',null,'complete');
INSERT INTO INVOICECHARGE VALUES ('20180719KI9162072190225-ch00001','20180719KI9162072190225','2018-07-19',170.58,'Base room charge');
INSERT INTO PAYMENT VALUES ('20180719KI9162072190225-p00001','20180719KI9162072190225','2018-07-21','CC',170.58,'Shandi Scharf','5420060086898512',5,2027,883,'Mastercard');
-- ------- SAMPLE 1971 ----------
INSERT INTO GUEST VALUES(2971,'Margorie','Mcnish','MMcnish@yahoo.com','1234 DaWrong Lane','Flonkerton','MD','12345','706-559-1544');
INSERT INTO RESERVATION VALUES ('20200830KS9961009415938',2971,null,'KS','2020-08-30','2020-08-31',null,'active');
INSERT INTO INVOICECHARGE VALUES ('20200830KS9961009415938-ch00001','20200830KS9961009415938','2020-08-30',70.36,'Base room charge');
INSERT INTO INVOICECHARGE VALUES ('20200830KS9961009415938-ch00002','20200830KS9961009415938','2020-08-30',36.25,'Cleaning fee');
INSERT INTO PAYMENT VALUES ('20200830KS9961009415938-p00001','20200830KS9961009415938','2020-09-01','CC',36,'Margorie Mcnish','5178469259694041',10,2023,662,'Mastercard');
-- ------- SAMPLE 1972 ----------
INSERT INTO GUEST VALUES(2972,'Lakenya','Langston','LLangston@hotmail.com','1234 DaWrong Lane','Flonkerton','MD','12345','849-279-8419');
INSERT INTO RESERVATION VALUES ('20181012QS1952933661197',2972,118,'QS','2018-10-12','2018-10-15',null,'complete');
INSERT INTO INVOICECHARGE VALUES ('20181012QS1952933661197-ch00001','20181012QS1952933661197','2018-10-12',232.21,'Base room charge');
INSERT INTO INVOICECHARGE VALUES ('20181012QS1952933661197-ch00002','20181012QS1952933661197','2018-10-12',119.62,'Room Service');
INSERT INTO PAYMENT VALUES ('20181012QS1952933661197-p00001','20181012QS1952933661197','2018-10-14','CC',351.83,'Lakenya Langston','5321524279663366',3,2027,535,'Mastercard');
-- ------- SAMPLE 1973 ----------
INSERT INTO GUEST VALUES(2973,'Edmundo','Erickson','EErickson@yahoo.com','1234 DaWrong Lane','Flonkerton','MD','12345','050-407-6651');
INSERT INTO RESERVATION VALUES ('20181031KS1583980897984',2973,112,'KS','2018-10-31','2018-11-01',null,'complete');
INSERT INTO INVOICECHARGE VALUES ('20181031KS1583980897984-ch00001','20181031KS1583980897984','2018-10-31',70.36,'Base room charge');
INSERT INTO INVOICECHARGE VALUES ('20181031KS1583980897984-ch00002','20181031KS1583980897984','2018-10-31',36.25,'Cleaning fee');
INSERT INTO PAYMENT (payment_id,invoice_id,payment_date,payment_type,payment_amount) VALUES ('20181031KS1583980897984-p00001','20181031KS1583980897984','2018-11-02','CA',106.61);
-- ------- SAMPLE 1974 ----------
INSERT INTO GUEST VALUES(2974,'Jammie','Jo','JJo@gmail.com','1234 DaWrong Lane','Flonkerton','MD','12345','193-736-2012');
INSERT INTO RESERVATION VALUES ('20190320KS5849571861892',2974,107,'KS','2019-03-20','2019-03-23',null,'complete');
INSERT INTO INVOICECHARGE VALUES ('20190320KS5849571861892-ch00001','20190320KS5849571861892','2019-03-20',319.84,'Base room charge');
INSERT INTO PAYMENT VALUES ('20190320KS5849571861892-p00001','20190320KS5849571861892','2019-03-22','CC',319.84,'Jammie Jo','6354355960404690',8,2023,896,'Mastercard');
-- ------- SAMPLE 1975 ----------
INSERT INTO GUEST VALUES(2975,'Deandre','Defore','DDefore@hotmail.com','1234 DaWrong Lane','Flonkerton','MD','12345','762-744-7096');
INSERT INTO RESERVATION VALUES ('20190410KI8591878768133',2975,105,'KI','2019-04-10','2019-04-14',null,'cancelled');
INSERT INTO INVOICECHARGE VALUES ('20190410KI8591878768133-ch00001','20190410KI8591878768133','2019-04-10',225.17,'Base room charge');
INSERT INTO INVOICECHARGE VALUES ('20190410KI8591878768133-ch00002','20190410KI8591878768133','2019-04-10',115.99,'Cleaning fee');
INSERT INTO PAYMENT VALUES ('20190410KI8591878768133-p00001','20190410KI8591878768133','2019-04-12','CC',341.16,'Deandre Defore','5061772708510761',5,2021,692,'Mastercard');
-- ------- SAMPLE 1976 ----------
INSERT INTO GUEST VALUES(2976,'Lincoln','Lattea','LLattea@yahoo.com','1234 DaWrong Lane','Flonkerton','MD','12345','888-868-4176');
INSERT INTO RESERVATION VALUES ('20181026QD5191731763851',2976,200,'QD','2018-10-26','2018-10-31',null,'complete');
INSERT INTO INVOICECHARGE VALUES ('20181026QD5191731763851-ch00001','20181026QD5191731763851','2018-10-26',316.64,'Base room charge');
INSERT INTO INVOICECHARGE VALUES ('20181026QD5191731763851-ch00002','20181026QD5191731763851','2018-10-26',163.12,'Cleaning fee');
INSERT INTO PAYMENT (payment_id,invoice_id,payment_date,payment_type,payment_amount) VALUES ('20181026QD5191731763851-p00001','20181026QD5191731763851','2018-10-28','CA',479.76);
-- ------- SAMPLE 1977 ----------
INSERT INTO GUEST VALUES(2977,'Rickie','Redfern','RRedfern@hotmail.com','1234 DaWrong Lane','Flonkerton','MD','12345','998-002-4001');
INSERT INTO RESERVATION VALUES ('20200328QD5497320097185',2977,205,'QD','2020-03-28','2020-04-01',null,'complete');
INSERT INTO INVOICECHARGE VALUES ('20200328QD5497320097185-ch00001','20200328QD5497320097185','2020-03-28',253.31,'Base room charge');
INSERT INTO INVOICECHARGE VALUES ('20200328QD5497320097185-ch00002','20200328QD5497320097185','2020-03-28',130.5,'Cleaning fee');
INSERT INTO PAYMENT VALUES ('20200328QD5497320097185-p00001','20200328QD5497320097185','2020-03-30','CC',383.81,'Rickie Redfern','3032010048633819',12,2022,554,'Mastercard');
-- ------- SAMPLE 1978 ----------
INSERT INTO GUEST VALUES(2978,'Natalia','Nowacki','NNowacki@hotmail.com','1234 DaWrong Lane','Flonkerton','MD','12345','069-852-9261');
INSERT INTO RESERVATION VALUES ('20181220KI5330005095501',2978,120,'KI','2018-12-20','2018-12-25',null,'complete');
INSERT INTO INVOICECHARGE VALUES ('20181220KI5330005095501-ch00001','20181220KI5330005095501','2018-12-20',426.45,'Base room charge');
INSERT INTO PAYMENT VALUES ('20181220KI5330005095501-p00001','20181220KI5330005095501','2018-12-22','CC',426.45,'Natalia Nowacki','7948762209523451',4,2026,90,'Mastercard');
-- ------- SAMPLE 1979 ----------
INSERT INTO GUEST VALUES(2979,'Malia','Molden','MMolden@yahoo.com','1234 DaWrong Lane','Flonkerton','MD','12345','243-513-8293');
INSERT INTO RESERVATION VALUES ('20210116QD6769451287806',2979,null,'QD','2021-01-16','2021-01-21',null,'active');
INSERT INTO INVOICECHARGE VALUES ('20210116QD6769451287806-ch00001','20210116QD6769451287806','2021-01-16',316.64,'Base room charge');
INSERT INTO INVOICECHARGE VALUES ('20210116QD6769451287806-ch00002','20210116QD6769451287806','2021-01-16',163.12,'Cleaning fee');
INSERT INTO PAYMENT VALUES ('20210116QD6769451287806-p00001','20210116QD6769451287806','2021-01-18','CC',479.76,'Malia Molden','5336846924963870',10,2026,947,'Mastercard');
-- ------- SAMPLE 1980 ----------
INSERT INTO GUEST VALUES(2980,'Missy','Mcclintock','MMcclintock@hotmail.com','1234 DaWrong Lane','Flonkerton','MD','12345','412-773-1553');
INSERT INTO RESERVATION VALUES ('20190408QD1016538390450',2980,111,'QD','2019-04-08','2019-04-10',null,'complete');
INSERT INTO INVOICECHARGE VALUES ('20190408QD1016538390450-ch00001','20190408QD1016538390450','2019-04-08',191.9,'Base room charge');
INSERT INTO PAYMENT (payment_id,invoice_id,payment_date,payment_type,payment_amount) VALUES ('20190408QD1016538390450-p00001','20190408QD1016538390450','2019-04-10','CA',191.9);
-- ------- SAMPLE 1981 ----------
INSERT INTO GUEST VALUES(2981,'Keturah','Kagawa','KKagawa@yahoo.com','1234 DaWrong Lane','Flonkerton','MD','12345','696-153-3740');
INSERT INTO RESERVATION VALUES ('20190516QS7614446754311',2981,207,'QS','2019-05-16','2019-05-19',null,'complete');
INSERT INTO INVOICECHARGE VALUES ('20190516QS7614446754311-ch00001','20190516QS7614446754311','2019-05-16',351.83,'Base room charge');
INSERT INTO PAYMENT (payment_id,invoice_id,payment_date,payment_type,payment_amount) VALUES ('20190516QS7614446754311-p00001','20190516QS7614446754311','2019-05-18','CA',351.83);
-- ------- SAMPLE 1982 ----------
INSERT INTO GUEST VALUES(2982,'Jamey','Jen','JJen@gmail.com','1234 DaWrong Lane','Flonkerton','MD','12345','489-461-9918');
INSERT INTO RESERVATION VALUES ('20201025QS2907579826751',2982,null,'QS','2020-10-25','2020-10-28',null,'active');
-- ------- SAMPLE 1983 ----------
INSERT INTO GUEST VALUES(2983,'Hedwig','Hinz','HHinz@gmail.com','1234 DaWrong Lane','Flonkerton','MD','12345','087-914-6903');
INSERT INTO RESERVATION VALUES ('20190127KI7161310741028',2983,209,'KI','2019-01-27','2019-01-29',null,'complete');
INSERT INTO INVOICECHARGE VALUES ('20190127KI7161310741028-ch00001','20190127KI7161310741028','2019-01-27',112.58,'Base room charge');
INSERT INTO INVOICECHARGE VALUES ('20190127KI7161310741028-ch00002','20190127KI7161310741028','2019-01-27',58,'Cleaning fee');
INSERT INTO PAYMENT (payment_id,invoice_id,payment_date,payment_type,payment_amount) VALUES ('20190127KI7161310741028-p00001','20190127KI7161310741028','2019-01-29','CA',170.58);
-- ------- SAMPLE 1984 ----------
INSERT INTO GUEST VALUES(2984,'Stacie','Schupp','SSchupp@hotmail.com','1234 DaWrong Lane','Flonkerton','MD','12345','601-340-0741');
INSERT INTO RESERVATION VALUES ('20201022KS9484276217288',2984,null,'KS','2020-10-22','2020-10-25',null,'active');
INSERT INTO INVOICECHARGE VALUES ('20201022KS9484276217288-ch00001','20201022KS9484276217288','2020-10-22',319.84,'Base room charge');
INSERT INTO PAYMENT (payment_id,invoice_id,payment_date,payment_type,payment_amount) VALUES ('20201022KS9484276217288-p00001','20201022KS9484276217288','2020-10-24','CA',319.84);
-- ------- SAMPLE 1985 ----------
INSERT INTO GUEST VALUES(2985,'Lynda','Linda','LLinda@gmail.com','1234 DaWrong Lane','Flonkerton','MD','12345','186-292-6435');
INSERT INTO RESERVATION VALUES ('20181015QS2978332544577',2985,118,'QS','2018-10-15','2018-10-19',null,'complete');
INSERT INTO INVOICECHARGE VALUES ('20181015QS2978332544577-ch00001','20181015QS2978332544577','2018-10-15',309.61,'Base room charge');
INSERT INTO INVOICECHARGE VALUES ('20181015QS2978332544577-ch00002','20181015QS2978332544577','2018-10-15',159.5,'Cleaning fee');
INSERT INTO PAYMENT VALUES ('20181015QS2978332544577-p00001','20181015QS2978332544577','2018-10-17','CC',469.11,'Lynda Linda','9253095063203441',5,2022,506,'Mastercard');
-- ------- SAMPLE 1986 ----------
INSERT INTO GUEST VALUES(2986,'Abel','Alire','AAlire@gmail.com','1234 DaWrong Lane','Flonkerton','MD','12345','974-148-8878');
INSERT INTO RESERVATION VALUES ('20180515QS1395805450579',2986,103,'QS','2018-05-15','2018-05-17',null,'complete');
INSERT INTO INVOICECHARGE VALUES ('20180515QS1395805450579-ch00001','20180515QS1395805450579','2018-05-15',154.8,'Base room charge');
INSERT INTO INVOICECHARGE VALUES ('20180515QS1395805450579-ch00002','20180515QS1395805450579','2018-05-15',79.75,'Room Service');
INSERT INTO PAYMENT VALUES ('20180515QS1395805450579-p00001','20180515QS1395805450579','2018-05-17','CC',234.55,'Abel Alire','4196401966805606',4,2026,905,'Mastercard');
-- ------- SAMPLE 1987 ----------
INSERT INTO GUEST VALUES(2987,'Deangelo','Deloera','DDeloera@hotmail.com','1234 DaWrong Lane','Flonkerton','MD','12345','768-476-2004');
INSERT INTO RESERVATION VALUES ('20201030KI2682626672405',2987,null,'KI','2020-10-30','2020-11-04',null,'cancelled');
-- ------- SAMPLE 1988 ----------
INSERT INTO GUEST VALUES(2988,'Shena','Sandoz','SSandoz@gmail.com','1234 DaWrong Lane','Flonkerton','MD','12345','161-602-6315');
INSERT INTO RESERVATION VALUES ('20190514QS8789911375071',2988,113,'QS','2019-05-14','2019-05-18',null,'complete');
INSERT INTO INVOICECHARGE VALUES ('20190514QS8789911375071-ch00001','20190514QS8789911375071','2019-05-14',309.61,'Base room charge');
INSERT INTO INVOICECHARGE VALUES ('20190514QS8789911375071-ch00002','20190514QS8789911375071','2019-05-14',159.5,'Cleaning fee');
INSERT INTO PAYMENT VALUES ('20190514QS8789911375071-p00001','20190514QS8789911375071','2019-05-16','CC',469.11,'Shena Sandoz','4177788525380945',2,2026,55,'Mastercard');
-- ------- SAMPLE 1989 ----------
INSERT INTO GUEST VALUES(2989,'Kasey','Kipp','KKipp@gmail.com','1234 DaWrong Lane','Flonkerton','MD','12345','359-405-1468');
INSERT INTO RESERVATION VALUES ('20200210KI8656296974720',2989,209,'KI','2020-02-10','2020-02-15',null,'complete');
INSERT INTO INVOICECHARGE VALUES ('20200210KI8656296974720-ch00001','20200210KI8656296974720','2020-02-10',426.45,'Base room charge');
INSERT INTO PAYMENT VALUES ('20200210KI8656296974720-p00001','20200210KI8656296974720','2020-02-12','CC',426.45,'Kasey Kipp','6220068695653858',8,2024,420,'Mastercard');
-- ------- SAMPLE 1990 ----------
INSERT INTO GUEST VALUES(2990,'Maryann','Mccutcheon','MMccutcheon@gmail.com','1234 DaWrong Lane','Flonkerton','MD','12345','152-682-9530');
INSERT INTO RESERVATION VALUES ('20210126KS2748686643106',2990,null,'KS','2021-01-26','2021-01-28',null,'active');
-- ------- SAMPLE 1991 ----------
INSERT INTO GUEST VALUES(2991,'Tish','Tusing','TTusing@gmail.com','1234 DaWrong Lane','Flonkerton','MD','12345','665-639-6035');
INSERT INTO RESERVATION VALUES ('20190730KJ1234214480079',2991,203,'KJ','2019-07-30','2019-08-02',null,'complete');
INSERT INTO INVOICECHARGE VALUES ('20190730KJ1234214480079-ch00001','20190730KJ1234214480079','2019-07-30',274.43,'Base room charge');
INSERT INTO INVOICECHARGE VALUES ('20190730KJ1234214480079-ch00002','20190730KJ1234214480079','2019-07-30',141.38,'Cleaning fee');
INSERT INTO PAYMENT (payment_id,invoice_id,payment_date,payment_type,payment_amount) VALUES ('20190730KJ1234214480079-p00001','20190730KJ1234214480079','2019-08-01','CA',415.81);
-- ------- SAMPLE 1992 ----------
INSERT INTO GUEST VALUES(2992,'Heather','Hartin','HHartin@hotmail.com','1234 DaWrong Lane','Flonkerton','MD','12345','623-997-1394');
INSERT INTO RESERVATION VALUES ('20210213QS6413353480522',2992,null,'QS','2021-02-13','2021-02-16',null,'active');
INSERT INTO INVOICECHARGE VALUES ('20210213QS6413353480522-ch00001','20210213QS6413353480522','2021-02-13',351.83,'Base room charge');
INSERT INTO PAYMENT (payment_id,invoice_id,payment_date,payment_type,payment_amount) VALUES ('20210213QS6413353480522-p00001','20210213QS6413353480522','2021-02-15','CA',268);
-- ------- SAMPLE 1993 ----------
INSERT INTO GUEST VALUES(2993,'Shad','Sitler','SSitler@hotmail.com','1234 DaWrong Lane','Flonkerton','MD','12345','353-604-4173');
INSERT INTO RESERVATION VALUES ('20190605QS8641362853542',2993,202,'QS','2019-06-05','2019-06-07',null,'complete');
INSERT INTO INVOICECHARGE VALUES ('20190605QS8641362853542-ch00001','20190605QS8641362853542','2019-06-05',234.55,'Base room charge');
INSERT INTO PAYMENT (payment_id,invoice_id,payment_date,payment_type,payment_amount) VALUES ('20190605QS8641362853542-p00001','20190605QS8641362853542','2019-06-07','CA',234.55);
-- ------- SAMPLE 1994 ----------
INSERT INTO GUEST VALUES(2994,'Natalia','Nowacki','NNowacki@yahoo.com','1234 DaWrong Lane','Flonkerton','MD','12345','592-942-2002');
INSERT INTO RESERVATION VALUES ('20181204QD8542439685860',2994,116,'QD','2018-12-04','2018-12-05',null,'complete');
INSERT INTO INVOICECHARGE VALUES ('20181204QD8542439685860-ch00001','20181204QD8542439685860','2018-12-04',63.33,'Base room charge');
INSERT INTO INVOICECHARGE VALUES ('20181204QD8542439685860-ch00002','20181204QD8542439685860','2018-12-04',32.62,'Cleaning fee');
INSERT INTO PAYMENT VALUES ('20181204QD8542439685860-p00001','20181204QD8542439685860','2018-12-06','CC',95.95,'Natalia Nowacki','8083552228325473',2,2023,442,'Mastercard');
-- ------- SAMPLE 1995 ----------
INSERT INTO GUEST VALUES(2995,'Adrianna','Aungst','AAungst@hotmail.com','1234 DaWrong Lane','Flonkerton','MD','12345','781-213-6041');
INSERT INTO RESERVATION VALUES ('20200327QD8409870314408',2995,116,'QD','2020-03-27','2020-03-29',null,'complete');
INSERT INTO INVOICECHARGE VALUES ('20200327QD8409870314408-ch00001','20200327QD8409870314408','2020-03-27',126.65,'Base room charge');
INSERT INTO INVOICECHARGE VALUES ('20200327QD8409870314408-ch00002','20200327QD8409870314408','2020-03-27',65.25,'Cleaning fee');
INSERT INTO PAYMENT VALUES ('20200327QD8409870314408-p00001','20200327QD8409870314408','2020-03-29','CC',191.9,'Adrianna Aungst','3644045419814702',4,2025,182,'Mastercard');
-- ------- SAMPLE 1996 ----------
INSERT INTO GUEST VALUES(2996,'Rossana','Running','RRunning@gmail.com','1234 DaWrong Lane','Flonkerton','MD','12345','901-344-6662');
INSERT INTO RESERVATION VALUES ('20190806KJ1138389254209',2996,208,'KJ','2019-08-06','2019-08-07',null,'complete');
INSERT INTO INVOICECHARGE VALUES ('20190806KJ1138389254209-ch00001','20190806KJ1138389254209','2019-08-06',138.6,'Base room charge');
INSERT INTO PAYMENT VALUES ('20190806KJ1138389254209-p00001','20190806KJ1138389254209','2019-08-08','CC',138.6,'Rossana Running','7188244034385479',8,2023,433,'Mastercard');
-- ------- SAMPLE 1997 ----------
INSERT INTO GUEST VALUES(2997,'Kathern','Korn','KKorn@hotmail.com','1234 DaWrong Lane','Flonkerton','MD','12345','755-392-5455');
INSERT INTO RESERVATION VALUES ('20180913KI5862537471412',2997,110,'KI','2018-09-13','2018-09-15',null,'complete');
INSERT INTO INVOICECHARGE VALUES ('20180913KI5862537471412-ch00001','20180913KI5862537471412','2018-09-13',112.58,'Base room charge');
INSERT INTO INVOICECHARGE VALUES ('20180913KI5862537471412-ch00002','20180913KI5862537471412','2018-09-13',58,'Cleaning fee');
INSERT INTO PAYMENT VALUES ('20180913KI5862537471412-p00001','20180913KI5862537471412','2018-09-15','CC',170.58,'Kathern Korn','7241464053524503',2,2024,785,'Mastercard');
-- ------- SAMPLE 1998 ----------
INSERT INTO GUEST VALUES(2998,'Rick','Ritenour','RRitenour@gmail.com','1234 DaWrong Lane','Flonkerton','MD','12345','050-370-2292');
INSERT INTO RESERVATION VALUES ('20210314KI8676709458358',2998,null,'KI','2021-03-14','2021-03-19',null,'active');
INSERT INTO INVOICECHARGE VALUES ('20210314KI8676709458358-ch00001','20210314KI8676709458358','2021-03-14',426.45,'Base room charge');
INSERT INTO PAYMENT VALUES ('20210314KI8676709458358-p00001','20210314KI8676709458358','2021-03-16','CC',426.45,'Rick Ritenour','5534922142979619',7,2022,749,'Mastercard');
-- ------- SAMPLE 1999 ----------
INSERT INTO GUEST VALUES(2999,'Delsie','Dunstan','DDunstan@hotmail.com','1234 DaWrong Lane','Flonkerton','MD','12345','821-253-5647');
INSERT INTO RESERVATION VALUES ('20180717KJ5626380189068',2999,203,'KJ','2018-07-17','2018-07-18',null,'complete');
INSERT INTO INVOICECHARGE VALUES ('20180717KJ5626380189068-ch00001','20180717KJ5626380189068','2018-07-17',91.48,'Base room charge');
INSERT INTO INVOICECHARGE VALUES ('20180717KJ5626380189068-ch00002','20180717KJ5626380189068','2018-07-17',47.12,'Room Service');
INSERT INTO PAYMENT VALUES ('20180717KJ5626380189068-p00001','20180717KJ5626380189068','2018-07-19','CC',138.6,'Delsie Dunstan','1161968926539501',7,2026,313,'Mastercard');


\w
