\W

/*
	Creates the database and adds a user with global privileges on the database.
*/
DROP DATABASE HMS_DB;
CREATE DATABASE HMS_DB;

/*
	Add user with all privileges for the db.
	Ideally, we would create users for different services and grant only privileges they require.
*/
CREATE USER IF NOT EXISTS 'hms_owner'@'localhost' IDENTIFIED WITH mysql_native_password BY 'password123';
GRANT ALL ON HMS_DB.* TO 'hms_owner'@'localhost';

USE HMS_DB;

CREATE TABLE USER (
                      username VARCHAR(25) NOT NULL,
                      password VARCHAR(80) NOT NULL,
                      firstname VARCHAR(30) NOT NULL,
                      lastname VARCHAR(30) NOT NULL,
                      role VARCHAR(15) NOT NULL,
                      PRIMARY KEY (username)
);


CREATE TABLE ROOMTYPE (
                          type_id VARCHAR(2) NOT NULL,
                          type_name VARCHAR(50) NOT NULL,
                          type_description VARCHAR(255),
                          type_base_price DECIMAL(6,2) NOT NULL,
                          type_num_beds INT(2),
                          type_max_occupancy INT(3),
                          image_path VARCHAR(50),
                          PRIMARY KEY (type_id)
);


CREATE TABLE ROOM (
                      room_id INT(4) NOT NULL,
                      room_in_service BOOLEAN NOT NULL,
                      roomtype VARCHAR(2) NOT NULL,
                      isVacant BOOLEAN NOT NULL,
                      PRIMARY KEY (room_id),
                      FOREIGN KEY (roomtype) REFERENCES ROOMTYPE(type_id)
);


CREATE TABLE GUEST (
                       guest_id INT(10) AUTO_INCREMENT,
                       guest_firstname VARCHAR(30) NOT NULL,
                       guest_lastname VARCHAR(30) NOT NULL,
                       guest_email VARCHAR(50) NOT NULL,
                       guest_street VARCHAR(60) NOT NULL,
                       guest_city VARCHAR(30) NOT NULL,
                       guest_state VARCHAR(2) NOT NULL,
                       guest_zip VARCHAR(10) NOT NULL,
                       guest_phone VARCHAR(20) NOT NULL,
                       PRIMARY KEY (guest_id)
);

ALTER TABLE GUEST AUTO_INCREMENT=1000;


CREATE TABLE RESERVATION (
                             reservation_id VARCHAR(40) NOT NULL,
                             guest_id INT(10) NOT NULL,
                             room_id INT(4),
                             roomtype_id VARCHAR(2) NOT NULL,
                             check_in_date DATE NOT NULL,
                             check_out_date DATE NOT NULL,
                             comments VARCHAR(255),
                             status VARCHAR(20) NOT NULL,
                             PRIMARY KEY (reservation_id),
                             FOREIGN KEY (guest_id) REFERENCES GUEST(guest_id),
                             FOREIGN KEY (room_id) REFERENCES ROOM(room_id),
                             FOREIGN KEY (roomtype_id) REFERENCES ROOMTYPE(type_id)
);


CREATE TABLE INVOICE (
                         invoice_id VARCHAR(40) NOT NULL,
                         total_amount DECIMAL(6,2) NOT NULL,
                         amount_paid DECIMAL(6,2) NOT NULL,
                         PRIMARY KEY (invoice_id),
                         FOREIGN KEY (invoice_id) REFERENCES RESERVATION(reservation_id)
);


CREATE TABLE PAYMENT (
                         payment_id VARCHAR(45) NOT NULL,
                         invoice_id VARCHAR(40) NOT NULL,
                         payment_date DATE NOT NULL,
                         payment_type VARCHAR(2) NOT NULL,
                         payment_amount DECIMAL(6,2) NOT NULL,
                         accountholder_name VARCHAR(50),
                         account_number VARCHAR(20),
                         expiration_month INT(2),
                         expiration_year YEAR,
                         card_cvv INT(5),
                         card_network VARCHAR(20),
                         PRIMARY KEY (payment_id),
                         FOREIGN KEY (invoice_id) REFERENCES INVOICE(invoice_id)
);


CREATE TABLE INVOICECHARGE (
                               charge_id VARCHAR(45) NOT NULL,
                               invoice_id VARCHAR(40) NOT NULL,
                               date_applied DATE NOT NULL,
                               charge_amount DECIMAL(6,2) NOT NULL,
                               charge_reason VARCHAR(100) NOT NULL,
                               PRIMARY KEY (charge_id),
                               FOREIGN KEY (invoice_id) REFERENCES INVOICE(invoice_id)
);


CREATE TABLE AVAILABILITY (
                              date DATE NOT NULL,
                              roomtype VARCHAR(2) NOT NULL,
                              num_reserved INT(3) NOT NULL,
                              isAvailable BOOLEAN NOT NULL,
                              PRIMARY KEY (date, roomtype),
                              FOREIGN KEY (roomtype) REFERENCES ROOMTYPE(type_id)
);


-- USER DATA
INSERT INTO USER VALUES ('admin', '$2b$10$hf2WwnBkhwjXNwturHMPTuasjCipC3R3GbB9ERtkSCmMRDy.OcpZe','bill','nye','admin');
INSERT INTO USER VALUES ('user', '$2b$10$hf2WwnBkhwjXNwturHMPTuasjCipC3R3GbB9ERtkSCmMRDy.OcpZe','john','doe','user');
INSERT INTO USER VALUES ('lhershberger', '$2b$10$hf2WwnBkhwjXNwturHMPTuasjCipC3R3GbB9ERtkSCmMRDy.OcpZe','logan','hershberger','admin');
INSERT INTO USER VALUES ('nbaqibillah', '$2b$10$hf2WwnBkhwjXNwturHMPTuasjCipC3R3GbB9ERtkSCmMRDy.OcpZe','nusaiba','baqibillah','admin');
INSERT INTO USER VALUES ('aszelestey', '$2b$10$hf2WwnBkhwjXNwturHMPTuasjCipC3R3GbB9ERtkSCmMRDy.OcpZe','alex','szelestey','admin');
INSERT INTO USER VALUES ('zmarvin', '$2b$10$hf2WwnBkhwjXNwturHMPTuasjCipC3R3GbB9ERtkSCmMRDy.OcpZe','zac','marvin','admin');
INSERT INTO USER VALUES ('kelinkowski', '$2b$10$hf2WwnBkhwjXNwturHMPTuasjCipC3R3GbB9ERtkSCmMRDy.OcpZe','keith','elinkowski','admin');
INSERT INTO USER VALUES ('emusk', '$2b$10$hf2WwnBkhwjXNwturHMPTuasjCipC3R3GbB9ERtkSCmMRDy.OcpZe','elon','musk','user');

-- ROOMTYPE DATA
INSERT INTO ROOMTYPE VALUES ('KI', 'King','Non-smoking room with king-size bed', 79.99, 1, 3, '/photos/kingRoom.jpg');
INSERT INTO ROOMTYPE VALUES ('QD', 'Double Queen', 'Non-smoking room with two queen-size beds', 89.99, 2, 5, '/photos/queen-bed.jpg');
INSERT INTO ROOMTYPE VALUES ('KS', 'King Suite', 'Non-smoking suite with king-size bed and pull-out couch', 99.99, 2, 5, '/photos/king.jpg');
INSERT INTO ROOMTYPE VALUES ('QS', 'Double Queen Suite', 'Non-smoking room with two queen-size beds and a pull-out couch', 109.99, 3, 7, '/photos/queen-suite.jpg');
INSERT INTO ROOMTYPE VALUES ('KJ', 'King Jacuzzi Suite', 'Non-smoking room with a king-size bed and a jacuzzi tub', 129.99, 1, 3, '/photos/jacuzzi.jpg');



DELIMITER $$

-- Adds a row in the availability table for each room type
DROP PROCEDURE IF EXISTS day_avail_fill $$
CREATE PROCEDURE day_avail_fill(d DATE)
BEGIN
    DECLARE done BOOLEAN DEFAULT FALSE;
    DECLARE type VARCHAR(2);
    DECLARE roomtype_cursor CURSOR FOR SELECT type_id FROM ROOMTYPE;
    DECLARE CONTINUE HANDLER FOR NOT FOUND SET done = TRUE;

    OPEN roomtype_cursor;
    row_loop: LOOP
        FETCH roomtype_cursor INTO type;
        IF done THEN
            LEAVE row_loop;
        END IF;

        INSERT INTO AVAILABILITY VALUES(d, type, 0, true);
    END LOOP;
END $$


-- Pre-populates the availability table
DROP PROCEDURE IF EXISTS avail_table_fill $$
CREATE PROCEDURE avail_table_fill()
BEGIN
    DECLARE d DATE;
    DECLARE n INT;
    SET d = CURRENT_DATE();
    SET n = 0;

    WHILE n < 365 DO
            CALL day_avail_fill(d);
            SET d = DATE_ADD(d, INTERVAL 1 DAY);
            SET n = n + 1;
        END WHILE;
END $$


-- Updates isAvailable based on current total number of rooms for given type
DROP PROCEDURE IF EXISTS check_isAvail_after_upd $$
CREATE PROCEDURE check_isAvail_after_upd(type VARCHAR(2), num_reserved INT, d DATE)
BEGIN
    DECLARE num_rooms INT;
    SET num_rooms = (SELECT COUNT(room_id) FROM ROOM WHERE roomtype=type AND room_in_service=true);
    IF (num_rooms > num_reserved) THEN
        UPDATE AVAILABILITY
        SET isAvailable = true
        WHERE date=d AND roomtype=type;
    ELSE
        UPDATE AVAILABILITY
        SET isAvailable = false
        WHERE date=d AND roomtype=type;
    END IF ;
END $$


DELIMITER ;


CALL avail_table_fill();


DELIMITER $$


-- Create invoice after new reservation
CREATE TRIGGER ins_invoice_after_reservation AFTER INSERT ON RESERVATION
    FOR EACH ROW
BEGIN
    INSERT INTO INVOICE VALUES (new.reservation_id, 0, 0);
END $$


-- Updates num_reserved on availability table when a reservation is created
CREATE TRIGGER upd_avail_after_ins AFTER INSERT ON RESERVATION
    FOR EACH ROW
BEGIN
    DECLARE x INT;
    DECLARE num_days INT;
    DECLARE num_res INT;
    DECLARE curr_date DATE;
    SET x = 0;
    SET num_days = DATEDIFF(new.check_out_date, new.check_in_date);
    WHILE x < num_days DO
            SET curr_date = DATE_ADD(new.check_in_date, INTERVAL x DAY);
            UPDATE AVAILABILITY
            SET num_reserved = (num_reserved + 1)
            WHERE ((date = curr_date) AND
                   (roomtype = new.roomtype_id));
            SET x = x + 1;

            SELECT num_reserved INTO num_res FROM AVAILABILITY WHERE date=curr_date AND roomtype=new.roomtype_id;
            CALL check_isAvail_after_upd(new.roomtype_id, num_res, curr_date);

        END WHILE;
END $$

-- Updates num_reserved on availability table when a reservation is cancelled
CREATE TRIGGER upd_avail_after_cancel AFTER UPDATE ON RESERVATION
    FOR EACH ROW
BEGIN
    DECLARE x INT;
    DECLARE num_days INT;
    DECLARE num_res INT;
    DECLARE curr_date DATE;
    SET x = 0;
    SET num_days = DATEDIFF(old.check_out_date, old.check_in_date);

    IF (new.status LIKE 'cancelled' AND old.status NOT LIKE 'cancelled') THEN

        WHILE x < num_days DO
                SET curr_date = DATE_ADD(old.check_in_date, INTERVAL x DAY);
                UPDATE AVAILABILITY
                SET num_reserved = (num_reserved - 1)
                WHERE ((date = curr_date) AND
                       (roomtype = old.roomtype_id));
                SET x = x + 1;

                SELECT num_reserved INTO num_res FROM AVAILABILITY WHERE date=curr_date AND roomtype=old.roomtype_id;
                CALL check_isAvail_after_upd(old.roomtype_id, num_res, curr_date);

            END WHILE;

    END IF ;
END $$


-- Updates num_reserved on availability table when a reservation's dates are updated
CREATE TRIGGER upd_avail_after_update AFTER UPDATE ON RESERVATION
    FOR EACH ROW
BEGIN
    DECLARE x INT;
    DECLARE num_days INT;
    DECLARE num_res INT;
    DECLARE curr_date DATE;
    SET x = 0;
    SET num_days = DATEDIFF(old.check_out_date, old.check_in_date);

    IF ((new.check_in_date != old.check_in_date) OR (new.check_out_date != old.check_out_date)) THEN
        -- remove old reservation
        WHILE x < num_days DO
                UPDATE AVAILABILITY
                SET num_reserved = (num_reserved - 1)
                WHERE ((date = DATE_ADD(old.check_in_date, INTERVAL x DAY)) AND
                       (roomtype = old.roomtype_id));
                SET x = x + 1;
            END WHILE;

        -- add new reservation
        WHILE x < num_days DO
                SET curr_date = DATE_ADD(old.check_in_date, INTERVAL x DAY);
                UPDATE AVAILABILITY
                SET num_reserved = (num_reserved + 1)
                WHERE ((date = curr_date) AND
                       (roomtype = new.roomtype_id));
                SET x = x + 1;

                SELECT num_reserved INTO num_res FROM AVAILABILITY WHERE date=curr_date AND roomtype=new.roomtype_id;
                CALL check_isAvail_after_upd(new.roomtype_id, num_res, curr_date);

            END WHILE;
    END IF;
END $$


-- Updates amount paid on invoice when a payment is inserted
CREATE TRIGGER upd_invoice_after_payment AFTER INSERT ON PAYMENT
    FOR EACH ROW
BEGIN
    UPDATE INVOICE
    SET amount_paid = amount_paid + new.payment_amount
    WHERE invoice_id = new.invoice_id;
END $$


-- Updates invoice total when a new invoice charge is inserted
CREATE TRIGGER upd_invoice_after_charge AFTER INSERT ON INVOICECHARGE
    FOR EACH ROW
BEGIN
    UPDATE INVOICE
    SET total_amount = total_amount + new.charge_amount
    WHERE invoice_id = new.invoice_id;
END $$


DELIMITER ;


USE HMS_DB;

INSERT INTO ROOM VALUES (101,true,'QD',true);
INSERT INTO ROOM VALUES (102,true,'KS',true);
INSERT INTO ROOM VALUES (103,true,'QS',true);
INSERT INTO ROOM VALUES (104,true,'KJ',true);
INSERT INTO ROOM VALUES (105,false,'KI',true);
INSERT INTO ROOM VALUES (106,false,'QD',true);
INSERT INTO ROOM VALUES (107,true,'KS',true);
INSERT INTO ROOM VALUES (108,true,'QS',true);
INSERT INTO ROOM VALUES (109,false,'KJ',true);
INSERT INTO ROOM VALUES (110,false,'KI',true);
INSERT INTO ROOM VALUES (111,true,'QD',true);
INSERT INTO ROOM VALUES (112,true,'KS',true);
INSERT INTO ROOM VALUES (113,false,'QS',true);
INSERT INTO ROOM VALUES (114,false,'KJ',true);
INSERT INTO ROOM VALUES (115,false,'KI',true);
INSERT INTO ROOM VALUES (116,true,'QD',true);
INSERT INTO ROOM VALUES (117,false,'KS',true);
INSERT INTO ROOM VALUES (118,true,'QS',true);
INSERT INTO ROOM VALUES (119,true,'KJ',true);
INSERT INTO ROOM VALUES (120,true,'KI',true);
INSERT INTO ROOM VALUES (200,false,'QD',true);
INSERT INTO ROOM VALUES (201,false,'KS',true);
INSERT INTO ROOM VALUES (202,true,'QS',true);
INSERT INTO ROOM VALUES (203,true,'KJ',true);
INSERT INTO ROOM VALUES (204,true,'KI',true);
INSERT INTO ROOM VALUES (205,true,'QD',true);
INSERT INTO ROOM VALUES (206,true,'KS',true);
INSERT INTO ROOM VALUES (207,true,'QS',true);
INSERT INTO ROOM VALUES (208,true,'KJ',true);
INSERT INTO ROOM VALUES (209,true,'KI',true);
-- ------- SAMPLE 0 ----------
INSERT INTO GUEST VALUES(1000,'Fleta','Fickel','FFickel@yahoo.com','1234 DaWrong Lane','Flonkerton','MD','12345','195-884-1322');
INSERT INTO RESERVATION VALUES ('20200409QS9076643220293',1000,113,'QS','2020-04-09','2020-04-11',null,'complete');
INSERT INTO INVOICECHARGE VALUES ('20200409QS9076643220293-ch00001','20200409QS9076643220293','2020-04-09',154.81,'Base room charge');
INSERT INTO INVOICECHARGE VALUES ('20200409QS9076643220293-ch00002','20200409QS9076643220293','2020-04-09',79.75,'Room Service');
INSERT INTO PAYMENT VALUES ('20200409QS9076643220293-p00001','20200409QS9076643220293','2020-04-11','CC',234.55,'Fleta Fickel','1101433986073307',4,2026,248,'Mastercard');
-- ------- SAMPLE 1 ----------
INSERT INTO GUEST VALUES(1001,'Theodora','Trickey','TTrickey@yahoo.com','1234 DaWrong Lane','Flonkerton','MD','12345','542-395-9035');
INSERT INTO RESERVATION VALUES ('20201019QD8004379416538',1001,null,'QD','2020-10-19','2020-10-21',null,'active');
INSERT INTO INVOICECHARGE VALUES ('20201019QD8004379416538-ch00001','20201019QD8004379416538','2020-10-19',126.66,'Base room charge');
INSERT INTO INVOICECHARGE VALUES ('20201019QD8004379416538-ch00002','20201019QD8004379416538','2020-10-19',65.25,'Cleaning fee');
INSERT INTO PAYMENT VALUES ('20201019QD8004379416538-p00001','20201019QD8004379416538','2020-10-21','CC',71,'Theodora Trickey','9600017204404539',12,2025,94,'Mastercard');
-- ------- SAMPLE 2 ----------
INSERT INTO GUEST VALUES(1002,'Shawna','Schmit','SSchmit@hotmail.com','1234 DaWrong Lane','Flonkerton','MD','12345','016-402-9811');
INSERT INTO RESERVATION VALUES ('20200130KJ6632258706299',1002,119,'KJ','2020-01-30','2020-01-31',null,'complete');
INSERT INTO INVOICECHARGE VALUES ('20200130KJ6632258706299-ch00001','20200130KJ6632258706299','2020-01-30',91.48,'Base room charge');
INSERT INTO INVOICECHARGE VALUES ('20200130KJ6632258706299-ch00002','20200130KJ6632258706299','2020-01-30',47.12,'Room Service');
INSERT INTO PAYMENT VALUES ('20200130KJ6632258706299-p00001','20200130KJ6632258706299','2020-02-01','CC',138.6,'Shawna Schmit','2075602282420308',11,2025,765,'Mastercard');
-- ------- SAMPLE 3 ----------
INSERT INTO GUEST VALUES(1003,'Romaine','Reck','RReck@yahoo.com','1234 DaWrong Lane','Flonkerton','MD','12345','859-603-1442');
INSERT INTO RESERVATION VALUES ('20180912KS4998564832669',1003,206,'KS','2018-09-12','2018-09-16',null,'complete');
INSERT INTO INVOICECHARGE VALUES ('20180912KS4998564832669-ch00001','20180912KS4998564832669','2018-09-12',281.46,'Base room charge');
INSERT INTO INVOICECHARGE VALUES ('20180912KS4998564832669-ch00002','20180912KS4998564832669','2018-09-12',145,'Cleaning fee');
INSERT INTO PAYMENT VALUES ('20180912KS4998564832669-p00001','20180912KS4998564832669','2018-09-14','CC',426.46,'Romaine Reck','9613723444121307',8,2026,809,'Mastercard');
-- ------- SAMPLE 4 ----------
INSERT INTO GUEST VALUES(1004,'Maryann','Mccutcheon','MMccutcheon@hotmail.com','1234 DaWrong Lane','Flonkerton','MD','12345','338-621-5977');
INSERT INTO RESERVATION VALUES ('20210108QS6630973677811',1004,null,'QS','2021-01-08','2021-01-10',null,'active');
INSERT INTO INVOICECHARGE VALUES ('20210108QS6630973677811-ch00001','20210108QS6630973677811','2021-01-08',154.81,'Base room charge');
INSERT INTO INVOICECHARGE VALUES ('20210108QS6630973677811-ch00002','20210108QS6630973677811','2021-01-08',79.75,'Room Service');
INSERT INTO PAYMENT VALUES ('20210108QS6630973677811-p00001','20210108QS6630973677811','2021-01-10','CC',234.55,'Maryann Mccutcheon','1950833123194256',3,2024,122,'Mastercard');
-- ------- SAMPLE 5 ----------
INSERT INTO GUEST VALUES(1005,'Buffy','Beattie','BBeattie@yahoo.com','1234 DaWrong Lane','Flonkerton','MD','12345','054-947-0821');
INSERT INTO RESERVATION VALUES ('20190906KI1159543709007',1005,105,'KI','2019-09-06','2019-09-10',null,'complete');
INSERT INTO INVOICECHARGE VALUES ('20190906KI1159543709007-ch00001','20190906KI1159543709007','2019-09-06',225.16,'Base room charge');
INSERT INTO INVOICECHARGE VALUES ('20190906KI1159543709007-ch00002','20190906KI1159543709007','2019-09-06',115.99,'Cleaning fee');
INSERT INTO PAYMENT (payment_id,invoice_id,payment_date,payment_type,payment_amount) VALUES ('20190906KI1159543709007-p00001','20190906KI1159543709007','2019-09-08','CA',341.16);
-- ------- SAMPLE 6 ----------
INSERT INTO GUEST VALUES(1006,'Luella','Lundstrom','LLundstrom@hotmail.com','1234 DaWrong Lane','Flonkerton','MD','12345','024-000-1206');
INSERT INTO RESERVATION VALUES ('20190822KJ7196301693661',1006,104,'KJ','2019-08-22','2019-08-23',null,'complete');
INSERT INTO INVOICECHARGE VALUES ('20190822KJ7196301693661-ch00001','20190822KJ7196301693661','2019-08-22',138.6,'Base room charge');
INSERT INTO PAYMENT VALUES ('20190822KJ7196301693661-p00001','20190822KJ7196301693661','2019-08-24','CC',138.6,'Luella Lundstrom','6593111086561590',8,2024,918,'Mastercard');
-- ------- SAMPLE 7 ----------
INSERT INTO GUEST VALUES(1007,'Kenisha','Kane','KKane@yahoo.com','1234 DaWrong Lane','Flonkerton','MD','12345','340-558-4731');
INSERT INTO RESERVATION VALUES ('20210123KJ5476532117130',1007,null,'KJ','2021-01-23','2021-01-27',null,'active');
INSERT INTO INVOICECHARGE VALUES ('20210123KJ5476532117130-ch00001','20210123KJ5476532117130','2021-01-23',554.41,'Base room charge');
INSERT INTO PAYMENT VALUES ('20210123KJ5476532117130-p00001','20210123KJ5476532117130','2021-01-25','CC',554.41,'Kenisha Kane','6045980484968140',3,2021,194,'Mastercard');
-- ------- SAMPLE 8 ----------
INSERT INTO GUEST VALUES(1008,'Rose','Royall','RRoyall@gmail.com','1234 DaWrong Lane','Flonkerton','MD','12345','662-751-9372');
INSERT INTO RESERVATION VALUES ('20190805QS2086633803108',1008,108,'QS','2019-08-05','2019-08-09',null,'cancelled');
INSERT INTO INVOICECHARGE VALUES ('20190805QS2086633803108-ch00001','20190805QS2086633803108','2019-08-05',309.61,'Base room charge');
INSERT INTO INVOICECHARGE VALUES ('20190805QS2086633803108-ch00002','20190805QS2086633803108','2019-08-05',159.5,'Cleaning fee');
INSERT INTO PAYMENT VALUES ('20190805QS2086633803108-p00001','20190805QS2086633803108','2019-08-07','CC',469.11,'Rose Royall','1647931239581311',9,2022,842,'Mastercard');
-- ------- SAMPLE 9 ----------
INSERT INTO GUEST VALUES(1009,'Audrey','Aikens','AAikens@gmail.com','1234 DaWrong Lane','Flonkerton','MD','12345','259-466-1316');
INSERT INTO RESERVATION VALUES ('20201022QS1962090795724',1009,null,'QS','2020-10-22','2020-10-25',null,'active');
INSERT INTO INVOICECHARGE VALUES ('20201022QS1962090795724-ch00001','20201022QS1962090795724','2020-10-22',351.83,'Base room charge');
INSERT INTO PAYMENT VALUES ('20201022QS1962090795724-p00001','20201022QS1962090795724','2020-10-24','CC',351.83,'Audrey Aikens','4700228376608511',11,2026,844,'Mastercard');
-- ------- SAMPLE 10 ----------
INSERT INTO GUEST VALUES(1010,'Raven','Rybicki','RRybicki@gmail.com','1234 DaWrong Lane','Flonkerton','MD','12345','807-247-1416');
INSERT INTO RESERVATION VALUES ('20190130KI8222475889799',1010,209,'KI','2019-01-30','2019-02-03',null,'complete');
INSERT INTO INVOICECHARGE VALUES ('20190130KI8222475889799-ch00001','20190130KI8222475889799','2019-01-30',341.16,'Base room charge');
INSERT INTO PAYMENT VALUES ('20190130KI8222475889799-p00001','20190130KI8222475889799','2019-02-01','CC',341.16,'Raven Rybicki','4135710161895272',2,2024,606,'Mastercard');
-- ------- SAMPLE 11 ----------
INSERT INTO GUEST VALUES(1011,'Tomika','Teran','TTeran@gmail.com','1234 DaWrong Lane','Flonkerton','MD','12345','158-966-9272');
INSERT INTO RESERVATION VALUES ('20190130KI8529943823734',1011,204,'KI','2019-01-30','2019-02-02',null,'complete');
INSERT INTO INVOICECHARGE VALUES ('20190130KI8529943823734-ch00001','20190130KI8529943823734','2019-01-30',168.87,'Base room charge');
INSERT INTO INVOICECHARGE VALUES ('20190130KI8529943823734-ch00002','20190130KI8529943823734','2019-01-30',87,'Room Service');
INSERT INTO PAYMENT VALUES ('20190130KI8529943823734-p00001','20190130KI8529943823734','2019-02-01','CC',255.87,'Tomika Teran','7226064200784331',3,2027,969,'Mastercard');
-- ------- SAMPLE 12 ----------
INSERT INTO GUEST VALUES(1012,'Jeanene','Jacobo','JJacobo@gmail.com','1234 DaWrong Lane','Flonkerton','MD','12345','129-096-4882');
INSERT INTO RESERVATION VALUES ('20190124KJ6261481896340',1012,104,'KJ','2019-01-24','2019-01-28',null,'complete');
INSERT INTO INVOICECHARGE VALUES ('20190124KJ6261481896340-ch00001','20190124KJ6261481896340','2019-01-24',365.91,'Base room charge');
INSERT INTO INVOICECHARGE VALUES ('20190124KJ6261481896340-ch00002','20190124KJ6261481896340','2019-01-24',188.5,'Cleaning fee');
INSERT INTO PAYMENT VALUES ('20190124KJ6261481896340-p00001','20190124KJ6261481896340','2019-01-26','CC',554.41,'Jeanene Jacobo','4504012110628618',10,2024,98,'Mastercard');
-- ------- SAMPLE 13 ----------
INSERT INTO GUEST VALUES(1013,'Liliana','Lueck','LLueck@gmail.com','1234 DaWrong Lane','Flonkerton','MD','12345','920-201-3373');
INSERT INTO RESERVATION VALUES ('20180721KS4036946270066',1013,107,'KS','2018-07-21','2018-07-26',null,'complete');
INSERT INTO INVOICECHARGE VALUES ('20180721KS4036946270066-ch00001','20180721KS4036946270066','2018-07-21',533.07,'Base room charge');
INSERT INTO PAYMENT VALUES ('20180721KS4036946270066-p00001','20180721KS4036946270066','2018-07-23','CC',533.07,'Liliana Lueck','5986166704409324',7,2024,865,'Mastercard');
-- ------- SAMPLE 14 ----------
INSERT INTO GUEST VALUES(1014,'Romaine','Reck','RReck@yahoo.com','1234 DaWrong Lane','Flonkerton','MD','12345','710-062-9352');
INSERT INTO RESERVATION VALUES ('20190705KI3096113756966',1014,115,'KI','2019-07-05','2019-07-07',null,'complete');
INSERT INTO INVOICECHARGE VALUES ('20190705KI3096113756966-ch00001','20190705KI3096113756966','2019-07-05',112.58,'Base room charge');
INSERT INTO INVOICECHARGE VALUES ('20190705KI3096113756966-ch00002','20190705KI3096113756966','2019-07-05',58,'Room Service');
INSERT INTO PAYMENT VALUES ('20190705KI3096113756966-p00001','20190705KI3096113756966','2019-07-07','CC',170.58,'Romaine Reck','3086519277938262',12,2021,324,'Mastercard');
-- ------- SAMPLE 15 ----------
INSERT INTO GUEST VALUES(1015,'Deandre','Defore','DDefore@gmail.com','1234 DaWrong Lane','Flonkerton','MD','12345','285-529-6255');
INSERT INTO RESERVATION VALUES ('20181216QS5427331672521',1015,108,'QS','2018-12-16','2018-12-19',null,'complete');
INSERT INTO INVOICECHARGE VALUES ('20181216QS5427331672521-ch00001','20181216QS5427331672521','2018-12-16',232.21,'Base room charge');
INSERT INTO INVOICECHARGE VALUES ('20181216QS5427331672521-ch00002','20181216QS5427331672521','2018-12-16',119.62,'Room Service');
INSERT INTO PAYMENT VALUES ('20181216QS5427331672521-p00001','20181216QS5427331672521','2018-12-18','CC',351.83,'Deandre Defore','3113583357177440',9,2021,862,'Mastercard');
-- ------- SAMPLE 16 ----------
INSERT INTO GUEST VALUES(1016,'Shena','Sandoz','SSandoz@gmail.com','1234 DaWrong Lane','Flonkerton','MD','12345','679-779-5815');
INSERT INTO RESERVATION VALUES ('20180528KS2272956665532',1016,102,'KS','2018-05-28','2018-06-02',null,'complete');
INSERT INTO INVOICECHARGE VALUES ('20180528KS2272956665532-ch00001','20180528KS2272956665532','2018-05-28',351.83,'Base room charge');
INSERT INTO INVOICECHARGE VALUES ('20180528KS2272956665532-ch00002','20180528KS2272956665532','2018-05-28',181.24,'Room Service');
INSERT INTO PAYMENT VALUES ('20180528KS2272956665532-p00001','20180528KS2272956665532','2018-05-30','CC',533.07,'Shena Sandoz','9857944275093962',2,2027,306,'Mastercard');
-- ------- SAMPLE 17 ----------
INSERT INTO GUEST VALUES(1017,'Dane','Dumond','DDumond@yahoo.com','1234 DaWrong Lane','Flonkerton','MD','12345','838-193-6040');
INSERT INTO RESERVATION VALUES ('20180907KJ6024670327242',1017,109,'KJ','2018-09-07','2018-09-10',null,'complete');
INSERT INTO INVOICECHARGE VALUES ('20180907KJ6024670327242-ch00001','20180907KJ6024670327242','2018-09-07',415.81,'Base room charge');
INSERT INTO PAYMENT VALUES ('20180907KJ6024670327242-p00001','20180907KJ6024670327242','2018-09-09','CC',415.81,'Dane Dumond','6597237774936287',5,2026,291,'Mastercard');
-- ------- SAMPLE 18 ----------
INSERT INTO GUEST VALUES(1018,'Demarcus','Dearborn','DDearborn@yahoo.com','1234 DaWrong Lane','Flonkerton','MD','12345','744-495-2164');
INSERT INTO RESERVATION VALUES ('20180709KS4745641727696',1018,102,'KS','2018-07-09','2018-07-14',null,'cancelled');
INSERT INTO INVOICECHARGE VALUES ('20180709KS4745641727696-ch00001','20180709KS4745641727696','2018-07-09',533.07,'Base room charge');
INSERT INTO PAYMENT VALUES ('20180709KS4745641727696-p00001','20180709KS4745641727696','2018-07-11','CC',533.07,'Demarcus Dearborn','7851631841114438',6,2023,86,'Mastercard');
-- ------- SAMPLE 19 ----------
INSERT INTO GUEST VALUES(1019,'Shonda','Schult','SSchult@yahoo.com','1234 DaWrong Lane','Flonkerton','MD','12345','499-744-1623');
INSERT INTO RESERVATION VALUES ('20200725KS6977971594098',1019,null,'KS','2020-07-25','2020-07-27',null,'active');
INSERT INTO INVOICECHARGE VALUES ('20200725KS6977971594098-ch00001','20200725KS6977971594098','2020-07-25',140.73,'Base room charge');
INSERT INTO INVOICECHARGE VALUES ('20200725KS6977971594098-ch00002','20200725KS6977971594098','2020-07-25',72.5,'Room Service');
INSERT INTO PAYMENT VALUES ('20200725KS6977971594098-p00001','20200725KS6977971594098','2020-07-27','CC',213.23,'Shonda Schult','9007341968822811',10,2027,415,'Mastercard');
-- ------- SAMPLE 20 ----------
INSERT INTO GUEST VALUES(1020,'Dorian','Delbosque','DDelbosque@gmail.com','1234 DaWrong Lane','Flonkerton','MD','12345','473-640-4733');
INSERT INTO RESERVATION VALUES ('20190522KI9685382714325',1020,115,'KI','2019-05-22','2019-05-26',null,'complete');
INSERT INTO INVOICECHARGE VALUES ('20190522KI9685382714325-ch00001','20190522KI9685382714325','2019-05-22',225.16,'Base room charge');
INSERT INTO INVOICECHARGE VALUES ('20190522KI9685382714325-ch00002','20190522KI9685382714325','2019-05-22',115.99,'Room Service');
INSERT INTO PAYMENT (payment_id,invoice_id,payment_date,payment_type,payment_amount) VALUES ('20190522KI9685382714325-p00001','20190522KI9685382714325','2019-05-24','CA',341.16);
-- ------- SAMPLE 21 ----------
INSERT INTO GUEST VALUES(1021,'Georgianne','Guadarrama','GGuadarrama@gmail.com','1234 DaWrong Lane','Flonkerton','MD','12345','864-505-5866');
INSERT INTO RESERVATION VALUES ('20180617KI6410606296234',1021,105,'KI','2018-06-17','2018-06-18',null,'complete');
INSERT INTO INVOICECHARGE VALUES ('20180617KI6410606296234-ch00001','20180617KI6410606296234','2018-06-17',85.29,'Base room charge');
INSERT INTO PAYMENT (payment_id,invoice_id,payment_date,payment_type,payment_amount) VALUES ('20180617KI6410606296234-p00001','20180617KI6410606296234','2018-06-19','CA',85.29);
-- ------- SAMPLE 22 ----------
INSERT INTO GUEST VALUES(1022,'Audrey','Aikens','AAikens@yahoo.com','1234 DaWrong Lane','Flonkerton','MD','12345','177-193-7338');
INSERT INTO RESERVATION VALUES ('20210201KJ2191509712445',1022,null,'KJ','2021-02-01','2021-02-02',null,'active');
INSERT INTO INVOICECHARGE VALUES ('20210201KJ2191509712445-ch00001','20210201KJ2191509712445','2021-02-01',91.48,'Base room charge');
INSERT INTO INVOICECHARGE VALUES ('20210201KJ2191509712445-ch00002','20210201KJ2191509712445','2021-02-01',47.12,'Cleaning fee');
INSERT INTO PAYMENT VALUES ('20210201KJ2191509712445-p00001','20210201KJ2191509712445','2021-02-03','CC',138.6,'Audrey Aikens','7319209303528273',9,2022,544,'Mastercard');
-- ------- SAMPLE 23 ----------
INSERT INTO GUEST VALUES(1023,'Shad','Sitler','SSitler@hotmail.com','1234 DaWrong Lane','Flonkerton','MD','12345','482-933-9510');
INSERT INTO RESERVATION VALUES ('20190412QS8593614267257',1023,108,'QS','2019-04-12','2019-04-13',null,'complete');
INSERT INTO INVOICECHARGE VALUES ('20190412QS8593614267257-ch00001','20190412QS8593614267257','2019-04-12',117.28,'Base room charge');
INSERT INTO PAYMENT VALUES ('20190412QS8593614267257-p00001','20190412QS8593614267257','2019-04-14','CC',117.28,'Shad Sitler','2120189186854610',12,2025,572,'Mastercard');
-- ------- SAMPLE 24 ----------
INSERT INTO GUEST VALUES(1024,'Fonda','Foreman','FForeman@hotmail.com','1234 DaWrong Lane','Flonkerton','MD','12345','666-439-5103');
INSERT INTO RESERVATION VALUES ('20181007KS6123205037006',1024,117,'KS','2018-10-07','2018-10-08',null,'complete');
INSERT INTO INVOICECHARGE VALUES ('20181007KS6123205037006-ch00001','20181007KS6123205037006','2018-10-07',70.37,'Base room charge');
INSERT INTO INVOICECHARGE VALUES ('20181007KS6123205037006-ch00002','20181007KS6123205037006','2018-10-07',36.25,'Cleaning fee');
INSERT INTO PAYMENT (payment_id,invoice_id,payment_date,payment_type,payment_amount) VALUES ('20181007KS6123205037006-p00001','20181007KS6123205037006','2018-10-09','CA',106.61);
-- ------- SAMPLE 25 ----------
INSERT INTO GUEST VALUES(1025,'Doyle','Dykema','DDykema@hotmail.com','1234 DaWrong Lane','Flonkerton','MD','12345','729-562-5867');
INSERT INTO RESERVATION VALUES ('20210103QS8289797058240',1025,null,'QS','2021-01-03','2021-01-04',null,'active');
INSERT INTO INVOICECHARGE VALUES ('20210103QS8289797058240-ch00001','20210103QS8289797058240','2021-01-03',77.4,'Base room charge');
INSERT INTO INVOICECHARGE VALUES ('20210103QS8289797058240-ch00002','20210103QS8289797058240','2021-01-03',39.87,'Cleaning fee');
INSERT INTO PAYMENT VALUES ('20210103QS8289797058240-p00001','20210103QS8289797058240','2021-01-05','CC',117.28,'Doyle Dykema','5422507754782710',5,2025,106,'Mastercard');
-- ------- SAMPLE 26 ----------
INSERT INTO GUEST VALUES(1026,'Corene','Carmody','CCarmody@hotmail.com','1234 DaWrong Lane','Flonkerton','MD','12345','778-846-2137');
INSERT INTO RESERVATION VALUES ('20180524QD3163876735473',1026,111,'QD','2018-05-24','2018-05-27',null,'complete');
INSERT INTO INVOICECHARGE VALUES ('20180524QD3163876735473-ch00001','20180524QD3163876735473','2018-05-24',287.86,'Base room charge');
INSERT INTO PAYMENT VALUES ('20180524QD3163876735473-p00001','20180524QD3163876735473','2018-05-26','CC',287.86,'Corene Carmody','7556133847559198',2,2021,612,'Mastercard');
-- ------- SAMPLE 27 ----------
INSERT INTO GUEST VALUES(1027,'Melaine','Miskell','MMiskell@gmail.com','1234 DaWrong Lane','Flonkerton','MD','12345','022-239-2802');
INSERT INTO RESERVATION VALUES ('20201017QD9534932208714',1027,null,'QD','2020-10-17','2020-10-18',null,'active');
INSERT INTO INVOICECHARGE VALUES ('20201017QD9534932208714-ch00001','20201017QD9534932208714','2020-10-17',63.33,'Base room charge');
INSERT INTO INVOICECHARGE VALUES ('20201017QD9534932208714-ch00002','20201017QD9534932208714','2020-10-17',32.62,'Room Service');
INSERT INTO PAYMENT VALUES ('20201017QD9534932208714-p00001','20201017QD9534932208714','2020-10-19','CC',95.95,'Melaine Miskell','8422606075916120',2,2023,830,'Mastercard');
-- ------- SAMPLE 28 ----------
INSERT INTO GUEST VALUES(1028,'Tanner','Tomasello','TTomasello@gmail.com','1234 DaWrong Lane','Flonkerton','MD','12345','165-472-5710');
INSERT INTO RESERVATION VALUES ('20200615QD2929100327436',1028,null,'QD','2020-06-15','2020-06-18',null,'cancelled');
INSERT INTO INVOICECHARGE VALUES ('20200615QD2929100327436-ch00001','20200615QD2929100327436','2020-06-15',189.98,'Base room charge');
INSERT INTO INVOICECHARGE VALUES ('20200615QD2929100327436-ch00002','20200615QD2929100327436','2020-06-15',97.87,'Room Service');
INSERT INTO PAYMENT VALUES ('20200615QD2929100327436-p00001','20200615QD2929100327436','2020-06-17','CC',287.86,'Tanner Tomasello','9292470913075592',4,2024,966,'Mastercard');
-- ------- SAMPLE 29 ----------
INSERT INTO GUEST VALUES(1029,'Kandra','Kelty','KKelty@yahoo.com','1234 DaWrong Lane','Flonkerton','MD','12345','499-845-7136');
INSERT INTO RESERVATION VALUES ('20190606KI9452529231577',1029,115,'KI','2019-06-06','2019-06-07',null,'complete');
INSERT INTO INVOICECHARGE VALUES ('20190606KI9452529231577-ch00001','20190606KI9452529231577','2019-06-06',85.29,'Base room charge');
INSERT INTO PAYMENT (payment_id,invoice_id,payment_date,payment_type,payment_amount) VALUES ('20190606KI9452529231577-p00001','20190606KI9452529231577','2019-06-08','CA',85.29);
-- ------- SAMPLE 30 ----------
INSERT INTO GUEST VALUES(1030,'Shaneka','Stribling','SStribling@hotmail.com','1234 DaWrong Lane','Flonkerton','MD','12345','806-222-2768');
INSERT INTO RESERVATION VALUES ('20191202KJ6032554821256',1030,119,'KJ','2019-12-02','2019-12-04',null,'complete');
INSERT INTO INVOICECHARGE VALUES ('20191202KJ6032554821256-ch00001','20191202KJ6032554821256','2019-12-02',277.2,'Base room charge');
INSERT INTO PAYMENT VALUES ('20191202KJ6032554821256-p00001','20191202KJ6032554821256','2019-12-04','CC',277.2,'Shaneka Stribling','6669067577789123',6,2024,344,'Mastercard');
-- ------- SAMPLE 31 ----------
INSERT INTO GUEST VALUES(1031,'Katerine','Kawakami','KKawakami@yahoo.com','1234 DaWrong Lane','Flonkerton','MD','12345','959-047-4739');
INSERT INTO RESERVATION VALUES ('20191025KJ4075685079827',1031,104,'KJ','2019-10-25','2019-10-29',null,'complete');
INSERT INTO INVOICECHARGE VALUES ('20191025KJ4075685079827-ch00001','20191025KJ4075685079827','2019-10-25',554.41,'Base room charge');
INSERT INTO PAYMENT VALUES ('20191025KJ4075685079827-p00001','20191025KJ4075685079827','2019-10-27','CC',554.41,'Katerine Kawakami','5204588399722191',4,2027,396,'Mastercard');
-- ------- SAMPLE 32 ----------
INSERT INTO GUEST VALUES(1032,'Clara','Crimmins','CCrimmins@yahoo.com','1234 DaWrong Lane','Flonkerton','MD','12345','228-580-3112');
INSERT INTO RESERVATION VALUES ('20200221QD8673452735549',1032,205,'QD','2020-02-21','2020-02-22',null,'complete');
INSERT INTO INVOICECHARGE VALUES ('20200221QD8673452735549-ch00001','20200221QD8673452735549','2020-02-21',63.33,'Base room charge');
INSERT INTO INVOICECHARGE VALUES ('20200221QD8673452735549-ch00002','20200221QD8673452735549','2020-02-21',32.62,'Cleaning fee');
INSERT INTO PAYMENT VALUES ('20200221QD8673452735549-p00001','20200221QD8673452735549','2020-02-23','CC',95.95,'Clara Crimmins','3587545745079047',8,2023,753,'Mastercard');
-- ------- SAMPLE 33 ----------
INSERT INTO GUEST VALUES(1033,'Claribel','Catanzaro','CCatanzaro@gmail.com','1234 DaWrong Lane','Flonkerton','MD','12345','233-874-1921');
INSERT INTO RESERVATION VALUES ('20190316KJ4582586616554',1033,208,'KJ','2019-03-16','2019-03-17',null,'complete');
INSERT INTO INVOICECHARGE VALUES ('20190316KJ4582586616554-ch00001','20190316KJ4582586616554','2019-03-16',138.6,'Base room charge');
INSERT INTO PAYMENT VALUES ('20190316KJ4582586616554-p00001','20190316KJ4582586616554','2019-03-18','CC',138.6,'Claribel Catanzaro','9520311124767450',12,2025,416,'Mastercard');
-- ------- SAMPLE 34 ----------
INSERT INTO GUEST VALUES(1034,'Sherrie','Stultz','SStultz@gmail.com','1234 DaWrong Lane','Flonkerton','MD','12345','823-225-1036');
INSERT INTO RESERVATION VALUES ('20200416QS5442122663842',1034,108,'QS','2020-04-16','2020-04-21',null,'complete');
INSERT INTO INVOICECHARGE VALUES ('20200416QS5442122663842-ch00001','20200416QS5442122663842','2020-04-16',586.38,'Base room charge');
INSERT INTO PAYMENT VALUES ('20200416QS5442122663842-p00001','20200416QS5442122663842','2020-04-18','CC',586.38,'Sherrie Stultz','9945243149040753',10,2024,78,'Mastercard');
-- ------- SAMPLE 35 ----------
INSERT INTO GUEST VALUES(1035,'Raisa','Romito','RRomito@yahoo.com','1234 DaWrong Lane','Flonkerton','MD','12345','114-645-8701');
INSERT INTO RESERVATION VALUES ('20210304KS5271705074125',1035,null,'KS','2021-03-04','2021-03-07',null,'active');
INSERT INTO INVOICECHARGE VALUES ('20210304KS5271705074125-ch00001','20210304KS5271705074125','2021-03-04',211.1,'Base room charge');
INSERT INTO INVOICECHARGE VALUES ('20210304KS5271705074125-ch00002','20210304KS5271705074125','2021-03-04',108.75,'Room Service');
INSERT INTO PAYMENT (payment_id,invoice_id,payment_date,payment_type,payment_amount) VALUES ('20210304KS5271705074125-p00001','20210304KS5271705074125','2021-03-06','CA',184);
-- ------- SAMPLE 36 ----------
INSERT INTO GUEST VALUES(1036,'Shonda','Schult','SSchult@hotmail.com','1234 DaWrong Lane','Flonkerton','MD','12345','866-420-9659');
INSERT INTO RESERVATION VALUES ('20200704KI8642973070058',1036,null,'KI','2020-07-04','2020-07-07',null,'active');
-- ------- SAMPLE 37 ----------
INSERT INTO GUEST VALUES(1037,'Delsie','Delong','DDelong@gmail.com','1234 DaWrong Lane','Flonkerton','MD','12345','574-450-4036');
INSERT INTO RESERVATION VALUES ('20190217KS4054124017223',1037,117,'KS','2019-02-17','2019-02-22',null,'complete');
INSERT INTO INVOICECHARGE VALUES ('20190217KS4054124017223-ch00001','20190217KS4054124017223','2019-02-17',533.07,'Base room charge');
INSERT INTO PAYMENT VALUES ('20190217KS4054124017223-p00001','20190217KS4054124017223','2019-02-19','CC',533.07,'Delsie Delong','7185197935204536',5,2021,955,'Mastercard');
-- ------- SAMPLE 38 ----------
INSERT INTO GUEST VALUES(1038,'Yuette','Yetman','YYetman@yahoo.com','1234 DaWrong Lane','Flonkerton','MD','12345','599-439-2701');
INSERT INTO RESERVATION VALUES ('20190906KS6452594627462',1038,112,'KS','2019-09-06','2019-09-07',null,'complete');
INSERT INTO INVOICECHARGE VALUES ('20190906KS6452594627462-ch00001','20190906KS6452594627462','2019-09-06',106.61,'Base room charge');
INSERT INTO PAYMENT (payment_id,invoice_id,payment_date,payment_type,payment_amount) VALUES ('20190906KS6452594627462-p00001','20190906KS6452594627462','2019-09-08','CA',106.61);
-- ------- SAMPLE 39 ----------
INSERT INTO GUEST VALUES(1039,'Theodora','Trickey','TTrickey@gmail.com','1234 DaWrong Lane','Flonkerton','MD','12345','825-931-4521');
INSERT INTO RESERVATION VALUES ('20200207QS1920542380937',1039,103,'QS','2020-02-07','2020-02-11',null,'complete');
INSERT INTO INVOICECHARGE VALUES ('20200207QS1920542380937-ch00001','20200207QS1920542380937','2020-02-07',469.11,'Base room charge');
INSERT INTO PAYMENT VALUES ('20200207QS1920542380937-p00001','20200207QS1920542380937','2020-02-09','CC',469.11,'Theodora Trickey','8487444594540082',8,2027,100,'Mastercard');
-- ------- SAMPLE 40 ----------
INSERT INTO GUEST VALUES(1040,'Audrey','Aikens','AAikens@hotmail.com','1234 DaWrong Lane','Flonkerton','MD','12345','233-856-5285');
INSERT INTO RESERVATION VALUES ('20180701KJ3680300918316',1040,114,'KJ','2018-07-01','2018-07-04',null,'complete');
INSERT INTO INVOICECHARGE VALUES ('20180701KJ3680300918316-ch00001','20180701KJ3680300918316','2018-07-01',274.43,'Base room charge');
INSERT INTO INVOICECHARGE VALUES ('20180701KJ3680300918316-ch00002','20180701KJ3680300918316','2018-07-01',141.37,'Room Service');
INSERT INTO PAYMENT VALUES ('20180701KJ3680300918316-p00001','20180701KJ3680300918316','2018-07-03','CC',415.81,'Audrey Aikens','9524399452037203',10,2027,239,'Mastercard');
-- ------- SAMPLE 41 ----------
INSERT INTO GUEST VALUES(1041,'Mandi','Mcwain','MMcwain@gmail.com','1234 DaWrong Lane','Flonkerton','MD','12345','970-013-8190');
INSERT INTO RESERVATION VALUES ('20180727QD3029378658277',1041,116,'QD','2018-07-27','2018-07-30',null,'complete');
INSERT INTO INVOICECHARGE VALUES ('20180727QD3029378658277-ch00001','20180727QD3029378658277','2018-07-27',189.98,'Base room charge');
INSERT INTO INVOICECHARGE VALUES ('20180727QD3029378658277-ch00002','20180727QD3029378658277','2018-07-27',97.87,'Cleaning fee');
INSERT INTO PAYMENT VALUES ('20180727QD3029378658277-p00001','20180727QD3029378658277','2018-07-29','CC',287.86,'Mandi Mcwain','7550385675216214',3,2022,996,'Mastercard');
-- ------- SAMPLE 42 ----------
INSERT INTO GUEST VALUES(1042,'Shonda','Schult','SSchult@gmail.com','1234 DaWrong Lane','Flonkerton','MD','12345','227-739-8048');
INSERT INTO RESERVATION VALUES ('20201226KJ7008861263945',1042,null,'KJ','2020-12-26','2020-12-31',null,'active');
-- ------- SAMPLE 43 ----------
INSERT INTO GUEST VALUES(1043,'Rosemarie','Roeser','RRoeser@gmail.com','1234 DaWrong Lane','Flonkerton','MD','12345','877-287-1469');
INSERT INTO RESERVATION VALUES ('20200412KS1180884073709',1043,206,'KS','2020-04-12','2020-04-13',null,'complete');
INSERT INTO INVOICECHARGE VALUES ('20200412KS1180884073709-ch00001','20200412KS1180884073709','2020-04-12',106.61,'Base room charge');
INSERT INTO PAYMENT VALUES ('20200412KS1180884073709-p00001','20200412KS1180884073709','2020-04-14','CC',106.61,'Rosemarie Roeser','2008488728975581',8,2022,113,'Mastercard');
-- ------- SAMPLE 44 ----------
INSERT INTO GUEST VALUES(1044,'Deandre','Defore','DDefore@hotmail.com','1234 DaWrong Lane','Flonkerton','MD','12345','851-056-2262');
INSERT INTO RESERVATION VALUES ('20190312KI5295212950526',1044,204,'KI','2019-03-12','2019-03-17',null,'complete');
INSERT INTO INVOICECHARGE VALUES ('20190312KI5295212950526-ch00001','20190312KI5295212950526','2019-03-12',281.45,'Base room charge');
INSERT INTO INVOICECHARGE VALUES ('20190312KI5295212950526-ch00002','20190312KI5295212950526','2019-03-12',144.99,'Cleaning fee');
INSERT INTO PAYMENT VALUES ('20190312KI5295212950526-p00001','20190312KI5295212950526','2019-03-14','CC',426.45,'Deandre Defore','3132143694913118',5,2025,261,'Mastercard');
-- ------- SAMPLE 45 ----------
INSERT INTO GUEST VALUES(1045,'Delsie','Delong','DDelong@hotmail.com','1234 DaWrong Lane','Flonkerton','MD','12345','931-323-9592');
INSERT INTO RESERVATION VALUES ('20210308KJ9220799914174',1045,null,'KJ','2021-03-08','2021-03-12',null,'active');
INSERT INTO INVOICECHARGE VALUES ('20210308KJ9220799914174-ch00001','20210308KJ9220799914174','2021-03-08',554.41,'Base room charge');
INSERT INTO PAYMENT VALUES ('20210308KJ9220799914174-p00001','20210308KJ9220799914174','2021-03-10','CC',554.41,'Delsie Delong','8623015182302308',4,2025,387,'Mastercard');
-- ------- SAMPLE 46 ----------
INSERT INTO GUEST VALUES(1046,'Buford','Biddy','BBiddy@yahoo.com','1234 DaWrong Lane','Flonkerton','MD','12345','779-250-3430');
INSERT INTO RESERVATION VALUES ('20201201QS8129914536957',1046,null,'QS','2020-12-01','2020-12-06',null,'active');
INSERT INTO INVOICECHARGE VALUES ('20201201QS8129914536957-ch00001','20201201QS8129914536957','2020-12-01',586.38,'Base room charge');
INSERT INTO PAYMENT VALUES ('20201201QS8129914536957-p00001','20201201QS8129914536957','2020-12-03','CC',586.38,'Buford Biddy','4082663032358942',2,2026,695,'Mastercard');
-- ------- SAMPLE 47 ----------
INSERT INTO GUEST VALUES(1047,'Stan','Schnell','SSchnell@gmail.com','1234 DaWrong Lane','Flonkerton','MD','12345','153-596-1598');
INSERT INTO RESERVATION VALUES ('20210228QD8741110370159',1047,null,'QD','2021-02-28','2021-03-05',null,'active');
INSERT INTO INVOICECHARGE VALUES ('20210228QD8741110370159-ch00001','20210228QD8741110370159','2021-02-28',316.64,'Base room charge');
INSERT INTO INVOICECHARGE VALUES ('20210228QD8741110370159-ch00002','20210228QD8741110370159','2021-02-28',163.12,'Cleaning fee');
INSERT INTO PAYMENT (payment_id,invoice_id,payment_date,payment_type,payment_amount) VALUES ('20210228QD8741110370159-p00001','20210228QD8741110370159','2021-03-02','CA',315);
-- ------- SAMPLE 48 ----------
INSERT INTO GUEST VALUES(1048,'Ngan','Nalley','NNalley@gmail.com','1234 DaWrong Lane','Flonkerton','MD','12345','812-382-1067');
INSERT INTO RESERVATION VALUES ('20190301KS4813914644790',1048,206,'KS','2019-03-01','2019-03-04',null,'complete');
INSERT INTO INVOICECHARGE VALUES ('20190301KS4813914644790-ch00001','20190301KS4813914644790','2019-03-01',211.1,'Base room charge');
INSERT INTO INVOICECHARGE VALUES ('20190301KS4813914644790-ch00002','20190301KS4813914644790','2019-03-01',108.75,'Cleaning fee');
INSERT INTO PAYMENT VALUES ('20190301KS4813914644790-p00001','20190301KS4813914644790','2019-03-03','CC',319.84,'Ngan Nalley','7241020105267422',1,2023,119,'Mastercard');
-- ------- SAMPLE 49 ----------
INSERT INTO GUEST VALUES(1049,'Anita','Amezcua','AAmezcua@gmail.com','1234 DaWrong Lane','Flonkerton','MD','12345','257-222-1671');
INSERT INTO RESERVATION VALUES ('20200414KI6319172438902',1049,209,'KI','2020-04-14','2020-04-18',null,'complete');
INSERT INTO INVOICECHARGE VALUES ('20200414KI6319172438902-ch00001','20200414KI6319172438902','2020-04-14',341.16,'Base room charge');
INSERT INTO PAYMENT VALUES ('20200414KI6319172438902-p00001','20200414KI6319172438902','2020-04-16','CC',341.16,'Anita Amezcua','7405743226177083',2,2022,626,'Mastercard');
-- ------- SAMPLE 50 ----------
INSERT INTO GUEST VALUES(1050,'Maryann','Mccutcheon','MMccutcheon@gmail.com','1234 DaWrong Lane','Flonkerton','MD','12345','138-992-5163');
INSERT INTO RESERVATION VALUES ('20201122KS9297717576371',1050,null,'KS','2020-11-22','2020-11-23',null,'active');
INSERT INTO INVOICECHARGE VALUES ('20201122KS9297717576371-ch00001','20201122KS9297717576371','2020-11-22',70.37,'Base room charge');
INSERT INTO INVOICECHARGE VALUES ('20201122KS9297717576371-ch00002','20201122KS9297717576371','2020-11-22',36.25,'Room Service');
INSERT INTO PAYMENT (payment_id,invoice_id,payment_date,payment_type,payment_amount) VALUES ('20201122KS9297717576371-p00001','20201122KS9297717576371','2020-11-24','CA',72);
-- ------- SAMPLE 51 ----------
INSERT INTO GUEST VALUES(1051,'Kathlyn','Kinser','KKinser@yahoo.com','1234 DaWrong Lane','Flonkerton','MD','12345','897-289-7076');
INSERT INTO RESERVATION VALUES ('20180901KS9859177546734',1051,112,'KS','2018-09-01','2018-09-02',null,'complete');
INSERT INTO INVOICECHARGE VALUES ('20180901KS9859177546734-ch00001','20180901KS9859177546734','2018-09-01',106.61,'Base room charge');
INSERT INTO PAYMENT (payment_id,invoice_id,payment_date,payment_type,payment_amount) VALUES ('20180901KS9859177546734-p00001','20180901KS9859177546734','2018-09-03','CA',106.61);
-- ------- SAMPLE 52 ----------
INSERT INTO GUEST VALUES(1052,'Irma','Irby','IIrby@gmail.com','1234 DaWrong Lane','Flonkerton','MD','12345','245-233-0531');
INSERT INTO RESERVATION VALUES ('20200710QD1304384962624',1052,null,'QD','2020-07-10','2020-07-13',null,'active');
-- ------- SAMPLE 53 ----------
INSERT INTO GUEST VALUES(1053,'Selene','Staiger','SStaiger@yahoo.com','1234 DaWrong Lane','Flonkerton','MD','12345','231-014-6066');
INSERT INTO RESERVATION VALUES ('20200929KI3469998481881',1053,null,'KI','2020-09-29','2020-10-02',null,'active');
INSERT INTO INVOICECHARGE VALUES ('20200929KI3469998481881-ch00001','20200929KI3469998481881','2020-09-29',168.87,'Base room charge');
INSERT INTO INVOICECHARGE VALUES ('20200929KI3469998481881-ch00002','20200929KI3469998481881','2020-09-29',87,'Cleaning fee');
INSERT INTO PAYMENT VALUES ('20200929KI3469998481881-p00001','20200929KI3469998481881','2020-10-01','CC',104,'Selene Staiger','1369058355530844',9,2024,236,'Mastercard');
-- ------- SAMPLE 54 ----------
INSERT INTO GUEST VALUES(1054,'Shenna','Salmi','SSalmi@gmail.com','1234 DaWrong Lane','Flonkerton','MD','12345','260-547-1902');
INSERT INTO RESERVATION VALUES ('20180611QD9159888738977',1054,200,'QD','2018-06-11','2018-06-14',null,'complete');
INSERT INTO INVOICECHARGE VALUES ('20180611QD9159888738977-ch00001','20180611QD9159888738977','2018-06-11',287.86,'Base room charge');
INSERT INTO PAYMENT VALUES ('20180611QD9159888738977-p00001','20180611QD9159888738977','2018-06-13','CC',287.86,'Shenna Salmi','2676092184681526',9,2022,705,'Mastercard');
-- ------- SAMPLE 55 ----------
INSERT INTO GUEST VALUES(1055,'Serafina','Singh','SSingh@gmail.com','1234 DaWrong Lane','Flonkerton','MD','12345','102-455-2645');
INSERT INTO RESERVATION VALUES ('20200518KI5615034877323',1055,null,'KI','2020-05-18','2020-05-19',null,'active');
-- ------- SAMPLE 56 ----------
INSERT INTO GUEST VALUES(1056,'Antwan','Albury','AAlbury@hotmail.com','1234 DaWrong Lane','Flonkerton','MD','12345','457-306-2669');
INSERT INTO RESERVATION VALUES ('20210210KS6286146723380',1056,null,'KS','2021-02-10','2021-02-14',null,'active');
INSERT INTO INVOICECHARGE VALUES ('20210210KS6286146723380-ch00001','20210210KS6286146723380','2021-02-10',281.46,'Base room charge');
INSERT INTO INVOICECHARGE VALUES ('20210210KS6286146723380-ch00002','20210210KS6286146723380','2021-02-10',145,'Cleaning fee');
INSERT INTO PAYMENT VALUES ('20210210KS6286146723380-p00001','20210210KS6286146723380','2021-02-12','CC',201,'Antwan Albury','1458932151600233',8,2022,771,'Mastercard');
-- ------- SAMPLE 57 ----------
INSERT INTO GUEST VALUES(1057,'Daron','Dycus','DDycus@yahoo.com','1234 DaWrong Lane','Flonkerton','MD','12345','391-635-3727');
INSERT INTO RESERVATION VALUES ('20200605KJ5086236313426',1057,null,'KJ','2020-06-05','2020-06-08',null,'active');
-- ------- SAMPLE 58 ----------
INSERT INTO GUEST VALUES(1058,'Pearlene','Priestly','PPriestly@yahoo.com','1234 DaWrong Lane','Flonkerton','MD','12345','305-348-8574');
INSERT INTO RESERVATION VALUES ('20200207QS1480653858246',1058,207,'QS','2020-02-07','2020-02-10',null,'complete');
INSERT INTO INVOICECHARGE VALUES ('20200207QS1480653858246-ch00001','20200207QS1480653858246','2020-02-07',232.21,'Base room charge');
INSERT INTO INVOICECHARGE VALUES ('20200207QS1480653858246-ch00002','20200207QS1480653858246','2020-02-07',119.62,'Cleaning fee');
INSERT INTO PAYMENT (payment_id,invoice_id,payment_date,payment_type,payment_amount) VALUES ('20200207QS1480653858246-p00001','20200207QS1480653858246','2020-02-09','CA',351.83);
-- ------- SAMPLE 59 ----------
INSERT INTO GUEST VALUES(1059,'Sherrie','Stultz','SStultz@yahoo.com','1234 DaWrong Lane','Flonkerton','MD','12345','979-735-8680');
INSERT INTO RESERVATION VALUES ('20190411KJ8462574453581',1059,119,'KJ','2019-04-11','2019-04-12',null,'complete');
INSERT INTO INVOICECHARGE VALUES ('20190411KJ8462574453581-ch00001','20190411KJ8462574453581','2019-04-11',91.48,'Base room charge');
INSERT INTO INVOICECHARGE VALUES ('20190411KJ8462574453581-ch00002','20190411KJ8462574453581','2019-04-11',47.12,'Cleaning fee');
INSERT INTO PAYMENT (payment_id,invoice_id,payment_date,payment_type,payment_amount) VALUES ('20190411KJ8462574453581-p00001','20190411KJ8462574453581','2019-04-13','CA',138.6);
-- ------- SAMPLE 60 ----------
INSERT INTO GUEST VALUES(1060,'Hedwig','Hinz','HHinz@yahoo.com','1234 DaWrong Lane','Flonkerton','MD','12345','667-954-2968');
INSERT INTO RESERVATION VALUES ('20190902KI2835671484294',1060,204,'KI','2019-09-02','2019-09-04',null,'cancelled');
INSERT INTO INVOICECHARGE VALUES ('20190902KI2835671484294-ch00001','20190902KI2835671484294','2019-09-02',170.58,'Base room charge');
INSERT INTO PAYMENT VALUES ('20190902KI2835671484294-p00001','20190902KI2835671484294','2019-09-04','CC',170.58,'Hedwig Hinz','5199562733957336',6,2026,299,'Mastercard');
-- ------- SAMPLE 61 ----------
INSERT INTO GUEST VALUES(1061,'Bell','Belizaire','BBelizaire@yahoo.com','1234 DaWrong Lane','Flonkerton','MD','12345','622-173-2837');
INSERT INTO RESERVATION VALUES ('20200325QS9379851781700',1061,118,'QS','2020-03-25','2020-03-26',null,'cancelled');
INSERT INTO INVOICECHARGE VALUES ('20200325QS9379851781700-ch00001','20200325QS9379851781700','2020-03-25',77.4,'Base room charge');
INSERT INTO INVOICECHARGE VALUES ('20200325QS9379851781700-ch00002','20200325QS9379851781700','2020-03-25',39.87,'Cleaning fee');
INSERT INTO PAYMENT VALUES ('20200325QS9379851781700-p00001','20200325QS9379851781700','2020-03-27','CC',117.28,'Bell Belizaire','6983849280209009',4,2026,36,'Mastercard');
-- ------- SAMPLE 62 ----------
INSERT INTO GUEST VALUES(1062,'Raisa','Romito','RRomito@gmail.com','1234 DaWrong Lane','Flonkerton','MD','12345','702-244-0746');
INSERT INTO RESERVATION VALUES ('20180712QS1978616459474',1062,118,'QS','2018-07-12','2018-07-17',null,'complete');
INSERT INTO INVOICECHARGE VALUES ('20180712QS1978616459474-ch00001','20180712QS1978616459474','2018-07-12',586.38,'Base room charge');
INSERT INTO PAYMENT VALUES ('20180712QS1978616459474-p00001','20180712QS1978616459474','2018-07-14','CC',586.38,'Raisa Romito','8390098078272476',11,2021,701,'Mastercard');
-- ------- SAMPLE 63 ----------
INSERT INTO GUEST VALUES(1063,'Shawn','Stefanski','SStefanski@hotmail.com','1234 DaWrong Lane','Flonkerton','MD','12345','067-480-6739');
INSERT INTO RESERVATION VALUES ('20190209QS4618617413880',1063,108,'QS','2019-02-09','2019-02-13',null,'complete');
INSERT INTO INVOICECHARGE VALUES ('20190209QS4618617413880-ch00001','20190209QS4618617413880','2019-02-09',309.61,'Base room charge');
INSERT INTO INVOICECHARGE VALUES ('20190209QS4618617413880-ch00002','20190209QS4618617413880','2019-02-09',159.5,'Room Service');
INSERT INTO PAYMENT VALUES ('20190209QS4618617413880-p00001','20190209QS4618617413880','2019-02-11','CC',469.11,'Shawn Stefanski','2383052289792516',1,2022,561,'Mastercard');
-- ------- SAMPLE 64 ----------
INSERT INTO GUEST VALUES(1064,'Shandi','Scharf','SScharf@gmail.com','1234 DaWrong Lane','Flonkerton','MD','12345','501-032-0129');
INSERT INTO RESERVATION VALUES ('20190828KJ4115416441154',1064,208,'KJ','2019-08-28','2019-08-31',null,'complete');
INSERT INTO INVOICECHARGE VALUES ('20190828KJ4115416441154-ch00001','20190828KJ4115416441154','2019-08-28',274.43,'Base room charge');
INSERT INTO INVOICECHARGE VALUES ('20190828KJ4115416441154-ch00002','20190828KJ4115416441154','2019-08-28',141.37,'Room Service');
INSERT INTO PAYMENT VALUES ('20190828KJ4115416441154-p00001','20190828KJ4115416441154','2019-08-30','CC',415.81,'Shandi Scharf','1973240197002753',10,2025,999,'Mastercard');
-- ------- SAMPLE 65 ----------
INSERT INTO GUEST VALUES(1065,'Boris','Berner','BBerner@hotmail.com','1234 DaWrong Lane','Flonkerton','MD','12345','275-710-1786');
INSERT INTO RESERVATION VALUES ('20190407KI9837737591733',1065,204,'KI','2019-04-07','2019-04-10',null,'complete');
INSERT INTO INVOICECHARGE VALUES ('20190407KI9837737591733-ch00001','20190407KI9837737591733','2019-04-07',255.87,'Base room charge');
INSERT INTO PAYMENT VALUES ('20190407KI9837737591733-p00001','20190407KI9837737591733','2019-04-09','CC',255.87,'Boris Berner','1949114025176164',4,2022,587,'Mastercard');
-- ------- SAMPLE 66 ----------
INSERT INTO GUEST VALUES(1066,'Romaine','Reck','RReck@yahoo.com','1234 DaWrong Lane','Flonkerton','MD','12345','132-068-7184');
INSERT INTO RESERVATION VALUES ('20191118QD5713635502076',1066,111,'QD','2019-11-18','2019-11-22',null,'complete');
INSERT INTO INVOICECHARGE VALUES ('20191118QD5713635502076-ch00001','20191118QD5713635502076','2019-11-18',253.31,'Base room charge');
INSERT INTO INVOICECHARGE VALUES ('20191118QD5713635502076-ch00002','20191118QD5713635502076','2019-11-18',130.49,'Cleaning fee');
INSERT INTO PAYMENT VALUES ('20191118QD5713635502076-p00001','20191118QD5713635502076','2019-11-20','CC',383.81,'Romaine Reck','1247831379510506',9,2022,363,'Mastercard');
-- ------- SAMPLE 67 ----------
INSERT INTO GUEST VALUES(1067,'Linwood','Layden','LLayden@hotmail.com','1234 DaWrong Lane','Flonkerton','MD','12345','592-508-9484');
INSERT INTO RESERVATION VALUES ('20201025KS7450562295561',1067,null,'KS','2020-10-25','2020-10-28',null,'cancelled');
INSERT INTO INVOICECHARGE VALUES ('20201025KS7450562295561-ch00001','20201025KS7450562295561','2020-10-25',319.84,'Base room charge');
INSERT INTO PAYMENT (payment_id,invoice_id,payment_date,payment_type,payment_amount) VALUES ('20201025KS7450562295561-p00001','20201025KS7450562295561','2020-10-27','CA',319.84);
-- ------- SAMPLE 68 ----------
INSERT INTO GUEST VALUES(1068,'Cherry','Chiarello','CChiarello@yahoo.com','1234 DaWrong Lane','Flonkerton','MD','12345','065-647-5847');
INSERT INTO RESERVATION VALUES ('20181123KJ8338591418780',1068,114,'KJ','2018-11-23','2018-11-24',null,'complete');
INSERT INTO INVOICECHARGE VALUES ('20181123KJ8338591418780-ch00001','20181123KJ8338591418780','2018-11-23',91.48,'Base room charge');
INSERT INTO INVOICECHARGE VALUES ('20181123KJ8338591418780-ch00002','20181123KJ8338591418780','2018-11-23',47.12,'Room Service');
INSERT INTO PAYMENT (payment_id,invoice_id,payment_date,payment_type,payment_amount) VALUES ('20181123KJ8338591418780-p00001','20181123KJ8338591418780','2018-11-25','CA',138.6);
-- ------- SAMPLE 69 ----------
INSERT INTO GUEST VALUES(1069,'Raven','Rybicki','RRybicki@yahoo.com','1234 DaWrong Lane','Flonkerton','MD','12345','395-813-0949');
INSERT INTO RESERVATION VALUES ('20210422QS3667201126381',1069,null,'QS','2021-04-22','2021-04-25',null,'active');
INSERT INTO INVOICECHARGE VALUES ('20210422QS3667201126381-ch00001','20210422QS3667201126381','2021-04-22',232.21,'Base room charge');
INSERT INTO INVOICECHARGE VALUES ('20210422QS3667201126381-ch00002','20210422QS3667201126381','2021-04-22',119.62,'Room Service');
INSERT INTO PAYMENT VALUES ('20210422QS3667201126381-p00001','20210422QS3667201126381','2021-04-24','CC',238,'Raven Rybicki','3755732908648887',6,2025,289,'Mastercard');
-- ------- SAMPLE 70 ----------
INSERT INTO GUEST VALUES(1070,'Abdul','Ashe','AAshe@hotmail.com','1234 DaWrong Lane','Flonkerton','MD','12345','149-547-4814');
INSERT INTO RESERVATION VALUES ('20191027QS2165986414381',1070,113,'QS','2019-10-27','2019-10-28',null,'complete');
INSERT INTO INVOICECHARGE VALUES ('20191027QS2165986414381-ch00001','20191027QS2165986414381','2019-10-27',117.28,'Base room charge');
INSERT INTO PAYMENT VALUES ('20191027QS2165986414381-p00001','20191027QS2165986414381','2019-10-29','CC',117.28,'Abdul Ashe','9405509604739266',1,2026,423,'Mastercard');
-- ------- SAMPLE 71 ----------
INSERT INTO GUEST VALUES(1071,'Antwan','Albury','AAlbury@hotmail.com','1234 DaWrong Lane','Flonkerton','MD','12345','052-755-5178');
INSERT INTO RESERVATION VALUES ('20210117KS5726641714423',1071,null,'KS','2021-01-17','2021-01-18',null,'active');
INSERT INTO INVOICECHARGE VALUES ('20210117KS5726641714423-ch00001','20210117KS5726641714423','2021-01-17',106.61,'Base room charge');
INSERT INTO PAYMENT VALUES ('20210117KS5726641714423-p00001','20210117KS5726641714423','2021-01-19','CC',106.61,'Antwan Albury','2018058426129112',1,2026,636,'Mastercard');
-- ------- SAMPLE 72 ----------
INSERT INTO GUEST VALUES(1072,'Leonore','Losh','LLosh@gmail.com','1234 DaWrong Lane','Flonkerton','MD','12345','579-053-7992');
INSERT INTO RESERVATION VALUES ('20190524KJ6250018869231',1072,208,'KJ','2019-05-24','2019-05-29',null,'complete');
INSERT INTO INVOICECHARGE VALUES ('20190524KJ6250018869231-ch00001','20190524KJ6250018869231','2019-05-24',457.39,'Base room charge');
INSERT INTO INVOICECHARGE VALUES ('20190524KJ6250018869231-ch00002','20190524KJ6250018869231','2019-05-24',235.62,'Cleaning fee');
INSERT INTO PAYMENT (payment_id,invoice_id,payment_date,payment_type,payment_amount) VALUES ('20190524KJ6250018869231-p00001','20190524KJ6250018869231','2019-05-26','CA',693.01);
-- ------- SAMPLE 73 ----------
INSERT INTO GUEST VALUES(1073,'Ngan','Nalley','NNalley@hotmail.com','1234 DaWrong Lane','Flonkerton','MD','12345','048-484-3196');
INSERT INTO RESERVATION VALUES ('20200205KS6312343982842',1073,206,'KS','2020-02-05','2020-02-09',null,'complete');
INSERT INTO INVOICECHARGE VALUES ('20200205KS6312343982842-ch00001','20200205KS6312343982842','2020-02-05',281.46,'Base room charge');
INSERT INTO INVOICECHARGE VALUES ('20200205KS6312343982842-ch00002','20200205KS6312343982842','2020-02-05',145,'Cleaning fee');
INSERT INTO PAYMENT VALUES ('20200205KS6312343982842-p00001','20200205KS6312343982842','2020-02-07','CC',426.46,'Ngan Nalley','8273946946386997',12,2021,404,'Mastercard');
-- ------- SAMPLE 74 ----------
INSERT INTO GUEST VALUES(1074,'Annie','Albrecht','AAlbrecht@yahoo.com','1234 DaWrong Lane','Flonkerton','MD','12345','109-803-2835');
INSERT INTO RESERVATION VALUES ('20191217KI8766842854632',1074,105,'KI','2019-12-17','2019-12-20',null,'complete');
INSERT INTO INVOICECHARGE VALUES ('20191217KI8766842854632-ch00001','20191217KI8766842854632','2019-12-17',168.87,'Base room charge');
INSERT INTO INVOICECHARGE VALUES ('20191217KI8766842854632-ch00002','20191217KI8766842854632','2019-12-17',87,'Room Service');
INSERT INTO PAYMENT VALUES ('20191217KI8766842854632-p00001','20191217KI8766842854632','2019-12-19','CC',255.87,'Annie Albrecht','2183572755924963',9,2021,329,'Mastercard');
-- ------- SAMPLE 75 ----------
INSERT INTO GUEST VALUES(1075,'Natalya','Neathery','NNeathery@hotmail.com','1234 DaWrong Lane','Flonkerton','MD','12345','154-085-6676');
INSERT INTO RESERVATION VALUES ('20210223KJ4385178736474',1075,null,'KJ','2021-02-23','2021-02-24',null,'active');
INSERT INTO INVOICECHARGE VALUES ('20210223KJ4385178736474-ch00001','20210223KJ4385178736474','2021-02-23',138.6,'Base room charge');
INSERT INTO PAYMENT (payment_id,invoice_id,payment_date,payment_type,payment_amount) VALUES ('20210223KJ4385178736474-p00001','20210223KJ4385178736474','2021-02-25','CA',135);
-- ------- SAMPLE 76 ----------
INSERT INTO GUEST VALUES(1076,'Melony','Mcmartin','MMcmartin@hotmail.com','1234 DaWrong Lane','Flonkerton','MD','12345','852-364-0292');
INSERT INTO RESERVATION VALUES ('20201204KS6185637341902',1076,null,'KS','2020-12-04','2020-12-05',null,'active');
INSERT INTO INVOICECHARGE VALUES ('20201204KS6185637341902-ch00001','20201204KS6185637341902','2020-12-04',70.37,'Base room charge');
INSERT INTO INVOICECHARGE VALUES ('20201204KS6185637341902-ch00002','20201204KS6185637341902','2020-12-04',36.25,'Room Service');
INSERT INTO PAYMENT VALUES ('20201204KS6185637341902-p00001','20201204KS6185637341902','2020-12-06','CC',106.61,'Melony Mcmartin','8626505897602322',2,2027,310,'Mastercard');
-- ------- SAMPLE 77 ----------
INSERT INTO GUEST VALUES(1077,'Malia','Molden','MMolden@gmail.com','1234 DaWrong Lane','Flonkerton','MD','12345','892-762-1670');
INSERT INTO RESERVATION VALUES ('20190408QD2642380187364',1077,116,'QD','2019-04-08','2019-04-12',null,'complete');
INSERT INTO INVOICECHARGE VALUES ('20190408QD2642380187364-ch00001','20190408QD2642380187364','2019-04-08',383.81,'Base room charge');
INSERT INTO PAYMENT VALUES ('20190408QD2642380187364-p00001','20190408QD2642380187364','2019-04-10','CC',383.81,'Malia Molden','8743881831749503',6,2025,800,'Mastercard');
-- ------- SAMPLE 78 ----------
INSERT INTO GUEST VALUES(1078,'Nena','Nunez','NNunez@hotmail.com','1234 DaWrong Lane','Flonkerton','MD','12345','886-539-5917');
INSERT INTO RESERVATION VALUES ('20191219KJ4785042208080',1078,208,'KJ','2019-12-19','2019-12-23',null,'complete');
INSERT INTO INVOICECHARGE VALUES ('20191219KJ4785042208080-ch00001','20191219KJ4785042208080','2019-12-19',365.91,'Base room charge');
INSERT INTO INVOICECHARGE VALUES ('20191219KJ4785042208080-ch00002','20191219KJ4785042208080','2019-12-19',188.5,'Cleaning fee');
INSERT INTO PAYMENT VALUES ('20191219KJ4785042208080-p00001','20191219KJ4785042208080','2019-12-21','CC',554.41,'Nena Nunez','1172397854976639',9,2022,361,'Mastercard');
-- ------- SAMPLE 79 ----------
INSERT INTO GUEST VALUES(1079,'Doyle','Dykema','DDykema@yahoo.com','1234 DaWrong Lane','Flonkerton','MD','12345','268-684-7887');
INSERT INTO RESERVATION VALUES ('20210309KS8529318332889',1079,null,'KS','2021-03-09','2021-03-14',null,'cancelled');
INSERT INTO INVOICECHARGE VALUES ('20210309KS8529318332889-ch00001','20210309KS8529318332889','2021-03-09',281.46,'Base room charge');
INSERT INTO INVOICECHARGE VALUES ('20210309KS8529318332889-ch00002','20210309KS8529318332889','2021-03-09',145,'Cleaning fee');
INSERT INTO PAYMENT VALUES ('20210309KS8529318332889-p00001','20210309KS8529318332889','2021-03-11','CC',426.46,'Doyle Dykema','1224964879056338',11,2025,804,'Mastercard');
-- ------- SAMPLE 80 ----------
INSERT INTO GUEST VALUES(1080,'Delsie','Dunstan','DDunstan@gmail.com','1234 DaWrong Lane','Flonkerton','MD','12345','775-620-4649');
INSERT INTO RESERVATION VALUES ('20201120KS9069765687724',1080,null,'KS','2020-11-20','2020-11-25',null,'active');
INSERT INTO INVOICECHARGE VALUES ('20201120KS9069765687724-ch00001','20201120KS9069765687724','2020-11-20',351.83,'Base room charge');
INSERT INTO INVOICECHARGE VALUES ('20201120KS9069765687724-ch00002','20201120KS9069765687724','2020-11-20',181.24,'Room Service');
INSERT INTO PAYMENT VALUES ('20201120KS9069765687724-p00001','20201120KS9069765687724','2020-11-22','CC',533.07,'Delsie Dunstan','9548133293414117',10,2022,474,'Mastercard');
-- ------- SAMPLE 81 ----------
INSERT INTO GUEST VALUES(1081,'Reita','Rudder','RRudder@gmail.com','1234 DaWrong Lane','Flonkerton','MD','12345','114-856-1993');
INSERT INTO RESERVATION VALUES ('20191107KJ4623058878623',1081,119,'KJ','2019-11-07','2019-11-12',null,'complete');
INSERT INTO INVOICECHARGE VALUES ('20191107KJ4623058878623-ch00001','20191107KJ4623058878623','2019-11-07',457.39,'Base room charge');
INSERT INTO INVOICECHARGE VALUES ('20191107KJ4623058878623-ch00002','20191107KJ4623058878623','2019-11-07',235.62,'Room Service');
INSERT INTO PAYMENT VALUES ('20191107KJ4623058878623-p00001','20191107KJ4623058878623','2019-11-09','CC',693.01,'Reita Rudder','2176021857905814',10,2023,391,'Mastercard');
-- ------- SAMPLE 82 ----------
INSERT INTO GUEST VALUES(1082,'Kathern','Korn','KKorn@gmail.com','1234 DaWrong Lane','Flonkerton','MD','12345','155-981-5756');
INSERT INTO RESERVATION VALUES ('20191022KS1436156953724',1082,107,'KS','2019-10-22','2019-10-26',null,'complete');
INSERT INTO INVOICECHARGE VALUES ('20191022KS1436156953724-ch00001','20191022KS1436156953724','2019-10-22',281.46,'Base room charge');
INSERT INTO INVOICECHARGE VALUES ('20191022KS1436156953724-ch00002','20191022KS1436156953724','2019-10-22',145,'Room Service');
INSERT INTO PAYMENT VALUES ('20191022KS1436156953724-p00001','20191022KS1436156953724','2019-10-24','CC',426.46,'Kathern Korn','9469930681958436',7,2027,543,'Mastercard');
-- ------- SAMPLE 83 ----------
INSERT INTO GUEST VALUES(1083,'Shonda','Schult','SSchult@hotmail.com','1234 DaWrong Lane','Flonkerton','MD','12345','398-006-2164');
INSERT INTO RESERVATION VALUES ('20191029QD8375380981652',1083,106,'QD','2019-10-29','2019-11-03',null,'complete');
INSERT INTO INVOICECHARGE VALUES ('20191029QD8375380981652-ch00001','20191029QD8375380981652','2019-10-29',479.76,'Base room charge');
INSERT INTO PAYMENT (payment_id,invoice_id,payment_date,payment_type,payment_amount) VALUES ('20191029QD8375380981652-p00001','20191029QD8375380981652','2019-10-31','CA',479.76);
-- ------- SAMPLE 84 ----------
INSERT INTO GUEST VALUES(1084,'Piedad','Proctor','PProctor@gmail.com','1234 DaWrong Lane','Flonkerton','MD','12345','983-030-6549');
INSERT INTO RESERVATION VALUES ('20200925KI9168658599144',1084,null,'KI','2020-09-25','2020-09-26',null,'active');
-- ------- SAMPLE 85 ----------
INSERT INTO GUEST VALUES(1085,'Bessie','Buhler','BBuhler@hotmail.com','1234 DaWrong Lane','Flonkerton','MD','12345','276-295-8060');
INSERT INTO RESERVATION VALUES ('20200114QD6506384098983',1085,101,'QD','2020-01-14','2020-01-16',null,'complete');
INSERT INTO INVOICECHARGE VALUES ('20200114QD6506384098983-ch00001','20200114QD6506384098983','2020-01-14',126.66,'Base room charge');
INSERT INTO INVOICECHARGE VALUES ('20200114QD6506384098983-ch00002','20200114QD6506384098983','2020-01-14',65.25,'Cleaning fee');
INSERT INTO PAYMENT VALUES ('20200114QD6506384098983-p00001','20200114QD6506384098983','2020-01-16','CC',191.9,'Bessie Buhler','2690872026663157',7,2026,183,'Mastercard');
-- ------- SAMPLE 86 ----------
INSERT INTO GUEST VALUES(1086,'Walker','Weatherhead','WWeatherhead@hotmail.com','1234 DaWrong Lane','Flonkerton','MD','12345','293-633-0028');
INSERT INTO RESERVATION VALUES ('20210405QD7951117556023',1086,null,'QD','2021-04-05','2021-04-10',null,'active');
INSERT INTO INVOICECHARGE VALUES ('20210405QD7951117556023-ch00001','20210405QD7951117556023','2021-04-05',479.76,'Base room charge');
INSERT INTO PAYMENT VALUES ('20210405QD7951117556023-p00001','20210405QD7951117556023','2021-04-07','CC',479.76,'Walker Weatherhead','6793104448680284',4,2025,555,'Mastercard');
-- ------- SAMPLE 87 ----------
INSERT INTO GUEST VALUES(1087,'Mario','Macdowell','MMacdowell@gmail.com','1234 DaWrong Lane','Flonkerton','MD','12345','129-998-5639');
INSERT INTO RESERVATION VALUES ('20210107KS9314300154686',1087,null,'KS','2021-01-07','2021-01-10',null,'active');
-- ------- SAMPLE 88 ----------
INSERT INTO GUEST VALUES(1088,'Willian','Wiest','WWiest@gmail.com','1234 DaWrong Lane','Flonkerton','MD','12345','566-082-2342');
INSERT INTO RESERVATION VALUES ('20191205QD5440482916617',1088,111,'QD','2019-12-05','2019-12-06',null,'complete');
INSERT INTO INVOICECHARGE VALUES ('20191205QD5440482916617-ch00001','20191205QD5440482916617','2019-12-05',63.33,'Base room charge');
INSERT INTO INVOICECHARGE VALUES ('20191205QD5440482916617-ch00002','20191205QD5440482916617','2019-12-05',32.62,'Room Service');
INSERT INTO PAYMENT VALUES ('20191205QD5440482916617-p00001','20191205QD5440482916617','2019-12-07','CC',95.95,'Willian Wiest','3636375793416446',2,2026,319,'Mastercard');
-- ------- SAMPLE 89 ----------
INSERT INTO GUEST VALUES(1089,'Lillia','Linen','LLinen@yahoo.com','1234 DaWrong Lane','Flonkerton','MD','12345','780-968-6197');
INSERT INTO RESERVATION VALUES ('20180518QD4440189027588',1089,111,'QD','2018-05-18','2018-05-23',null,'complete');
INSERT INTO INVOICECHARGE VALUES ('20180518QD4440189027588-ch00001','20180518QD4440189027588','2018-05-18',479.76,'Base room charge');
INSERT INTO PAYMENT VALUES ('20180518QD4440189027588-p00001','20180518QD4440189027588','2018-05-20','CC',479.76,'Lillia Linen','7167088180440844',10,2021,726,'Mastercard');
-- ------- SAMPLE 90 ----------
INSERT INTO GUEST VALUES(1090,'Jarrett','Janelle','JJanelle@hotmail.com','1234 DaWrong Lane','Flonkerton','MD','12345','375-183-9038');
INSERT INTO RESERVATION VALUES ('20200612KI1253764099702',1090,null,'KI','2020-06-12','2020-06-14',null,'active');
INSERT INTO INVOICECHARGE VALUES ('20200612KI1253764099702-ch00001','20200612KI1253764099702','2020-06-12',170.58,'Base room charge');
INSERT INTO PAYMENT (payment_id,invoice_id,payment_date,payment_type,payment_amount) VALUES ('20200612KI1253764099702-p00001','20200612KI1253764099702','2020-06-14','CA',11);
-- ------- SAMPLE 91 ----------
INSERT INTO GUEST VALUES(1091,'Abel','Alire','AAlire@gmail.com','1234 DaWrong Lane','Flonkerton','MD','12345','976-723-6272');
INSERT INTO RESERVATION VALUES ('20200419KJ3771596471469',1091,203,'KJ','2020-04-19','2020-04-24',null,'complete');
INSERT INTO INVOICECHARGE VALUES ('20200419KJ3771596471469-ch00001','20200419KJ3771596471469','2020-04-19',693.01,'Base room charge');
INSERT INTO PAYMENT VALUES ('20200419KJ3771596471469-p00001','20200419KJ3771596471469','2020-04-21','CC',693.01,'Abel Alire','4044986222595516',6,2026,452,'Mastercard');
-- ------- SAMPLE 92 ----------
INSERT INTO GUEST VALUES(1092,'Audrey','Aikens','AAikens@gmail.com','1234 DaWrong Lane','Flonkerton','MD','12345','343-728-5260');
INSERT INTO RESERVATION VALUES ('20190107QD8003623304607',1092,205,'QD','2019-01-07','2019-01-09',null,'complete');
INSERT INTO INVOICECHARGE VALUES ('20190107QD8003623304607-ch00001','20190107QD8003623304607','2019-01-07',126.66,'Base room charge');
INSERT INTO INVOICECHARGE VALUES ('20190107QD8003623304607-ch00002','20190107QD8003623304607','2019-01-07',65.25,'Cleaning fee');
INSERT INTO PAYMENT VALUES ('20190107QD8003623304607-p00001','20190107QD8003623304607','2019-01-09','CC',191.9,'Audrey Aikens','2260684051207332',3,2026,85,'Mastercard');
-- ------- SAMPLE 93 ----------
INSERT INTO GUEST VALUES(1093,'Major','Meng','MMeng@yahoo.com','1234 DaWrong Lane','Flonkerton','MD','12345','910-546-3131');
INSERT INTO RESERVATION VALUES ('20191203KS8619652186706',1093,102,'KS','2019-12-03','2019-12-05',null,'complete');
INSERT INTO INVOICECHARGE VALUES ('20191203KS8619652186706-ch00001','20191203KS8619652186706','2019-12-03',140.73,'Base room charge');
INSERT INTO INVOICECHARGE VALUES ('20191203KS8619652186706-ch00002','20191203KS8619652186706','2019-12-03',72.5,'Room Service');
INSERT INTO PAYMENT VALUES ('20191203KS8619652186706-p00001','20191203KS8619652186706','2019-12-05','CC',213.23,'Major Meng','9065362940745961',7,2023,501,'Mastercard');
-- ------- SAMPLE 94 ----------
INSERT INTO GUEST VALUES(1094,'Vicky','Vanderhoff','VVanderhoff@gmail.com','1234 DaWrong Lane','Flonkerton','MD','12345','749-456-0783');
INSERT INTO RESERVATION VALUES ('20191201KJ8170227253409',1094,104,'KJ','2019-12-01','2019-12-03',null,'cancelled');
INSERT INTO INVOICECHARGE VALUES ('20191201KJ8170227253409-ch00001','20191201KJ8170227253409','2019-12-01',182.95,'Base room charge');
INSERT INTO INVOICECHARGE VALUES ('20191201KJ8170227253409-ch00002','20191201KJ8170227253409','2019-12-01',94.25,'Cleaning fee');
INSERT INTO PAYMENT (payment_id,invoice_id,payment_date,payment_type,payment_amount) VALUES ('20191201KJ8170227253409-p00001','20191201KJ8170227253409','2019-12-03','CA',277.2);
-- ------- SAMPLE 95 ----------
INSERT INTO GUEST VALUES(1095,'Keturah','Kagawa','KKagawa@yahoo.com','1234 DaWrong Lane','Flonkerton','MD','12345','397-310-0741');
INSERT INTO RESERVATION VALUES ('20200121QS1860438990120',1095,108,'QS','2020-01-21','2020-01-23',null,'complete');
INSERT INTO INVOICECHARGE VALUES ('20200121QS1860438990120-ch00001','20200121QS1860438990120','2020-01-21',154.81,'Base room charge');
INSERT INTO INVOICECHARGE VALUES ('20200121QS1860438990120-ch00002','20200121QS1860438990120','2020-01-21',79.75,'Room Service');
INSERT INTO PAYMENT VALUES ('20200121QS1860438990120-p00001','20200121QS1860438990120','2020-01-23','CC',234.55,'Keturah Kagawa','8648046291227986',8,2024,101,'Mastercard');
-- ------- SAMPLE 96 ----------
INSERT INTO GUEST VALUES(1096,'Deandre','Defore','DDefore@hotmail.com','1234 DaWrong Lane','Flonkerton','MD','12345','627-465-6180');
INSERT INTO RESERVATION VALUES ('20200708KI4252396378072',1096,null,'KI','2020-07-08','2020-07-09',null,'active');
INSERT INTO INVOICECHARGE VALUES ('20200708KI4252396378072-ch00001','20200708KI4252396378072','2020-07-08',85.29,'Base room charge');
INSERT INTO PAYMENT VALUES ('20200708KI4252396378072-p00001','20200708KI4252396378072','2020-07-10','CC',25,'Deandre Defore','1228155977035863',7,2023,272,'Mastercard');
-- ------- SAMPLE 97 ----------
INSERT INTO GUEST VALUES(1097,'Randal','Rohman','RRohman@gmail.com','1234 DaWrong Lane','Flonkerton','MD','12345','636-390-4245');
INSERT INTO RESERVATION VALUES ('20200303KI1756037075821',1097,120,'KI','2020-03-03','2020-03-08',null,'complete');
INSERT INTO INVOICECHARGE VALUES ('20200303KI1756037075821-ch00001','20200303KI1756037075821','2020-03-03',341.16,'Base room charge');
INSERT INTO PAYMENT VALUES ('20200303KI1756037075821-p00001','20200303KI1756037075821','2020-03-05','CC',341.16,'Randal Rohman','5918601776899656',9,2024,270,'Mastercard');
-- ------- SAMPLE 98 ----------
INSERT INTO GUEST VALUES(1098,'Malia','Molden','MMolden@hotmail.com','1234 DaWrong Lane','Flonkerton','MD','12345','335-052-8446');
INSERT INTO RESERVATION VALUES ('20180830KI4392158816583',1098,204,'KI','2018-08-30','2018-09-03',null,'complete');
INSERT INTO INVOICECHARGE VALUES ('20180830KI4392158816583-ch00001','20180830KI4392158816583','2018-08-30',225.16,'Base room charge');
INSERT INTO INVOICECHARGE VALUES ('20180830KI4392158816583-ch00002','20180830KI4392158816583','2018-08-30',115.99,'Room Service');
INSERT INTO PAYMENT VALUES ('20180830KI4392158816583-p00001','20180830KI4392158816583','2018-09-01','CC',341.16,'Malia Molden','2986645424775080',2,2027,83,'Mastercard');
-- ------- SAMPLE 99 ----------
INSERT INTO GUEST VALUES(1099,'Keturah','Kagawa','KKagawa@yahoo.com','1234 DaWrong Lane','Flonkerton','MD','12345','732-760-9053');
INSERT INTO RESERVATION VALUES ('20181210QS3421491003548',1099,202,'QS','2018-12-10','2018-12-15',null,'complete');
INSERT INTO INVOICECHARGE VALUES ('20181210QS3421491003548-ch00001','20181210QS3421491003548','2018-12-10',387.01,'Base room charge');
INSERT INTO INVOICECHARGE VALUES ('20181210QS3421491003548-ch00002','20181210QS3421491003548','2018-12-10',199.37,'Cleaning fee');
INSERT INTO PAYMENT VALUES ('20181210QS3421491003548-p00001','20181210QS3421491003548','2018-12-12','CC',586.38,'Keturah Kagawa','5819604891627041',2,2023,408,'Mastercard');
-- ------- SAMPLE 100 ----------
INSERT INTO GUEST VALUES(1100,'Rossana','Running','RRunning@gmail.com','1234 DaWrong Lane','Flonkerton','MD','12345','071-982-7837');
INSERT INTO RESERVATION VALUES ('20210320KS5370746279364',1100,null,'KS','2021-03-20','2021-03-25',null,'cancelled');
INSERT INTO INVOICECHARGE VALUES ('20210320KS5370746279364-ch00001','20210320KS5370746279364','2021-03-20',533.07,'Base room charge');
INSERT INTO PAYMENT VALUES ('20210320KS5370746279364-p00001','20210320KS5370746279364','2021-03-22','CC',63,'Rossana Running','8231837243343276',1,2022,159,'Mastercard');
-- ------- SAMPLE 101 ----------
INSERT INTO GUEST VALUES(1101,'Leonore','Losh','LLosh@yahoo.com','1234 DaWrong Lane','Flonkerton','MD','12345','072-213-3032');
INSERT INTO RESERVATION VALUES ('20191122KJ2042431220823',1101,114,'KJ','2019-11-22','2019-11-23',null,'complete');
INSERT INTO INVOICECHARGE VALUES ('20191122KJ2042431220823-ch00001','20191122KJ2042431220823','2019-11-22',91.48,'Base room charge');
INSERT INTO INVOICECHARGE VALUES ('20191122KJ2042431220823-ch00002','20191122KJ2042431220823','2019-11-22',47.12,'Cleaning fee');
INSERT INTO PAYMENT VALUES ('20191122KJ2042431220823-p00001','20191122KJ2042431220823','2019-11-24','CC',138.6,'Leonore Losh','3558248485485008',8,2022,742,'Mastercard');
-- ------- SAMPLE 102 ----------
INSERT INTO GUEST VALUES(1102,'Elfriede','Esslinger','EEsslinger@gmail.com','1234 DaWrong Lane','Flonkerton','MD','12345','946-948-8282');
INSERT INTO RESERVATION VALUES ('20200825QS4457342097016',1102,null,'QS','2020-08-25','2020-08-29',null,'active');
INSERT INTO INVOICECHARGE VALUES ('20200825QS4457342097016-ch00001','20200825QS4457342097016','2020-08-25',469.11,'Base room charge');
INSERT INTO PAYMENT (payment_id,invoice_id,payment_date,payment_type,payment_amount) VALUES ('20200825QS4457342097016-p00001','20200825QS4457342097016','2020-08-27','CA',469.11);
-- ------- SAMPLE 103 ----------
INSERT INTO GUEST VALUES(1103,'Lorean','Loden','LLoden@yahoo.com','1234 DaWrong Lane','Flonkerton','MD','12345','973-872-2605');
INSERT INTO RESERVATION VALUES ('20180910KI3434611438662',1103,120,'KI','2018-09-10','2018-09-11',null,'complete');
INSERT INTO INVOICECHARGE VALUES ('20180910KI3434611438662-ch00001','20180910KI3434611438662','2018-09-10',85.29,'Base room charge');
INSERT INTO PAYMENT VALUES ('20180910KI3434611438662-p00001','20180910KI3434611438662','2018-09-12','CC',85.29,'Lorean Loden','3602516528476292',9,2027,322,'Mastercard');
-- ------- SAMPLE 104 ----------
INSERT INTO GUEST VALUES(1104,'Danette','Dammann','DDammann@gmail.com','1234 DaWrong Lane','Flonkerton','MD','12345','203-727-0310');
INSERT INTO RESERVATION VALUES ('20200826QS8248607492650',1104,null,'QS','2020-08-26','2020-08-28',null,'active');
INSERT INTO INVOICECHARGE VALUES ('20200826QS8248607492650-ch00001','20200826QS8248607492650','2020-08-26',154.81,'Base room charge');
INSERT INTO INVOICECHARGE VALUES ('20200826QS8248607492650-ch00002','20200826QS8248607492650','2020-08-26',79.75,'Room Service');
INSERT INTO PAYMENT VALUES ('20200826QS8248607492650-p00001','20200826QS8248607492650','2020-08-28','CC',234.55,'Danette Dammann','3543264207473818',8,2026,557,'Mastercard');
-- ------- SAMPLE 105 ----------
INSERT INTO GUEST VALUES(1105,'Jammie','Jo','JJo@yahoo.com','1234 DaWrong Lane','Flonkerton','MD','12345','836-815-0187');
INSERT INTO RESERVATION VALUES ('20210405KJ9041204121694',1105,null,'KJ','2021-04-05','2021-04-09',null,'active');
-- ------- SAMPLE 106 ----------
INSERT INTO GUEST VALUES(1106,'Tai','Tookes','TTookes@hotmail.com','1234 DaWrong Lane','Flonkerton','MD','12345','567-976-9248');
INSERT INTO RESERVATION VALUES ('20200123KJ1147722264887',1106,208,'KJ','2020-01-23','2020-01-26',null,'complete');
INSERT INTO INVOICECHARGE VALUES ('20200123KJ1147722264887-ch00001','20200123KJ1147722264887','2020-01-23',274.43,'Base room charge');
INSERT INTO INVOICECHARGE VALUES ('20200123KJ1147722264887-ch00002','20200123KJ1147722264887','2020-01-23',141.37,'Cleaning fee');
INSERT INTO PAYMENT VALUES ('20200123KJ1147722264887-p00001','20200123KJ1147722264887','2020-01-25','CC',415.81,'Tai Tookes','6121619773651740',3,2025,995,'Mastercard');
-- ------- SAMPLE 107 ----------
INSERT INTO GUEST VALUES(1107,'Georgianne','Guadarrama','GGuadarrama@yahoo.com','1234 DaWrong Lane','Flonkerton','MD','12345','221-192-1037');
INSERT INTO RESERVATION VALUES ('20190515KI3544670491436',1107,204,'KI','2019-05-15','2019-05-16',null,'complete');
INSERT INTO INVOICECHARGE VALUES ('20190515KI3544670491436-ch00001','20190515KI3544670491436','2019-05-15',85.29,'Base room charge');
INSERT INTO PAYMENT (payment_id,invoice_id,payment_date,payment_type,payment_amount) VALUES ('20190515KI3544670491436-p00001','20190515KI3544670491436','2019-05-17','CA',85.29);
-- ------- SAMPLE 108 ----------
INSERT INTO GUEST VALUES(1108,'Deandra','Dimauro','DDimauro@hotmail.com','1234 DaWrong Lane','Flonkerton','MD','12345','083-077-0189');
INSERT INTO RESERVATION VALUES ('20180626QD7822169849531',1108,200,'QD','2018-06-26','2018-07-01',null,'complete');
INSERT INTO INVOICECHARGE VALUES ('20180626QD7822169849531-ch00001','20180626QD7822169849531','2018-06-26',479.76,'Base room charge');
INSERT INTO PAYMENT (payment_id,invoice_id,payment_date,payment_type,payment_amount) VALUES ('20180626QD7822169849531-p00001','20180626QD7822169849531','2018-06-28','CA',479.76);
-- ------- SAMPLE 109 ----------
INSERT INTO GUEST VALUES(1109,'Stacie','Schupp','SSchupp@gmail.com','1234 DaWrong Lane','Flonkerton','MD','12345','204-405-8582');
INSERT INTO RESERVATION VALUES ('20201011KI1172754290203',1109,null,'KI','2020-10-11','2020-10-12',null,'active');
INSERT INTO INVOICECHARGE VALUES ('20201011KI1172754290203-ch00001','20201011KI1172754290203','2020-10-11',85.29,'Base room charge');
INSERT INTO PAYMENT VALUES ('20201011KI1172754290203-p00001','20201011KI1172754290203','2020-10-13','CC',83,'Stacie Schupp','3776810630860286',9,2026,962,'Mastercard');
-- ------- SAMPLE 110 ----------
INSERT INTO GUEST VALUES(1110,'Vicky','Vanderhoff','VVanderhoff@hotmail.com','1234 DaWrong Lane','Flonkerton','MD','12345','360-193-6768');
INSERT INTO RESERVATION VALUES ('20190910QS5729770850725',1110,202,'QS','2019-09-10','2019-09-14',null,'complete');
INSERT INTO INVOICECHARGE VALUES ('20190910QS5729770850725-ch00001','20190910QS5729770850725','2019-09-10',469.11,'Base room charge');
INSERT INTO PAYMENT VALUES ('20190910QS5729770850725-p00001','20190910QS5729770850725','2019-09-12','CC',469.11,'Vicky Vanderhoff','5455045547921167',6,2023,430,'Mastercard');
-- ------- SAMPLE 111 ----------
INSERT INTO GUEST VALUES(1111,'Kaley','Kilmon','KKilmon@gmail.com','1234 DaWrong Lane','Flonkerton','MD','12345','078-936-9075');
INSERT INTO RESERVATION VALUES ('20181202QS9134728333035',1111,207,'QS','2018-12-02','2018-12-04',null,'complete');
INSERT INTO INVOICECHARGE VALUES ('20181202QS9134728333035-ch00001','20181202QS9134728333035','2018-12-02',234.55,'Base room charge');
INSERT INTO PAYMENT VALUES ('20181202QS9134728333035-p00001','20181202QS9134728333035','2018-12-04','CC',234.55,'Kaley Kilmon','5671801279803996',6,2021,499,'Mastercard');
-- ------- SAMPLE 112 ----------
INSERT INTO GUEST VALUES(1112,'Jarrett','Janelle','JJanelle@yahoo.com','1234 DaWrong Lane','Flonkerton','MD','12345','633-080-2961');
INSERT INTO RESERVATION VALUES ('20210331KS8630242049364',1112,null,'KS','2021-03-31','2021-04-03',null,'active');
INSERT INTO INVOICECHARGE VALUES ('20210331KS8630242049364-ch00001','20210331KS8630242049364','2021-03-31',319.84,'Base room charge');
INSERT INTO PAYMENT VALUES ('20210331KS8630242049364-p00001','20210331KS8630242049364','2021-04-02','CC',319.84,'Jarrett Janelle','7221361582872218',12,2024,240,'Mastercard');
-- ------- SAMPLE 113 ----------
INSERT INTO GUEST VALUES(1113,'Floy','Feinstein','FFeinstein@gmail.com','1234 DaWrong Lane','Flonkerton','MD','12345','538-023-8973');
INSERT INTO RESERVATION VALUES ('20201107KS3593331721068',1113,null,'KS','2020-11-07','2020-11-10',null,'active');
-- ------- SAMPLE 114 ----------
INSERT INTO GUEST VALUES(1114,'Malia','Molden','MMolden@yahoo.com','1234 DaWrong Lane','Flonkerton','MD','12345','705-119-0263');
INSERT INTO RESERVATION VALUES ('20191113QD6351522808121',1114,101,'QD','2019-11-13','2019-11-18',null,'complete');
INSERT INTO INVOICECHARGE VALUES ('20191113QD6351522808121-ch00001','20191113QD6351522808121','2019-11-13',316.64,'Base room charge');
INSERT INTO INVOICECHARGE VALUES ('20191113QD6351522808121-ch00002','20191113QD6351522808121','2019-11-13',163.12,'Room Service');
INSERT INTO PAYMENT VALUES ('20191113QD6351522808121-p00001','20191113QD6351522808121','2019-11-15','CC',479.76,'Malia Molden','9866135301376815',11,2024,759,'Mastercard');
-- ------- SAMPLE 115 ----------
INSERT INTO GUEST VALUES(1115,'Bessie','Buhler','BBuhler@yahoo.com','1234 DaWrong Lane','Flonkerton','MD','12345','657-568-1478');
INSERT INTO RESERVATION VALUES ('20180927KJ8180066563270',1115,119,'KJ','2018-09-27','2018-09-29',null,'complete');
INSERT INTO INVOICECHARGE VALUES ('20180927KJ8180066563270-ch00001','20180927KJ8180066563270','2018-09-27',182.95,'Base room charge');
INSERT INTO INVOICECHARGE VALUES ('20180927KJ8180066563270-ch00002','20180927KJ8180066563270','2018-09-27',94.25,'Room Service');
INSERT INTO PAYMENT VALUES ('20180927KJ8180066563270-p00001','20180927KJ8180066563270','2018-09-29','CC',277.2,'Bessie Buhler','2806474833605406',8,2024,800,'Mastercard');
-- ------- SAMPLE 116 ----------
INSERT INTO GUEST VALUES(1116,'Margorie','Mcnish','MMcnish@yahoo.com','1234 DaWrong Lane','Flonkerton','MD','12345','056-312-9184');
INSERT INTO RESERVATION VALUES ('20190201KI4161152147946',1116,115,'KI','2019-02-01','2019-02-06',null,'complete');
INSERT INTO INVOICECHARGE VALUES ('20190201KI4161152147946-ch00001','20190201KI4161152147946','2019-02-01',426.45,'Base room charge');
INSERT INTO PAYMENT VALUES ('20190201KI4161152147946-p00001','20190201KI4161152147946','2019-02-03','CC',426.45,'Margorie Mcnish','4001229042312558',11,2024,114,'Mastercard');
-- ------- SAMPLE 117 ----------
INSERT INTO GUEST VALUES(1117,'Theodora','Trickey','TTrickey@gmail.com','1234 DaWrong Lane','Flonkerton','MD','12345','639-597-9001');
INSERT INTO RESERVATION VALUES ('20181130KJ2898563232157',1117,109,'KJ','2018-11-30','2018-12-02',null,'complete');
INSERT INTO INVOICECHARGE VALUES ('20181130KJ2898563232157-ch00001','20181130KJ2898563232157','2018-11-30',182.95,'Base room charge');
INSERT INTO INVOICECHARGE VALUES ('20181130KJ2898563232157-ch00002','20181130KJ2898563232157','2018-11-30',94.25,'Cleaning fee');
INSERT INTO PAYMENT VALUES ('20181130KJ2898563232157-p00001','20181130KJ2898563232157','2018-12-02','CC',277.2,'Theodora Trickey','8886524273044110',9,2023,605,'Mastercard');
-- ------- SAMPLE 118 ----------
INSERT INTO GUEST VALUES(1118,'Jenna','Jesse','JJesse@gmail.com','1234 DaWrong Lane','Flonkerton','MD','12345','020-107-4085');
INSERT INTO RESERVATION VALUES ('20201103QD6407843910534',1118,null,'QD','2020-11-03','2020-11-08',null,'active');
-- ------- SAMPLE 119 ----------
INSERT INTO GUEST VALUES(1119,'Tomika','Teran','TTeran@gmail.com','1234 DaWrong Lane','Flonkerton','MD','12345','122-745-1692');
INSERT INTO RESERVATION VALUES ('20180919QS4370448110178',1119,202,'QS','2018-09-19','2018-09-21',null,'complete');
INSERT INTO INVOICECHARGE VALUES ('20180919QS4370448110178-ch00001','20180919QS4370448110178','2018-09-19',234.55,'Base room charge');
INSERT INTO PAYMENT VALUES ('20180919QS4370448110178-p00001','20180919QS4370448110178','2018-09-21','CC',234.55,'Tomika Teran','3614209391142554',8,2025,21,'Mastercard');
-- ------- SAMPLE 120 ----------
INSERT INTO GUEST VALUES(1120,'Sherryl','Shurtleff','SShurtleff@yahoo.com','1234 DaWrong Lane','Flonkerton','MD','12345','442-502-3241');
INSERT INTO RESERVATION VALUES ('20200121QD9461005698852',1120,111,'QD','2020-01-21','2020-01-22',null,'complete');
INSERT INTO INVOICECHARGE VALUES ('20200121QD9461005698852-ch00001','20200121QD9461005698852','2020-01-21',63.33,'Base room charge');
INSERT INTO INVOICECHARGE VALUES ('20200121QD9461005698852-ch00002','20200121QD9461005698852','2020-01-21',32.62,'Room Service');
INSERT INTO PAYMENT VALUES ('20200121QD9461005698852-p00001','20200121QD9461005698852','2020-01-23','CC',95.95,'Sherryl Shurtleff','4331660558176554',10,2022,29,'Mastercard');
-- ------- SAMPLE 121 ----------
INSERT INTO GUEST VALUES(1121,'Heather','Hartin','HHartin@yahoo.com','1234 DaWrong Lane','Flonkerton','MD','12345','888-713-7662');
INSERT INTO RESERVATION VALUES ('20190722KI1296664669228',1121,115,'KI','2019-07-22','2019-07-24',null,'complete');
INSERT INTO INVOICECHARGE VALUES ('20190722KI1296664669228-ch00001','20190722KI1296664669228','2019-07-22',170.58,'Base room charge');
INSERT INTO PAYMENT (payment_id,invoice_id,payment_date,payment_type,payment_amount) VALUES ('20190722KI1296664669228-p00001','20190722KI1296664669228','2019-07-24','CA',170.58);
-- ------- SAMPLE 122 ----------
INSERT INTO GUEST VALUES(1122,'Abel','Alire','AAlire@hotmail.com','1234 DaWrong Lane','Flonkerton','MD','12345','044-334-5064');
INSERT INTO RESERVATION VALUES ('20201214QD2611812535968',1122,null,'QD','2020-12-14','2020-12-18',null,'active');
INSERT INTO INVOICECHARGE VALUES ('20201214QD2611812535968-ch00001','20201214QD2611812535968','2020-12-14',383.81,'Base room charge');
INSERT INTO PAYMENT VALUES ('20201214QD2611812535968-p00001','20201214QD2611812535968','2020-12-16','CC',54,'Abel Alire','4304109236765030',12,2022,850,'Mastercard');
-- ------- SAMPLE 123 ----------
INSERT INTO GUEST VALUES(1123,'Abdul','Ashe','AAshe@hotmail.com','1234 DaWrong Lane','Flonkerton','MD','12345','227-372-1563');
INSERT INTO RESERVATION VALUES ('20201002KJ4832942218602',1123,null,'KJ','2020-10-02','2020-10-07',null,'active');
-- ------- SAMPLE 124 ----------
INSERT INTO GUEST VALUES(1124,'Major','Meng','MMeng@yahoo.com','1234 DaWrong Lane','Flonkerton','MD','12345','785-059-4234');
INSERT INTO RESERVATION VALUES ('20180716KS2394129472133',1124,201,'KS','2018-07-16','2018-07-17',null,'complete');
INSERT INTO INVOICECHARGE VALUES ('20180716KS2394129472133-ch00001','20180716KS2394129472133','2018-07-16',70.37,'Base room charge');
INSERT INTO INVOICECHARGE VALUES ('20180716KS2394129472133-ch00002','20180716KS2394129472133','2018-07-16',36.25,'Room Service');
INSERT INTO PAYMENT VALUES ('20180716KS2394129472133-p00001','20180716KS2394129472133','2018-07-18','CC',106.61,'Major Meng','7483721756576345',4,2027,644,'Mastercard');
-- ------- SAMPLE 125 ----------
INSERT INTO GUEST VALUES(1125,'Kathlyn','Kinser','KKinser@yahoo.com','1234 DaWrong Lane','Flonkerton','MD','12345','605-963-1413');
INSERT INTO RESERVATION VALUES ('20200626KJ8450964692561',1125,null,'KJ','2020-06-26','2020-07-01',null,'active');
INSERT INTO INVOICECHARGE VALUES ('20200626KJ8450964692561-ch00001','20200626KJ8450964692561','2020-06-26',457.39,'Base room charge');
INSERT INTO INVOICECHARGE VALUES ('20200626KJ8450964692561-ch00002','20200626KJ8450964692561','2020-06-26',235.62,'Room Service');
INSERT INTO PAYMENT VALUES ('20200626KJ8450964692561-p00001','20200626KJ8450964692561','2020-06-28','CC',693.01,'Kathlyn Kinser','6309003053248792',5,2021,383,'Mastercard');
-- ------- SAMPLE 126 ----------
INSERT INTO GUEST VALUES(1126,'Stan','Schnell','SSchnell@gmail.com','1234 DaWrong Lane','Flonkerton','MD','12345','434-215-7311');
INSERT INTO RESERVATION VALUES ('20190406KJ4034776637501',1126,114,'KJ','2019-04-06','2019-04-08',null,'complete');
INSERT INTO INVOICECHARGE VALUES ('20190406KJ4034776637501-ch00001','20190406KJ4034776637501','2019-04-06',277.2,'Base room charge');
INSERT INTO PAYMENT VALUES ('20190406KJ4034776637501-p00001','20190406KJ4034776637501','2019-04-08','CC',277.2,'Stan Schnell','7779444759734695',2,2026,677,'Mastercard');
-- ------- SAMPLE 127 ----------
INSERT INTO GUEST VALUES(1127,'Deangelo','Deloera','DDeloera@hotmail.com','1234 DaWrong Lane','Flonkerton','MD','12345','390-817-4010');
INSERT INTO RESERVATION VALUES ('20210116QD5909449642559',1127,null,'QD','2021-01-16','2021-01-20',null,'active');
-- ------- SAMPLE 128 ----------
INSERT INTO GUEST VALUES(1128,'Rickie','Redfern','RRedfern@yahoo.com','1234 DaWrong Lane','Flonkerton','MD','12345','937-983-4097');
INSERT INTO RESERVATION VALUES ('20191205KS1427248254208',1128,117,'KS','2019-12-05','2019-12-10',null,'complete');
INSERT INTO INVOICECHARGE VALUES ('20191205KS1427248254208-ch00001','20191205KS1427248254208','2019-12-05',533.07,'Base room charge');
INSERT INTO PAYMENT VALUES ('20191205KS1427248254208-p00001','20191205KS1427248254208','2019-12-07','CC',533.07,'Rickie Redfern','5832987960998825',11,2021,439,'Mastercard');
-- ------- SAMPLE 129 ----------
INSERT INTO GUEST VALUES(1129,'Jammie','Jo','JJo@gmail.com','1234 DaWrong Lane','Flonkerton','MD','12345','403-899-3202');
INSERT INTO RESERVATION VALUES ('20181210QD1391109936108',1129,205,'QD','2018-12-10','2018-12-15',null,'cancelled');
INSERT INTO INVOICECHARGE VALUES ('20181210QD1391109936108-ch00001','20181210QD1391109936108','2018-12-10',479.76,'Base room charge');
INSERT INTO PAYMENT VALUES ('20181210QD1391109936108-p00001','20181210QD1391109936108','2018-12-12','CC',479.76,'Jammie Jo','6309016436676263',1,2025,19,'Mastercard');
-- ------- SAMPLE 130 ----------
INSERT INTO GUEST VALUES(1130,'Fonda','Foreman','FForeman@yahoo.com','1234 DaWrong Lane','Flonkerton','MD','12345','297-200-2023');
INSERT INTO RESERVATION VALUES ('20210505QD7877457584636',1130,null,'QD','2021-05-05','2021-05-06',null,'active');
INSERT INTO INVOICECHARGE VALUES ('20210505QD7877457584636-ch00001','20210505QD7877457584636','2021-05-05',95.95,'Base room charge');
INSERT INTO PAYMENT VALUES ('20210505QD7877457584636-p00001','20210505QD7877457584636','2021-05-07','CC',95.95,'Fonda Foreman','5926509343039288',12,2021,690,'Mastercard');
-- ------- SAMPLE 131 ----------
INSERT INTO GUEST VALUES(1131,'Stan','Schnell','SSchnell@gmail.com','1234 DaWrong Lane','Flonkerton','MD','12345','118-520-5120');
INSERT INTO RESERVATION VALUES ('20210320KJ7442198338845',1131,null,'KJ','2021-03-20','2021-03-25',null,'active');
INSERT INTO INVOICECHARGE VALUES ('20210320KJ7442198338845-ch00001','20210320KJ7442198338845','2021-03-20',457.39,'Base room charge');
INSERT INTO INVOICECHARGE VALUES ('20210320KJ7442198338845-ch00002','20210320KJ7442198338845','2021-03-20',235.62,'Cleaning fee');
INSERT INTO PAYMENT VALUES ('20210320KJ7442198338845-p00001','20210320KJ7442198338845','2021-03-22','CC',268,'Stan Schnell','2318030494537089',6,2027,12,'Mastercard');
-- ------- SAMPLE 132 ----------
INSERT INTO GUEST VALUES(1132,'Kathlyn','Kinser','KKinser@hotmail.com','1234 DaWrong Lane','Flonkerton','MD','12345','771-698-6206');
INSERT INTO RESERVATION VALUES ('20200423KI2723917842084',1132,204,'KI','2020-04-23','2020-04-28',null,'complete');
INSERT INTO INVOICECHARGE VALUES ('20200423KI2723917842084-ch00001','20200423KI2723917842084','2020-04-23',281.45,'Base room charge');
INSERT INTO INVOICECHARGE VALUES ('20200423KI2723917842084-ch00002','20200423KI2723917842084','2020-04-23',144.99,'Room Service');
INSERT INTO PAYMENT VALUES ('20200423KI2723917842084-p00001','20200423KI2723917842084','2020-04-25','CC',426.45,'Kathlyn Kinser','4855639713674094',11,2026,624,'Mastercard');
-- ------- SAMPLE 133 ----------
INSERT INTO GUEST VALUES(1133,'Leighann','Leith','LLeith@gmail.com','1234 DaWrong Lane','Flonkerton','MD','12345','955-761-6062');
INSERT INTO RESERVATION VALUES ('20200128KJ8176012630877',1133,203,'KJ','2020-01-28','2020-02-01',null,'complete');
INSERT INTO INVOICECHARGE VALUES ('20200128KJ8176012630877-ch00001','20200128KJ8176012630877','2020-01-28',365.91,'Base room charge');
INSERT INTO INVOICECHARGE VALUES ('20200128KJ8176012630877-ch00002','20200128KJ8176012630877','2020-01-28',188.5,'Room Service');
INSERT INTO PAYMENT VALUES ('20200128KJ8176012630877-p00001','20200128KJ8176012630877','2020-01-30','CC',554.41,'Leighann Leith','6425739940103887',5,2024,241,'Mastercard');
-- ------- SAMPLE 134 ----------
INSERT INTO GUEST VALUES(1134,'Jarrett','Janelle','JJanelle@gmail.com','1234 DaWrong Lane','Flonkerton','MD','12345','461-928-3680');
INSERT INTO RESERVATION VALUES ('20210130QD8021828952908',1134,null,'QD','2021-01-30','2021-02-03',null,'active');
-- ------- SAMPLE 135 ----------
INSERT INTO GUEST VALUES(1135,'Annie','Albrecht','AAlbrecht@yahoo.com','1234 DaWrong Lane','Flonkerton','MD','12345','646-274-3859');
INSERT INTO RESERVATION VALUES ('20191106QS8513417267069',1135,207,'QS','2019-11-06','2019-11-07',null,'complete');
INSERT INTO INVOICECHARGE VALUES ('20191106QS8513417267069-ch00001','20191106QS8513417267069','2019-11-06',117.28,'Base room charge');
INSERT INTO PAYMENT VALUES ('20191106QS8513417267069-p00001','20191106QS8513417267069','2019-11-08','CC',117.28,'Annie Albrecht','7862565992156082',6,2023,909,'Mastercard');
-- ------- SAMPLE 136 ----------
INSERT INTO GUEST VALUES(1136,'Piedad','Proctor','PProctor@gmail.com','1234 DaWrong Lane','Flonkerton','MD','12345','666-774-1503');
INSERT INTO RESERVATION VALUES ('20181118QD7682014463407',1136,111,'QD','2018-11-18','2018-11-20',null,'complete');
INSERT INTO INVOICECHARGE VALUES ('20181118QD7682014463407-ch00001','20181118QD7682014463407','2018-11-18',126.66,'Base room charge');
INSERT INTO INVOICECHARGE VALUES ('20181118QD7682014463407-ch00002','20181118QD7682014463407','2018-11-18',65.25,'Cleaning fee');
INSERT INTO PAYMENT VALUES ('20181118QD7682014463407-p00001','20181118QD7682014463407','2018-11-20','CC',191.9,'Piedad Proctor','8348149819432475',6,2026,407,'Mastercard');
-- ------- SAMPLE 137 ----------
INSERT INTO GUEST VALUES(1137,'Bradley','Bently','BBently@hotmail.com','1234 DaWrong Lane','Flonkerton','MD','12345','071-751-0606');
INSERT INTO RESERVATION VALUES ('20181203QD7081756571684',1137,205,'QD','2018-12-03','2018-12-05',null,'complete');
INSERT INTO INVOICECHARGE VALUES ('20181203QD7081756571684-ch00001','20181203QD7081756571684','2018-12-03',191.9,'Base room charge');
INSERT INTO PAYMENT VALUES ('20181203QD7081756571684-p00001','20181203QD7081756571684','2018-12-05','CC',191.9,'Bradley Bently','7219942801920274',10,2022,282,'Mastercard');
-- ------- SAMPLE 138 ----------
INSERT INTO GUEST VALUES(1138,'Tanner','Tomasello','TTomasello@hotmail.com','1234 DaWrong Lane','Flonkerton','MD','12345','382-057-9751');
INSERT INTO RESERVATION VALUES ('20201117KI5092462660883',1138,null,'KI','2020-11-17','2020-11-20',null,'active');
INSERT INTO INVOICECHARGE VALUES ('20201117KI5092462660883-ch00001','20201117KI5092462660883','2020-11-17',168.87,'Base room charge');
INSERT INTO INVOICECHARGE VALUES ('20201117KI5092462660883-ch00002','20201117KI5092462660883','2020-11-17',87,'Room Service');
INSERT INTO PAYMENT (payment_id,invoice_id,payment_date,payment_type,payment_amount) VALUES ('20201117KI5092462660883-p00001','20201117KI5092462660883','2020-11-19','CA',255.87);
-- ------- SAMPLE 139 ----------
INSERT INTO GUEST VALUES(1139,'Shonda','Schult','SSchult@yahoo.com','1234 DaWrong Lane','Flonkerton','MD','12345','751-695-8761');
INSERT INTO RESERVATION VALUES ('20191103KI9314950333971',1139,105,'KI','2019-11-03','2019-11-07',null,'complete');
INSERT INTO INVOICECHARGE VALUES ('20191103KI9314950333971-ch00001','20191103KI9314950333971','2019-11-03',225.16,'Base room charge');
INSERT INTO INVOICECHARGE VALUES ('20191103KI9314950333971-ch00002','20191103KI9314950333971','2019-11-03',115.99,'Cleaning fee');
INSERT INTO PAYMENT (payment_id,invoice_id,payment_date,payment_type,payment_amount) VALUES ('20191103KI9314950333971-p00001','20191103KI9314950333971','2019-11-05','CA',341.16);
-- ------- SAMPLE 140 ----------
INSERT INTO GUEST VALUES(1140,'Deangelo','Deloera','DDeloera@gmail.com','1234 DaWrong Lane','Flonkerton','MD','12345','417-058-9697');
INSERT INTO RESERVATION VALUES ('20190623KS9564519777240',1140,107,'KS','2019-06-23','2019-06-27',null,'complete');
INSERT INTO INVOICECHARGE VALUES ('20190623KS9564519777240-ch00001','20190623KS9564519777240','2019-06-23',281.46,'Base room charge');
INSERT INTO INVOICECHARGE VALUES ('20190623KS9564519777240-ch00002','20190623KS9564519777240','2019-06-23',145,'Room Service');
INSERT INTO PAYMENT VALUES ('20190623KS9564519777240-p00001','20190623KS9564519777240','2019-06-25','CC',426.46,'Deangelo Deloera','3656020226210034',9,2024,676,'Mastercard');
-- ------- SAMPLE 141 ----------
INSERT INTO GUEST VALUES(1141,'Leighann','Leith','LLeith@hotmail.com','1234 DaWrong Lane','Flonkerton','MD','12345','107-508-9192');
INSERT INTO RESERVATION VALUES ('20190725KI5570817518974',1141,120,'KI','2019-07-25','2019-07-30',null,'cancelled');
INSERT INTO INVOICECHARGE VALUES ('20190725KI5570817518974-ch00001','20190725KI5570817518974','2019-07-25',426.45,'Base room charge');
INSERT INTO PAYMENT (payment_id,invoice_id,payment_date,payment_type,payment_amount) VALUES ('20190725KI5570817518974-p00001','20190725KI5570817518974','2019-07-27','CA',426.45);
-- ------- SAMPLE 142 ----------
INSERT INTO GUEST VALUES(1142,'Natalia','Nowacki','NNowacki@hotmail.com','1234 DaWrong Lane','Flonkerton','MD','12345','753-971-5932');
INSERT INTO RESERVATION VALUES ('20190126KI6937308149819',1142,105,'KI','2019-01-26','2019-01-29',null,'complete');
INSERT INTO INVOICECHARGE VALUES ('20190126KI6937308149819-ch00001','20190126KI6937308149819','2019-01-26',255.87,'Base room charge');
INSERT INTO PAYMENT VALUES ('20190126KI6937308149819-p00001','20190126KI6937308149819','2019-01-28','CC',255.87,'Natalia Nowacki','7482540077746137',3,2027,607,'Mastercard');
-- ------- SAMPLE 143 ----------
INSERT INTO GUEST VALUES(1143,'Boyce','Bate','BBate@hotmail.com','1234 DaWrong Lane','Flonkerton','MD','12345','254-825-8649');
INSERT INTO RESERVATION VALUES ('20200116KI3096901886873',1143,120,'KI','2020-01-16','2020-01-20',null,'complete');
INSERT INTO INVOICECHARGE VALUES ('20200116KI3096901886873-ch00001','20200116KI3096901886873','2020-01-16',225.16,'Base room charge');
INSERT INTO INVOICECHARGE VALUES ('20200116KI3096901886873-ch00002','20200116KI3096901886873','2020-01-16',115.99,'Cleaning fee');
INSERT INTO PAYMENT VALUES ('20200116KI3096901886873-p00001','20200116KI3096901886873','2020-01-18','CC',341.16,'Boyce Bate','2111077641900071',2,2026,625,'Mastercard');
-- ------- SAMPLE 144 ----------
INSERT INTO GUEST VALUES(1144,'Rachell','Riser','RRiser@gmail.com','1234 DaWrong Lane','Flonkerton','MD','12345','794-543-0868');
INSERT INTO RESERVATION VALUES ('20200225KI6898402025235',1144,115,'KI','2020-02-25','2020-02-28',null,'complete');
INSERT INTO INVOICECHARGE VALUES ('20200225KI6898402025235-ch00001','20200225KI6898402025235','2020-02-25',255.87,'Base room charge');
INSERT INTO PAYMENT (payment_id,invoice_id,payment_date,payment_type,payment_amount) VALUES ('20200225KI6898402025235-p00001','20200225KI6898402025235','2020-02-27','CA',255.87);
-- ------- SAMPLE 145 ----------
INSERT INTO GUEST VALUES(1145,'Fonda','Foreman','FForeman@gmail.com','1234 DaWrong Lane','Flonkerton','MD','12345','672-842-2276');
INSERT INTO RESERVATION VALUES ('20181209KS3464939736385',1145,107,'KS','2018-12-09','2018-12-14',null,'complete');
INSERT INTO INVOICECHARGE VALUES ('20181209KS3464939736385-ch00001','20181209KS3464939736385','2018-12-09',351.83,'Base room charge');
INSERT INTO INVOICECHARGE VALUES ('20181209KS3464939736385-ch00002','20181209KS3464939736385','2018-12-09',181.24,'Cleaning fee');
INSERT INTO PAYMENT VALUES ('20181209KS3464939736385-p00001','20181209KS3464939736385','2018-12-11','CC',533.07,'Fonda Foreman','1888924002633753',9,2024,701,'Mastercard');
-- ------- SAMPLE 146 ----------
INSERT INTO GUEST VALUES(1146,'Dorian','Delbosque','DDelbosque@yahoo.com','1234 DaWrong Lane','Flonkerton','MD','12345','687-278-0573');
INSERT INTO RESERVATION VALUES ('20190921KS5929041800632',1146,201,'KS','2019-09-21','2019-09-26',null,'complete');
INSERT INTO INVOICECHARGE VALUES ('20190921KS5929041800632-ch00001','20190921KS5929041800632','2019-09-21',351.83,'Base room charge');
INSERT INTO INVOICECHARGE VALUES ('20190921KS5929041800632-ch00002','20190921KS5929041800632','2019-09-21',181.24,'Room Service');
INSERT INTO PAYMENT VALUES ('20190921KS5929041800632-p00001','20190921KS5929041800632','2019-09-23','CC',533.07,'Dorian Delbosque','5262052187550153',4,2026,437,'Mastercard');
-- ------- SAMPLE 147 ----------
INSERT INTO GUEST VALUES(1147,'Margorie','Mcnish','MMcnish@gmail.com','1234 DaWrong Lane','Flonkerton','MD','12345','251-422-3290');
INSERT INTO RESERVATION VALUES ('20181207KS9404475635342',1147,117,'KS','2018-12-07','2018-12-11',null,'complete');
INSERT INTO INVOICECHARGE VALUES ('20181207KS9404475635342-ch00001','20181207KS9404475635342','2018-12-07',281.46,'Base room charge');
INSERT INTO INVOICECHARGE VALUES ('20181207KS9404475635342-ch00002','20181207KS9404475635342','2018-12-07',145,'Room Service');
INSERT INTO PAYMENT VALUES ('20181207KS9404475635342-p00001','20181207KS9404475635342','2018-12-09','CC',426.46,'Margorie Mcnish','7959825257126963',12,2026,898,'Mastercard');
-- ------- SAMPLE 148 ----------
INSERT INTO GUEST VALUES(1148,'Theodora','Trickey','TTrickey@hotmail.com','1234 DaWrong Lane','Flonkerton','MD','12345','863-382-5207');
INSERT INTO RESERVATION VALUES ('20210114KI7829716661016',1148,null,'KI','2021-01-14','2021-01-18',null,'active');
INSERT INTO INVOICECHARGE VALUES ('20210114KI7829716661016-ch00001','20210114KI7829716661016','2021-01-14',341.16,'Base room charge');
INSERT INTO PAYMENT VALUES ('20210114KI7829716661016-p00001','20210114KI7829716661016','2021-01-16','CC',341.16,'Theodora Trickey','1692094979556119',7,2021,58,'Mastercard');
-- ------- SAMPLE 149 ----------
INSERT INTO GUEST VALUES(1149,'Freida','Forbis','FForbis@yahoo.com','1234 DaWrong Lane','Flonkerton','MD','12345','305-152-4344');
INSERT INTO RESERVATION VALUES ('20181027KJ4015460244759',1149,109,'KJ','2018-10-27','2018-10-31',null,'complete');
INSERT INTO INVOICECHARGE VALUES ('20181027KJ4015460244759-ch00001','20181027KJ4015460244759','2018-10-27',554.41,'Base room charge');
INSERT INTO PAYMENT VALUES ('20181027KJ4015460244759-p00001','20181027KJ4015460244759','2018-10-29','CC',554.41,'Freida Forbis','4344428876442114',6,2023,202,'Mastercard');
-- ------- SAMPLE 150 ----------
INSERT INTO GUEST VALUES(1150,'Danette','Dammann','DDammann@yahoo.com','1234 DaWrong Lane','Flonkerton','MD','12345','843-306-1193');
INSERT INTO RESERVATION VALUES ('20180512KS4064470077359',1150,201,'KS','2018-05-12','2018-05-14',null,'cancelled');
INSERT INTO INVOICECHARGE VALUES ('20180512KS4064470077359-ch00001','20180512KS4064470077359','2018-05-12',213.23,'Base room charge');
INSERT INTO PAYMENT VALUES ('20180512KS4064470077359-p00001','20180512KS4064470077359','2018-05-14','CC',213.23,'Danette Dammann','6441185644163903',4,2022,608,'Mastercard');
-- ------- SAMPLE 151 ----------
INSERT INTO GUEST VALUES(1151,'Shad','Sitler','SSitler@hotmail.com','1234 DaWrong Lane','Flonkerton','MD','12345','225-849-4626');
INSERT INTO RESERVATION VALUES ('20180911KS6011171535232',1151,117,'KS','2018-09-11','2018-09-15',null,'cancelled');
INSERT INTO INVOICECHARGE VALUES ('20180911KS6011171535232-ch00001','20180911KS6011171535232','2018-09-11',426.46,'Base room charge');
INSERT INTO PAYMENT VALUES ('20180911KS6011171535232-p00001','20180911KS6011171535232','2018-09-13','CC',426.46,'Shad Sitler','1793683187787368',8,2022,781,'Mastercard');
-- ------- SAMPLE 152 ----------
INSERT INTO GUEST VALUES(1152,'Edmundo','Erickson','EErickson@hotmail.com','1234 DaWrong Lane','Flonkerton','MD','12345','572-247-4967');
INSERT INTO RESERVATION VALUES ('20190114KJ4125756805204',1152,109,'KJ','2019-01-14','2019-01-18',null,'cancelled');
INSERT INTO INVOICECHARGE VALUES ('20190114KJ4125756805204-ch00001','20190114KJ4125756805204','2019-01-14',365.91,'Base room charge');
INSERT INTO INVOICECHARGE VALUES ('20190114KJ4125756805204-ch00002','20190114KJ4125756805204','2019-01-14',188.5,'Room Service');
INSERT INTO PAYMENT VALUES ('20190114KJ4125756805204-p00001','20190114KJ4125756805204','2019-01-16','CC',554.41,'Edmundo Erickson','7170576500417749',9,2023,176,'Mastercard');
-- ------- SAMPLE 153 ----------
INSERT INTO GUEST VALUES(1153,'Shad','Sitler','SSitler@yahoo.com','1234 DaWrong Lane','Flonkerton','MD','12345','586-823-9498');
INSERT INTO RESERVATION VALUES ('20190412QS6250045344530',1153,202,'QS','2019-04-12','2019-04-14',null,'complete');
INSERT INTO INVOICECHARGE VALUES ('20190412QS6250045344530-ch00001','20190412QS6250045344530','2019-04-12',154.81,'Base room charge');
INSERT INTO INVOICECHARGE VALUES ('20190412QS6250045344530-ch00002','20190412QS6250045344530','2019-04-12',79.75,'Cleaning fee');
INSERT INTO PAYMENT VALUES ('20190412QS6250045344530-p00001','20190412QS6250045344530','2019-04-14','CC',234.55,'Shad Sitler','4854341190389132',12,2021,510,'Mastercard');
-- ------- SAMPLE 154 ----------
INSERT INTO GUEST VALUES(1154,'Deangelo','Deloera','DDeloera@yahoo.com','1234 DaWrong Lane','Flonkerton','MD','12345','959-194-7501');
INSERT INTO RESERVATION VALUES ('20180617KS6410043947098',1154,107,'KS','2018-06-17','2018-06-19',null,'cancelled');
INSERT INTO INVOICECHARGE VALUES ('20180617KS6410043947098-ch00001','20180617KS6410043947098','2018-06-17',213.23,'Base room charge');
INSERT INTO PAYMENT VALUES ('20180617KS6410043947098-p00001','20180617KS6410043947098','2018-06-19','CC',213.23,'Deangelo Deloera','9837829398606811',6,2022,478,'Mastercard');
-- ------- SAMPLE 155 ----------
INSERT INTO GUEST VALUES(1155,'Buffy','Beattie','BBeattie@yahoo.com','1234 DaWrong Lane','Flonkerton','MD','12345','812-329-4424');
INSERT INTO RESERVATION VALUES ('20201105KI7023013260668',1155,null,'KI','2020-11-05','2020-11-08',null,'active');
-- ------- SAMPLE 156 ----------
INSERT INTO GUEST VALUES(1156,'Fonda','Foreman','FForeman@yahoo.com','1234 DaWrong Lane','Flonkerton','MD','12345','490-746-4803');
INSERT INTO RESERVATION VALUES ('20210324QS2704071219492',1156,null,'QS','2021-03-24','2021-03-29',null,'cancelled');
INSERT INTO INVOICECHARGE VALUES ('20210324QS2704071219492-ch00001','20210324QS2704071219492','2021-03-24',586.38,'Base room charge');
INSERT INTO PAYMENT (payment_id,invoice_id,payment_date,payment_type,payment_amount) VALUES ('20210324QS2704071219492-p00001','20210324QS2704071219492','2021-03-26','CA',586.38);
-- ------- SAMPLE 157 ----------
INSERT INTO GUEST VALUES(1157,'Mandi','Mcwain','MMcwain@hotmail.com','1234 DaWrong Lane','Flonkerton','MD','12345','627-137-7665');
INSERT INTO RESERVATION VALUES ('20201220KJ2132763572388',1157,null,'KJ','2020-12-20','2020-12-23',null,'active');
INSERT INTO INVOICECHARGE VALUES ('20201220KJ2132763572388-ch00001','20201220KJ2132763572388','2020-12-20',274.43,'Base room charge');
INSERT INTO INVOICECHARGE VALUES ('20201220KJ2132763572388-ch00002','20201220KJ2132763572388','2020-12-20',141.37,'Cleaning fee');
INSERT INTO PAYMENT VALUES ('20201220KJ2132763572388-p00001','20201220KJ2132763572388','2020-12-22','CC',415.81,'Mandi Mcwain','6818666164919855',11,2023,556,'Mastercard');
-- ------- SAMPLE 158 ----------
INSERT INTO GUEST VALUES(1158,'Luella','Lundstrom','LLundstrom@yahoo.com','1234 DaWrong Lane','Flonkerton','MD','12345','630-395-1433');
INSERT INTO RESERVATION VALUES ('20200921KI1264490664820',1158,null,'KI','2020-09-21','2020-09-23',null,'active');
-- ------- SAMPLE 159 ----------
INSERT INTO GUEST VALUES(1159,'Shera','Shorter','SShorter@yahoo.com','1234 DaWrong Lane','Flonkerton','MD','12345','781-128-8226');
INSERT INTO RESERVATION VALUES ('20190625KJ6282426079359',1159,208,'KJ','2019-06-25','2019-06-28',null,'complete');
INSERT INTO INVOICECHARGE VALUES ('20190625KJ6282426079359-ch00001','20190625KJ6282426079359','2019-06-25',415.81,'Base room charge');
INSERT INTO PAYMENT VALUES ('20190625KJ6282426079359-p00001','20190625KJ6282426079359','2019-06-27','CC',415.81,'Shera Shorter','3686964561465747',11,2023,388,'Mastercard');
-- ------- SAMPLE 160 ----------
INSERT INTO GUEST VALUES(1160,'Serafina','Singh','SSingh@yahoo.com','1234 DaWrong Lane','Flonkerton','MD','12345','084-321-6378');
INSERT INTO RESERVATION VALUES ('20180925KI7301922611706',1160,105,'KI','2018-09-25','2018-09-29',null,'complete');
INSERT INTO INVOICECHARGE VALUES ('20180925KI7301922611706-ch00001','20180925KI7301922611706','2018-09-25',225.16,'Base room charge');
INSERT INTO INVOICECHARGE VALUES ('20180925KI7301922611706-ch00002','20180925KI7301922611706','2018-09-25',115.99,'Room Service');
INSERT INTO PAYMENT VALUES ('20180925KI7301922611706-p00001','20180925KI7301922611706','2018-09-27','CC',341.16,'Serafina Singh','8750515030469306',8,2024,306,'Mastercard');
-- ------- SAMPLE 161 ----------
INSERT INTO GUEST VALUES(1161,'Freida','Forbis','FForbis@gmail.com','1234 DaWrong Lane','Flonkerton','MD','12345','872-220-7907');
INSERT INTO RESERVATION VALUES ('20191104QD5580867344844',1161,106,'QD','2019-11-04','2019-11-09',null,'complete');
INSERT INTO INVOICECHARGE VALUES ('20191104QD5580867344844-ch00001','20191104QD5580867344844','2019-11-04',479.76,'Base room charge');
INSERT INTO PAYMENT VALUES ('20191104QD5580867344844-p00001','20191104QD5580867344844','2019-11-06','CC',479.76,'Freida Forbis','9871007357216951',6,2022,372,'Mastercard');
-- ------- SAMPLE 162 ----------
INSERT INTO GUEST VALUES(1162,'Len','Linquist','LLinquist@gmail.com','1234 DaWrong Lane','Flonkerton','MD','12345','322-601-0058');
INSERT INTO RESERVATION VALUES ('20201017KJ3868157508547',1162,null,'KJ','2020-10-17','2020-10-21',null,'active');
INSERT INTO INVOICECHARGE VALUES ('20201017KJ3868157508547-ch00001','20201017KJ3868157508547','2020-10-17',554.41,'Base room charge');
INSERT INTO PAYMENT VALUES ('20201017KJ3868157508547-p00001','20201017KJ3868157508547','2020-10-19','CC',554.41,'Len Linquist','9380672581448380',12,2023,967,'Mastercard');
-- ------- SAMPLE 163 ----------
INSERT INTO GUEST VALUES(1163,'Walter','Wellington','WWellington@hotmail.com','1234 DaWrong Lane','Flonkerton','MD','12345','031-444-6662');
INSERT INTO RESERVATION VALUES ('20210409KJ4452663384284',1163,null,'KJ','2021-04-09','2021-04-13',null,'active');
INSERT INTO INVOICECHARGE VALUES ('20210409KJ4452663384284-ch00001','20210409KJ4452663384284','2021-04-09',554.41,'Base room charge');
INSERT INTO PAYMENT (payment_id,invoice_id,payment_date,payment_type,payment_amount) VALUES ('20210409KJ4452663384284-p00001','20210409KJ4452663384284','2021-04-11','CA',191);
-- ------- SAMPLE 164 ----------
INSERT INTO GUEST VALUES(1164,'Lorean','Loden','LLoden@yahoo.com','1234 DaWrong Lane','Flonkerton','MD','12345','773-467-4986');
INSERT INTO RESERVATION VALUES ('20190727QD7975050761549',1164,111,'QD','2019-07-27','2019-07-31',null,'complete');
INSERT INTO INVOICECHARGE VALUES ('20190727QD7975050761549-ch00001','20190727QD7975050761549','2019-07-27',383.81,'Base room charge');
INSERT INTO PAYMENT VALUES ('20190727QD7975050761549-p00001','20190727QD7975050761549','2019-07-29','CC',383.81,'Lorean Loden','3961761519290237',7,2021,466,'Mastercard');
-- ------- SAMPLE 165 ----------
INSERT INTO GUEST VALUES(1165,'Dane','Dumond','DDumond@yahoo.com','1234 DaWrong Lane','Flonkerton','MD','12345','932-714-8934');
INSERT INTO RESERVATION VALUES ('20190519QS8469904036194',1165,113,'QS','2019-05-19','2019-05-22',null,'complete');
INSERT INTO INVOICECHARGE VALUES ('20190519QS8469904036194-ch00001','20190519QS8469904036194','2019-05-19',232.21,'Base room charge');
INSERT INTO INVOICECHARGE VALUES ('20190519QS8469904036194-ch00002','20190519QS8469904036194','2019-05-19',119.62,'Room Service');
INSERT INTO PAYMENT (payment_id,invoice_id,payment_date,payment_type,payment_amount) VALUES ('20190519QS8469904036194-p00001','20190519QS8469904036194','2019-05-21','CA',351.83);
-- ------- SAMPLE 166 ----------
INSERT INTO GUEST VALUES(1166,'Bradley','Bently','BBently@hotmail.com','1234 DaWrong Lane','Flonkerton','MD','12345','926-826-5712');
INSERT INTO RESERVATION VALUES ('20190401KI9181115257163',1166,105,'KI','2019-04-01','2019-04-05',null,'complete');
INSERT INTO INVOICECHARGE VALUES ('20190401KI9181115257163-ch00001','20190401KI9181115257163','2019-04-01',341.16,'Base room charge');
INSERT INTO PAYMENT (payment_id,invoice_id,payment_date,payment_type,payment_amount) VALUES ('20190401KI9181115257163-p00001','20190401KI9181115257163','2019-04-03','CA',341.16);
-- ------- SAMPLE 167 ----------
INSERT INTO GUEST VALUES(1167,'Rossana','Running','RRunning@hotmail.com','1234 DaWrong Lane','Flonkerton','MD','12345','780-680-0555');
INSERT INTO RESERVATION VALUES ('20190321QS5541320199520',1167,113,'QS','2019-03-21','2019-03-24',null,'complete');
INSERT INTO INVOICECHARGE VALUES ('20190321QS5541320199520-ch00001','20190321QS5541320199520','2019-03-21',351.83,'Base room charge');
INSERT INTO PAYMENT VALUES ('20190321QS5541320199520-p00001','20190321QS5541320199520','2019-03-23','CC',351.83,'Rossana Running','9758324808585825',9,2021,747,'Mastercard');
-- ------- SAMPLE 168 ----------
INSERT INTO GUEST VALUES(1168,'Natalia','Nowacki','NNowacki@yahoo.com','1234 DaWrong Lane','Flonkerton','MD','12345','199-521-9809');
INSERT INTO RESERVATION VALUES ('20210406QS4043640944804',1168,null,'QS','2021-04-06','2021-04-08',null,'active');
-- ------- SAMPLE 169 ----------
INSERT INTO GUEST VALUES(1169,'Delsie','Dunstan','DDunstan@yahoo.com','1234 DaWrong Lane','Flonkerton','MD','12345','264-715-5939');
INSERT INTO RESERVATION VALUES ('20200619KJ9974698234243',1169,null,'KJ','2020-06-19','2020-06-24',null,'active');
INSERT INTO INVOICECHARGE VALUES ('20200619KJ9974698234243-ch00001','20200619KJ9974698234243','2020-06-19',693.01,'Base room charge');
INSERT INTO PAYMENT VALUES ('20200619KJ9974698234243-p00001','20200619KJ9974698234243','2020-06-21','CC',693.01,'Delsie Dunstan','1311930757633404',10,2023,938,'Mastercard');
-- ------- SAMPLE 170 ----------
INSERT INTO GUEST VALUES(1170,'Delora','Delph','DDelph@yahoo.com','1234 DaWrong Lane','Flonkerton','MD','12345','797-271-7385');
INSERT INTO RESERVATION VALUES ('20181201QS6770978043332',1170,202,'QS','2018-12-01','2018-12-02',null,'complete');
INSERT INTO INVOICECHARGE VALUES ('20181201QS6770978043332-ch00001','20181201QS6770978043332','2018-12-01',117.28,'Base room charge');
INSERT INTO PAYMENT VALUES ('20181201QS6770978043332-p00001','20181201QS6770978043332','2018-12-03','CC',117.28,'Delora Delph','6243811859701978',8,2023,931,'Mastercard');
-- ------- SAMPLE 171 ----------
INSERT INTO GUEST VALUES(1171,'Theodora','Trickey','TTrickey@yahoo.com','1234 DaWrong Lane','Flonkerton','MD','12345','184-331-8231');
INSERT INTO RESERVATION VALUES ('20200516QS1435980565786',1171,null,'QS','2020-05-16','2020-05-19',null,'active');
-- ------- SAMPLE 172 ----------
INSERT INTO GUEST VALUES(1172,'Rick','Ritenour','RRitenour@hotmail.com','1234 DaWrong Lane','Flonkerton','MD','12345','613-788-4671');
INSERT INTO RESERVATION VALUES ('20191224QD5289634312404',1172,106,'QD','2019-12-24','2019-12-29',null,'complete');
INSERT INTO INVOICECHARGE VALUES ('20191224QD5289634312404-ch00001','20191224QD5289634312404','2019-12-24',479.76,'Base room charge');
INSERT INTO PAYMENT VALUES ('20191224QD5289634312404-p00001','20191224QD5289634312404','2019-12-26','CC',479.76,'Rick Ritenour','7119445174622633',6,2027,254,'Mastercard');
-- ------- SAMPLE 173 ----------
INSERT INTO GUEST VALUES(1173,'Kathey','Kingston','KKingston@yahoo.com','1234 DaWrong Lane','Flonkerton','MD','12345','935-088-2957');
INSERT INTO RESERVATION VALUES ('20180702KS1507124406068',1173,107,'KS','2018-07-02','2018-07-05',null,'complete');
INSERT INTO INVOICECHARGE VALUES ('20180702KS1507124406068-ch00001','20180702KS1507124406068','2018-07-02',319.84,'Base room charge');
INSERT INTO PAYMENT VALUES ('20180702KS1507124406068-p00001','20180702KS1507124406068','2018-07-04','CC',319.84,'Kathey Kingston','3399727403649263',11,2023,325,'Mastercard');
-- ------- SAMPLE 174 ----------
INSERT INTO GUEST VALUES(1174,'Keturah','Kagawa','KKagawa@gmail.com','1234 DaWrong Lane','Flonkerton','MD','12345','512-161-4948');
INSERT INTO RESERVATION VALUES ('20210130KJ7196341611792',1174,null,'KJ','2021-01-30','2021-02-04',null,'active');
-- ------- SAMPLE 175 ----------
INSERT INTO GUEST VALUES(1175,'Dane','Dumond','DDumond@yahoo.com','1234 DaWrong Lane','Flonkerton','MD','12345','132-246-4802');
INSERT INTO RESERVATION VALUES ('20190412KJ3499248391171',1175,119,'KJ','2019-04-12','2019-04-13',null,'complete');
INSERT INTO INVOICECHARGE VALUES ('20190412KJ3499248391171-ch00001','20190412KJ3499248391171','2019-04-12',138.6,'Base room charge');
INSERT INTO PAYMENT (payment_id,invoice_id,payment_date,payment_type,payment_amount) VALUES ('20190412KJ3499248391171-p00001','20190412KJ3499248391171','2019-04-14','CA',138.6);
-- ------- SAMPLE 176 ----------
INSERT INTO GUEST VALUES(1176,'Asa','Allan','AAllan@gmail.com','1234 DaWrong Lane','Flonkerton','MD','12345','329-324-2338');
INSERT INTO RESERVATION VALUES ('20190817QD7446397705943',1176,200,'QD','2019-08-17','2019-08-20',null,'complete');
INSERT INTO INVOICECHARGE VALUES ('20190817QD7446397705943-ch00001','20190817QD7446397705943','2019-08-17',189.98,'Base room charge');
INSERT INTO INVOICECHARGE VALUES ('20190817QD7446397705943-ch00002','20190817QD7446397705943','2019-08-17',97.87,'Room Service');
INSERT INTO PAYMENT VALUES ('20190817QD7446397705943-p00001','20190817QD7446397705943','2019-08-19','CC',287.86,'Asa Allan','5988303640796369',11,2027,262,'Mastercard');
-- ------- SAMPLE 177 ----------
INSERT INTO GUEST VALUES(1177,'Claribel','Catanzaro','CCatanzaro@yahoo.com','1234 DaWrong Lane','Flonkerton','MD','12345','413-073-3614');
INSERT INTO RESERVATION VALUES ('20181111QD3886752717952',1177,205,'QD','2018-11-11','2018-11-16',null,'complete');
INSERT INTO INVOICECHARGE VALUES ('20181111QD3886752717952-ch00001','20181111QD3886752717952','2018-11-11',479.76,'Base room charge');
INSERT INTO PAYMENT VALUES ('20181111QD3886752717952-p00001','20181111QD3886752717952','2018-11-13','CC',479.76,'Claribel Catanzaro','5503696393852623',11,2021,177,'Mastercard');
-- ------- SAMPLE 178 ----------
INSERT INTO GUEST VALUES(1178,'Daron','Dycus','DDycus@hotmail.com','1234 DaWrong Lane','Flonkerton','MD','12345','243-297-7486');
INSERT INTO RESERVATION VALUES ('20180908KS5469634502752',1178,107,'KS','2018-09-08','2018-09-13',null,'cancelled');
INSERT INTO INVOICECHARGE VALUES ('20180908KS5469634502752-ch00001','20180908KS5469634502752','2018-09-08',533.07,'Base room charge');
INSERT INTO PAYMENT (payment_id,invoice_id,payment_date,payment_type,payment_amount) VALUES ('20180908KS5469634502752-p00001','20180908KS5469634502752','2018-09-10','CA',533.07);
-- ------- SAMPLE 179 ----------
INSERT INTO GUEST VALUES(1179,'Stacie','Schupp','SSchupp@yahoo.com','1234 DaWrong Lane','Flonkerton','MD','12345','819-017-8369');
INSERT INTO RESERVATION VALUES ('20181129QD5120959882308',1179,205,'QD','2018-11-29','2018-12-04',null,'complete');
INSERT INTO INVOICECHARGE VALUES ('20181129QD5120959882308-ch00001','20181129QD5120959882308','2018-11-29',316.64,'Base room charge');
INSERT INTO INVOICECHARGE VALUES ('20181129QD5120959882308-ch00002','20181129QD5120959882308','2018-11-29',163.12,'Room Service');
INSERT INTO PAYMENT VALUES ('20181129QD5120959882308-p00001','20181129QD5120959882308','2018-12-01','CC',479.76,'Stacie Schupp','4187805344922719',8,2024,408,'Mastercard');
-- ------- SAMPLE 180 ----------
INSERT INTO GUEST VALUES(1180,'James','Janey','JJaney@yahoo.com','1234 DaWrong Lane','Flonkerton','MD','12345','565-377-8743');
INSERT INTO RESERVATION VALUES ('20181110KS4118808215908',1180,201,'KS','2018-11-10','2018-11-13',null,'cancelled');
INSERT INTO INVOICECHARGE VALUES ('20181110KS4118808215908-ch00001','20181110KS4118808215908','2018-11-10',211.1,'Base room charge');
INSERT INTO INVOICECHARGE VALUES ('20181110KS4118808215908-ch00002','20181110KS4118808215908','2018-11-10',108.75,'Room Service');
INSERT INTO PAYMENT VALUES ('20181110KS4118808215908-p00001','20181110KS4118808215908','2018-11-12','CC',319.84,'James Janey','1804571929432566',4,2025,81,'Mastercard');
-- ------- SAMPLE 181 ----------
INSERT INTO GUEST VALUES(1181,'Ella','Evanoff','EEvanoff@hotmail.com','1234 DaWrong Lane','Flonkerton','MD','12345','690-975-5722');
INSERT INTO RESERVATION VALUES ('20190218QS1558247024856',1181,118,'QS','2019-02-18','2019-02-19',null,'complete');
INSERT INTO INVOICECHARGE VALUES ('20190218QS1558247024856-ch00001','20190218QS1558247024856','2019-02-18',77.4,'Base room charge');
INSERT INTO INVOICECHARGE VALUES ('20190218QS1558247024856-ch00002','20190218QS1558247024856','2019-02-18',39.87,'Cleaning fee');
INSERT INTO PAYMENT VALUES ('20190218QS1558247024856-p00001','20190218QS1558247024856','2019-02-20','CC',117.28,'Ella Evanoff','1357817991108038',6,2021,705,'Mastercard');
-- ------- SAMPLE 182 ----------
INSERT INTO GUEST VALUES(1182,'Jammie','Jo','JJo@gmail.com','1234 DaWrong Lane','Flonkerton','MD','12345','783-814-9271');
INSERT INTO RESERVATION VALUES ('20200330QD5643768622622',1182,111,'QD','2020-03-30','2020-04-04',null,'complete');
INSERT INTO INVOICECHARGE VALUES ('20200330QD5643768622622-ch00001','20200330QD5643768622622','2020-03-30',316.64,'Base room charge');
INSERT INTO INVOICECHARGE VALUES ('20200330QD5643768622622-ch00002','20200330QD5643768622622','2020-03-30',163.12,'Cleaning fee');
INSERT INTO PAYMENT (payment_id,invoice_id,payment_date,payment_type,payment_amount) VALUES ('20200330QD5643768622622-p00001','20200330QD5643768622622','2020-04-01','CA',479.76);
-- ------- SAMPLE 183 ----------
INSERT INTO GUEST VALUES(1183,'Boris','Berner','BBerner@yahoo.com','1234 DaWrong Lane','Flonkerton','MD','12345','959-414-9468');
INSERT INTO RESERVATION VALUES ('20180828QS2049077719574',1183,118,'QS','2018-08-28','2018-08-29',null,'complete');
INSERT INTO INVOICECHARGE VALUES ('20180828QS2049077719574-ch00001','20180828QS2049077719574','2018-08-28',77.4,'Base room charge');
INSERT INTO INVOICECHARGE VALUES ('20180828QS2049077719574-ch00002','20180828QS2049077719574','2018-08-28',39.87,'Cleaning fee');
INSERT INTO PAYMENT (payment_id,invoice_id,payment_date,payment_type,payment_amount) VALUES ('20180828QS2049077719574-p00001','20180828QS2049077719574','2018-08-30','CA',117.28);
-- ------- SAMPLE 184 ----------
INSERT INTO GUEST VALUES(1184,'Christine','Ciampa','CCiampa@hotmail.com','1234 DaWrong Lane','Flonkerton','MD','12345','396-156-6351');
INSERT INTO RESERVATION VALUES ('20191109KI4688267108154',1184,120,'KI','2019-11-09','2019-11-13',null,'complete');
INSERT INTO INVOICECHARGE VALUES ('20191109KI4688267108154-ch00001','20191109KI4688267108154','2019-11-09',225.16,'Base room charge');
INSERT INTO INVOICECHARGE VALUES ('20191109KI4688267108154-ch00002','20191109KI4688267108154','2019-11-09',115.99,'Room Service');
INSERT INTO PAYMENT VALUES ('20191109KI4688267108154-p00001','20191109KI4688267108154','2019-11-11','CC',341.16,'Christine Ciampa','6897128708961774',6,2024,557,'Mastercard');
-- ------- SAMPLE 185 ----------
INSERT INTO GUEST VALUES(1185,'Abdul','Ashe','AAshe@gmail.com','1234 DaWrong Lane','Flonkerton','MD','12345','882-626-3480');
INSERT INTO RESERVATION VALUES ('20200205KJ8076723665124',1185,114,'KJ','2020-02-05','2020-02-07',null,'complete');
INSERT INTO INVOICECHARGE VALUES ('20200205KJ8076723665124-ch00001','20200205KJ8076723665124','2020-02-05',182.95,'Base room charge');
INSERT INTO INVOICECHARGE VALUES ('20200205KJ8076723665124-ch00002','20200205KJ8076723665124','2020-02-05',94.25,'Room Service');
INSERT INTO PAYMENT (payment_id,invoice_id,payment_date,payment_type,payment_amount) VALUES ('20200205KJ8076723665124-p00001','20200205KJ8076723665124','2020-02-07','CA',277.2);
-- ------- SAMPLE 186 ----------
INSERT INTO GUEST VALUES(1186,'Ceola','Carasco','CCarasco@yahoo.com','1234 DaWrong Lane','Flonkerton','MD','12345','976-538-9036');
INSERT INTO RESERVATION VALUES ('20190526KI9731925889035',1186,120,'KI','2019-05-26','2019-05-30',null,'complete');
INSERT INTO INVOICECHARGE VALUES ('20190526KI9731925889035-ch00001','20190526KI9731925889035','2019-05-26',341.16,'Base room charge');
INSERT INTO PAYMENT VALUES ('20190526KI9731925889035-p00001','20190526KI9731925889035','2019-05-28','CC',341.16,'Ceola Carasco','2286238292466585',9,2021,960,'Mastercard');
-- ------- SAMPLE 187 ----------
INSERT INTO GUEST VALUES(1187,'Lucius','Liles','LLiles@hotmail.com','1234 DaWrong Lane','Flonkerton','MD','12345','004-003-0136');
INSERT INTO RESERVATION VALUES ('20201217QS6940278983245',1187,null,'QS','2020-12-17','2020-12-20',null,'active');
-- ------- SAMPLE 188 ----------
INSERT INTO GUEST VALUES(1188,'Claribel','Catanzaro','CCatanzaro@yahoo.com','1234 DaWrong Lane','Flonkerton','MD','12345','769-046-9430');
INSERT INTO RESERVATION VALUES ('20180611KJ7968476822105',1188,119,'KJ','2018-06-11','2018-06-14',null,'complete');
INSERT INTO INVOICECHARGE VALUES ('20180611KJ7968476822105-ch00001','20180611KJ7968476822105','2018-06-11',415.81,'Base room charge');
INSERT INTO PAYMENT VALUES ('20180611KJ7968476822105-p00001','20180611KJ7968476822105','2018-06-13','CC',415.81,'Claribel Catanzaro','8574309833285859',7,2024,640,'Mastercard');
-- ------- SAMPLE 189 ----------
INSERT INTO GUEST VALUES(1189,'Rick','Ritenour','RRitenour@gmail.com','1234 DaWrong Lane','Flonkerton','MD','12345','591-531-2815');
INSERT INTO RESERVATION VALUES ('20210405KI3334513316426',1189,null,'KI','2021-04-05','2021-04-10',null,'active');
INSERT INTO INVOICECHARGE VALUES ('20210405KI3334513316426-ch00001','20210405KI3334513316426','2021-04-05',281.45,'Base room charge');
INSERT INTO INVOICECHARGE VALUES ('20210405KI3334513316426-ch00002','20210405KI3334513316426','2021-04-05',144.99,'Room Service');
INSERT INTO PAYMENT (payment_id,invoice_id,payment_date,payment_type,payment_amount) VALUES ('20210405KI3334513316426-p00001','20210405KI3334513316426','2021-04-07','CA',426.45);
-- ------- SAMPLE 190 ----------
INSERT INTO GUEST VALUES(1190,'Deandre','Defore','DDefore@yahoo.com','1234 DaWrong Lane','Flonkerton','MD','12345','912-596-6157');
INSERT INTO RESERVATION VALUES ('20180515QS9906573000852',1190,202,'QS','2018-05-15','2018-05-19',null,'complete');
INSERT INTO INVOICECHARGE VALUES ('20180515QS9906573000852-ch00001','20180515QS9906573000852','2018-05-15',469.11,'Base room charge');
INSERT INTO PAYMENT VALUES ('20180515QS9906573000852-p00001','20180515QS9906573000852','2018-05-17','CC',469.11,'Deandre Defore','8005275361037986',2,2024,127,'Mastercard');
-- ------- SAMPLE 191 ----------
INSERT INTO GUEST VALUES(1191,'Anita','Amezcua','AAmezcua@yahoo.com','1234 DaWrong Lane','Flonkerton','MD','12345','043-611-4652');
INSERT INTO RESERVATION VALUES ('20200311QD9639816864213',1191,111,'QD','2020-03-11','2020-03-13',null,'cancelled');
INSERT INTO INVOICECHARGE VALUES ('20200311QD9639816864213-ch00001','20200311QD9639816864213','2020-03-11',191.9,'Base room charge');
INSERT INTO PAYMENT VALUES ('20200311QD9639816864213-p00001','20200311QD9639816864213','2020-03-13','CC',191.9,'Anita Amezcua','7014204593372843',7,2022,205,'Mastercard');
-- ------- SAMPLE 192 ----------
INSERT INTO GUEST VALUES(1192,'Antwan','Albury','AAlbury@yahoo.com','1234 DaWrong Lane','Flonkerton','MD','12345','726-175-8652');
INSERT INTO RESERVATION VALUES ('20180906KI5541465175113',1192,209,'KI','2018-09-06','2018-09-09',null,'complete');
INSERT INTO INVOICECHARGE VALUES ('20180906KI5541465175113-ch00001','20180906KI5541465175113','2018-09-06',255.87,'Base room charge');
INSERT INTO PAYMENT VALUES ('20180906KI5541465175113-p00001','20180906KI5541465175113','2018-09-08','CC',255.87,'Antwan Albury','9323305527674263',2,2021,708,'Mastercard');
-- ------- SAMPLE 193 ----------
INSERT INTO GUEST VALUES(1193,'Shonda','Schult','SSchult@yahoo.com','1234 DaWrong Lane','Flonkerton','MD','12345','988-210-6357');
INSERT INTO RESERVATION VALUES ('20180613KJ2877138981812',1193,119,'KJ','2018-06-13','2018-06-16',null,'complete');
INSERT INTO INVOICECHARGE VALUES ('20180613KJ2877138981812-ch00001','20180613KJ2877138981812','2018-06-13',274.43,'Base room charge');
INSERT INTO INVOICECHARGE VALUES ('20180613KJ2877138981812-ch00002','20180613KJ2877138981812','2018-06-13',141.37,'Room Service');
INSERT INTO PAYMENT VALUES ('20180613KJ2877138981812-p00001','20180613KJ2877138981812','2018-06-15','CC',415.81,'Shonda Schult','7081334074718589',1,2024,325,'Mastercard');
-- ------- SAMPLE 194 ----------
INSERT INTO GUEST VALUES(1194,'Ginger','Gordillo','GGordillo@yahoo.com','1234 DaWrong Lane','Flonkerton','MD','12345','529-086-5816');
INSERT INTO RESERVATION VALUES ('20200524QD6742721960548',1194,null,'QD','2020-05-24','2020-05-27',null,'active');
INSERT INTO INVOICECHARGE VALUES ('20200524QD6742721960548-ch00001','20200524QD6742721960548','2020-05-24',189.98,'Base room charge');
INSERT INTO INVOICECHARGE VALUES ('20200524QD6742721960548-ch00002','20200524QD6742721960548','2020-05-24',97.87,'Cleaning fee');
INSERT INTO PAYMENT VALUES ('20200524QD6742721960548-p00001','20200524QD6742721960548','2020-05-26','CC',204,'Ginger Gordillo','2144797057108398',10,2023,948,'Mastercard');
-- ------- SAMPLE 195 ----------
INSERT INTO GUEST VALUES(1195,'Leanora','Locke','LLocke@yahoo.com','1234 DaWrong Lane','Flonkerton','MD','12345','534-709-8270');
INSERT INTO RESERVATION VALUES ('20210322QD5113474356929',1195,null,'QD','2021-03-22','2021-03-27',null,'active');
INSERT INTO INVOICECHARGE VALUES ('20210322QD5113474356929-ch00001','20210322QD5113474356929','2021-03-22',479.76,'Base room charge');
INSERT INTO PAYMENT VALUES ('20210322QD5113474356929-p00001','20210322QD5113474356929','2021-03-24','CC',479.76,'Leanora Locke','9856978153279934',9,2024,479,'Mastercard');
-- ------- SAMPLE 196 ----------
INSERT INTO GUEST VALUES(1196,'Freida','Forbis','FForbis@yahoo.com','1234 DaWrong Lane','Flonkerton','MD','12345','430-280-0416');
INSERT INTO RESERVATION VALUES ('20181012KJ6723963687966',1196,208,'KJ','2018-10-12','2018-10-15',null,'complete');
INSERT INTO INVOICECHARGE VALUES ('20181012KJ6723963687966-ch00001','20181012KJ6723963687966','2018-10-12',274.43,'Base room charge');
INSERT INTO INVOICECHARGE VALUES ('20181012KJ6723963687966-ch00002','20181012KJ6723963687966','2018-10-12',141.37,'Cleaning fee');
INSERT INTO PAYMENT (payment_id,invoice_id,payment_date,payment_type,payment_amount) VALUES ('20181012KJ6723963687966-p00001','20181012KJ6723963687966','2018-10-14','CA',415.81);
-- ------- SAMPLE 197 ----------
INSERT INTO GUEST VALUES(1197,'Lorean','Loden','LLoden@gmail.com','1234 DaWrong Lane','Flonkerton','MD','12345','276-991-8961');
INSERT INTO RESERVATION VALUES ('20191011KJ2971208373608',1197,203,'KJ','2019-10-11','2019-10-12',null,'complete');
INSERT INTO INVOICECHARGE VALUES ('20191011KJ2971208373608-ch00001','20191011KJ2971208373608','2019-10-11',138.6,'Base room charge');
INSERT INTO PAYMENT VALUES ('20191011KJ2971208373608-p00001','20191011KJ2971208373608','2019-10-13','CC',138.6,'Lorean Loden','3309522493990734',12,2025,745,'Mastercard');
-- ------- SAMPLE 198 ----------
INSERT INTO GUEST VALUES(1198,'Len','Linquist','LLinquist@gmail.com','1234 DaWrong Lane','Flonkerton','MD','12345','710-127-8444');
INSERT INTO RESERVATION VALUES ('20200629KI3502576579773',1198,null,'KI','2020-06-29','2020-07-04',null,'active');
INSERT INTO INVOICECHARGE VALUES ('20200629KI3502576579773-ch00001','20200629KI3502576579773','2020-06-29',281.45,'Base room charge');
INSERT INTO INVOICECHARGE VALUES ('20200629KI3502576579773-ch00002','20200629KI3502576579773','2020-06-29',144.99,'Cleaning fee');
INSERT INTO PAYMENT VALUES ('20200629KI3502576579773-p00001','20200629KI3502576579773','2020-07-01','CC',426.45,'Len Linquist','2025107609692226',11,2024,146,'Mastercard');
-- ------- SAMPLE 199 ----------
INSERT INTO GUEST VALUES(1199,'Jamey','Jen','JJen@gmail.com','1234 DaWrong Lane','Flonkerton','MD','12345','242-338-2277');
INSERT INTO RESERVATION VALUES ('20181021KI3041624049745',1199,204,'KI','2018-10-21','2018-10-25',null,'complete');
INSERT INTO INVOICECHARGE VALUES ('20181021KI3041624049745-ch00001','20181021KI3041624049745','2018-10-21',225.16,'Base room charge');
INSERT INTO INVOICECHARGE VALUES ('20181021KI3041624049745-ch00002','20181021KI3041624049745','2018-10-21',115.99,'Room Service');
INSERT INTO PAYMENT VALUES ('20181021KI3041624049745-p00001','20181021KI3041624049745','2018-10-23','CC',341.16,'Jamey Jen','2337583899253889',4,2024,625,'Mastercard');
-- ------- SAMPLE 200 ----------
INSERT INTO GUEST VALUES(1200,'Corene','Carmody','CCarmody@yahoo.com','1234 DaWrong Lane','Flonkerton','MD','12345','675-945-3087');
INSERT INTO RESERVATION VALUES ('20210402QD6596293300858',1200,null,'QD','2021-04-02','2021-04-03',null,'active');
INSERT INTO INVOICECHARGE VALUES ('20210402QD6596293300858-ch00001','20210402QD6596293300858','2021-04-02',63.33,'Base room charge');
INSERT INTO INVOICECHARGE VALUES ('20210402QD6596293300858-ch00002','20210402QD6596293300858','2021-04-02',32.62,'Room Service');
INSERT INTO PAYMENT VALUES ('20210402QD6596293300858-p00001','20210402QD6596293300858','2021-04-04','CC',95.95,'Corene Carmody','1001490737557536',3,2023,215,'Mastercard');
-- ------- SAMPLE 201 ----------
INSERT INTO GUEST VALUES(1201,'Elfriede','Esslinger','EEsslinger@hotmail.com','1234 DaWrong Lane','Flonkerton','MD','12345','608-668-1130');
INSERT INTO RESERVATION VALUES ('20190908QD6788947974351',1201,111,'QD','2019-09-08','2019-09-13',null,'complete');
INSERT INTO INVOICECHARGE VALUES ('20190908QD6788947974351-ch00001','20190908QD6788947974351','2019-09-08',316.64,'Base room charge');
INSERT INTO INVOICECHARGE VALUES ('20190908QD6788947974351-ch00002','20190908QD6788947974351','2019-09-08',163.12,'Room Service');
INSERT INTO PAYMENT (payment_id,invoice_id,payment_date,payment_type,payment_amount) VALUES ('20190908QD6788947974351-p00001','20190908QD6788947974351','2019-09-10','CA',479.76);
-- ------- SAMPLE 202 ----------
INSERT INTO GUEST VALUES(1202,'Demarcus','Dearborn','DDearborn@gmail.com','1234 DaWrong Lane','Flonkerton','MD','12345','009-073-5590');
INSERT INTO RESERVATION VALUES ('20201025KS3808363519145',1202,null,'KS','2020-10-25','2020-10-29',null,'active');
-- ------- SAMPLE 203 ----------
INSERT INTO GUEST VALUES(1203,'Dorian','Delbosque','DDelbosque@hotmail.com','1234 DaWrong Lane','Flonkerton','MD','12345','391-819-0008');
INSERT INTO RESERVATION VALUES ('20191223KI9905376476731',1203,120,'KI','2019-12-23','2019-12-24',null,'complete');
INSERT INTO INVOICECHARGE VALUES ('20191223KI9905376476731-ch00001','20191223KI9905376476731','2019-12-23',56.29,'Base room charge');
INSERT INTO INVOICECHARGE VALUES ('20191223KI9905376476731-ch00002','20191223KI9905376476731','2019-12-23',29,'Cleaning fee');
INSERT INTO PAYMENT (payment_id,invoice_id,payment_date,payment_type,payment_amount) VALUES ('20191223KI9905376476731-p00001','20191223KI9905376476731','2019-12-25','CA',85.29);
-- ------- SAMPLE 204 ----------
INSERT INTO GUEST VALUES(1204,'Clara','Crimmins','CCrimmins@yahoo.com','1234 DaWrong Lane','Flonkerton','MD','12345','935-282-1608');
INSERT INTO RESERVATION VALUES ('20191008KI6282958207589',1204,110,'KI','2019-10-08','2019-10-11',null,'cancelled');
INSERT INTO INVOICECHARGE VALUES ('20191008KI6282958207589-ch00001','20191008KI6282958207589','2019-10-08',255.87,'Base room charge');
INSERT INTO PAYMENT (payment_id,invoice_id,payment_date,payment_type,payment_amount) VALUES ('20191008KI6282958207589-p00001','20191008KI6282958207589','2019-10-10','CA',255.87);
-- ------- SAMPLE 205 ----------
INSERT INTO GUEST VALUES(1205,'Shandi','Scharf','SScharf@yahoo.com','1234 DaWrong Lane','Flonkerton','MD','12345','803-904-0629');
INSERT INTO RESERVATION VALUES ('20180828KJ6693766331063',1205,203,'KJ','2018-08-28','2018-08-29',null,'complete');
INSERT INTO INVOICECHARGE VALUES ('20180828KJ6693766331063-ch00001','20180828KJ6693766331063','2018-08-28',138.6,'Base room charge');
INSERT INTO PAYMENT VALUES ('20180828KJ6693766331063-p00001','20180828KJ6693766331063','2018-08-30','CC',138.6,'Shandi Scharf','5677365913672073',5,2025,775,'Mastercard');
-- ------- SAMPLE 206 ----------
INSERT INTO GUEST VALUES(1206,'Shera','Shorter','SShorter@yahoo.com','1234 DaWrong Lane','Flonkerton','MD','12345','246-276-1222');
INSERT INTO RESERVATION VALUES ('20201205KI4457926027895',1206,null,'KI','2020-12-05','2020-12-09',null,'active');
-- ------- SAMPLE 207 ----------
INSERT INTO GUEST VALUES(1207,'Romaine','Reck','RReck@hotmail.com','1234 DaWrong Lane','Flonkerton','MD','12345','209-800-1133');
INSERT INTO RESERVATION VALUES ('20180525QD5832481150971',1207,116,'QD','2018-05-25','2018-05-28',null,'cancelled');
INSERT INTO INVOICECHARGE VALUES ('20180525QD5832481150971-ch00001','20180525QD5832481150971','2018-05-25',287.86,'Base room charge');
INSERT INTO PAYMENT (payment_id,invoice_id,payment_date,payment_type,payment_amount) VALUES ('20180525QD5832481150971-p00001','20180525QD5832481150971','2018-05-27','CA',287.86);
-- ------- SAMPLE 208 ----------
INSERT INTO GUEST VALUES(1208,'Floy','Feinstein','FFeinstein@yahoo.com','1234 DaWrong Lane','Flonkerton','MD','12345','998-660-6618');
INSERT INTO RESERVATION VALUES ('20181211KS3538697860109',1208,107,'KS','2018-12-11','2018-12-12',null,'complete');
INSERT INTO INVOICECHARGE VALUES ('20181211KS3538697860109-ch00001','20181211KS3538697860109','2018-12-11',70.37,'Base room charge');
INSERT INTO INVOICECHARGE VALUES ('20181211KS3538697860109-ch00002','20181211KS3538697860109','2018-12-11',36.25,'Room Service');
INSERT INTO PAYMENT VALUES ('20181211KS3538697860109-p00001','20181211KS3538697860109','2018-12-13','CC',106.61,'Floy Feinstein','2802297841821641',6,2024,604,'Mastercard');
-- ------- SAMPLE 209 ----------
INSERT INTO GUEST VALUES(1209,'Fiona','Figgs','FFiggs@yahoo.com','1234 DaWrong Lane','Flonkerton','MD','12345','608-101-3802');
INSERT INTO RESERVATION VALUES ('20200319QS2579043675347',1209,118,'QS','2020-03-19','2020-03-20',null,'complete');
INSERT INTO INVOICECHARGE VALUES ('20200319QS2579043675347-ch00001','20200319QS2579043675347','2020-03-19',117.28,'Base room charge');
INSERT INTO PAYMENT VALUES ('20200319QS2579043675347-p00001','20200319QS2579043675347','2020-03-21','CC',117.28,'Fiona Figgs','6545895198201563',2,2024,348,'Mastercard');
-- ------- SAMPLE 210 ----------
INSERT INTO GUEST VALUES(1210,'Shera','Shorter','SShorter@hotmail.com','1234 DaWrong Lane','Flonkerton','MD','12345','197-368-3241');
INSERT INTO RESERVATION VALUES ('20210321KI2393744612884',1210,null,'KI','2021-03-21','2021-03-26',null,'active');
-- ------- SAMPLE 211 ----------
INSERT INTO GUEST VALUES(1211,'Delora','Delph','DDelph@yahoo.com','1234 DaWrong Lane','Flonkerton','MD','12345','266-896-2571');
INSERT INTO RESERVATION VALUES ('20190408QS2102912012431',1211,103,'QS','2019-04-08','2019-04-13',null,'complete');
INSERT INTO INVOICECHARGE VALUES ('20190408QS2102912012431-ch00001','20190408QS2102912012431','2019-04-08',387.01,'Base room charge');
INSERT INTO INVOICECHARGE VALUES ('20190408QS2102912012431-ch00002','20190408QS2102912012431','2019-04-08',199.37,'Cleaning fee');
INSERT INTO PAYMENT VALUES ('20190408QS2102912012431-p00001','20190408QS2102912012431','2019-04-10','CC',586.38,'Delora Delph','9566670521627466',4,2022,546,'Mastercard');
-- ------- SAMPLE 212 ----------
INSERT INTO GUEST VALUES(1212,'Kerstin','Khalaf','KKhalaf@yahoo.com','1234 DaWrong Lane','Flonkerton','MD','12345','345-480-1107');
INSERT INTO RESERVATION VALUES ('20190715QS6962077554989',1212,103,'QS','2019-07-15','2019-07-20',null,'complete');
INSERT INTO INVOICECHARGE VALUES ('20190715QS6962077554989-ch00001','20190715QS6962077554989','2019-07-15',387.01,'Base room charge');
INSERT INTO INVOICECHARGE VALUES ('20190715QS6962077554989-ch00002','20190715QS6962077554989','2019-07-15',199.37,'Room Service');
INSERT INTO PAYMENT VALUES ('20190715QS6962077554989-p00001','20190715QS6962077554989','2019-07-17','CC',586.38,'Kerstin Khalaf','4325472344140181',12,2026,997,'Mastercard');
-- ------- SAMPLE 213 ----------
INSERT INTO GUEST VALUES(1213,'Lynda','Linda','LLinda@gmail.com','1234 DaWrong Lane','Flonkerton','MD','12345','897-499-6238');
INSERT INTO RESERVATION VALUES ('20200803KI1399451940033',1213,null,'KI','2020-08-03','2020-08-07',null,'active');
INSERT INTO INVOICECHARGE VALUES ('20200803KI1399451940033-ch00001','20200803KI1399451940033','2020-08-03',225.16,'Base room charge');
INSERT INTO INVOICECHARGE VALUES ('20200803KI1399451940033-ch00002','20200803KI1399451940033','2020-08-03',115.99,'Room Service');
INSERT INTO PAYMENT VALUES ('20200803KI1399451940033-p00001','20200803KI1399451940033','2020-08-05','CC',54,'Lynda Linda','1417986341236877',6,2023,730,'Mastercard');
-- ------- SAMPLE 214 ----------
INSERT INTO GUEST VALUES(1214,'Kathern','Korn','KKorn@hotmail.com','1234 DaWrong Lane','Flonkerton','MD','12345','754-326-0511');
INSERT INTO RESERVATION VALUES ('20190523QD1828872494108',1214,106,'QD','2019-05-23','2019-05-27',null,'complete');
INSERT INTO INVOICECHARGE VALUES ('20190523QD1828872494108-ch00001','20190523QD1828872494108','2019-05-23',253.31,'Base room charge');
INSERT INTO INVOICECHARGE VALUES ('20190523QD1828872494108-ch00002','20190523QD1828872494108','2019-05-23',130.49,'Cleaning fee');
INSERT INTO PAYMENT VALUES ('20190523QD1828872494108-p00001','20190523QD1828872494108','2019-05-25','CC',383.81,'Kathern Korn','7224454498600868',12,2027,553,'Mastercard');
-- ------- SAMPLE 215 ----------
INSERT INTO GUEST VALUES(1215,'Louisa','Laroque','LLaroque@yahoo.com','1234 DaWrong Lane','Flonkerton','MD','12345','660-886-8680');
INSERT INTO RESERVATION VALUES ('20200130KI8919130407360',1215,204,'KI','2020-01-30','2020-01-31',null,'complete');
INSERT INTO INVOICECHARGE VALUES ('20200130KI8919130407360-ch00001','20200130KI8919130407360','2020-01-30',56.29,'Base room charge');
INSERT INTO INVOICECHARGE VALUES ('20200130KI8919130407360-ch00002','20200130KI8919130407360','2020-01-30',29,'Cleaning fee');
INSERT INTO PAYMENT VALUES ('20200130KI8919130407360-p00001','20200130KI8919130407360','2020-02-01','CC',85.29,'Louisa Laroque','8956846270812633',7,2023,221,'Mastercard');
-- ------- SAMPLE 216 ----------
INSERT INTO GUEST VALUES(1216,'Liliana','Lueck','LLueck@gmail.com','1234 DaWrong Lane','Flonkerton','MD','12345','091-502-7169');
INSERT INTO RESERVATION VALUES ('20190211KS4083297325702',1216,107,'KS','2019-02-11','2019-02-16',null,'complete');
INSERT INTO INVOICECHARGE VALUES ('20190211KS4083297325702-ch00001','20190211KS4083297325702','2019-02-11',351.83,'Base room charge');
INSERT INTO INVOICECHARGE VALUES ('20190211KS4083297325702-ch00002','20190211KS4083297325702','2019-02-11',181.24,'Cleaning fee');
INSERT INTO PAYMENT (payment_id,invoice_id,payment_date,payment_type,payment_amount) VALUES ('20190211KS4083297325702-p00001','20190211KS4083297325702','2019-02-13','CA',533.07);
-- ------- SAMPLE 217 ----------
INSERT INTO GUEST VALUES(1217,'Bessie','Buhler','BBuhler@gmail.com','1234 DaWrong Lane','Flonkerton','MD','12345','953-977-7896');
INSERT INTO RESERVATION VALUES ('20180518QS2525044935524',1217,113,'QS','2018-05-18','2018-05-22',null,'complete');
INSERT INTO INVOICECHARGE VALUES ('20180518QS2525044935524-ch00001','20180518QS2525044935524','2018-05-18',469.11,'Base room charge');
INSERT INTO PAYMENT VALUES ('20180518QS2525044935524-p00001','20180518QS2525044935524','2018-05-20','CC',469.11,'Bessie Buhler','3649093003048398',2,2021,723,'Mastercard');
-- ------- SAMPLE 218 ----------
INSERT INTO GUEST VALUES(1218,'Jammie','Jo','JJo@hotmail.com','1234 DaWrong Lane','Flonkerton','MD','12345','424-038-9430');
INSERT INTO RESERVATION VALUES ('20210419KJ4893331226441',1218,null,'KJ','2021-04-19','2021-04-21',null,'active');
INSERT INTO INVOICECHARGE VALUES ('20210419KJ4893331226441-ch00001','20210419KJ4893331226441','2021-04-19',277.2,'Base room charge');
INSERT INTO PAYMENT (payment_id,invoice_id,payment_date,payment_type,payment_amount) VALUES ('20210419KJ4893331226441-p00001','20210419KJ4893331226441','2021-04-21','CA',277.2);
-- ------- SAMPLE 219 ----------
INSERT INTO GUEST VALUES(1219,'Rick','Ritenour','RRitenour@hotmail.com','1234 DaWrong Lane','Flonkerton','MD','12345','578-658-3738');
INSERT INTO RESERVATION VALUES ('20200611QS5636034204666',1219,null,'QS','2020-06-11','2020-06-14',null,'active');
INSERT INTO INVOICECHARGE VALUES ('20200611QS5636034204666-ch00001','20200611QS5636034204666','2020-06-11',351.83,'Base room charge');
INSERT INTO PAYMENT VALUES ('20200611QS5636034204666-p00001','20200611QS5636034204666','2020-06-13','CC',351.83,'Rick Ritenour','8395962743607395',6,2023,493,'Mastercard');
-- ------- SAMPLE 220 ----------
INSERT INTO GUEST VALUES(1220,'Fleta','Fickel','FFickel@yahoo.com','1234 DaWrong Lane','Flonkerton','MD','12345','535-775-9716');
INSERT INTO RESERVATION VALUES ('20210309KJ4196902688456',1220,null,'KJ','2021-03-09','2021-03-14',null,'active');
INSERT INTO INVOICECHARGE VALUES ('20210309KJ4196902688456-ch00001','20210309KJ4196902688456','2021-03-09',365.91,'Base room charge');
INSERT INTO INVOICECHARGE VALUES ('20210309KJ4196902688456-ch00002','20210309KJ4196902688456','2021-03-09',188.5,'Cleaning fee');
INSERT INTO PAYMENT (payment_id,invoice_id,payment_date,payment_type,payment_amount) VALUES ('20210309KJ4196902688456-p00001','20210309KJ4196902688456','2021-03-11','CA',183);
-- ------- SAMPLE 221 ----------
INSERT INTO GUEST VALUES(1221,'Edmundo','Erickson','EErickson@gmail.com','1234 DaWrong Lane','Flonkerton','MD','12345','490-697-8496');
INSERT INTO RESERVATION VALUES ('20210117KI2088261233352',1221,null,'KI','2021-01-17','2021-01-18',null,'cancelled');
INSERT INTO INVOICECHARGE VALUES ('20210117KI2088261233352-ch00001','20210117KI2088261233352','2021-01-17',85.29,'Base room charge');
INSERT INTO PAYMENT VALUES ('20210117KI2088261233352-p00001','20210117KI2088261233352','2021-01-19','CC',85.29,'Edmundo Erickson','2541935757110979',10,2025,446,'Mastercard');
-- ------- SAMPLE 222 ----------
INSERT INTO GUEST VALUES(1222,'Kathern','Korn','KKorn@gmail.com','1234 DaWrong Lane','Flonkerton','MD','12345','529-305-6220');
INSERT INTO RESERVATION VALUES ('20190205KJ5866007654360',1222,109,'KJ','2019-02-05','2019-02-06',null,'complete');
INSERT INTO INVOICECHARGE VALUES ('20190205KJ5866007654360-ch00001','20190205KJ5866007654360','2019-02-05',91.48,'Base room charge');
INSERT INTO INVOICECHARGE VALUES ('20190205KJ5866007654360-ch00002','20190205KJ5866007654360','2019-02-05',47.12,'Room Service');
INSERT INTO PAYMENT VALUES ('20190205KJ5866007654360-p00001','20190205KJ5866007654360','2019-02-07','CC',138.6,'Kathern Korn','6816681722758580',12,2027,432,'Mastercard');
-- ------- SAMPLE 223 ----------
INSERT INTO GUEST VALUES(1223,'Daron','Dycus','DDycus@hotmail.com','1234 DaWrong Lane','Flonkerton','MD','12345','583-563-8488');
INSERT INTO RESERVATION VALUES ('20180516QD8163045315001',1223,106,'QD','2018-05-16','2018-05-18',null,'complete');
INSERT INTO INVOICECHARGE VALUES ('20180516QD8163045315001-ch00001','20180516QD8163045315001','2018-05-16',191.9,'Base room charge');
INSERT INTO PAYMENT (payment_id,invoice_id,payment_date,payment_type,payment_amount) VALUES ('20180516QD8163045315001-p00001','20180516QD8163045315001','2018-05-18','CA',191.9);
-- ------- SAMPLE 224 ----------
INSERT INTO GUEST VALUES(1224,'Shenna','Salmi','SSalmi@hotmail.com','1234 DaWrong Lane','Flonkerton','MD','12345','543-306-3034');
INSERT INTO RESERVATION VALUES ('20200914KS5474548297584',1224,null,'KS','2020-09-14','2020-09-15',null,'active');
INSERT INTO INVOICECHARGE VALUES ('20200914KS5474548297584-ch00001','20200914KS5474548297584','2020-09-14',106.61,'Base room charge');
INSERT INTO PAYMENT VALUES ('20200914KS5474548297584-p00001','20200914KS5474548297584','2020-09-16','CC',106.61,'Shenna Salmi','5706044810190781',12,2025,977,'Mastercard');
-- ------- SAMPLE 225 ----------
INSERT INTO GUEST VALUES(1225,'Keturah','Kagawa','KKagawa@gmail.com','1234 DaWrong Lane','Flonkerton','MD','12345','007-452-8714');
INSERT INTO RESERVATION VALUES ('20190420KJ4078723418203',1225,114,'KJ','2019-04-20','2019-04-21',null,'complete');
INSERT INTO INVOICECHARGE VALUES ('20190420KJ4078723418203-ch00001','20190420KJ4078723418203','2019-04-20',138.6,'Base room charge');
INSERT INTO PAYMENT VALUES ('20190420KJ4078723418203-p00001','20190420KJ4078723418203','2019-04-22','CC',138.6,'Keturah Kagawa','6073808515806037',8,2027,604,'Mastercard');
-- ------- SAMPLE 226 ----------
INSERT INTO GUEST VALUES(1226,'Shae','Sansom','SSansom@gmail.com','1234 DaWrong Lane','Flonkerton','MD','12345','471-576-5265');
INSERT INTO RESERVATION VALUES ('20200411QD4549835947950',1226,111,'QD','2020-04-11','2020-04-13',null,'complete');
INSERT INTO INVOICECHARGE VALUES ('20200411QD4549835947950-ch00001','20200411QD4549835947950','2020-04-11',126.66,'Base room charge');
INSERT INTO INVOICECHARGE VALUES ('20200411QD4549835947950-ch00002','20200411QD4549835947950','2020-04-11',65.25,'Room Service');
INSERT INTO PAYMENT VALUES ('20200411QD4549835947950-p00001','20200411QD4549835947950','2020-04-13','CC',191.9,'Shae Sansom','3115219202007378',1,2026,719,'Mastercard');
-- ------- SAMPLE 227 ----------
INSERT INTO GUEST VALUES(1227,'Shonda','Schult','SSchult@yahoo.com','1234 DaWrong Lane','Flonkerton','MD','12345','676-811-3561');
INSERT INTO RESERVATION VALUES ('20200528KI5036486453811',1227,null,'KI','2020-05-28','2020-05-30',null,'cancelled');
INSERT INTO INVOICECHARGE VALUES ('20200528KI5036486453811-ch00001','20200528KI5036486453811','2020-05-28',112.58,'Base room charge');
INSERT INTO INVOICECHARGE VALUES ('20200528KI5036486453811-ch00002','20200528KI5036486453811','2020-05-28',58,'Cleaning fee');
INSERT INTO PAYMENT VALUES ('20200528KI5036486453811-p00001','20200528KI5036486453811','2020-05-30','CC',140,'Shonda Schult','6667265521858568',4,2022,845,'Mastercard');
-- ------- SAMPLE 228 ----------
INSERT INTO GUEST VALUES(1228,'Edmundo','Erickson','EErickson@yahoo.com','1234 DaWrong Lane','Flonkerton','MD','12345','398-961-6304');
INSERT INTO RESERVATION VALUES ('20180719QS4931498495739',1228,103,'QS','2018-07-19','2018-07-22',null,'complete');
INSERT INTO INVOICECHARGE VALUES ('20180719QS4931498495739-ch00001','20180719QS4931498495739','2018-07-19',351.83,'Base room charge');
INSERT INTO PAYMENT (payment_id,invoice_id,payment_date,payment_type,payment_amount) VALUES ('20180719QS4931498495739-p00001','20180719QS4931498495739','2018-07-21','CA',351.83);
-- ------- SAMPLE 229 ----------
INSERT INTO GUEST VALUES(1229,'Adrianna','Aungst','AAungst@hotmail.com','1234 DaWrong Lane','Flonkerton','MD','12345','490-033-9743');
INSERT INTO RESERVATION VALUES ('20181224KS3680052669617',1229,107,'KS','2018-12-24','2018-12-27',null,'complete');
INSERT INTO INVOICECHARGE VALUES ('20181224KS3680052669617-ch00001','20181224KS3680052669617','2018-12-24',319.84,'Base room charge');
INSERT INTO PAYMENT (payment_id,invoice_id,payment_date,payment_type,payment_amount) VALUES ('20181224KS3680052669617-p00001','20181224KS3680052669617','2018-12-26','CA',319.84);
-- ------- SAMPLE 230 ----------
INSERT INTO GUEST VALUES(1230,'Yuette','Yetman','YYetman@gmail.com','1234 DaWrong Lane','Flonkerton','MD','12345','284-338-0529');
INSERT INTO RESERVATION VALUES ('20201218QD6636294491997',1230,null,'QD','2020-12-18','2020-12-21',null,'active');
INSERT INTO INVOICECHARGE VALUES ('20201218QD6636294491997-ch00001','20201218QD6636294491997','2020-12-18',189.98,'Base room charge');
INSERT INTO INVOICECHARGE VALUES ('20201218QD6636294491997-ch00002','20201218QD6636294491997','2020-12-18',97.87,'Room Service');
INSERT INTO PAYMENT (payment_id,invoice_id,payment_date,payment_type,payment_amount) VALUES ('20201218QD6636294491997-p00001','20201218QD6636294491997','2020-12-20','CA',287.86);
-- ------- SAMPLE 231 ----------
INSERT INTO GUEST VALUES(1231,'Buffy','Beattie','BBeattie@hotmail.com','1234 DaWrong Lane','Flonkerton','MD','12345','781-657-2691');
INSERT INTO RESERVATION VALUES ('20190419KS4257314636468',1231,107,'KS','2019-04-19','2019-04-24',null,'complete');
INSERT INTO INVOICECHARGE VALUES ('20190419KS4257314636468-ch00001','20190419KS4257314636468','2019-04-19',351.83,'Base room charge');
INSERT INTO INVOICECHARGE VALUES ('20190419KS4257314636468-ch00002','20190419KS4257314636468','2019-04-19',181.24,'Cleaning fee');
INSERT INTO PAYMENT (payment_id,invoice_id,payment_date,payment_type,payment_amount) VALUES ('20190419KS4257314636468-p00001','20190419KS4257314636468','2019-04-21','CA',533.07);
-- ------- SAMPLE 232 ----------
INSERT INTO GUEST VALUES(1232,'Abdul','Ashe','AAshe@gmail.com','1234 DaWrong Lane','Flonkerton','MD','12345','685-773-4039');
INSERT INTO RESERVATION VALUES ('20180620QS8668381970083',1232,118,'QS','2018-06-20','2018-06-24',null,'complete');
INSERT INTO INVOICECHARGE VALUES ('20180620QS8668381970083-ch00001','20180620QS8668381970083','2018-06-20',309.61,'Base room charge');
INSERT INTO INVOICECHARGE VALUES ('20180620QS8668381970083-ch00002','20180620QS8668381970083','2018-06-20',159.5,'Cleaning fee');
INSERT INTO PAYMENT VALUES ('20180620QS8668381970083-p00001','20180620QS8668381970083','2018-06-22','CC',469.11,'Abdul Ashe','8620769118867789',9,2021,425,'Mastercard');
-- ------- SAMPLE 233 ----------
INSERT INTO GUEST VALUES(1233,'Kenisha','Kane','KKane@yahoo.com','1234 DaWrong Lane','Flonkerton','MD','12345','174-033-5284');
INSERT INTO RESERVATION VALUES ('20180711KJ9211316967418',1233,208,'KJ','2018-07-11','2018-07-13',null,'complete');
INSERT INTO INVOICECHARGE VALUES ('20180711KJ9211316967418-ch00001','20180711KJ9211316967418','2018-07-11',182.95,'Base room charge');
INSERT INTO INVOICECHARGE VALUES ('20180711KJ9211316967418-ch00002','20180711KJ9211316967418','2018-07-11',94.25,'Room Service');
INSERT INTO PAYMENT (payment_id,invoice_id,payment_date,payment_type,payment_amount) VALUES ('20180711KJ9211316967418-p00001','20180711KJ9211316967418','2018-07-13','CA',277.2);
-- ------- SAMPLE 234 ----------
INSERT INTO GUEST VALUES(1234,'Jeanene','Jacobo','JJacobo@yahoo.com','1234 DaWrong Lane','Flonkerton','MD','12345','965-776-4253');
INSERT INTO RESERVATION VALUES ('20200716KI1054165580792',1234,null,'KI','2020-07-16','2020-07-21',null,'active');
-- ------- SAMPLE 235 ----------
INSERT INTO GUEST VALUES(1235,'Jamey','Jen','JJen@yahoo.com','1234 DaWrong Lane','Flonkerton','MD','12345','061-904-4700');
INSERT INTO RESERVATION VALUES ('20201219QS9803078697808',1235,null,'QS','2020-12-19','2020-12-20',null,'active');
-- ------- SAMPLE 236 ----------
INSERT INTO GUEST VALUES(1236,'Christine','Ciampa','CCiampa@yahoo.com','1234 DaWrong Lane','Flonkerton','MD','12345','233-901-2875');
INSERT INTO RESERVATION VALUES ('20201125KJ1272221041995',1236,null,'KJ','2020-11-25','2020-11-27',null,'active');
INSERT INTO INVOICECHARGE VALUES ('20201125KJ1272221041995-ch00001','20201125KJ1272221041995','2020-11-25',277.2,'Base room charge');
INSERT INTO PAYMENT VALUES ('20201125KJ1272221041995-p00001','20201125KJ1272221041995','2020-11-27','CC',277.2,'Christine Ciampa','7652470930909084',8,2024,408,'Mastercard');
-- ------- SAMPLE 237 ----------
INSERT INTO GUEST VALUES(1237,'Boris','Berner','BBerner@yahoo.com','1234 DaWrong Lane','Flonkerton','MD','12345','909-501-6719');
INSERT INTO RESERVATION VALUES ('20190816QS7402299388679',1237,108,'QS','2019-08-16','2019-08-20',null,'cancelled');
INSERT INTO INVOICECHARGE VALUES ('20190816QS7402299388679-ch00001','20190816QS7402299388679','2019-08-16',309.61,'Base room charge');
INSERT INTO INVOICECHARGE VALUES ('20190816QS7402299388679-ch00002','20190816QS7402299388679','2019-08-16',159.5,'Room Service');
INSERT INTO PAYMENT VALUES ('20190816QS7402299388679-p00001','20190816QS7402299388679','2019-08-18','CC',469.11,'Boris Berner','1098038637231025',3,2023,388,'Mastercard');
-- ------- SAMPLE 238 ----------
INSERT INTO GUEST VALUES(1238,'Audrey','Aikens','AAikens@gmail.com','1234 DaWrong Lane','Flonkerton','MD','12345','098-732-1506');
INSERT INTO RESERVATION VALUES ('20200103KJ3004431997059',1238,203,'KJ','2020-01-03','2020-01-05',null,'complete');
INSERT INTO INVOICECHARGE VALUES ('20200103KJ3004431997059-ch00001','20200103KJ3004431997059','2020-01-03',182.95,'Base room charge');
INSERT INTO INVOICECHARGE VALUES ('20200103KJ3004431997059-ch00002','20200103KJ3004431997059','2020-01-03',94.25,'Cleaning fee');
INSERT INTO PAYMENT VALUES ('20200103KJ3004431997059-p00001','20200103KJ3004431997059','2020-01-05','CC',277.2,'Audrey Aikens','4620094340088350',11,2021,367,'Mastercard');
-- ------- SAMPLE 239 ----------
INSERT INTO GUEST VALUES(1239,'Marcelino','Meisner','MMeisner@hotmail.com','1234 DaWrong Lane','Flonkerton','MD','12345','636-238-7355');
INSERT INTO RESERVATION VALUES ('20190214QS6879175552392',1239,103,'QS','2019-02-14','2019-02-17',null,'complete');
INSERT INTO INVOICECHARGE VALUES ('20190214QS6879175552392-ch00001','20190214QS6879175552392','2019-02-14',232.21,'Base room charge');
INSERT INTO INVOICECHARGE VALUES ('20190214QS6879175552392-ch00002','20190214QS6879175552392','2019-02-14',119.62,'Cleaning fee');
INSERT INTO PAYMENT (payment_id,invoice_id,payment_date,payment_type,payment_amount) VALUES ('20190214QS6879175552392-p00001','20190214QS6879175552392','2019-02-16','CA',351.83);
-- ------- SAMPLE 240 ----------
INSERT INTO GUEST VALUES(1240,'Missy','Mcclintock','MMcclintock@yahoo.com','1234 DaWrong Lane','Flonkerton','MD','12345','514-401-8876');
INSERT INTO RESERVATION VALUES ('20190906QD6526360612867',1240,101,'QD','2019-09-06','2019-09-07',null,'complete');
INSERT INTO INVOICECHARGE VALUES ('20190906QD6526360612867-ch00001','20190906QD6526360612867','2019-09-06',95.95,'Base room charge');
INSERT INTO PAYMENT (payment_id,invoice_id,payment_date,payment_type,payment_amount) VALUES ('20190906QD6526360612867-p00001','20190906QD6526360612867','2019-09-08','CA',95.95);
-- ------- SAMPLE 241 ----------
INSERT INTO GUEST VALUES(1241,'Hedwig','Hinz','HHinz@hotmail.com','1234 DaWrong Lane','Flonkerton','MD','12345','906-974-2520');
INSERT INTO RESERVATION VALUES ('20190421KS1661581345126',1241,201,'KS','2019-04-21','2019-04-22',null,'complete');
INSERT INTO INVOICECHARGE VALUES ('20190421KS1661581345126-ch00001','20190421KS1661581345126','2019-04-21',106.61,'Base room charge');
INSERT INTO PAYMENT VALUES ('20190421KS1661581345126-p00001','20190421KS1661581345126','2019-04-23','CC',106.61,'Hedwig Hinz','5732503362032507',6,2022,181,'Mastercard');
-- ------- SAMPLE 242 ----------
INSERT INTO GUEST VALUES(1242,'Deangelo','Deloera','DDeloera@hotmail.com','1234 DaWrong Lane','Flonkerton','MD','12345','910-380-0399');
INSERT INTO RESERVATION VALUES ('20200604KJ2609357046843',1242,null,'KJ','2020-06-04','2020-06-06',null,'active');
INSERT INTO INVOICECHARGE VALUES ('20200604KJ2609357046843-ch00001','20200604KJ2609357046843','2020-06-04',277.2,'Base room charge');
INSERT INTO PAYMENT VALUES ('20200604KJ2609357046843-p00001','20200604KJ2609357046843','2020-06-06','CC',277.2,'Deangelo Deloera','3939350076917756',6,2022,635,'Mastercard');
-- ------- SAMPLE 243 ----------
INSERT INTO GUEST VALUES(1243,'Missy','Mcclintock','MMcclintock@yahoo.com','1234 DaWrong Lane','Flonkerton','MD','12345','143-740-8359');
INSERT INTO RESERVATION VALUES ('20191118KS1994699762987',1243,112,'KS','2019-11-18','2019-11-21',null,'complete');
INSERT INTO INVOICECHARGE VALUES ('20191118KS1994699762987-ch00001','20191118KS1994699762987','2019-11-18',319.84,'Base room charge');
INSERT INTO PAYMENT (payment_id,invoice_id,payment_date,payment_type,payment_amount) VALUES ('20191118KS1994699762987-p00001','20191118KS1994699762987','2019-11-20','CA',319.84);
-- ------- SAMPLE 244 ----------
INSERT INTO GUEST VALUES(1244,'Buford','Biddy','BBiddy@hotmail.com','1234 DaWrong Lane','Flonkerton','MD','12345','028-196-5080');
INSERT INTO RESERVATION VALUES ('20200805QD7019740230677',1244,null,'QD','2020-08-05','2020-08-10',null,'active');
INSERT INTO INVOICECHARGE VALUES ('20200805QD7019740230677-ch00001','20200805QD7019740230677','2020-08-05',316.64,'Base room charge');
INSERT INTO INVOICECHARGE VALUES ('20200805QD7019740230677-ch00002','20200805QD7019740230677','2020-08-05',163.12,'Room Service');
INSERT INTO PAYMENT VALUES ('20200805QD7019740230677-p00001','20200805QD7019740230677','2020-08-07','CC',479.76,'Buford Biddy','7672138713935875',3,2021,315,'Mastercard');
-- ------- SAMPLE 245 ----------
INSERT INTO GUEST VALUES(1245,'Kathey','Kingston','KKingston@yahoo.com','1234 DaWrong Lane','Flonkerton','MD','12345','159-611-6581');
INSERT INTO RESERVATION VALUES ('20200916QS3889571520743',1245,null,'QS','2020-09-16','2020-09-18',null,'active');
INSERT INTO INVOICECHARGE VALUES ('20200916QS3889571520743-ch00001','20200916QS3889571520743','2020-09-16',154.81,'Base room charge');
INSERT INTO INVOICECHARGE VALUES ('20200916QS3889571520743-ch00002','20200916QS3889571520743','2020-09-16',79.75,'Cleaning fee');
INSERT INTO PAYMENT VALUES ('20200916QS3889571520743-p00001','20200916QS3889571520743','2020-09-18','CC',234.55,'Kathey Kingston','1957705326342092',11,2026,431,'Mastercard');
-- ------- SAMPLE 246 ----------
INSERT INTO GUEST VALUES(1246,'Shae','Sansom','SSansom@yahoo.com','1234 DaWrong Lane','Flonkerton','MD','12345','692-163-9314');
INSERT INTO RESERVATION VALUES ('20200320QD6747820358145',1246,205,'QD','2020-03-20','2020-03-24',null,'cancelled');
INSERT INTO INVOICECHARGE VALUES ('20200320QD6747820358145-ch00001','20200320QD6747820358145','2020-03-20',253.31,'Base room charge');
INSERT INTO INVOICECHARGE VALUES ('20200320QD6747820358145-ch00002','20200320QD6747820358145','2020-03-20',130.49,'Room Service');
INSERT INTO PAYMENT VALUES ('20200320QD6747820358145-p00001','20200320QD6747820358145','2020-03-22','CC',383.81,'Shae Sansom','1152557038299810',1,2024,311,'Mastercard');
-- ------- SAMPLE 247 ----------
INSERT INTO GUEST VALUES(1247,'Lorean','Loden','LLoden@gmail.com','1234 DaWrong Lane','Flonkerton','MD','12345','439-748-7334');
INSERT INTO RESERVATION VALUES ('20181224KS8298086106811',1247,107,'KS','2018-12-24','2018-12-28',null,'complete');
INSERT INTO INVOICECHARGE VALUES ('20181224KS8298086106811-ch00001','20181224KS8298086106811','2018-12-24',426.46,'Base room charge');
INSERT INTO PAYMENT VALUES ('20181224KS8298086106811-p00001','20181224KS8298086106811','2018-12-26','CC',426.46,'Lorean Loden','7878421060692814',4,2022,762,'Mastercard');
-- ------- SAMPLE 248 ----------
INSERT INTO GUEST VALUES(1248,'Len','Linquist','LLinquist@gmail.com','1234 DaWrong Lane','Flonkerton','MD','12345','129-092-4190');
INSERT INTO RESERVATION VALUES ('20180925KS1910123209092',1248,112,'KS','2018-09-25','2018-09-30',null,'complete');
INSERT INTO INVOICECHARGE VALUES ('20180925KS1910123209092-ch00001','20180925KS1910123209092','2018-09-25',351.83,'Base room charge');
INSERT INTO INVOICECHARGE VALUES ('20180925KS1910123209092-ch00002','20180925KS1910123209092','2018-09-25',181.24,'Room Service');
INSERT INTO PAYMENT VALUES ('20180925KS1910123209092-p00001','20180925KS1910123209092','2018-09-27','CC',533.07,'Len Linquist','3404269239088391',11,2022,946,'Mastercard');
-- ------- SAMPLE 249 ----------
INSERT INTO GUEST VALUES(1249,'Clara','Crimmins','CCrimmins@yahoo.com','1234 DaWrong Lane','Flonkerton','MD','12345','454-893-1899');
INSERT INTO RESERVATION VALUES ('20190706KS5887727871830',1249,102,'KS','2019-07-06','2019-07-08',null,'complete');
INSERT INTO INVOICECHARGE VALUES ('20190706KS5887727871830-ch00001','20190706KS5887727871830','2019-07-06',140.73,'Base room charge');
INSERT INTO INVOICECHARGE VALUES ('20190706KS5887727871830-ch00002','20190706KS5887727871830','2019-07-06',72.5,'Cleaning fee');
INSERT INTO PAYMENT VALUES ('20190706KS5887727871830-p00001','20190706KS5887727871830','2019-07-08','CC',213.23,'Clara Crimmins','6169759146562846',2,2022,306,'Mastercard');
-- ------- SAMPLE 250 ----------
INSERT INTO GUEST VALUES(1250,'Deangelo','Deloera','DDeloera@yahoo.com','1234 DaWrong Lane','Flonkerton','MD','12345','239-775-7098');
INSERT INTO RESERVATION VALUES ('20190315KJ8830691556460',1250,203,'KJ','2019-03-15','2019-03-19',null,'cancelled');
INSERT INTO INVOICECHARGE VALUES ('20190315KJ8830691556460-ch00001','20190315KJ8830691556460','2019-03-15',365.91,'Base room charge');
INSERT INTO INVOICECHARGE VALUES ('20190315KJ8830691556460-ch00002','20190315KJ8830691556460','2019-03-15',188.5,'Room Service');
INSERT INTO PAYMENT (payment_id,invoice_id,payment_date,payment_type,payment_amount) VALUES ('20190315KJ8830691556460-p00001','20190315KJ8830691556460','2019-03-17','CA',554.41);
-- ------- SAMPLE 251 ----------
INSERT INTO GUEST VALUES(1251,'Fredericka','Farney','FFarney@gmail.com','1234 DaWrong Lane','Flonkerton','MD','12345','199-453-3438');
INSERT INTO RESERVATION VALUES ('20200220KS8983832181143',1251,102,'KS','2020-02-20','2020-02-25',null,'complete');
INSERT INTO INVOICECHARGE VALUES ('20200220KS8983832181143-ch00001','20200220KS8983832181143','2020-02-20',533.07,'Base room charge');
INSERT INTO PAYMENT VALUES ('20200220KS8983832181143-p00001','20200220KS8983832181143','2020-02-22','CC',533.07,'Fredericka Farney','5549431148273947',5,2023,887,'Mastercard');
-- ------- SAMPLE 252 ----------
INSERT INTO GUEST VALUES(1252,'Laraine','Lazar','LLazar@gmail.com','1234 DaWrong Lane','Flonkerton','MD','12345','212-932-6220');
INSERT INTO RESERVATION VALUES ('20200817KI9564941225727',1252,null,'KI','2020-08-17','2020-08-21',null,'cancelled');
INSERT INTO INVOICECHARGE VALUES ('20200817KI9564941225727-ch00001','20200817KI9564941225727','2020-08-17',225.16,'Base room charge');
INSERT INTO INVOICECHARGE VALUES ('20200817KI9564941225727-ch00002','20200817KI9564941225727','2020-08-17',115.99,'Cleaning fee');
INSERT INTO PAYMENT VALUES ('20200817KI9564941225727-p00001','20200817KI9564941225727','2020-08-19','CC',341.16,'Laraine Lazar','4671283996778227',2,2024,166,'Mastercard');
-- ------- SAMPLE 253 ----------
INSERT INTO GUEST VALUES(1253,'Kasey','Kipp','KKipp@hotmail.com','1234 DaWrong Lane','Flonkerton','MD','12345','947-317-7747');
INSERT INTO RESERVATION VALUES ('20210505KS3170458487546',1253,null,'KS','2021-05-05','2021-05-06',null,'active');
-- ------- SAMPLE 254 ----------
INSERT INTO GUEST VALUES(1254,'Clara','Crimmins','CCrimmins@gmail.com','1234 DaWrong Lane','Flonkerton','MD','12345','776-763-8726');
INSERT INTO RESERVATION VALUES ('20190317QS2686750799520',1254,113,'QS','2019-03-17','2019-03-20',null,'complete');
INSERT INTO INVOICECHARGE VALUES ('20190317QS2686750799520-ch00001','20190317QS2686750799520','2019-03-17',351.83,'Base room charge');
INSERT INTO PAYMENT (payment_id,invoice_id,payment_date,payment_type,payment_amount) VALUES ('20190317QS2686750799520-p00001','20190317QS2686750799520','2019-03-19','CA',351.83);
-- ------- SAMPLE 255 ----------
INSERT INTO GUEST VALUES(1255,'Lynda','Linda','LLinda@yahoo.com','1234 DaWrong Lane','Flonkerton','MD','12345','833-248-2279');
INSERT INTO RESERVATION VALUES ('20210220KS4278624833836',1255,null,'KS','2021-02-20','2021-02-24',null,'active');
-- ------- SAMPLE 256 ----------
INSERT INTO GUEST VALUES(1256,'Missy','Mcclintock','MMcclintock@yahoo.com','1234 DaWrong Lane','Flonkerton','MD','12345','150-458-7937');
INSERT INTO RESERVATION VALUES ('20190306KJ2290943924049',1256,114,'KJ','2019-03-06','2019-03-11',null,'complete');
INSERT INTO INVOICECHARGE VALUES ('20190306KJ2290943924049-ch00001','20190306KJ2290943924049','2019-03-06',554.41,'Base room charge');
INSERT INTO PAYMENT (payment_id,invoice_id,payment_date,payment_type,payment_amount) VALUES ('20190306KJ2290943924049-p00001','20190306KJ2290943924049','2019-03-08','CA',554.41);
-- ------- SAMPLE 257 ----------
INSERT INTO GUEST VALUES(1257,'Antwan','Albury','AAlbury@yahoo.com','1234 DaWrong Lane','Flonkerton','MD','12345','416-131-3410');
INSERT INTO RESERVATION VALUES ('20200108KI2911380002793',1257,204,'KI','2020-01-08','2020-01-11',null,'cancelled');
INSERT INTO INVOICECHARGE VALUES ('20200108KI2911380002793-ch00001','20200108KI2911380002793','2020-01-08',168.87,'Base room charge');
INSERT INTO INVOICECHARGE VALUES ('20200108KI2911380002793-ch00002','20200108KI2911380002793','2020-01-08',87,'Room Service');
INSERT INTO PAYMENT VALUES ('20200108KI2911380002793-p00001','20200108KI2911380002793','2020-01-10','CC',255.87,'Antwan Albury','9467426984401194',9,2023,187,'Mastercard');
-- ------- SAMPLE 258 ----------
INSERT INTO GUEST VALUES(1258,'Liliana','Lueck','LLueck@yahoo.com','1234 DaWrong Lane','Flonkerton','MD','12345','451-110-4067');
INSERT INTO RESERVATION VALUES ('20180521QS1540002783718',1258,202,'QS','2018-05-21','2018-05-23',null,'complete');
INSERT INTO INVOICECHARGE VALUES ('20180521QS1540002783718-ch00001','20180521QS1540002783718','2018-05-21',154.81,'Base room charge');
INSERT INTO INVOICECHARGE VALUES ('20180521QS1540002783718-ch00002','20180521QS1540002783718','2018-05-21',79.75,'Cleaning fee');
INSERT INTO PAYMENT VALUES ('20180521QS1540002783718-p00001','20180521QS1540002783718','2018-05-23','CC',234.55,'Liliana Lueck','5019593977418528',3,2024,757,'Mastercard');
-- ------- SAMPLE 259 ----------
INSERT INTO GUEST VALUES(1259,'Dorian','Delbosque','DDelbosque@gmail.com','1234 DaWrong Lane','Flonkerton','MD','12345','281-197-8582');
INSERT INTO RESERVATION VALUES ('20190617KS3365166051810',1259,102,'KS','2019-06-17','2019-06-19',null,'complete');
INSERT INTO INVOICECHARGE VALUES ('20190617KS3365166051810-ch00001','20190617KS3365166051810','2019-06-17',140.73,'Base room charge');
INSERT INTO INVOICECHARGE VALUES ('20190617KS3365166051810-ch00002','20190617KS3365166051810','2019-06-17',72.5,'Room Service');
INSERT INTO PAYMENT VALUES ('20190617KS3365166051810-p00001','20190617KS3365166051810','2019-06-19','CC',213.23,'Dorian Delbosque','8741854539322159',4,2026,4,'Mastercard');
-- ------- SAMPLE 260 ----------
INSERT INTO GUEST VALUES(1260,'Hanna','Hastie','HHastie@hotmail.com','1234 DaWrong Lane','Flonkerton','MD','12345','420-328-6427');
INSERT INTO RESERVATION VALUES ('20200521QS3048765692930',1260,null,'QS','2020-05-21','2020-05-25',null,'active');
-- ------- SAMPLE 261 ----------
INSERT INTO GUEST VALUES(1261,'Missy','Mcclintock','MMcclintock@hotmail.com','1234 DaWrong Lane','Flonkerton','MD','12345','807-023-0111');
INSERT INTO RESERVATION VALUES ('20200130KS8227350977884',1261,112,'KS','2020-01-30','2020-02-04',null,'complete');
INSERT INTO INVOICECHARGE VALUES ('20200130KS8227350977884-ch00001','20200130KS8227350977884','2020-01-30',533.07,'Base room charge');
INSERT INTO PAYMENT (payment_id,invoice_id,payment_date,payment_type,payment_amount) VALUES ('20200130KS8227350977884-p00001','20200130KS8227350977884','2020-02-01','CA',533.07);
-- ------- SAMPLE 262 ----------
INSERT INTO GUEST VALUES(1262,'Edmundo','Erickson','EErickson@yahoo.com','1234 DaWrong Lane','Flonkerton','MD','12345','545-601-7745');
INSERT INTO RESERVATION VALUES ('20190203KJ4857625217083',1262,203,'KJ','2019-02-03','2019-02-05',null,'complete');
INSERT INTO INVOICECHARGE VALUES ('20190203KJ4857625217083-ch00001','20190203KJ4857625217083','2019-02-03',182.95,'Base room charge');
INSERT INTO INVOICECHARGE VALUES ('20190203KJ4857625217083-ch00002','20190203KJ4857625217083','2019-02-03',94.25,'Room Service');
INSERT INTO PAYMENT (payment_id,invoice_id,payment_date,payment_type,payment_amount) VALUES ('20190203KJ4857625217083-p00001','20190203KJ4857625217083','2019-02-05','CA',277.2);
-- ------- SAMPLE 263 ----------
INSERT INTO GUEST VALUES(1263,'Ceola','Carasco','CCarasco@hotmail.com','1234 DaWrong Lane','Flonkerton','MD','12345','296-301-3890');
INSERT INTO RESERVATION VALUES ('20200724KJ7654471194800',1263,null,'KJ','2020-07-24','2020-07-26',null,'active');
INSERT INTO INVOICECHARGE VALUES ('20200724KJ7654471194800-ch00001','20200724KJ7654471194800','2020-07-24',277.2,'Base room charge');
INSERT INTO PAYMENT VALUES ('20200724KJ7654471194800-p00001','20200724KJ7654471194800','2020-07-26','CC',277.2,'Ceola Carasco','1026097784913810',3,2021,47,'Mastercard');
-- ------- SAMPLE 264 ----------
INSERT INTO GUEST VALUES(1264,'Hedwig','Hinz','HHinz@hotmail.com','1234 DaWrong Lane','Flonkerton','MD','12345','398-813-0041');
INSERT INTO RESERVATION VALUES ('20200418KS4668632920184',1264,206,'KS','2020-04-18','2020-04-19',null,'complete');
INSERT INTO INVOICECHARGE VALUES ('20200418KS4668632920184-ch00001','20200418KS4668632920184','2020-04-18',106.61,'Base room charge');
INSERT INTO PAYMENT VALUES ('20200418KS4668632920184-p00001','20200418KS4668632920184','2020-04-20','CC',106.61,'Hedwig Hinz','4894841791802798',7,2021,44,'Mastercard');
-- ------- SAMPLE 265 ----------
INSERT INTO GUEST VALUES(1265,'Adrianna','Aungst','AAungst@hotmail.com','1234 DaWrong Lane','Flonkerton','MD','12345','594-739-7776');
INSERT INTO RESERVATION VALUES ('20190221QD2461165812713',1265,111,'QD','2019-02-21','2019-02-25',null,'complete');
INSERT INTO INVOICECHARGE VALUES ('20190221QD2461165812713-ch00001','20190221QD2461165812713','2019-02-21',383.81,'Base room charge');
INSERT INTO PAYMENT (payment_id,invoice_id,payment_date,payment_type,payment_amount) VALUES ('20190221QD2461165812713-p00001','20190221QD2461165812713','2019-02-23','CA',383.81);
-- ------- SAMPLE 266 ----------
INSERT INTO GUEST VALUES(1266,'Shonda','Schult','SSchult@hotmail.com','1234 DaWrong Lane','Flonkerton','MD','12345','558-356-6830');
INSERT INTO RESERVATION VALUES ('20210203KJ1420631837697',1266,null,'KJ','2021-02-03','2021-02-08',null,'cancelled');
INSERT INTO INVOICECHARGE VALUES ('20210203KJ1420631837697-ch00001','20210203KJ1420631837697','2021-02-03',457.39,'Base room charge');
INSERT INTO INVOICECHARGE VALUES ('20210203KJ1420631837697-ch00002','20210203KJ1420631837697','2021-02-03',235.62,'Room Service');
INSERT INTO PAYMENT VALUES ('20210203KJ1420631837697-p00001','20210203KJ1420631837697','2021-02-05','CC',693.01,'Shonda Schult','5799796507252625',7,2025,698,'Mastercard');
-- ------- SAMPLE 267 ----------
INSERT INTO GUEST VALUES(1267,'Louisa','Laroque','LLaroque@yahoo.com','1234 DaWrong Lane','Flonkerton','MD','12345','193-041-1906');
INSERT INTO RESERVATION VALUES ('20190518KJ3768692913526',1267,119,'KJ','2019-05-18','2019-05-22',null,'complete');
INSERT INTO INVOICECHARGE VALUES ('20190518KJ3768692913526-ch00001','20190518KJ3768692913526','2019-05-18',365.91,'Base room charge');
INSERT INTO INVOICECHARGE VALUES ('20190518KJ3768692913526-ch00002','20190518KJ3768692913526','2019-05-18',188.5,'Room Service');
INSERT INTO PAYMENT VALUES ('20190518KJ3768692913526-p00001','20190518KJ3768692913526','2019-05-20','CC',554.41,'Louisa Laroque','2798054394314969',10,2027,556,'Mastercard');
-- ------- SAMPLE 268 ----------
INSERT INTO GUEST VALUES(1268,'Missy','Mcclintock','MMcclintock@yahoo.com','1234 DaWrong Lane','Flonkerton','MD','12345','496-972-7353');
INSERT INTO RESERVATION VALUES ('20200205KI9457714373437',1268,110,'KI','2020-02-05','2020-02-06',null,'complete');
INSERT INTO INVOICECHARGE VALUES ('20200205KI9457714373437-ch00001','20200205KI9457714373437','2020-02-05',85.29,'Base room charge');
INSERT INTO PAYMENT VALUES ('20200205KI9457714373437-p00001','20200205KI9457714373437','2020-02-07','CC',85.29,'Missy Mcclintock','5715343704614583',3,2022,70,'Mastercard');
-- ------- SAMPLE 269 ----------
INSERT INTO GUEST VALUES(1269,'Serafina','Singh','SSingh@gmail.com','1234 DaWrong Lane','Flonkerton','MD','12345','573-895-3852');
INSERT INTO RESERVATION VALUES ('20190522QS9451209511836',1269,113,'QS','2019-05-22','2019-05-23',null,'complete');
INSERT INTO INVOICECHARGE VALUES ('20190522QS9451209511836-ch00001','20190522QS9451209511836','2019-05-22',117.28,'Base room charge');
INSERT INTO PAYMENT VALUES ('20190522QS9451209511836-p00001','20190522QS9451209511836','2019-05-24','CC',117.28,'Serafina Singh','9365786347921161',8,2024,82,'Mastercard');
-- ------- SAMPLE 270 ----------
INSERT INTO GUEST VALUES(1270,'Fiona','Figgs','FFiggs@yahoo.com','1234 DaWrong Lane','Flonkerton','MD','12345','420-952-5241');
INSERT INTO RESERVATION VALUES ('20200629QD6718196700036',1270,null,'QD','2020-06-29','2020-07-04',null,'cancelled');
INSERT INTO INVOICECHARGE VALUES ('20200629QD6718196700036-ch00001','20200629QD6718196700036','2020-06-29',316.64,'Base room charge');
INSERT INTO INVOICECHARGE VALUES ('20200629QD6718196700036-ch00002','20200629QD6718196700036','2020-06-29',163.12,'Cleaning fee');
INSERT INTO PAYMENT VALUES ('20200629QD6718196700036-p00001','20200629QD6718196700036','2020-07-01','CC',479.76,'Fiona Figgs','5333742150158743',3,2023,522,'Mastercard');
-- ------- SAMPLE 271 ----------
INSERT INTO GUEST VALUES(1271,'Clara','Crimmins','CCrimmins@hotmail.com','1234 DaWrong Lane','Flonkerton','MD','12345','366-096-8107');
INSERT INTO RESERVATION VALUES ('20190120KJ5998109818247',1271,109,'KJ','2019-01-20','2019-01-22',null,'complete');
INSERT INTO INVOICECHARGE VALUES ('20190120KJ5998109818247-ch00001','20190120KJ5998109818247','2019-01-20',277.2,'Base room charge');
INSERT INTO PAYMENT VALUES ('20190120KJ5998109818247-p00001','20190120KJ5998109818247','2019-01-22','CC',277.2,'Clara Crimmins','7537446038597096',12,2025,201,'Mastercard');
-- ------- SAMPLE 272 ----------
INSERT INTO GUEST VALUES(1272,'Rickie','Redfern','RRedfern@gmail.com','1234 DaWrong Lane','Flonkerton','MD','12345','620-051-0025');
INSERT INTO RESERVATION VALUES ('20180819KJ3125191508981',1272,114,'KJ','2018-08-19','2018-08-21',null,'complete');
INSERT INTO INVOICECHARGE VALUES ('20180819KJ3125191508981-ch00001','20180819KJ3125191508981','2018-08-19',182.95,'Base room charge');
INSERT INTO INVOICECHARGE VALUES ('20180819KJ3125191508981-ch00002','20180819KJ3125191508981','2018-08-19',94.25,'Cleaning fee');
INSERT INTO PAYMENT VALUES ('20180819KJ3125191508981-p00001','20180819KJ3125191508981','2018-08-21','CC',277.2,'Rickie Redfern','7310913688052480',12,2027,671,'Mastercard');
-- ------- SAMPLE 273 ----------
INSERT INTO GUEST VALUES(1273,'Theodora','Trickey','TTrickey@hotmail.com','1234 DaWrong Lane','Flonkerton','MD','12345','250-091-0777');
INSERT INTO RESERVATION VALUES ('20200521KI9459409584135',1273,null,'KI','2020-05-21','2020-05-26',null,'cancelled');
INSERT INTO INVOICECHARGE VALUES ('20200521KI9459409584135-ch00001','20200521KI9459409584135','2020-05-21',426.45,'Base room charge');
INSERT INTO PAYMENT VALUES ('20200521KI9459409584135-p00001','20200521KI9459409584135','2020-05-23','CC',426.45,'Theodora Trickey','1891833978033891',2,2025,905,'Mastercard');
-- ------- SAMPLE 274 ----------
INSERT INTO GUEST VALUES(1274,'Natalya','Neathery','NNeathery@hotmail.com','1234 DaWrong Lane','Flonkerton','MD','12345','061-893-2479');
INSERT INTO RESERVATION VALUES ('20190916QD8537362992737',1274,101,'QD','2019-09-16','2019-09-20',null,'complete');
INSERT INTO INVOICECHARGE VALUES ('20190916QD8537362992737-ch00001','20190916QD8537362992737','2019-09-16',383.81,'Base room charge');
INSERT INTO PAYMENT VALUES ('20190916QD8537362992737-p00001','20190916QD8537362992737','2019-09-18','CC',383.81,'Natalya Neathery','9558056613968349',3,2025,973,'Mastercard');
-- ------- SAMPLE 275 ----------
INSERT INTO GUEST VALUES(1275,'Shena','Sandoz','SSandoz@yahoo.com','1234 DaWrong Lane','Flonkerton','MD','12345','258-349-9158');
INSERT INTO RESERVATION VALUES ('20181123KJ7541796839391',1275,208,'KJ','2018-11-23','2018-11-28',null,'complete');
INSERT INTO INVOICECHARGE VALUES ('20181123KJ7541796839391-ch00001','20181123KJ7541796839391','2018-11-23',457.39,'Base room charge');
INSERT INTO INVOICECHARGE VALUES ('20181123KJ7541796839391-ch00002','20181123KJ7541796839391','2018-11-23',235.62,'Room Service');
INSERT INTO PAYMENT VALUES ('20181123KJ7541796839391-p00001','20181123KJ7541796839391','2018-11-25','CC',693.01,'Shena Sandoz','6697592194579432',5,2024,501,'Mastercard');
-- ------- SAMPLE 276 ----------
INSERT INTO GUEST VALUES(1276,'Laraine','Lazar','LLazar@yahoo.com','1234 DaWrong Lane','Flonkerton','MD','12345','213-100-7449');
INSERT INTO RESERVATION VALUES ('20201203KJ6704012647691',1276,null,'KJ','2020-12-03','2020-12-06',null,'active');
-- ------- SAMPLE 277 ----------
INSERT INTO GUEST VALUES(1277,'Major','Meng','MMeng@yahoo.com','1234 DaWrong Lane','Flonkerton','MD','12345','275-343-8430');
INSERT INTO RESERVATION VALUES ('20181001KS5677720814385',1277,206,'KS','2018-10-01','2018-10-05',null,'complete');
INSERT INTO INVOICECHARGE VALUES ('20181001KS5677720814385-ch00001','20181001KS5677720814385','2018-10-01',426.46,'Base room charge');
INSERT INTO PAYMENT (payment_id,invoice_id,payment_date,payment_type,payment_amount) VALUES ('20181001KS5677720814385-p00001','20181001KS5677720814385','2018-10-03','CA',426.46);
-- ------- SAMPLE 278 ----------
INSERT INTO GUEST VALUES(1278,'Doyle','Dykema','DDykema@gmail.com','1234 DaWrong Lane','Flonkerton','MD','12345','060-836-3871');
INSERT INTO RESERVATION VALUES ('20190310QS1238542477097',1278,103,'QS','2019-03-10','2019-03-14',null,'complete');
INSERT INTO INVOICECHARGE VALUES ('20190310QS1238542477097-ch00001','20190310QS1238542477097','2019-03-10',309.61,'Base room charge');
INSERT INTO INVOICECHARGE VALUES ('20190310QS1238542477097-ch00002','20190310QS1238542477097','2019-03-10',159.5,'Room Service');
INSERT INTO PAYMENT VALUES ('20190310QS1238542477097-p00001','20190310QS1238542477097','2019-03-12','CC',469.11,'Doyle Dykema','1938506828738011',10,2026,861,'Mastercard');
-- ------- SAMPLE 279 ----------
INSERT INTO GUEST VALUES(1279,'Rosemarie','Roeser','RRoeser@gmail.com','1234 DaWrong Lane','Flonkerton','MD','12345','160-902-7463');
INSERT INTO RESERVATION VALUES ('20180802KJ9209342457961',1279,104,'KJ','2018-08-02','2018-08-03',null,'complete');
INSERT INTO INVOICECHARGE VALUES ('20180802KJ9209342457961-ch00001','20180802KJ9209342457961','2018-08-02',91.48,'Base room charge');
INSERT INTO INVOICECHARGE VALUES ('20180802KJ9209342457961-ch00002','20180802KJ9209342457961','2018-08-02',47.12,'Cleaning fee');
INSERT INTO PAYMENT (payment_id,invoice_id,payment_date,payment_type,payment_amount) VALUES ('20180802KJ9209342457961-p00001','20180802KJ9209342457961','2018-08-04','CA',138.6);
-- ------- SAMPLE 280 ----------
INSERT INTO GUEST VALUES(1280,'Louisa','Laroque','LLaroque@yahoo.com','1234 DaWrong Lane','Flonkerton','MD','12345','245-543-3702');
INSERT INTO RESERVATION VALUES ('20190530QS6258853391890',1280,113,'QS','2019-05-30','2019-06-02',null,'complete');
INSERT INTO INVOICECHARGE VALUES ('20190530QS6258853391890-ch00001','20190530QS6258853391890','2019-05-30',232.21,'Base room charge');
INSERT INTO INVOICECHARGE VALUES ('20190530QS6258853391890-ch00002','20190530QS6258853391890','2019-05-30',119.62,'Room Service');
INSERT INTO PAYMENT VALUES ('20190530QS6258853391890-p00001','20190530QS6258853391890','2019-06-01','CC',351.83,'Louisa Laroque','6660715837326865',5,2023,463,'Mastercard');
-- ------- SAMPLE 281 ----------
INSERT INTO GUEST VALUES(1281,'Georgianne','Guadarrama','GGuadarrama@hotmail.com','1234 DaWrong Lane','Flonkerton','MD','12345','906-589-5265');
INSERT INTO RESERVATION VALUES ('20181019KI1596184810754',1281,120,'KI','2018-10-19','2018-10-20',null,'complete');
INSERT INTO INVOICECHARGE VALUES ('20181019KI1596184810754-ch00001','20181019KI1596184810754','2018-10-19',85.29,'Base room charge');
INSERT INTO PAYMENT VALUES ('20181019KI1596184810754-p00001','20181019KI1596184810754','2018-10-21','CC',85.29,'Georgianne Guadarrama','6555770657357575',6,2021,583,'Mastercard');
-- ------- SAMPLE 282 ----------
INSERT INTO GUEST VALUES(1282,'Shenna','Salmi','SSalmi@yahoo.com','1234 DaWrong Lane','Flonkerton','MD','12345','116-749-4345');
INSERT INTO RESERVATION VALUES ('20200501QD9999382156198',1282,116,'QD','2020-05-01','2020-05-02',null,'complete');
INSERT INTO INVOICECHARGE VALUES ('20200501QD9999382156198-ch00001','20200501QD9999382156198','2020-05-01',95.95,'Base room charge');
INSERT INTO PAYMENT (payment_id,invoice_id,payment_date,payment_type,payment_amount) VALUES ('20200501QD9999382156198-p00001','20200501QD9999382156198','2020-05-03','CA',95.95);
-- ------- SAMPLE 283 ----------
INSERT INTO GUEST VALUES(1283,'Cherry','Chiarello','CChiarello@hotmail.com','1234 DaWrong Lane','Flonkerton','MD','12345','914-780-7670');
INSERT INTO RESERVATION VALUES ('20190308KI4589410379510',1283,209,'KI','2019-03-08','2019-03-12',null,'complete');
INSERT INTO INVOICECHARGE VALUES ('20190308KI4589410379510-ch00001','20190308KI4589410379510','2019-03-08',168.87,'Base room charge');
INSERT INTO INVOICECHARGE VALUES ('20190308KI4589410379510-ch00002','20190308KI4589410379510','2019-03-08',87,'Cleaning fee');
INSERT INTO PAYMENT VALUES ('20190308KI4589410379510-p00001','20190308KI4589410379510','2019-03-10','CC',255.87,'Cherry Chiarello','7743295175562930',10,2022,252,'Mastercard');
-- ------- SAMPLE 284 ----------
INSERT INTO GUEST VALUES(1284,'Vicky','Vanderhoff','VVanderhoff@gmail.com','1234 DaWrong Lane','Flonkerton','MD','12345','054-157-8159');
INSERT INTO RESERVATION VALUES ('20200209QD5709166113607',1284,200,'QD','2020-02-09','2020-02-12',null,'complete');
INSERT INTO INVOICECHARGE VALUES ('20200209QD5709166113607-ch00001','20200209QD5709166113607','2020-02-09',189.98,'Base room charge');
INSERT INTO INVOICECHARGE VALUES ('20200209QD5709166113607-ch00002','20200209QD5709166113607','2020-02-09',97.87,'Room Service');
INSERT INTO PAYMENT VALUES ('20200209QD5709166113607-p00001','20200209QD5709166113607','2020-02-11','CC',287.86,'Vicky Vanderhoff','4519635414267761',4,2026,482,'Mastercard');
-- ------- SAMPLE 285 ----------
INSERT INTO GUEST VALUES(1285,'Luella','Lundstrom','LLundstrom@hotmail.com','1234 DaWrong Lane','Flonkerton','MD','12345','603-292-3833');
INSERT INTO RESERVATION VALUES ('20200714KS5643145052569',1285,null,'KS','2020-07-14','2020-07-16',null,'active');
INSERT INTO INVOICECHARGE VALUES ('20200714KS5643145052569-ch00001','20200714KS5643145052569','2020-07-14',140.73,'Base room charge');
INSERT INTO INVOICECHARGE VALUES ('20200714KS5643145052569-ch00002','20200714KS5643145052569','2020-07-14',72.5,'Cleaning fee');
INSERT INTO PAYMENT (payment_id,invoice_id,payment_date,payment_type,payment_amount) VALUES ('20200714KS5643145052569-p00001','20200714KS5643145052569','2020-07-16','CA',154);
-- ------- SAMPLE 286 ----------
INSERT INTO GUEST VALUES(1286,'Fonda','Foreman','FForeman@hotmail.com','1234 DaWrong Lane','Flonkerton','MD','12345','614-881-8378');
INSERT INTO RESERVATION VALUES ('20190208QS9563134033324',1286,113,'QS','2019-02-08','2019-02-10',null,'complete');
INSERT INTO INVOICECHARGE VALUES ('20190208QS9563134033324-ch00001','20190208QS9563134033324','2019-02-08',154.81,'Base room charge');
INSERT INTO INVOICECHARGE VALUES ('20190208QS9563134033324-ch00002','20190208QS9563134033324','2019-02-08',79.75,'Room Service');
INSERT INTO PAYMENT VALUES ('20190208QS9563134033324-p00001','20190208QS9563134033324','2019-02-10','CC',234.55,'Fonda Foreman','1615645677482841',11,2024,810,'Mastercard');
-- ------- SAMPLE 287 ----------
INSERT INTO GUEST VALUES(1287,'Heather','Hartin','HHartin@gmail.com','1234 DaWrong Lane','Flonkerton','MD','12345','802-936-9321');
INSERT INTO RESERVATION VALUES ('20210411QD4126314352425',1287,null,'QD','2021-04-11','2021-04-12',null,'active');
INSERT INTO INVOICECHARGE VALUES ('20210411QD4126314352425-ch00001','20210411QD4126314352425','2021-04-11',95.95,'Base room charge');
INSERT INTO PAYMENT (payment_id,invoice_id,payment_date,payment_type,payment_amount) VALUES ('20210411QD4126314352425-p00001','20210411QD4126314352425','2021-04-13','CA',95.95);
-- ------- SAMPLE 288 ----------
INSERT INTO GUEST VALUES(1288,'Lucius','Liles','LLiles@hotmail.com','1234 DaWrong Lane','Flonkerton','MD','12345','532-814-2371');
INSERT INTO RESERVATION VALUES ('20180820QS4802761530279',1288,202,'QS','2018-08-20','2018-08-21',null,'complete');
INSERT INTO INVOICECHARGE VALUES ('20180820QS4802761530279-ch00001','20180820QS4802761530279','2018-08-20',117.28,'Base room charge');
INSERT INTO PAYMENT VALUES ('20180820QS4802761530279-p00001','20180820QS4802761530279','2018-08-22','CC',117.28,'Lucius Liles','3088420600008043',1,2022,944,'Mastercard');
-- ------- SAMPLE 289 ----------
INSERT INTO GUEST VALUES(1289,'Kandra','Kelty','KKelty@hotmail.com','1234 DaWrong Lane','Flonkerton','MD','12345','655-886-5148');
INSERT INTO RESERVATION VALUES ('20190804QS8454008228970',1289,113,'QS','2019-08-04','2019-08-07',null,'complete');
INSERT INTO INVOICECHARGE VALUES ('20190804QS8454008228970-ch00001','20190804QS8454008228970','2019-08-04',232.21,'Base room charge');
INSERT INTO INVOICECHARGE VALUES ('20190804QS8454008228970-ch00002','20190804QS8454008228970','2019-08-04',119.62,'Cleaning fee');
INSERT INTO PAYMENT VALUES ('20190804QS8454008228970-p00001','20190804QS8454008228970','2019-08-06','CC',351.83,'Kandra Kelty','6676992399208526',6,2025,185,'Mastercard');
-- ------- SAMPLE 290 ----------
INSERT INTO GUEST VALUES(1290,'James','Janey','JJaney@yahoo.com','1234 DaWrong Lane','Flonkerton','MD','12345','901-249-1057');
INSERT INTO RESERVATION VALUES ('20210126QS3641586025469',1290,null,'QS','2021-01-26','2021-01-30',null,'active');
-- ------- SAMPLE 291 ----------
INSERT INTO GUEST VALUES(1291,'Tanner','Tomasello','TTomasello@yahoo.com','1234 DaWrong Lane','Flonkerton','MD','12345','148-307-1574');
INSERT INTO RESERVATION VALUES ('20180507QS1807704139814',1291,118,'QS','2018-05-07','2018-05-08',null,'complete');
INSERT INTO INVOICECHARGE VALUES ('20180507QS1807704139814-ch00001','20180507QS1807704139814','2018-05-07',117.28,'Base room charge');
INSERT INTO PAYMENT VALUES ('20180507QS1807704139814-p00001','20180507QS1807704139814','2018-05-09','CC',117.28,'Tanner Tomasello','9471392135453347',3,2022,833,'Mastercard');
-- ------- SAMPLE 292 ----------
INSERT INTO GUEST VALUES(1292,'Laraine','Lazar','LLazar@gmail.com','1234 DaWrong Lane','Flonkerton','MD','12345','536-810-4353');
INSERT INTO RESERVATION VALUES ('20181019KI6743813728861',1292,105,'KI','2018-10-19','2018-10-21',null,'complete');
INSERT INTO INVOICECHARGE VALUES ('20181019KI6743813728861-ch00001','20181019KI6743813728861','2018-10-19',170.58,'Base room charge');
INSERT INTO PAYMENT VALUES ('20181019KI6743813728861-p00001','20181019KI6743813728861','2018-10-21','CC',170.58,'Laraine Lazar','9859542813900660',4,2025,657,'Mastercard');
-- ------- SAMPLE 293 ----------
INSERT INTO GUEST VALUES(1293,'Romelia','Rigdon','RRigdon@hotmail.com','1234 DaWrong Lane','Flonkerton','MD','12345','978-042-6593');
INSERT INTO RESERVATION VALUES ('20201210QS3705767648450',1293,null,'QS','2020-12-10','2020-12-11',null,'active');
-- ------- SAMPLE 294 ----------
INSERT INTO GUEST VALUES(1294,'Delsie','Dunstan','DDunstan@yahoo.com','1234 DaWrong Lane','Flonkerton','MD','12345','133-396-6332');
INSERT INTO RESERVATION VALUES ('20190706KS2154359578157',1294,117,'KS','2019-07-06','2019-07-09',null,'complete');
INSERT INTO INVOICECHARGE VALUES ('20190706KS2154359578157-ch00001','20190706KS2154359578157','2019-07-06',319.84,'Base room charge');
INSERT INTO PAYMENT VALUES ('20190706KS2154359578157-p00001','20190706KS2154359578157','2019-07-08','CC',319.84,'Delsie Dunstan','6721294244986702',10,2023,98,'Mastercard');
-- ------- SAMPLE 295 ----------
INSERT INTO GUEST VALUES(1295,'Shae','Sansom','SSansom@yahoo.com','1234 DaWrong Lane','Flonkerton','MD','12345','616-469-7108');
INSERT INTO RESERVATION VALUES ('20200523KI7464622291916',1295,null,'KI','2020-05-23','2020-05-28',null,'active');
INSERT INTO INVOICECHARGE VALUES ('20200523KI7464622291916-ch00001','20200523KI7464622291916','2020-05-23',426.45,'Base room charge');
INSERT INTO PAYMENT (payment_id,invoice_id,payment_date,payment_type,payment_amount) VALUES ('20200523KI7464622291916-p00001','20200523KI7464622291916','2020-05-25','CA',426.45);
-- ------- SAMPLE 296 ----------
INSERT INTO GUEST VALUES(1296,'Hedwig','Hinz','HHinz@yahoo.com','1234 DaWrong Lane','Flonkerton','MD','12345','989-354-6486');
INSERT INTO RESERVATION VALUES ('20180831QS2007298732420',1296,113,'QS','2018-08-31','2018-09-01',null,'complete');
INSERT INTO INVOICECHARGE VALUES ('20180831QS2007298732420-ch00001','20180831QS2007298732420','2018-08-31',77.4,'Base room charge');
INSERT INTO INVOICECHARGE VALUES ('20180831QS2007298732420-ch00002','20180831QS2007298732420','2018-08-31',39.87,'Room Service');
INSERT INTO PAYMENT VALUES ('20180831QS2007298732420-p00001','20180831QS2007298732420','2018-09-02','CC',117.28,'Hedwig Hinz','6156547168361520',12,2024,601,'Mastercard');
-- ------- SAMPLE 297 ----------
INSERT INTO GUEST VALUES(1297,'Hanna','Hastie','HHastie@hotmail.com','1234 DaWrong Lane','Flonkerton','MD','12345','374-962-1663');
INSERT INTO RESERVATION VALUES ('20210223KI6031918384238',1297,null,'KI','2021-02-23','2021-02-27',null,'active');
INSERT INTO INVOICECHARGE VALUES ('20210223KI6031918384238-ch00001','20210223KI6031918384238','2021-02-23',341.16,'Base room charge');
INSERT INTO PAYMENT (payment_id,invoice_id,payment_date,payment_type,payment_amount) VALUES ('20210223KI6031918384238-p00001','20210223KI6031918384238','2021-02-25','CA',341.16);
-- ------- SAMPLE 298 ----------
INSERT INTO GUEST VALUES(1298,'Shawn','Stefanski','SStefanski@yahoo.com','1234 DaWrong Lane','Flonkerton','MD','12345','775-316-8282');
INSERT INTO RESERVATION VALUES ('20200130KJ3135474939938',1298,114,'KJ','2020-01-30','2020-02-01',null,'complete');
INSERT INTO INVOICECHARGE VALUES ('20200130KJ3135474939938-ch00001','20200130KJ3135474939938','2020-01-30',277.2,'Base room charge');
INSERT INTO PAYMENT VALUES ('20200130KJ3135474939938-p00001','20200130KJ3135474939938','2020-02-01','CC',277.2,'Shawn Stefanski','8573225528455928',5,2026,370,'Mastercard');
-- ------- SAMPLE 299 ----------
INSERT INTO GUEST VALUES(1299,'Dorian','Delbosque','DDelbosque@hotmail.com','1234 DaWrong Lane','Flonkerton','MD','12345','299-494-6330');
INSERT INTO RESERVATION VALUES ('20190305QS9379627398395',1299,108,'QS','2019-03-05','2019-03-08',null,'complete');
INSERT INTO INVOICECHARGE VALUES ('20190305QS9379627398395-ch00001','20190305QS9379627398395','2019-03-05',351.83,'Base room charge');
INSERT INTO PAYMENT VALUES ('20190305QS9379627398395-p00001','20190305QS9379627398395','2019-03-07','CC',351.83,'Dorian Delbosque','2715939926881468',9,2021,421,'Mastercard');
-- ------- SAMPLE 300 ----------
INSERT INTO GUEST VALUES(1300,'Lynda','Linda','LLinda@hotmail.com','1234 DaWrong Lane','Flonkerton','MD','12345','590-895-0257');
INSERT INTO RESERVATION VALUES ('20190805KJ4228331088864',1300,109,'KJ','2019-08-05','2019-08-08',null,'complete');
INSERT INTO INVOICECHARGE VALUES ('20190805KJ4228331088864-ch00001','20190805KJ4228331088864','2019-08-05',274.43,'Base room charge');
INSERT INTO INVOICECHARGE VALUES ('20190805KJ4228331088864-ch00002','20190805KJ4228331088864','2019-08-05',141.37,'Room Service');
INSERT INTO PAYMENT VALUES ('20190805KJ4228331088864-p00001','20190805KJ4228331088864','2019-08-07','CC',415.81,'Lynda Linda','8281410372870017',8,2023,216,'Mastercard');
-- ------- SAMPLE 301 ----------
INSERT INTO GUEST VALUES(1301,'Jenna','Jesse','JJesse@gmail.com','1234 DaWrong Lane','Flonkerton','MD','12345','084-965-5227');
INSERT INTO RESERVATION VALUES ('20181205KJ2367494175359',1301,109,'KJ','2018-12-05','2018-12-06',null,'complete');
INSERT INTO INVOICECHARGE VALUES ('20181205KJ2367494175359-ch00001','20181205KJ2367494175359','2018-12-05',138.6,'Base room charge');
INSERT INTO PAYMENT VALUES ('20181205KJ2367494175359-p00001','20181205KJ2367494175359','2018-12-07','CC',138.6,'Jenna Jesse','5842247262685169',9,2023,184,'Mastercard');
-- ------- SAMPLE 302 ----------
INSERT INTO GUEST VALUES(1302,'Eryn','Edenfield','EEdenfield@yahoo.com','1234 DaWrong Lane','Flonkerton','MD','12345','685-584-0730');
INSERT INTO RESERVATION VALUES ('20201113QS9210548721754',1302,null,'QS','2020-11-13','2020-11-17',null,'cancelled');
INSERT INTO INVOICECHARGE VALUES ('20201113QS9210548721754-ch00001','20201113QS9210548721754','2020-11-13',469.11,'Base room charge');
INSERT INTO PAYMENT VALUES ('20201113QS9210548721754-p00001','20201113QS9210548721754','2020-11-15','CC',469.11,'Eryn Edenfield','5476983828255979',2,2024,327,'Mastercard');
-- ------- SAMPLE 303 ----------
INSERT INTO GUEST VALUES(1303,'Natalya','Neathery','NNeathery@hotmail.com','1234 DaWrong Lane','Flonkerton','MD','12345','998-440-4606');
INSERT INTO RESERVATION VALUES ('20191101KS7934497882760',1303,107,'KS','2019-11-01','2019-11-04',null,'complete');
INSERT INTO INVOICECHARGE VALUES ('20191101KS7934497882760-ch00001','20191101KS7934497882760','2019-11-01',211.1,'Base room charge');
INSERT INTO INVOICECHARGE VALUES ('20191101KS7934497882760-ch00002','20191101KS7934497882760','2019-11-01',108.75,'Cleaning fee');
INSERT INTO PAYMENT (payment_id,invoice_id,payment_date,payment_type,payment_amount) VALUES ('20191101KS7934497882760-p00001','20191101KS7934497882760','2019-11-03','CA',319.84);
-- ------- SAMPLE 304 ----------
INSERT INTO GUEST VALUES(1304,'Kasey','Kipp','KKipp@hotmail.com','1234 DaWrong Lane','Flonkerton','MD','12345','005-393-3713');
INSERT INTO RESERVATION VALUES ('20201219KJ1011719904905',1304,null,'KJ','2020-12-19','2020-12-24',null,'active');
INSERT INTO INVOICECHARGE VALUES ('20201219KJ1011719904905-ch00001','20201219KJ1011719904905','2020-12-19',457.39,'Base room charge');
INSERT INTO INVOICECHARGE VALUES ('20201219KJ1011719904905-ch00002','20201219KJ1011719904905','2020-12-19',235.62,'Cleaning fee');
INSERT INTO PAYMENT (payment_id,invoice_id,payment_date,payment_type,payment_amount) VALUES ('20201219KJ1011719904905-p00001','20201219KJ1011719904905','2020-12-21','CA',693.01);
-- ------- SAMPLE 305 ----------
INSERT INTO GUEST VALUES(1305,'Rose','Royall','RRoyall@hotmail.com','1234 DaWrong Lane','Flonkerton','MD','12345','617-596-9852');
INSERT INTO RESERVATION VALUES ('20181006KS4082280655710',1305,206,'KS','2018-10-06','2018-10-09',null,'complete');
INSERT INTO INVOICECHARGE VALUES ('20181006KS4082280655710-ch00001','20181006KS4082280655710','2018-10-06',319.84,'Base room charge');
INSERT INTO PAYMENT VALUES ('20181006KS4082280655710-p00001','20181006KS4082280655710','2018-10-08','CC',319.84,'Rose Royall','3958773504932876',9,2022,230,'Mastercard');
-- ------- SAMPLE 306 ----------
INSERT INTO GUEST VALUES(1306,'Annie','Albrecht','AAlbrecht@hotmail.com','1234 DaWrong Lane','Flonkerton','MD','12345','859-650-3785');
INSERT INTO RESERVATION VALUES ('20210101KJ7846106335835',1306,null,'KJ','2021-01-01','2021-01-04',null,'active');
INSERT INTO INVOICECHARGE VALUES ('20210101KJ7846106335835-ch00001','20210101KJ7846106335835','2021-01-01',415.81,'Base room charge');
INSERT INTO PAYMENT VALUES ('20210101KJ7846106335835-p00001','20210101KJ7846106335835','2021-01-03','CC',26,'Annie Albrecht','2655981167927987',2,2027,967,'Mastercard');
-- ------- SAMPLE 307 ----------
INSERT INTO GUEST VALUES(1307,'Gwyneth','Gamber','GGamber@hotmail.com','1234 DaWrong Lane','Flonkerton','MD','12345','765-385-1815');
INSERT INTO RESERVATION VALUES ('20200108QD4438521932131',1307,205,'QD','2020-01-08','2020-01-12',null,'complete');
INSERT INTO INVOICECHARGE VALUES ('20200108QD4438521932131-ch00001','20200108QD4438521932131','2020-01-08',383.81,'Base room charge');
INSERT INTO PAYMENT VALUES ('20200108QD4438521932131-p00001','20200108QD4438521932131','2020-01-10','CC',383.81,'Gwyneth Gamber','3533815821245099',2,2027,619,'Mastercard');
-- ------- SAMPLE 308 ----------
INSERT INTO GUEST VALUES(1308,'Kerstin','Khalaf','KKhalaf@yahoo.com','1234 DaWrong Lane','Flonkerton','MD','12345','781-113-3283');
INSERT INTO RESERVATION VALUES ('20180803KJ6941474021037',1308,208,'KJ','2018-08-03','2018-08-08',null,'cancelled');
INSERT INTO INVOICECHARGE VALUES ('20180803KJ6941474021037-ch00001','20180803KJ6941474021037','2018-08-03',693.01,'Base room charge');
INSERT INTO PAYMENT VALUES ('20180803KJ6941474021037-p00001','20180803KJ6941474021037','2018-08-05','CC',693.01,'Kerstin Khalaf','6943590239961368',10,2026,476,'Mastercard');
-- ------- SAMPLE 309 ----------
INSERT INTO GUEST VALUES(1309,'Mandi','Mcwain','MMcwain@gmail.com','1234 DaWrong Lane','Flonkerton','MD','12345','221-968-4217');
INSERT INTO RESERVATION VALUES ('20210122QS2178384969426',1309,null,'QS','2021-01-22','2021-01-27',null,'active');
INSERT INTO INVOICECHARGE VALUES ('20210122QS2178384969426-ch00001','20210122QS2178384969426','2021-01-22',586.38,'Base room charge');
INSERT INTO PAYMENT VALUES ('20210122QS2178384969426-p00001','20210122QS2178384969426','2021-01-24','CC',485,'Mandi Mcwain','5119933188725790',3,2021,871,'Mastercard');
-- ------- SAMPLE 310 ----------
INSERT INTO GUEST VALUES(1310,'Malia','Molden','MMolden@gmail.com','1234 DaWrong Lane','Flonkerton','MD','12345','579-857-5047');
INSERT INTO RESERVATION VALUES ('20181117KJ4812589858677',1310,114,'KJ','2018-11-17','2018-11-21',null,'complete');
INSERT INTO INVOICECHARGE VALUES ('20181117KJ4812589858677-ch00001','20181117KJ4812589858677','2018-11-17',365.91,'Base room charge');
INSERT INTO INVOICECHARGE VALUES ('20181117KJ4812589858677-ch00002','20181117KJ4812589858677','2018-11-17',188.5,'Cleaning fee');
INSERT INTO PAYMENT VALUES ('20181117KJ4812589858677-p00001','20181117KJ4812589858677','2018-11-19','CC',554.41,'Malia Molden','4198976094469750',3,2024,731,'Mastercard');
-- ------- SAMPLE 311 ----------
INSERT INTO GUEST VALUES(1311,'Sherryl','Shurtleff','SShurtleff@gmail.com','1234 DaWrong Lane','Flonkerton','MD','12345','456-660-4170');
INSERT INTO RESERVATION VALUES ('20200616KS2837604863332',1311,null,'KS','2020-06-16','2020-06-20',null,'active');
INSERT INTO INVOICECHARGE VALUES ('20200616KS2837604863332-ch00001','20200616KS2837604863332','2020-06-16',281.46,'Base room charge');
INSERT INTO INVOICECHARGE VALUES ('20200616KS2837604863332-ch00002','20200616KS2837604863332','2020-06-16',145,'Cleaning fee');
INSERT INTO PAYMENT VALUES ('20200616KS2837604863332-p00001','20200616KS2837604863332','2020-06-18','CC',426.46,'Sherryl Shurtleff','7124276591233933',3,2021,876,'Mastercard');
-- ------- SAMPLE 312 ----------
INSERT INTO GUEST VALUES(1312,'Natalia','Nowacki','NNowacki@hotmail.com','1234 DaWrong Lane','Flonkerton','MD','12345','872-087-6744');
INSERT INTO RESERVATION VALUES ('20190419QS5925967034910',1312,113,'QS','2019-04-19','2019-04-22',null,'complete');
INSERT INTO INVOICECHARGE VALUES ('20190419QS5925967034910-ch00001','20190419QS5925967034910','2019-04-19',351.83,'Base room charge');
INSERT INTO PAYMENT VALUES ('20190419QS5925967034910-p00001','20190419QS5925967034910','2019-04-21','CC',351.83,'Natalia Nowacki','9041362578649510',8,2026,254,'Mastercard');
-- ------- SAMPLE 313 ----------
INSERT INTO GUEST VALUES(1313,'Nena','Nunez','NNunez@hotmail.com','1234 DaWrong Lane','Flonkerton','MD','12345','837-169-1801');
INSERT INTO RESERVATION VALUES ('20200420KS5020262607360',1313,112,'KS','2020-04-20','2020-04-25',null,'cancelled');
INSERT INTO INVOICECHARGE VALUES ('20200420KS5020262607360-ch00001','20200420KS5020262607360','2020-04-20',533.07,'Base room charge');
INSERT INTO PAYMENT VALUES ('20200420KS5020262607360-p00001','20200420KS5020262607360','2020-04-22','CC',533.07,'Nena Nunez','2353495405137657',10,2026,924,'Mastercard');
-- ------- SAMPLE 314 ----------
INSERT INTO GUEST VALUES(1314,'Shandi','Scharf','SScharf@hotmail.com','1234 DaWrong Lane','Flonkerton','MD','12345','591-799-1650');
INSERT INTO RESERVATION VALUES ('20190327KJ6230117488059',1314,203,'KJ','2019-03-27','2019-03-28',null,'complete');
INSERT INTO INVOICECHARGE VALUES ('20190327KJ6230117488059-ch00001','20190327KJ6230117488059','2019-03-27',91.48,'Base room charge');
INSERT INTO INVOICECHARGE VALUES ('20190327KJ6230117488059-ch00002','20190327KJ6230117488059','2019-03-27',47.12,'Room Service');
INSERT INTO PAYMENT VALUES ('20190327KJ6230117488059-p00001','20190327KJ6230117488059','2019-03-29','CC',138.6,'Shandi Scharf','9571081756332454',1,2021,500,'Mastercard');
-- ------- SAMPLE 315 ----------
INSERT INTO GUEST VALUES(1315,'Fonda','Foreman','FForeman@gmail.com','1234 DaWrong Lane','Flonkerton','MD','12345','060-952-1199');
INSERT INTO RESERVATION VALUES ('20200917KS4212251585496',1315,null,'KS','2020-09-17','2020-09-19',null,'active');
INSERT INTO INVOICECHARGE VALUES ('20200917KS4212251585496-ch00001','20200917KS4212251585496','2020-09-17',213.23,'Base room charge');
INSERT INTO PAYMENT (payment_id,invoice_id,payment_date,payment_type,payment_amount) VALUES ('20200917KS4212251585496-p00001','20200917KS4212251585496','2020-09-19','CA',213.23);
-- ------- SAMPLE 316 ----------
INSERT INTO GUEST VALUES(1316,'Rose','Royall','RRoyall@yahoo.com','1234 DaWrong Lane','Flonkerton','MD','12345','176-299-6877');
INSERT INTO RESERVATION VALUES ('20190628KI2358964854502',1316,204,'KI','2019-06-28','2019-07-02',null,'complete');
INSERT INTO INVOICECHARGE VALUES ('20190628KI2358964854502-ch00001','20190628KI2358964854502','2019-06-28',225.16,'Base room charge');
INSERT INTO INVOICECHARGE VALUES ('20190628KI2358964854502-ch00002','20190628KI2358964854502','2019-06-28',115.99,'Room Service');
INSERT INTO PAYMENT (payment_id,invoice_id,payment_date,payment_type,payment_amount) VALUES ('20190628KI2358964854502-p00001','20190628KI2358964854502','2019-06-30','CA',341.16);
-- ------- SAMPLE 317 ----------
INSERT INTO GUEST VALUES(1317,'Delora','Delph','DDelph@yahoo.com','1234 DaWrong Lane','Flonkerton','MD','12345','721-680-1889');
INSERT INTO RESERVATION VALUES ('20200630KS9054137467928',1317,null,'KS','2020-06-30','2020-07-05',null,'active');
INSERT INTO INVOICECHARGE VALUES ('20200630KS9054137467928-ch00001','20200630KS9054137467928','2020-06-30',533.07,'Base room charge');
INSERT INTO PAYMENT (payment_id,invoice_id,payment_date,payment_type,payment_amount) VALUES ('20200630KS9054137467928-p00001','20200630KS9054137467928','2020-07-02','CA',533.07);
-- ------- SAMPLE 318 ----------
INSERT INTO GUEST VALUES(1318,'Jeanene','Jacobo','JJacobo@hotmail.com','1234 DaWrong Lane','Flonkerton','MD','12345','282-052-9064');
INSERT INTO RESERVATION VALUES ('20190215KS3981217029429',1318,201,'KS','2019-02-15','2019-02-19',null,'cancelled');
INSERT INTO INVOICECHARGE VALUES ('20190215KS3981217029429-ch00001','20190215KS3981217029429','2019-02-15',426.46,'Base room charge');
INSERT INTO PAYMENT (payment_id,invoice_id,payment_date,payment_type,payment_amount) VALUES ('20190215KS3981217029429-p00001','20190215KS3981217029429','2019-02-17','CA',426.46);
-- ------- SAMPLE 319 ----------
INSERT INTO GUEST VALUES(1319,'Boyce','Bate','BBate@yahoo.com','1234 DaWrong Lane','Flonkerton','MD','12345','218-894-0717');
INSERT INTO RESERVATION VALUES ('20190603KJ2122741614584',1319,114,'KJ','2019-06-03','2019-06-06',null,'complete');
INSERT INTO INVOICECHARGE VALUES ('20190603KJ2122741614584-ch00001','20190603KJ2122741614584','2019-06-03',274.43,'Base room charge');
INSERT INTO INVOICECHARGE VALUES ('20190603KJ2122741614584-ch00002','20190603KJ2122741614584','2019-06-03',141.37,'Cleaning fee');
INSERT INTO PAYMENT (payment_id,invoice_id,payment_date,payment_type,payment_amount) VALUES ('20190603KJ2122741614584-p00001','20190603KJ2122741614584','2019-06-05','CA',415.81);
-- ------- SAMPLE 320 ----------
INSERT INTO GUEST VALUES(1320,'Romelia','Rigdon','RRigdon@hotmail.com','1234 DaWrong Lane','Flonkerton','MD','12345','600-974-7520');
INSERT INTO RESERVATION VALUES ('20181209KS3438202324791',1320,206,'KS','2018-12-09','2018-12-14',null,'complete');
INSERT INTO INVOICECHARGE VALUES ('20181209KS3438202324791-ch00001','20181209KS3438202324791','2018-12-09',351.83,'Base room charge');
INSERT INTO INVOICECHARGE VALUES ('20181209KS3438202324791-ch00002','20181209KS3438202324791','2018-12-09',181.24,'Room Service');
INSERT INTO PAYMENT VALUES ('20181209KS3438202324791-p00001','20181209KS3438202324791','2018-12-11','CC',533.07,'Romelia Rigdon','7429009577588733',8,2025,808,'Mastercard');
-- ------- SAMPLE 321 ----------
INSERT INTO GUEST VALUES(1321,'Leanora','Locke','LLocke@hotmail.com','1234 DaWrong Lane','Flonkerton','MD','12345','446-390-3721');
INSERT INTO RESERVATION VALUES ('20200301KI9809350673553',1321,115,'KI','2020-03-01','2020-03-02',null,'complete');
INSERT INTO INVOICECHARGE VALUES ('20200301KI9809350673553-ch00001','20200301KI9809350673553','2020-03-01',56.29,'Base room charge');
INSERT INTO INVOICECHARGE VALUES ('20200301KI9809350673553-ch00002','20200301KI9809350673553','2020-03-01',29,'Cleaning fee');
INSERT INTO PAYMENT VALUES ('20200301KI9809350673553-p00001','20200301KI9809350673553','2020-03-03','CC',85.29,'Leanora Locke','8616611915188166',8,2023,422,'Mastercard');
-- ------- SAMPLE 322 ----------
INSERT INTO GUEST VALUES(1322,'Jarrett','Janelle','JJanelle@gmail.com','1234 DaWrong Lane','Flonkerton','MD','12345','942-344-6169');
INSERT INTO RESERVATION VALUES ('20210306KS7456691497361',1322,null,'KS','2021-03-06','2021-03-07',null,'active');
-- ------- SAMPLE 323 ----------
INSERT INTO GUEST VALUES(1323,'Corene','Carmody','CCarmody@hotmail.com','1234 DaWrong Lane','Flonkerton','MD','12345','845-262-6376');
INSERT INTO RESERVATION VALUES ('20181026KS1332126141951',1323,102,'KS','2018-10-26','2018-10-28',null,'complete');
INSERT INTO INVOICECHARGE VALUES ('20181026KS1332126141951-ch00001','20181026KS1332126141951','2018-10-26',213.23,'Base room charge');
INSERT INTO PAYMENT VALUES ('20181026KS1332126141951-p00001','20181026KS1332126141951','2018-10-28','CC',213.23,'Corene Carmody','6692627452541653',5,2021,637,'Mastercard');
-- ------- SAMPLE 324 ----------
INSERT INTO GUEST VALUES(1324,'Yuette','Yetman','YYetman@gmail.com','1234 DaWrong Lane','Flonkerton','MD','12345','163-857-7729');
INSERT INTO RESERVATION VALUES ('20190625QS9832485971729',1324,207,'QS','2019-06-25','2019-06-26',null,'complete');
INSERT INTO INVOICECHARGE VALUES ('20190625QS9832485971729-ch00001','20190625QS9832485971729','2019-06-25',77.4,'Base room charge');
INSERT INTO INVOICECHARGE VALUES ('20190625QS9832485971729-ch00002','20190625QS9832485971729','2019-06-25',39.87,'Room Service');
INSERT INTO PAYMENT VALUES ('20190625QS9832485971729-p00001','20190625QS9832485971729','2019-06-27','CC',117.28,'Yuette Yetman','6370057230441950',3,2022,296,'Mastercard');
-- ------- SAMPLE 325 ----------
INSERT INTO GUEST VALUES(1325,'Major','Meng','MMeng@gmail.com','1234 DaWrong Lane','Flonkerton','MD','12345','420-345-5878');
INSERT INTO RESERVATION VALUES ('20200819KI1630872882317',1325,null,'KI','2020-08-19','2020-08-21',null,'active');
INSERT INTO INVOICECHARGE VALUES ('20200819KI1630872882317-ch00001','20200819KI1630872882317','2020-08-19',170.58,'Base room charge');
INSERT INTO PAYMENT VALUES ('20200819KI1630872882317-p00001','20200819KI1630872882317','2020-08-21','CC',170.58,'Major Meng','4849898845452610',6,2021,73,'Mastercard');
-- ------- SAMPLE 326 ----------
INSERT INTO GUEST VALUES(1326,'Kandra','Kelty','KKelty@hotmail.com','1234 DaWrong Lane','Flonkerton','MD','12345','103-924-6465');
INSERT INTO RESERVATION VALUES ('20200425KI4926259354739',1326,209,'KI','2020-04-25','2020-04-27',null,'complete');
INSERT INTO INVOICECHARGE VALUES ('20200425KI4926259354739-ch00001','20200425KI4926259354739','2020-04-25',170.58,'Base room charge');
INSERT INTO PAYMENT VALUES ('20200425KI4926259354739-p00001','20200425KI4926259354739','2020-04-27','CC',170.58,'Kandra Kelty','4744193952461187',3,2024,534,'Mastercard');
-- ------- SAMPLE 327 ----------
INSERT INTO GUEST VALUES(1327,'Deandre','Defore','DDefore@yahoo.com','1234 DaWrong Lane','Flonkerton','MD','12345','952-346-0585');
INSERT INTO RESERVATION VALUES ('20210106KS5361088080118',1327,null,'KS','2021-01-06','2021-01-07',null,'active');
INSERT INTO INVOICECHARGE VALUES ('20210106KS5361088080118-ch00001','20210106KS5361088080118','2021-01-06',70.37,'Base room charge');
INSERT INTO INVOICECHARGE VALUES ('20210106KS5361088080118-ch00002','20210106KS5361088080118','2021-01-06',36.25,'Room Service');
INSERT INTO PAYMENT VALUES ('20210106KS5361088080118-p00001','20210106KS5361088080118','2021-01-08','CC',106.61,'Deandre Defore','3579278874806671',5,2024,429,'Mastercard');
-- ------- SAMPLE 328 ----------
INSERT INTO GUEST VALUES(1328,'Dane','Dumond','DDumond@gmail.com','1234 DaWrong Lane','Flonkerton','MD','12345','611-436-6605');
INSERT INTO RESERVATION VALUES ('20190506QD9466688914046',1328,116,'QD','2019-05-06','2019-05-09',null,'complete');
INSERT INTO INVOICECHARGE VALUES ('20190506QD9466688914046-ch00001','20190506QD9466688914046','2019-05-06',287.86,'Base room charge');
INSERT INTO PAYMENT VALUES ('20190506QD9466688914046-p00001','20190506QD9466688914046','2019-05-08','CC',287.86,'Dane Dumond','1297368604651911',10,2021,426,'Mastercard');
-- ------- SAMPLE 329 ----------
INSERT INTO GUEST VALUES(1329,'Keturah','Kagawa','KKagawa@hotmail.com','1234 DaWrong Lane','Flonkerton','MD','12345','271-108-4384');
INSERT INTO RESERVATION VALUES ('20190611KS5347843316573',1329,201,'KS','2019-06-11','2019-06-14',null,'complete');
INSERT INTO INVOICECHARGE VALUES ('20190611KS5347843316573-ch00001','20190611KS5347843316573','2019-06-11',211.1,'Base room charge');
INSERT INTO INVOICECHARGE VALUES ('20190611KS5347843316573-ch00002','20190611KS5347843316573','2019-06-11',108.75,'Cleaning fee');
INSERT INTO PAYMENT VALUES ('20190611KS5347843316573-p00001','20190611KS5347843316573','2019-06-13','CC',319.84,'Keturah Kagawa','7478196482775584',10,2024,710,'Mastercard');
-- ------- SAMPLE 330 ----------
INSERT INTO GUEST VALUES(1330,'Lorean','Loden','LLoden@hotmail.com','1234 DaWrong Lane','Flonkerton','MD','12345','485-608-5713');
INSERT INTO RESERVATION VALUES ('20200123KS6696209491808',1330,117,'KS','2020-01-23','2020-01-28',null,'complete');
INSERT INTO INVOICECHARGE VALUES ('20200123KS6696209491808-ch00001','20200123KS6696209491808','2020-01-23',351.83,'Base room charge');
INSERT INTO INVOICECHARGE VALUES ('20200123KS6696209491808-ch00002','20200123KS6696209491808','2020-01-23',181.24,'Room Service');
INSERT INTO PAYMENT VALUES ('20200123KS6696209491808-p00001','20200123KS6696209491808','2020-01-25','CC',533.07,'Lorean Loden','7232566364525665',4,2021,355,'Mastercard');
-- ------- SAMPLE 331 ----------
INSERT INTO GUEST VALUES(1331,'Adrianna','Aungst','AAungst@hotmail.com','1234 DaWrong Lane','Flonkerton','MD','12345','548-265-0245');
INSERT INTO RESERVATION VALUES ('20190531KS9849622581794',1331,107,'KS','2019-05-31','2019-06-01',null,'complete');
INSERT INTO INVOICECHARGE VALUES ('20190531KS9849622581794-ch00001','20190531KS9849622581794','2019-05-31',70.37,'Base room charge');
INSERT INTO INVOICECHARGE VALUES ('20190531KS9849622581794-ch00002','20190531KS9849622581794','2019-05-31',36.25,'Room Service');
INSERT INTO PAYMENT VALUES ('20190531KS9849622581794-p00001','20190531KS9849622581794','2019-06-02','CC',106.61,'Adrianna Aungst','1563579950392321',6,2023,11,'Mastercard');
-- ------- SAMPLE 332 ----------
INSERT INTO GUEST VALUES(1332,'Julene','Jahn','JJahn@hotmail.com','1234 DaWrong Lane','Flonkerton','MD','12345','219-360-3779');
INSERT INTO RESERVATION VALUES ('20190114QD6517779563197',1332,200,'QD','2019-01-14','2019-01-16',null,'complete');
INSERT INTO INVOICECHARGE VALUES ('20190114QD6517779563197-ch00001','20190114QD6517779563197','2019-01-14',191.9,'Base room charge');
INSERT INTO PAYMENT VALUES ('20190114QD6517779563197-p00001','20190114QD6517779563197','2019-01-16','CC',191.9,'Julene Jahn','2156130019627346',8,2027,20,'Mastercard');
-- ------- SAMPLE 333 ----------
INSERT INTO GUEST VALUES(1333,'Irma','Irby','IIrby@yahoo.com','1234 DaWrong Lane','Flonkerton','MD','12345','898-791-5324');
INSERT INTO RESERVATION VALUES ('20191118QD1970732265329',1333,111,'QD','2019-11-18','2019-11-20',null,'complete');
INSERT INTO INVOICECHARGE VALUES ('20191118QD1970732265329-ch00001','20191118QD1970732265329','2019-11-18',191.9,'Base room charge');
INSERT INTO PAYMENT VALUES ('20191118QD1970732265329-p00001','20191118QD1970732265329','2019-11-20','CC',191.9,'Irma Irby','8958717088190744',1,2027,550,'Mastercard');
-- ------- SAMPLE 334 ----------
INSERT INTO GUEST VALUES(1334,'Hanna','Hastie','HHastie@yahoo.com','1234 DaWrong Lane','Flonkerton','MD','12345','213-069-4022');
INSERT INTO RESERVATION VALUES ('20180715QD5814940890231',1334,101,'QD','2018-07-15','2018-07-16',null,'complete');
INSERT INTO INVOICECHARGE VALUES ('20180715QD5814940890231-ch00001','20180715QD5814940890231','2018-07-15',63.33,'Base room charge');
INSERT INTO INVOICECHARGE VALUES ('20180715QD5814940890231-ch00002','20180715QD5814940890231','2018-07-15',32.62,'Room Service');
INSERT INTO PAYMENT VALUES ('20180715QD5814940890231-p00001','20180715QD5814940890231','2018-07-17','CC',95.95,'Hanna Hastie','9758946966494446',7,2024,243,'Mastercard');
-- ------- SAMPLE 335 ----------
INSERT INTO GUEST VALUES(1335,'Natalia','Nowacki','NNowacki@gmail.com','1234 DaWrong Lane','Flonkerton','MD','12345','573-843-9811');
INSERT INTO RESERVATION VALUES ('20210211KJ6827784333541',1335,null,'KJ','2021-02-11','2021-02-14',null,'active');
INSERT INTO INVOICECHARGE VALUES ('20210211KJ6827784333541-ch00001','20210211KJ6827784333541','2021-02-11',274.43,'Base room charge');
INSERT INTO INVOICECHARGE VALUES ('20210211KJ6827784333541-ch00002','20210211KJ6827784333541','2021-02-11',141.37,'Cleaning fee');
INSERT INTO PAYMENT VALUES ('20210211KJ6827784333541-p00001','20210211KJ6827784333541','2021-02-13','CC',415.81,'Natalia Nowacki','2524702484720587',5,2025,474,'Mastercard');
-- ------- SAMPLE 336 ----------
INSERT INTO GUEST VALUES(1336,'Buffy','Beattie','BBeattie@gmail.com','1234 DaWrong Lane','Flonkerton','MD','12345','269-708-8850');
INSERT INTO RESERVATION VALUES ('20190216KJ8449829474552',1336,119,'KJ','2019-02-16','2019-02-17',null,'complete');
INSERT INTO INVOICECHARGE VALUES ('20190216KJ8449829474552-ch00001','20190216KJ8449829474552','2019-02-16',138.6,'Base room charge');
INSERT INTO PAYMENT (payment_id,invoice_id,payment_date,payment_type,payment_amount) VALUES ('20190216KJ8449829474552-p00001','20190216KJ8449829474552','2019-02-18','CA',138.6);
-- ------- SAMPLE 337 ----------
INSERT INTO GUEST VALUES(1337,'Kaley','Kilmon','KKilmon@hotmail.com','1234 DaWrong Lane','Flonkerton','MD','12345','566-418-5522');
INSERT INTO RESERVATION VALUES ('20190331QD6337867610457',1337,200,'QD','2019-03-31','2019-04-04',null,'complete');
INSERT INTO INVOICECHARGE VALUES ('20190331QD6337867610457-ch00001','20190331QD6337867610457','2019-03-31',383.81,'Base room charge');
INSERT INTO PAYMENT (payment_id,invoice_id,payment_date,payment_type,payment_amount) VALUES ('20190331QD6337867610457-p00001','20190331QD6337867610457','2019-04-02','CA',383.81);
-- ------- SAMPLE 338 ----------
INSERT INTO GUEST VALUES(1338,'Shena','Sandoz','SSandoz@gmail.com','1234 DaWrong Lane','Flonkerton','MD','12345','471-091-0047');
INSERT INTO RESERVATION VALUES ('20200104KS1900481498781',1338,102,'KS','2020-01-04','2020-01-05',null,'complete');
INSERT INTO INVOICECHARGE VALUES ('20200104KS1900481498781-ch00001','20200104KS1900481498781','2020-01-04',106.61,'Base room charge');
INSERT INTO PAYMENT (payment_id,invoice_id,payment_date,payment_type,payment_amount) VALUES ('20200104KS1900481498781-p00001','20200104KS1900481498781','2020-01-06','CA',106.61);
-- ------- SAMPLE 339 ----------
INSERT INTO GUEST VALUES(1339,'Liliana','Lueck','LLueck@gmail.com','1234 DaWrong Lane','Flonkerton','MD','12345','653-715-1898');
INSERT INTO RESERVATION VALUES ('20180728QD3656308756790',1339,200,'QD','2018-07-28','2018-07-30',null,'complete');
INSERT INTO INVOICECHARGE VALUES ('20180728QD3656308756790-ch00001','20180728QD3656308756790','2018-07-28',191.9,'Base room charge');
INSERT INTO PAYMENT VALUES ('20180728QD3656308756790-p00001','20180728QD3656308756790','2018-07-30','CC',191.9,'Liliana Lueck','8457595809284989',6,2024,103,'Mastercard');
-- ------- SAMPLE 340 ----------
INSERT INTO GUEST VALUES(1340,'Lakenya','Langston','LLangston@hotmail.com','1234 DaWrong Lane','Flonkerton','MD','12345','971-010-1177');
INSERT INTO RESERVATION VALUES ('20180925KI9040872030741',1340,110,'KI','2018-09-25','2018-09-27',null,'cancelled');
INSERT INTO INVOICECHARGE VALUES ('20180925KI9040872030741-ch00001','20180925KI9040872030741','2018-09-25',170.58,'Base room charge');
INSERT INTO PAYMENT VALUES ('20180925KI9040872030741-p00001','20180925KI9040872030741','2018-09-27','CC',170.58,'Lakenya Langston','4959022199510466',4,2022,308,'Mastercard');
-- ------- SAMPLE 341 ----------
INSERT INTO GUEST VALUES(1341,'Audrey','Aikens','AAikens@gmail.com','1234 DaWrong Lane','Flonkerton','MD','12345','534-926-4184');
INSERT INTO RESERVATION VALUES ('20190925QD5848868851082',1341,200,'QD','2019-09-25','2019-09-30',null,'complete');
INSERT INTO INVOICECHARGE VALUES ('20190925QD5848868851082-ch00001','20190925QD5848868851082','2019-09-25',316.64,'Base room charge');
INSERT INTO INVOICECHARGE VALUES ('20190925QD5848868851082-ch00002','20190925QD5848868851082','2019-09-25',163.12,'Room Service');
INSERT INTO PAYMENT VALUES ('20190925QD5848868851082-p00001','20190925QD5848868851082','2019-09-27','CC',479.76,'Audrey Aikens','9330758612305775',11,2023,100,'Mastercard');
-- ------- SAMPLE 342 ----------
INSERT INTO GUEST VALUES(1342,'Tifany','Temple','TTemple@yahoo.com','1234 DaWrong Lane','Flonkerton','MD','12345','248-011-0666');
INSERT INTO RESERVATION VALUES ('20200826QS6207531163288',1342,null,'QS','2020-08-26','2020-08-28',null,'active');
INSERT INTO INVOICECHARGE VALUES ('20200826QS6207531163288-ch00001','20200826QS6207531163288','2020-08-26',234.55,'Base room charge');
INSERT INTO PAYMENT VALUES ('20200826QS6207531163288-p00001','20200826QS6207531163288','2020-08-28','CC',234.55,'Tifany Temple','6269086254791132',1,2023,333,'Mastercard');
-- ------- SAMPLE 343 ----------
INSERT INTO GUEST VALUES(1343,'Romaine','Reck','RReck@hotmail.com','1234 DaWrong Lane','Flonkerton','MD','12345','407-487-9040');
INSERT INTO RESERVATION VALUES ('20201218KJ4126885078949',1343,null,'KJ','2020-12-18','2020-12-22',null,'active');
INSERT INTO INVOICECHARGE VALUES ('20201218KJ4126885078949-ch00001','20201218KJ4126885078949','2020-12-18',554.41,'Base room charge');
INSERT INTO PAYMENT VALUES ('20201218KJ4126885078949-p00001','20201218KJ4126885078949','2020-12-20','CC',554.41,'Romaine Reck','4760445516996485',10,2024,965,'Mastercard');
-- ------- SAMPLE 344 ----------
INSERT INTO GUEST VALUES(1344,'Raisa','Romito','RRomito@yahoo.com','1234 DaWrong Lane','Flonkerton','MD','12345','345-786-7989');
INSERT INTO RESERVATION VALUES ('20190826KJ1905059303585',1344,208,'KJ','2019-08-26','2019-08-29',null,'complete');
INSERT INTO INVOICECHARGE VALUES ('20190826KJ1905059303585-ch00001','20190826KJ1905059303585','2019-08-26',415.81,'Base room charge');
INSERT INTO PAYMENT VALUES ('20190826KJ1905059303585-p00001','20190826KJ1905059303585','2019-08-28','CC',415.81,'Raisa Romito','9061894596520860',2,2027,84,'Mastercard');
-- ------- SAMPLE 345 ----------
INSERT INTO GUEST VALUES(1345,'Daron','Dycus','DDycus@gmail.com','1234 DaWrong Lane','Flonkerton','MD','12345','038-371-9107');
INSERT INTO RESERVATION VALUES ('20191020QD7616135712935',1345,205,'QD','2019-10-20','2019-10-24',null,'cancelled');
INSERT INTO INVOICECHARGE VALUES ('20191020QD7616135712935-ch00001','20191020QD7616135712935','2019-10-20',383.81,'Base room charge');
INSERT INTO PAYMENT (payment_id,invoice_id,payment_date,payment_type,payment_amount) VALUES ('20191020QD7616135712935-p00001','20191020QD7616135712935','2019-10-22','CA',383.81);
-- ------- SAMPLE 346 ----------
INSERT INTO GUEST VALUES(1346,'Pearlene','Priestly','PPriestly@gmail.com','1234 DaWrong Lane','Flonkerton','MD','12345','417-062-7494');
INSERT INTO RESERVATION VALUES ('20200426QS9295984598930',1346,202,'QS','2020-04-26','2020-04-28',null,'complete');
INSERT INTO INVOICECHARGE VALUES ('20200426QS9295984598930-ch00001','20200426QS9295984598930','2020-04-26',154.81,'Base room charge');
INSERT INTO INVOICECHARGE VALUES ('20200426QS9295984598930-ch00002','20200426QS9295984598930','2020-04-26',79.75,'Room Service');
INSERT INTO PAYMENT (payment_id,invoice_id,payment_date,payment_type,payment_amount) VALUES ('20200426QS9295984598930-p00001','20200426QS9295984598930','2020-04-28','CA',234.55);
-- ------- SAMPLE 347 ----------
INSERT INTO GUEST VALUES(1347,'Rose','Royall','RRoyall@yahoo.com','1234 DaWrong Lane','Flonkerton','MD','12345','644-592-8540');
INSERT INTO RESERVATION VALUES ('20200731QD8054899014888',1347,null,'QD','2020-07-31','2020-08-02',null,'active');
INSERT INTO INVOICECHARGE VALUES ('20200731QD8054899014888-ch00001','20200731QD8054899014888','2020-07-31',191.9,'Base room charge');
INSERT INTO PAYMENT VALUES ('20200731QD8054899014888-p00001','20200731QD8054899014888','2020-08-02','CC',75,'Rose Royall','4956657701852004',7,2024,821,'Mastercard');
-- ------- SAMPLE 348 ----------
INSERT INTO GUEST VALUES(1348,'Ceola','Carasco','CCarasco@gmail.com','1234 DaWrong Lane','Flonkerton','MD','12345','864-333-1077');
INSERT INTO RESERVATION VALUES ('20200117QD7811662323561',1348,106,'QD','2020-01-17','2020-01-18',null,'complete');
INSERT INTO INVOICECHARGE VALUES ('20200117QD7811662323561-ch00001','20200117QD7811662323561','2020-01-17',95.95,'Base room charge');
INSERT INTO PAYMENT VALUES ('20200117QD7811662323561-p00001','20200117QD7811662323561','2020-01-19','CC',95.95,'Ceola Carasco','2222474350946300',7,2021,797,'Mastercard');
-- ------- SAMPLE 349 ----------
INSERT INTO GUEST VALUES(1349,'Buford','Biddy','BBiddy@gmail.com','1234 DaWrong Lane','Flonkerton','MD','12345','926-433-4092');
INSERT INTO RESERVATION VALUES ('20181010KS3329434325023',1349,206,'KS','2018-10-10','2018-10-11',null,'complete');
INSERT INTO INVOICECHARGE VALUES ('20181010KS3329434325023-ch00001','20181010KS3329434325023','2018-10-10',106.61,'Base room charge');
INSERT INTO PAYMENT (payment_id,invoice_id,payment_date,payment_type,payment_amount) VALUES ('20181010KS3329434325023-p00001','20181010KS3329434325023','2018-10-12','CA',106.61);
-- ------- SAMPLE 350 ----------
INSERT INTO GUEST VALUES(1350,'Rose','Royall','RRoyall@yahoo.com','1234 DaWrong Lane','Flonkerton','MD','12345','085-011-6386');
INSERT INTO RESERVATION VALUES ('20190729KS1670661270702',1350,201,'KS','2019-07-29','2019-08-01',null,'complete');
INSERT INTO INVOICECHARGE VALUES ('20190729KS1670661270702-ch00001','20190729KS1670661270702','2019-07-29',319.84,'Base room charge');
INSERT INTO PAYMENT VALUES ('20190729KS1670661270702-p00001','20190729KS1670661270702','2019-07-31','CC',319.84,'Rose Royall','2433117014013599',4,2022,410,'Mastercard');
-- ------- SAMPLE 351 ----------
INSERT INTO GUEST VALUES(1351,'Demarcus','Dearborn','DDearborn@yahoo.com','1234 DaWrong Lane','Flonkerton','MD','12345','320-120-7843');
INSERT INTO RESERVATION VALUES ('20200425QD7333487073382',1351,111,'QD','2020-04-25','2020-04-26',null,'complete');
INSERT INTO INVOICECHARGE VALUES ('20200425QD7333487073382-ch00001','20200425QD7333487073382','2020-04-25',63.33,'Base room charge');
INSERT INTO INVOICECHARGE VALUES ('20200425QD7333487073382-ch00002','20200425QD7333487073382','2020-04-25',32.62,'Cleaning fee');
INSERT INTO PAYMENT VALUES ('20200425QD7333487073382-p00001','20200425QD7333487073382','2020-04-27','CC',95.95,'Demarcus Dearborn','6814107245990044',12,2021,562,'Mastercard');
-- ------- SAMPLE 352 ----------
INSERT INTO GUEST VALUES(1352,'Lincoln','Lattea','LLattea@yahoo.com','1234 DaWrong Lane','Flonkerton','MD','12345','867-411-0215');
INSERT INTO RESERVATION VALUES ('20200204KJ3956527586549',1352,119,'KJ','2020-02-04','2020-02-06',null,'complete');
INSERT INTO INVOICECHARGE VALUES ('20200204KJ3956527586549-ch00001','20200204KJ3956527586549','2020-02-04',277.2,'Base room charge');
INSERT INTO PAYMENT (payment_id,invoice_id,payment_date,payment_type,payment_amount) VALUES ('20200204KJ3956527586549-p00001','20200204KJ3956527586549','2020-02-06','CA',277.2);
-- ------- SAMPLE 353 ----------
INSERT INTO GUEST VALUES(1353,'Shad','Sitler','SSitler@gmail.com','1234 DaWrong Lane','Flonkerton','MD','12345','338-442-5656');
INSERT INTO RESERVATION VALUES ('20191213KI4181817600381',1353,105,'KI','2019-12-13','2019-12-18',null,'complete');
INSERT INTO INVOICECHARGE VALUES ('20191213KI4181817600381-ch00001','20191213KI4181817600381','2019-12-13',426.45,'Base room charge');
INSERT INTO PAYMENT (payment_id,invoice_id,payment_date,payment_type,payment_amount) VALUES ('20191213KI4181817600381-p00001','20191213KI4181817600381','2019-12-15','CA',426.45);
-- ------- SAMPLE 354 ----------
INSERT INTO GUEST VALUES(1354,'Shandi','Scharf','SScharf@gmail.com','1234 DaWrong Lane','Flonkerton','MD','12345','110-756-8379');
INSERT INTO RESERVATION VALUES ('20181201QS1892090242329',1354,207,'QS','2018-12-01','2018-12-02',null,'complete');
INSERT INTO INVOICECHARGE VALUES ('20181201QS1892090242329-ch00001','20181201QS1892090242329','2018-12-01',117.28,'Base room charge');
INSERT INTO PAYMENT (payment_id,invoice_id,payment_date,payment_type,payment_amount) VALUES ('20181201QS1892090242329-p00001','20181201QS1892090242329','2018-12-03','CA',117.28);
-- ------- SAMPLE 355 ----------
INSERT INTO GUEST VALUES(1355,'Aretha','Acy','AAcy@gmail.com','1234 DaWrong Lane','Flonkerton','MD','12345','149-606-9485');
INSERT INTO RESERVATION VALUES ('20201125KJ8387473333550',1355,null,'KJ','2020-11-25','2020-11-30',null,'cancelled');
INSERT INTO INVOICECHARGE VALUES ('20201125KJ8387473333550-ch00001','20201125KJ8387473333550','2020-11-25',693.01,'Base room charge');
INSERT INTO PAYMENT VALUES ('20201125KJ8387473333550-p00001','20201125KJ8387473333550','2020-11-27','CC',297,'Aretha Acy','5145675636587951',9,2026,139,'Mastercard');
-- ------- SAMPLE 356 ----------
INSERT INTO GUEST VALUES(1356,'Natalia','Nowacki','NNowacki@yahoo.com','1234 DaWrong Lane','Flonkerton','MD','12345','005-613-8107');
INSERT INTO RESERVATION VALUES ('20200511QS8553510470272',1356,null,'QS','2020-05-11','2020-05-14',null,'active');
INSERT INTO INVOICECHARGE VALUES ('20200511QS8553510470272-ch00001','20200511QS8553510470272','2020-05-11',351.83,'Base room charge');
INSERT INTO PAYMENT VALUES ('20200511QS8553510470272-p00001','20200511QS8553510470272','2020-05-13','CC',351.83,'Natalia Nowacki','4607438837409238',10,2021,634,'Mastercard');
-- ------- SAMPLE 357 ----------
INSERT INTO GUEST VALUES(1357,'Bradley','Bently','BBently@yahoo.com','1234 DaWrong Lane','Flonkerton','MD','12345','764-757-7406');
INSERT INTO RESERVATION VALUES ('20200620KI9721715424575',1357,null,'KI','2020-06-20','2020-06-21',null,'active');
INSERT INTO INVOICECHARGE VALUES ('20200620KI9721715424575-ch00001','20200620KI9721715424575','2020-06-20',85.29,'Base room charge');
INSERT INTO PAYMENT (payment_id,invoice_id,payment_date,payment_type,payment_amount) VALUES ('20200620KI9721715424575-p00001','20200620KI9721715424575','2020-06-22','CA',85.29);
-- ------- SAMPLE 358 ----------
INSERT INTO GUEST VALUES(1358,'Selene','Staiger','SStaiger@gmail.com','1234 DaWrong Lane','Flonkerton','MD','12345','247-504-6545');
INSERT INTO RESERVATION VALUES ('20181011KI5041987315144',1358,115,'KI','2018-10-11','2018-10-12',null,'cancelled');
INSERT INTO INVOICECHARGE VALUES ('20181011KI5041987315144-ch00001','20181011KI5041987315144','2018-10-11',56.29,'Base room charge');
INSERT INTO INVOICECHARGE VALUES ('20181011KI5041987315144-ch00002','20181011KI5041987315144','2018-10-11',29,'Cleaning fee');
INSERT INTO PAYMENT VALUES ('20181011KI5041987315144-p00001','20181011KI5041987315144','2018-10-13','CC',85.29,'Selene Staiger','4035123891162069',3,2025,612,'Mastercard');
-- ------- SAMPLE 359 ----------
INSERT INTO GUEST VALUES(1359,'Julene','Jahn','JJahn@hotmail.com','1234 DaWrong Lane','Flonkerton','MD','12345','141-083-8512');
INSERT INTO RESERVATION VALUES ('20180530KI6279228404920',1359,120,'KI','2018-05-30','2018-06-03',null,'complete');
INSERT INTO INVOICECHARGE VALUES ('20180530KI6279228404920-ch00001','20180530KI6279228404920','2018-05-30',341.16,'Base room charge');
INSERT INTO PAYMENT (payment_id,invoice_id,payment_date,payment_type,payment_amount) VALUES ('20180530KI6279228404920-p00001','20180530KI6279228404920','2018-06-01','CA',341.16);
-- ------- SAMPLE 360 ----------
INSERT INTO GUEST VALUES(1360,'Kathern','Korn','KKorn@gmail.com','1234 DaWrong Lane','Flonkerton','MD','12345','008-066-2111');
INSERT INTO RESERVATION VALUES ('20210105KS1919073593355',1360,null,'KS','2021-01-05','2021-01-07',null,'active');
INSERT INTO INVOICECHARGE VALUES ('20210105KS1919073593355-ch00001','20210105KS1919073593355','2021-01-05',213.23,'Base room charge');
INSERT INTO PAYMENT VALUES ('20210105KS1919073593355-p00001','20210105KS1919073593355','2021-01-07','CC',213.23,'Kathern Korn','4035923817316791',6,2026,303,'Mastercard');
-- ------- SAMPLE 361 ----------
INSERT INTO GUEST VALUES(1361,'Shawna','Schmit','SSchmit@gmail.com','1234 DaWrong Lane','Flonkerton','MD','12345','799-564-1172');
INSERT INTO RESERVATION VALUES ('20181207KI8856387298431',1361,120,'KI','2018-12-07','2018-12-09',null,'complete');
INSERT INTO INVOICECHARGE VALUES ('20181207KI8856387298431-ch00001','20181207KI8856387298431','2018-12-07',170.58,'Base room charge');
INSERT INTO PAYMENT VALUES ('20181207KI8856387298431-p00001','20181207KI8856387298431','2018-12-09','CC',170.58,'Shawna Schmit','2123571935690896',7,2025,859,'Mastercard');
-- ------- SAMPLE 362 ----------
INSERT INTO GUEST VALUES(1362,'Lincoln','Lattea','LLattea@gmail.com','1234 DaWrong Lane','Flonkerton','MD','12345','642-737-5490');
INSERT INTO RESERVATION VALUES ('20191219KS4904598017853',1362,102,'KS','2019-12-19','2019-12-23',null,'complete');
INSERT INTO INVOICECHARGE VALUES ('20191219KS4904598017853-ch00001','20191219KS4904598017853','2019-12-19',426.46,'Base room charge');
INSERT INTO PAYMENT VALUES ('20191219KS4904598017853-p00001','20191219KS4904598017853','2019-12-21','CC',426.46,'Lincoln Lattea','7791411517528955',2,2022,365,'Mastercard');
-- ------- SAMPLE 363 ----------
INSERT INTO GUEST VALUES(1363,'Dane','Dumond','DDumond@hotmail.com','1234 DaWrong Lane','Flonkerton','MD','12345','852-831-5139');
INSERT INTO RESERVATION VALUES ('20210403QD6375728159254',1363,null,'QD','2021-04-03','2021-04-07',null,'active');
INSERT INTO INVOICECHARGE VALUES ('20210403QD6375728159254-ch00001','20210403QD6375728159254','2021-04-03',383.81,'Base room charge');
INSERT INTO PAYMENT VALUES ('20210403QD6375728159254-p00001','20210403QD6375728159254','2021-04-05','CC',383.81,'Dane Dumond','5381318909662187',3,2027,167,'Mastercard');
-- ------- SAMPLE 364 ----------
INSERT INTO GUEST VALUES(1364,'Rickie','Redfern','RRedfern@yahoo.com','1234 DaWrong Lane','Flonkerton','MD','12345','542-260-3265');
INSERT INTO RESERVATION VALUES ('20200313KS6622652153214',1364,201,'KS','2020-03-13','2020-03-17',null,'complete');
INSERT INTO INVOICECHARGE VALUES ('20200313KS6622652153214-ch00001','20200313KS6622652153214','2020-03-13',281.46,'Base room charge');
INSERT INTO INVOICECHARGE VALUES ('20200313KS6622652153214-ch00002','20200313KS6622652153214','2020-03-13',145,'Room Service');
INSERT INTO PAYMENT VALUES ('20200313KS6622652153214-p00001','20200313KS6622652153214','2020-03-15','CC',426.46,'Rickie Redfern','7233299663234322',9,2027,901,'Mastercard');
-- ------- SAMPLE 365 ----------
INSERT INTO GUEST VALUES(1365,'Raven','Rybicki','RRybicki@hotmail.com','1234 DaWrong Lane','Flonkerton','MD','12345','134-750-3312');
INSERT INTO RESERVATION VALUES ('20190912QD4436024547239',1365,200,'QD','2019-09-12','2019-09-15',null,'complete');
INSERT INTO INVOICECHARGE VALUES ('20190912QD4436024547239-ch00001','20190912QD4436024547239','2019-09-12',287.86,'Base room charge');
INSERT INTO PAYMENT VALUES ('20190912QD4436024547239-p00001','20190912QD4436024547239','2019-09-14','CC',287.86,'Raven Rybicki','7100967149141942',3,2024,914,'Mastercard');
-- ------- SAMPLE 366 ----------
INSERT INTO GUEST VALUES(1366,'Lorean','Loden','LLoden@yahoo.com','1234 DaWrong Lane','Flonkerton','MD','12345','787-446-2252');
INSERT INTO RESERVATION VALUES ('20191110KS9796373954857',1366,117,'KS','2019-11-10','2019-11-13',null,'complete');
INSERT INTO INVOICECHARGE VALUES ('20191110KS9796373954857-ch00001','20191110KS9796373954857','2019-11-10',319.84,'Base room charge');
INSERT INTO PAYMENT VALUES ('20191110KS9796373954857-p00001','20191110KS9796373954857','2019-11-12','CC',319.84,'Lorean Loden','8363214236115423',4,2023,432,'Mastercard');
-- ------- SAMPLE 367 ----------
INSERT INTO GUEST VALUES(1367,'Aretha','Acy','AAcy@gmail.com','1234 DaWrong Lane','Flonkerton','MD','12345','419-844-0075');
INSERT INTO RESERVATION VALUES ('20201114KJ5487052714556',1367,null,'KJ','2020-11-14','2020-11-19',null,'active');
INSERT INTO INVOICECHARGE VALUES ('20201114KJ5487052714556-ch00001','20201114KJ5487052714556','2020-11-14',693.01,'Base room charge');
INSERT INTO PAYMENT (payment_id,invoice_id,payment_date,payment_type,payment_amount) VALUES ('20201114KJ5487052714556-p00001','20201114KJ5487052714556','2020-11-16','CA',693.01);
-- ------- SAMPLE 368 ----------
INSERT INTO GUEST VALUES(1368,'Christine','Ciampa','CCiampa@hotmail.com','1234 DaWrong Lane','Flonkerton','MD','12345','059-523-4847');
INSERT INTO RESERVATION VALUES ('20210417KJ2268550937260',1368,null,'KJ','2021-04-17','2021-04-22',null,'cancelled');
INSERT INTO INVOICECHARGE VALUES ('20210417KJ2268550937260-ch00001','20210417KJ2268550937260','2021-04-17',457.39,'Base room charge');
INSERT INTO INVOICECHARGE VALUES ('20210417KJ2268550937260-ch00002','20210417KJ2268550937260','2021-04-17',235.62,'Cleaning fee');
INSERT INTO PAYMENT VALUES ('20210417KJ2268550937260-p00001','20210417KJ2268550937260','2021-04-19','CC',693.01,'Christine Ciampa','1974569912326583',10,2024,777,'Mastercard');
-- ------- SAMPLE 369 ----------
INSERT INTO GUEST VALUES(1369,'Jeanene','Jacobo','JJacobo@yahoo.com','1234 DaWrong Lane','Flonkerton','MD','12345','794-901-0651');
INSERT INTO RESERVATION VALUES ('20181223KJ9895647785404',1369,114,'KJ','2018-12-23','2018-12-27',null,'complete');
INSERT INTO INVOICECHARGE VALUES ('20181223KJ9895647785404-ch00001','20181223KJ9895647785404','2018-12-23',554.41,'Base room charge');
INSERT INTO PAYMENT VALUES ('20181223KJ9895647785404-p00001','20181223KJ9895647785404','2018-12-25','CC',554.41,'Jeanene Jacobo','8095984346460065',3,2023,514,'Mastercard');
-- ------- SAMPLE 370 ----------
INSERT INTO GUEST VALUES(1370,'Kathey','Kingston','KKingston@gmail.com','1234 DaWrong Lane','Flonkerton','MD','12345','586-921-7294');
INSERT INTO RESERVATION VALUES ('20200711KI2641481826224',1370,null,'KI','2020-07-11','2020-07-12',null,'active');
-- ------- SAMPLE 371 ----------
INSERT INTO GUEST VALUES(1371,'Deandra','Dimauro','DDimauro@hotmail.com','1234 DaWrong Lane','Flonkerton','MD','12345','956-792-5216');
INSERT INTO RESERVATION VALUES ('20190620KI1790610338244',1371,115,'KI','2019-06-20','2019-06-22',null,'complete');
INSERT INTO INVOICECHARGE VALUES ('20190620KI1790610338244-ch00001','20190620KI1790610338244','2019-06-20',112.58,'Base room charge');
INSERT INTO INVOICECHARGE VALUES ('20190620KI1790610338244-ch00002','20190620KI1790610338244','2019-06-20',58,'Room Service');
INSERT INTO PAYMENT VALUES ('20190620KI1790610338244-p00001','20190620KI1790610338244','2019-06-22','CC',170.58,'Deandra Dimauro','1126411448706760',4,2026,131,'Mastercard');
-- ------- SAMPLE 372 ----------
INSERT INTO GUEST VALUES(1372,'Corene','Carmody','CCarmody@yahoo.com','1234 DaWrong Lane','Flonkerton','MD','12345','000-288-5768');
INSERT INTO RESERVATION VALUES ('20201015KI4825557506246',1372,null,'KI','2020-10-15','2020-10-17',null,'active');
-- ------- SAMPLE 373 ----------
INSERT INTO GUEST VALUES(1373,'Vicky','Vanderhoff','VVanderhoff@yahoo.com','1234 DaWrong Lane','Flonkerton','MD','12345','862-272-0728');
INSERT INTO RESERVATION VALUES ('20190713KJ5210976047277',1373,208,'KJ','2019-07-13','2019-07-16',null,'complete');
INSERT INTO INVOICECHARGE VALUES ('20190713KJ5210976047277-ch00001','20190713KJ5210976047277','2019-07-13',274.43,'Base room charge');
INSERT INTO INVOICECHARGE VALUES ('20190713KJ5210976047277-ch00002','20190713KJ5210976047277','2019-07-13',141.37,'Cleaning fee');
INSERT INTO PAYMENT (payment_id,invoice_id,payment_date,payment_type,payment_amount) VALUES ('20190713KJ5210976047277-p00001','20190713KJ5210976047277','2019-07-15','CA',415.81);
-- ------- SAMPLE 374 ----------
INSERT INTO GUEST VALUES(1374,'Tifany','Temple','TTemple@gmail.com','1234 DaWrong Lane','Flonkerton','MD','12345','556-810-8039');
INSERT INTO RESERVATION VALUES ('20180926QD7170190150542',1374,200,'QD','2018-09-26','2018-10-01',null,'complete');
INSERT INTO INVOICECHARGE VALUES ('20180926QD7170190150542-ch00001','20180926QD7170190150542','2018-09-26',479.76,'Base room charge');
INSERT INTO PAYMENT VALUES ('20180926QD7170190150542-p00001','20180926QD7170190150542','2018-09-28','CC',479.76,'Tifany Temple','5323539715867311',11,2022,534,'Mastercard');
-- ------- SAMPLE 375 ----------
INSERT INTO GUEST VALUES(1375,'Demarcus','Dearborn','DDearborn@yahoo.com','1234 DaWrong Lane','Flonkerton','MD','12345','388-982-7193');
INSERT INTO RESERVATION VALUES ('20190219KI7832194657868',1375,115,'KI','2019-02-19','2019-02-24',null,'complete');
INSERT INTO INVOICECHARGE VALUES ('20190219KI7832194657868-ch00001','20190219KI7832194657868','2019-02-19',281.45,'Base room charge');
INSERT INTO INVOICECHARGE VALUES ('20190219KI7832194657868-ch00002','20190219KI7832194657868','2019-02-19',144.99,'Room Service');
INSERT INTO PAYMENT VALUES ('20190219KI7832194657868-p00001','20190219KI7832194657868','2019-02-21','CC',426.45,'Demarcus Dearborn','9649443198675493',2,2022,741,'Mastercard');
-- ------- SAMPLE 376 ----------
INSERT INTO GUEST VALUES(1376,'Asa','Allan','AAllan@yahoo.com','1234 DaWrong Lane','Flonkerton','MD','12345','336-107-6380');
INSERT INTO RESERVATION VALUES ('20200924KJ3443123803341',1376,null,'KJ','2020-09-24','2020-09-28',null,'active');
INSERT INTO INVOICECHARGE VALUES ('20200924KJ3443123803341-ch00001','20200924KJ3443123803341','2020-09-24',554.41,'Base room charge');
INSERT INTO PAYMENT VALUES ('20200924KJ3443123803341-p00001','20200924KJ3443123803341','2020-09-26','CC',41,'Asa Allan','4069412962497887',10,2026,883,'Mastercard');
-- ------- SAMPLE 377 ----------
INSERT INTO GUEST VALUES(1377,'James','Janey','JJaney@hotmail.com','1234 DaWrong Lane','Flonkerton','MD','12345','597-544-2929');
INSERT INTO RESERVATION VALUES ('20200201KS8501598475994',1377,117,'KS','2020-02-01','2020-02-03',null,'complete');
INSERT INTO INVOICECHARGE VALUES ('20200201KS8501598475994-ch00001','20200201KS8501598475994','2020-02-01',140.73,'Base room charge');
INSERT INTO INVOICECHARGE VALUES ('20200201KS8501598475994-ch00002','20200201KS8501598475994','2020-02-01',72.5,'Room Service');
INSERT INTO PAYMENT VALUES ('20200201KS8501598475994-p00001','20200201KS8501598475994','2020-02-03','CC',213.23,'James Janey','8493073161996303',12,2026,630,'Mastercard');
-- ------- SAMPLE 378 ----------
INSERT INTO GUEST VALUES(1378,'Reita','Rudder','RRudder@gmail.com','1234 DaWrong Lane','Flonkerton','MD','12345','418-241-2644');
INSERT INTO RESERVATION VALUES ('20210501KS7782982518338',1378,null,'KS','2021-05-01','2021-05-03',null,'cancelled');
-- ------- SAMPLE 379 ----------
INSERT INTO GUEST VALUES(1379,'Florentino','Feth','FFeth@yahoo.com','1234 DaWrong Lane','Flonkerton','MD','12345','603-677-8298');
INSERT INTO RESERVATION VALUES ('20190311KJ6060313588279',1379,203,'KJ','2019-03-11','2019-03-15',null,'complete');
INSERT INTO INVOICECHARGE VALUES ('20190311KJ6060313588279-ch00001','20190311KJ6060313588279','2019-03-11',365.91,'Base room charge');
INSERT INTO INVOICECHARGE VALUES ('20190311KJ6060313588279-ch00002','20190311KJ6060313588279','2019-03-11',188.5,'Cleaning fee');
INSERT INTO PAYMENT VALUES ('20190311KJ6060313588279-p00001','20190311KJ6060313588279','2019-03-13','CC',554.41,'Florentino Feth','4406746004108650',9,2021,773,'Mastercard');
-- ------- SAMPLE 380 ----------
INSERT INTO GUEST VALUES(1380,'Collin','Chaparro','CChaparro@yahoo.com','1234 DaWrong Lane','Flonkerton','MD','12345','846-116-0167');
INSERT INTO RESERVATION VALUES ('20210325QD1803733160620',1380,null,'QD','2021-03-25','2021-03-29',null,'active');
-- ------- SAMPLE 381 ----------
INSERT INTO GUEST VALUES(1381,'Luella','Lundstrom','LLundstrom@gmail.com','1234 DaWrong Lane','Flonkerton','MD','12345','401-438-8601');
INSERT INTO RESERVATION VALUES ('20190517KS5819499070193',1381,201,'KS','2019-05-17','2019-05-19',null,'complete');
INSERT INTO INVOICECHARGE VALUES ('20190517KS5819499070193-ch00001','20190517KS5819499070193','2019-05-17',213.23,'Base room charge');
INSERT INTO PAYMENT (payment_id,invoice_id,payment_date,payment_type,payment_amount) VALUES ('20190517KS5819499070193-p00001','20190517KS5819499070193','2019-05-19','CA',213.23);
-- ------- SAMPLE 382 ----------
INSERT INTO GUEST VALUES(1382,'Tanner','Tomasello','TTomasello@yahoo.com','1234 DaWrong Lane','Flonkerton','MD','12345','598-111-5589');
INSERT INTO RESERVATION VALUES ('20201024KJ6911883255682',1382,null,'KJ','2020-10-24','2020-10-27',null,'active');
INSERT INTO INVOICECHARGE VALUES ('20201024KJ6911883255682-ch00001','20201024KJ6911883255682','2020-10-24',415.81,'Base room charge');
INSERT INTO PAYMENT (payment_id,invoice_id,payment_date,payment_type,payment_amount) VALUES ('20201024KJ6911883255682-p00001','20201024KJ6911883255682','2020-10-26','CA',415.81);
-- ------- SAMPLE 383 ----------
INSERT INTO GUEST VALUES(1383,'Missy','Mcclintock','MMcclintock@yahoo.com','1234 DaWrong Lane','Flonkerton','MD','12345','061-038-0348');
INSERT INTO RESERVATION VALUES ('20200806KS1153194414098',1383,null,'KS','2020-08-06','2020-08-09',null,'active');
INSERT INTO INVOICECHARGE VALUES ('20200806KS1153194414098-ch00001','20200806KS1153194414098','2020-08-06',319.84,'Base room charge');
INSERT INTO PAYMENT (payment_id,invoice_id,payment_date,payment_type,payment_amount) VALUES ('20200806KS1153194414098-p00001','20200806KS1153194414098','2020-08-08','CA',154);
-- ------- SAMPLE 384 ----------
INSERT INTO GUEST VALUES(1384,'Shad','Sitler','SSitler@gmail.com','1234 DaWrong Lane','Flonkerton','MD','12345','820-981-5337');
INSERT INTO RESERVATION VALUES ('20200321QS1920846147242',1384,103,'QS','2020-03-21','2020-03-22',null,'complete');
INSERT INTO INVOICECHARGE VALUES ('20200321QS1920846147242-ch00001','20200321QS1920846147242','2020-03-21',77.4,'Base room charge');
INSERT INTO INVOICECHARGE VALUES ('20200321QS1920846147242-ch00002','20200321QS1920846147242','2020-03-21',39.87,'Room Service');
INSERT INTO PAYMENT VALUES ('20200321QS1920846147242-p00001','20200321QS1920846147242','2020-03-23','CC',117.28,'Shad Sitler','1409397193088477',9,2024,673,'Mastercard');
-- ------- SAMPLE 385 ----------
INSERT INTO GUEST VALUES(1385,'Georgianne','Guadarrama','GGuadarrama@gmail.com','1234 DaWrong Lane','Flonkerton','MD','12345','861-307-9386');
INSERT INTO RESERVATION VALUES ('20190523KJ3585123276831',1385,104,'KJ','2019-05-23','2019-05-24',null,'complete');
INSERT INTO INVOICECHARGE VALUES ('20190523KJ3585123276831-ch00001','20190523KJ3585123276831','2019-05-23',91.48,'Base room charge');
INSERT INTO INVOICECHARGE VALUES ('20190523KJ3585123276831-ch00002','20190523KJ3585123276831','2019-05-23',47.12,'Cleaning fee');
INSERT INTO PAYMENT (payment_id,invoice_id,payment_date,payment_type,payment_amount) VALUES ('20190523KJ3585123276831-p00001','20190523KJ3585123276831','2019-05-25','CA',138.6);
-- ------- SAMPLE 386 ----------
INSERT INTO GUEST VALUES(1386,'Daron','Dycus','DDycus@yahoo.com','1234 DaWrong Lane','Flonkerton','MD','12345','380-308-0936');
INSERT INTO RESERVATION VALUES ('20200202QD4277293007071',1386,101,'QD','2020-02-02','2020-02-07',null,'complete');
INSERT INTO INVOICECHARGE VALUES ('20200202QD4277293007071-ch00001','20200202QD4277293007071','2020-02-02',316.64,'Base room charge');
INSERT INTO INVOICECHARGE VALUES ('20200202QD4277293007071-ch00002','20200202QD4277293007071','2020-02-02',163.12,'Room Service');
INSERT INTO PAYMENT VALUES ('20200202QD4277293007071-p00001','20200202QD4277293007071','2020-02-04','CC',479.76,'Daron Dycus','8135249937664413',3,2021,645,'Mastercard');
-- ------- SAMPLE 387 ----------
INSERT INTO GUEST VALUES(1387,'Jeanene','Jacobo','JJacobo@yahoo.com','1234 DaWrong Lane','Flonkerton','MD','12345','003-290-0756');
INSERT INTO RESERVATION VALUES ('20200215KI9867757463940',1387,115,'KI','2020-02-15','2020-02-18',null,'complete');
INSERT INTO INVOICECHARGE VALUES ('20200215KI9867757463940-ch00001','20200215KI9867757463940','2020-02-15',168.87,'Base room charge');
INSERT INTO INVOICECHARGE VALUES ('20200215KI9867757463940-ch00002','20200215KI9867757463940','2020-02-15',87,'Cleaning fee');
INSERT INTO PAYMENT VALUES ('20200215KI9867757463940-p00001','20200215KI9867757463940','2020-02-17','CC',255.87,'Jeanene Jacobo','2383420579893676',12,2027,827,'Mastercard');
-- ------- SAMPLE 388 ----------
INSERT INTO GUEST VALUES(1388,'Lucius','Liles','LLiles@yahoo.com','1234 DaWrong Lane','Flonkerton','MD','12345','133-317-6992');
INSERT INTO RESERVATION VALUES ('20181014QS4192000406130',1388,202,'QS','2018-10-14','2018-10-15',null,'complete');
INSERT INTO INVOICECHARGE VALUES ('20181014QS4192000406130-ch00001','20181014QS4192000406130','2018-10-14',77.4,'Base room charge');
INSERT INTO INVOICECHARGE VALUES ('20181014QS4192000406130-ch00002','20181014QS4192000406130','2018-10-14',39.87,'Cleaning fee');
INSERT INTO PAYMENT VALUES ('20181014QS4192000406130-p00001','20181014QS4192000406130','2018-10-16','CC',117.28,'Lucius Liles','3635486797064214',9,2022,402,'Mastercard');
-- ------- SAMPLE 389 ----------
INSERT INTO GUEST VALUES(1389,'Natalia','Nowacki','NNowacki@gmail.com','1234 DaWrong Lane','Flonkerton','MD','12345','299-765-3944');
INSERT INTO RESERVATION VALUES ('20200531KJ7805355523159',1389,null,'KJ','2020-05-31','2020-06-03',null,'active');
-- ------- SAMPLE 390 ----------
INSERT INTO GUEST VALUES(1390,'Shandi','Scharf','SScharf@gmail.com','1234 DaWrong Lane','Flonkerton','MD','12345','414-145-4779');
INSERT INTO RESERVATION VALUES ('20200814QD3679030152114',1390,null,'QD','2020-08-14','2020-08-16',null,'active');
INSERT INTO INVOICECHARGE VALUES ('20200814QD3679030152114-ch00001','20200814QD3679030152114','2020-08-14',191.9,'Base room charge');
INSERT INTO PAYMENT VALUES ('20200814QD3679030152114-p00001','20200814QD3679030152114','2020-08-16','CC',81,'Shandi Scharf','3737064122998000',12,2027,707,'Mastercard');
-- ------- SAMPLE 391 ----------
INSERT INTO GUEST VALUES(1391,'Kasey','Kipp','KKipp@hotmail.com','1234 DaWrong Lane','Flonkerton','MD','12345','690-544-9850');
INSERT INTO RESERVATION VALUES ('20180914KJ3494805991142',1391,109,'KJ','2018-09-14','2018-09-19',null,'complete');
INSERT INTO INVOICECHARGE VALUES ('20180914KJ3494805991142-ch00001','20180914KJ3494805991142','2018-09-14',693.01,'Base room charge');
INSERT INTO PAYMENT VALUES ('20180914KJ3494805991142-p00001','20180914KJ3494805991142','2018-09-16','CC',693.01,'Kasey Kipp','5215016705342210',3,2023,999,'Mastercard');
-- ------- SAMPLE 392 ----------
INSERT INTO GUEST VALUES(1392,'Louisa','Laroque','LLaroque@yahoo.com','1234 DaWrong Lane','Flonkerton','MD','12345','186-677-5723');
INSERT INTO RESERVATION VALUES ('20200516KI9033867554128',1392,null,'KI','2020-05-16','2020-05-19',null,'active');
INSERT INTO INVOICECHARGE VALUES ('20200516KI9033867554128-ch00001','20200516KI9033867554128','2020-05-16',255.87,'Base room charge');
INSERT INTO PAYMENT (payment_id,invoice_id,payment_date,payment_type,payment_amount) VALUES ('20200516KI9033867554128-p00001','20200516KI9033867554128','2020-05-18','CA',255.87);
-- ------- SAMPLE 393 ----------
INSERT INTO GUEST VALUES(1393,'Hanna','Hastie','HHastie@hotmail.com','1234 DaWrong Lane','Flonkerton','MD','12345','830-672-7514');
INSERT INTO RESERVATION VALUES ('20200322QS9024369677982',1393,118,'QS','2020-03-22','2020-03-26',null,'complete');
INSERT INTO INVOICECHARGE VALUES ('20200322QS9024369677982-ch00001','20200322QS9024369677982','2020-03-22',309.61,'Base room charge');
INSERT INTO INVOICECHARGE VALUES ('20200322QS9024369677982-ch00002','20200322QS9024369677982','2020-03-22',159.5,'Room Service');
INSERT INTO PAYMENT VALUES ('20200322QS9024369677982-p00001','20200322QS9024369677982','2020-03-24','CC',469.11,'Hanna Hastie','3594508732143627',4,2024,404,'Mastercard');
-- ------- SAMPLE 394 ----------
INSERT INTO GUEST VALUES(1394,'Shandi','Scharf','SScharf@yahoo.com','1234 DaWrong Lane','Flonkerton','MD','12345','078-734-6589');
INSERT INTO RESERVATION VALUES ('20191015KJ3889113828041',1394,203,'KJ','2019-10-15','2019-10-16',null,'cancelled');
INSERT INTO INVOICECHARGE VALUES ('20191015KJ3889113828041-ch00001','20191015KJ3889113828041','2019-10-15',138.6,'Base room charge');
INSERT INTO PAYMENT VALUES ('20191015KJ3889113828041-p00001','20191015KJ3889113828041','2019-10-17','CC',138.6,'Shandi Scharf','3732150623492185',10,2026,687,'Mastercard');
-- ------- SAMPLE 395 ----------
INSERT INTO GUEST VALUES(1395,'Boyce','Bate','BBate@yahoo.com','1234 DaWrong Lane','Flonkerton','MD','12345','826-546-0531');
INSERT INTO RESERVATION VALUES ('20210327KS3073448693884',1395,null,'KS','2021-03-27','2021-03-28',null,'active');
INSERT INTO INVOICECHARGE VALUES ('20210327KS3073448693884-ch00001','20210327KS3073448693884','2021-03-27',106.61,'Base room charge');
INSERT INTO PAYMENT (payment_id,invoice_id,payment_date,payment_type,payment_amount) VALUES ('20210327KS3073448693884-p00001','20210327KS3073448693884','2021-03-29','CA',40);
-- ------- SAMPLE 396 ----------
INSERT INTO GUEST VALUES(1396,'Natalya','Neathery','NNeathery@gmail.com','1234 DaWrong Lane','Flonkerton','MD','12345','552-157-4200');
INSERT INTO RESERVATION VALUES ('20180927KS2296590535180',1396,206,'KS','2018-09-27','2018-10-01',null,'complete');
INSERT INTO INVOICECHARGE VALUES ('20180927KS2296590535180-ch00001','20180927KS2296590535180','2018-09-27',281.46,'Base room charge');
INSERT INTO INVOICECHARGE VALUES ('20180927KS2296590535180-ch00002','20180927KS2296590535180','2018-09-27',145,'Cleaning fee');
INSERT INTO PAYMENT VALUES ('20180927KS2296590535180-p00001','20180927KS2296590535180','2018-09-29','CC',426.46,'Natalya Neathery','6310419405360513',1,2021,41,'Mastercard');
-- ------- SAMPLE 397 ----------
INSERT INTO GUEST VALUES(1397,'Rickie','Redfern','RRedfern@yahoo.com','1234 DaWrong Lane','Flonkerton','MD','12345','312-442-0103');
INSERT INTO RESERVATION VALUES ('20210405KS5104559946739',1397,null,'KS','2021-04-05','2021-04-07',null,'active');
INSERT INTO INVOICECHARGE VALUES ('20210405KS5104559946739-ch00001','20210405KS5104559946739','2021-04-05',140.73,'Base room charge');
INSERT INTO INVOICECHARGE VALUES ('20210405KS5104559946739-ch00002','20210405KS5104559946739','2021-04-05',72.5,'Cleaning fee');
INSERT INTO PAYMENT (payment_id,invoice_id,payment_date,payment_type,payment_amount) VALUES ('20210405KS5104559946739-p00001','20210405KS5104559946739','2021-04-07','CA',213.23);
-- ------- SAMPLE 398 ----------
INSERT INTO GUEST VALUES(1398,'Luella','Lundstrom','LLundstrom@gmail.com','1234 DaWrong Lane','Flonkerton','MD','12345','031-628-7117');
INSERT INTO RESERVATION VALUES ('20200111KJ3594519383387',1398,104,'KJ','2020-01-11','2020-01-14',null,'complete');
INSERT INTO INVOICECHARGE VALUES ('20200111KJ3594519383387-ch00001','20200111KJ3594519383387','2020-01-11',274.43,'Base room charge');
INSERT INTO INVOICECHARGE VALUES ('20200111KJ3594519383387-ch00002','20200111KJ3594519383387','2020-01-11',141.37,'Cleaning fee');
INSERT INTO PAYMENT VALUES ('20200111KJ3594519383387-p00001','20200111KJ3594519383387','2020-01-13','CC',415.81,'Luella Lundstrom','7768756285540026',11,2027,270,'Mastercard');
-- ------- SAMPLE 399 ----------
INSERT INTO GUEST VALUES(1399,'Theodora','Trickey','TTrickey@gmail.com','1234 DaWrong Lane','Flonkerton','MD','12345','646-512-0309');
INSERT INTO RESERVATION VALUES ('20200504KS2469078681740',1399,201,'KS','2020-05-04','2020-05-06',null,'complete');
INSERT INTO INVOICECHARGE VALUES ('20200504KS2469078681740-ch00001','20200504KS2469078681740','2020-05-04',140.73,'Base room charge');
INSERT INTO INVOICECHARGE VALUES ('20200504KS2469078681740-ch00002','20200504KS2469078681740','2020-05-04',72.5,'Cleaning fee');
INSERT INTO PAYMENT VALUES ('20200504KS2469078681740-p00001','20200504KS2469078681740','2020-05-06','CC',142,'Theodora Trickey','9074285692466909',11,2021,633,'Mastercard');
-- ------- SAMPLE 400 ----------
INSERT INTO GUEST VALUES(1400,'Hanna','Hastie','HHastie@hotmail.com','1234 DaWrong Lane','Flonkerton','MD','12345','519-943-3190');
INSERT INTO RESERVATION VALUES ('20200618QD1510914947373',1400,null,'QD','2020-06-18','2020-06-21',null,'active');
INSERT INTO INVOICECHARGE VALUES ('20200618QD1510914947373-ch00001','20200618QD1510914947373','2020-06-18',287.86,'Base room charge');
INSERT INTO PAYMENT VALUES ('20200618QD1510914947373-p00001','20200618QD1510914947373','2020-06-20','CC',287.86,'Hanna Hastie','1509103435503393',7,2027,26,'Mastercard');
-- ------- SAMPLE 401 ----------
INSERT INTO GUEST VALUES(1401,'Collin','Chaparro','CChaparro@gmail.com','1234 DaWrong Lane','Flonkerton','MD','12345','164-900-3061');
INSERT INTO RESERVATION VALUES ('20190731QS7935183604752',1401,108,'QS','2019-07-31','2019-08-02',null,'complete');
INSERT INTO INVOICECHARGE VALUES ('20190731QS7935183604752-ch00001','20190731QS7935183604752','2019-07-31',234.55,'Base room charge');
INSERT INTO PAYMENT (payment_id,invoice_id,payment_date,payment_type,payment_amount) VALUES ('20190731QS7935183604752-p00001','20190731QS7935183604752','2019-08-02','CA',234.55);
-- ------- SAMPLE 402 ----------
INSERT INTO GUEST VALUES(1402,'Shae','Sansom','SSansom@gmail.com','1234 DaWrong Lane','Flonkerton','MD','12345','436-564-7096');
INSERT INTO RESERVATION VALUES ('20190109QD4342849306212',1402,111,'QD','2019-01-09','2019-01-10',null,'complete');
INSERT INTO INVOICECHARGE VALUES ('20190109QD4342849306212-ch00001','20190109QD4342849306212','2019-01-09',63.33,'Base room charge');
INSERT INTO INVOICECHARGE VALUES ('20190109QD4342849306212-ch00002','20190109QD4342849306212','2019-01-09',32.62,'Cleaning fee');
INSERT INTO PAYMENT (payment_id,invoice_id,payment_date,payment_type,payment_amount) VALUES ('20190109QD4342849306212-p00001','20190109QD4342849306212','2019-01-11','CA',95.95);
-- ------- SAMPLE 403 ----------
INSERT INTO GUEST VALUES(1403,'Delsie','Delong','DDelong@gmail.com','1234 DaWrong Lane','Flonkerton','MD','12345','482-003-8521');
INSERT INTO RESERVATION VALUES ('20200714QD8851840570220',1403,null,'QD','2020-07-14','2020-07-16',null,'active');
INSERT INTO INVOICECHARGE VALUES ('20200714QD8851840570220-ch00001','20200714QD8851840570220','2020-07-14',126.66,'Base room charge');
INSERT INTO INVOICECHARGE VALUES ('20200714QD8851840570220-ch00002','20200714QD8851840570220','2020-07-14',65.25,'Cleaning fee');
INSERT INTO PAYMENT (payment_id,invoice_id,payment_date,payment_type,payment_amount) VALUES ('20200714QD8851840570220-p00001','20200714QD8851840570220','2020-07-16','CA',191.9);
-- ------- SAMPLE 404 ----------
INSERT INTO GUEST VALUES(1404,'Fiona','Figgs','FFiggs@yahoo.com','1234 DaWrong Lane','Flonkerton','MD','12345','379-674-4739');
INSERT INTO RESERVATION VALUES ('20201127KI4075927868173',1404,null,'KI','2020-11-27','2020-11-28',null,'active');
INSERT INTO INVOICECHARGE VALUES ('20201127KI4075927868173-ch00001','20201127KI4075927868173','2020-11-27',56.29,'Base room charge');
INSERT INTO INVOICECHARGE VALUES ('20201127KI4075927868173-ch00002','20201127KI4075927868173','2020-11-27',29,'Room Service');
INSERT INTO PAYMENT (payment_id,invoice_id,payment_date,payment_type,payment_amount) VALUES ('20201127KI4075927868173-p00001','20201127KI4075927868173','2020-11-29','CA',85.29);
-- ------- SAMPLE 405 ----------
INSERT INTO GUEST VALUES(1405,'Malia','Molden','MMolden@gmail.com','1234 DaWrong Lane','Flonkerton','MD','12345','404-014-9932');
INSERT INTO RESERVATION VALUES ('20200723KI6046403815688',1405,null,'KI','2020-07-23','2020-07-26',null,'active');
-- ------- SAMPLE 406 ----------
INSERT INTO GUEST VALUES(1406,'Kerstin','Khalaf','KKhalaf@gmail.com','1234 DaWrong Lane','Flonkerton','MD','12345','614-765-9198');
INSERT INTO RESERVATION VALUES ('20180511KJ3485317942410',1406,114,'KJ','2018-05-11','2018-05-12',null,'complete');
INSERT INTO INVOICECHARGE VALUES ('20180511KJ3485317942410-ch00001','20180511KJ3485317942410','2018-05-11',138.6,'Base room charge');
INSERT INTO PAYMENT (payment_id,invoice_id,payment_date,payment_type,payment_amount) VALUES ('20180511KJ3485317942410-p00001','20180511KJ3485317942410','2018-05-13','CA',138.6);
-- ------- SAMPLE 407 ----------
INSERT INTO GUEST VALUES(1407,'Walter','Wellington','WWellington@hotmail.com','1234 DaWrong Lane','Flonkerton','MD','12345','271-978-7987');
INSERT INTO RESERVATION VALUES ('20201024QD6729532570858',1407,null,'QD','2020-10-24','2020-10-28',null,'active');
-- ------- SAMPLE 408 ----------
INSERT INTO GUEST VALUES(1408,'Tish','Tusing','TTusing@hotmail.com','1234 DaWrong Lane','Flonkerton','MD','12345','710-368-7661');
INSERT INTO RESERVATION VALUES ('20200424QD1633592892546',1408,205,'QD','2020-04-24','2020-04-28',null,'complete');
INSERT INTO INVOICECHARGE VALUES ('20200424QD1633592892546-ch00001','20200424QD1633592892546','2020-04-24',253.31,'Base room charge');
INSERT INTO INVOICECHARGE VALUES ('20200424QD1633592892546-ch00002','20200424QD1633592892546','2020-04-24',130.49,'Room Service');
INSERT INTO PAYMENT VALUES ('20200424QD1633592892546-p00001','20200424QD1633592892546','2020-04-26','CC',383.81,'Tish Tusing','2736220714998698',5,2025,41,'Mastercard');
-- ------- SAMPLE 409 ----------
INSERT INTO GUEST VALUES(1409,'Theodora','Trickey','TTrickey@hotmail.com','1234 DaWrong Lane','Flonkerton','MD','12345','859-402-9616');
INSERT INTO RESERVATION VALUES ('20200727KI6922004904242',1409,null,'KI','2020-07-27','2020-07-28',null,'active');
INSERT INTO INVOICECHARGE VALUES ('20200727KI6922004904242-ch00001','20200727KI6922004904242','2020-07-27',85.29,'Base room charge');
INSERT INTO PAYMENT VALUES ('20200727KI6922004904242-p00001','20200727KI6922004904242','2020-07-29','CC',85.29,'Theodora Trickey','7188798043773868',5,2023,413,'Mastercard');
-- ------- SAMPLE 410 ----------
INSERT INTO GUEST VALUES(1410,'Rose','Royall','RRoyall@yahoo.com','1234 DaWrong Lane','Flonkerton','MD','12345','568-473-1741');
INSERT INTO RESERVATION VALUES ('20190816KS2692966605774',1410,107,'KS','2019-08-16','2019-08-19',null,'complete');
INSERT INTO INVOICECHARGE VALUES ('20190816KS2692966605774-ch00001','20190816KS2692966605774','2019-08-16',211.1,'Base room charge');
INSERT INTO INVOICECHARGE VALUES ('20190816KS2692966605774-ch00002','20190816KS2692966605774','2019-08-16',108.75,'Room Service');
INSERT INTO PAYMENT VALUES ('20190816KS2692966605774-p00001','20190816KS2692966605774','2019-08-18','CC',319.84,'Rose Royall','2645143029876030',7,2024,796,'Mastercard');
-- ------- SAMPLE 411 ----------
INSERT INTO GUEST VALUES(1411,'Rosemarie','Roeser','RRoeser@yahoo.com','1234 DaWrong Lane','Flonkerton','MD','12345','184-519-5643');
INSERT INTO RESERVATION VALUES ('20181201QD7327089122235',1411,111,'QD','2018-12-01','2018-12-04',null,'complete');
INSERT INTO INVOICECHARGE VALUES ('20181201QD7327089122235-ch00001','20181201QD7327089122235','2018-12-01',287.86,'Base room charge');
INSERT INTO PAYMENT VALUES ('20181201QD7327089122235-p00001','20181201QD7327089122235','2018-12-03','CC',287.86,'Rosemarie Roeser','7693759737544836',11,2022,54,'Mastercard');
-- ------- SAMPLE 412 ----------
INSERT INTO GUEST VALUES(1412,'Ella','Evanoff','EEvanoff@hotmail.com','1234 DaWrong Lane','Flonkerton','MD','12345','019-952-0436');
INSERT INTO RESERVATION VALUES ('20191021KJ2865829730202',1412,109,'KJ','2019-10-21','2019-10-23',null,'complete');
INSERT INTO INVOICECHARGE VALUES ('20191021KJ2865829730202-ch00001','20191021KJ2865829730202','2019-10-21',182.95,'Base room charge');
INSERT INTO INVOICECHARGE VALUES ('20191021KJ2865829730202-ch00002','20191021KJ2865829730202','2019-10-21',94.25,'Room Service');
INSERT INTO PAYMENT VALUES ('20191021KJ2865829730202-p00001','20191021KJ2865829730202','2019-10-23','CC',277.2,'Ella Evanoff','4834773457363584',10,2023,388,'Mastercard');
-- ------- SAMPLE 413 ----------
INSERT INTO GUEST VALUES(1413,'Florentino','Feth','FFeth@hotmail.com','1234 DaWrong Lane','Flonkerton','MD','12345','979-560-0137');
INSERT INTO RESERVATION VALUES ('20210110KI4987456116849',1413,null,'KI','2021-01-10','2021-01-12',null,'active');
INSERT INTO INVOICECHARGE VALUES ('20210110KI4987456116849-ch00001','20210110KI4987456116849','2021-01-10',112.58,'Base room charge');
INSERT INTO INVOICECHARGE VALUES ('20210110KI4987456116849-ch00002','20210110KI4987456116849','2021-01-10',58,'Cleaning fee');
INSERT INTO PAYMENT (payment_id,invoice_id,payment_date,payment_type,payment_amount) VALUES ('20210110KI4987456116849-p00001','20210110KI4987456116849','2021-01-12','CA',170.58);
-- ------- SAMPLE 414 ----------
INSERT INTO GUEST VALUES(1414,'Pearlene','Priestly','PPriestly@hotmail.com','1234 DaWrong Lane','Flonkerton','MD','12345','990-071-6803');
INSERT INTO RESERVATION VALUES ('20210130KJ2972387043801',1414,null,'KJ','2021-01-30','2021-01-31',null,'cancelled');
-- ------- SAMPLE 415 ----------
INSERT INTO GUEST VALUES(1415,'Julene','Jahn','JJahn@gmail.com','1234 DaWrong Lane','Flonkerton','MD','12345','896-185-8615');
INSERT INTO RESERVATION VALUES ('20210110KS5840101188352',1415,null,'KS','2021-01-10','2021-01-14',null,'active');
INSERT INTO INVOICECHARGE VALUES ('20210110KS5840101188352-ch00001','20210110KS5840101188352','2021-01-10',281.46,'Base room charge');
INSERT INTO INVOICECHARGE VALUES ('20210110KS5840101188352-ch00002','20210110KS5840101188352','2021-01-10',145,'Room Service');
INSERT INTO PAYMENT VALUES ('20210110KS5840101188352-p00001','20210110KS5840101188352','2021-01-12','CC',206,'Julene Jahn','2603892579488181',1,2027,761,'Mastercard');
-- ------- SAMPLE 416 ----------
INSERT INTO GUEST VALUES(1416,'Tifany','Temple','TTemple@hotmail.com','1234 DaWrong Lane','Flonkerton','MD','12345','188-195-0229');
INSERT INTO RESERVATION VALUES ('20210318QD2674795613220',1416,null,'QD','2021-03-18','2021-03-22',null,'active');
INSERT INTO INVOICECHARGE VALUES ('20210318QD2674795613220-ch00001','20210318QD2674795613220','2021-03-18',253.31,'Base room charge');
INSERT INTO INVOICECHARGE VALUES ('20210318QD2674795613220-ch00002','20210318QD2674795613220','2021-03-18',130.49,'Cleaning fee');
INSERT INTO PAYMENT (payment_id,invoice_id,payment_date,payment_type,payment_amount) VALUES ('20210318QD2674795613220-p00001','20210318QD2674795613220','2021-03-20','CA',383.81);
-- ------- SAMPLE 417 ----------
INSERT INTO GUEST VALUES(1417,'Gwyneth','Gamber','GGamber@yahoo.com','1234 DaWrong Lane','Flonkerton','MD','12345','015-456-5950');
INSERT INTO RESERVATION VALUES ('20201229KJ3814366677893',1417,null,'KJ','2020-12-29','2021-01-01',null,'active');
-- ------- SAMPLE 418 ----------
INSERT INTO GUEST VALUES(1418,'Romelia','Rigdon','RRigdon@yahoo.com','1234 DaWrong Lane','Flonkerton','MD','12345','025-209-3887');
INSERT INTO RESERVATION VALUES ('20190101QS3959008670362',1418,207,'QS','2019-01-01','2019-01-03',null,'complete');
INSERT INTO INVOICECHARGE VALUES ('20190101QS3959008670362-ch00001','20190101QS3959008670362','2019-01-01',154.81,'Base room charge');
INSERT INTO INVOICECHARGE VALUES ('20190101QS3959008670362-ch00002','20190101QS3959008670362','2019-01-01',79.75,'Cleaning fee');
INSERT INTO PAYMENT VALUES ('20190101QS3959008670362-p00001','20190101QS3959008670362','2019-01-03','CC',234.55,'Romelia Rigdon','9204863462710239',1,2023,882,'Mastercard');
-- ------- SAMPLE 419 ----------
INSERT INTO GUEST VALUES(1419,'Malia','Molden','MMolden@yahoo.com','1234 DaWrong Lane','Flonkerton','MD','12345','200-714-8574');
INSERT INTO RESERVATION VALUES ('20210320KJ4576903313519',1419,null,'KJ','2021-03-20','2021-03-25',null,'active');
INSERT INTO INVOICECHARGE VALUES ('20210320KJ4576903313519-ch00001','20210320KJ4576903313519','2021-03-20',693.01,'Base room charge');
INSERT INTO PAYMENT VALUES ('20210320KJ4576903313519-p00001','20210320KJ4576903313519','2021-03-22','CC',693.01,'Malia Molden','5917425719055770',7,2025,799,'Mastercard');
-- ------- SAMPLE 420 ----------
INSERT INTO GUEST VALUES(1420,'Delora','Delph','DDelph@hotmail.com','1234 DaWrong Lane','Flonkerton','MD','12345','195-929-3904');
INSERT INTO RESERVATION VALUES ('20201115QD1368477709519',1420,null,'QD','2020-11-15','2020-11-18',null,'active');
INSERT INTO INVOICECHARGE VALUES ('20201115QD1368477709519-ch00001','20201115QD1368477709519','2020-11-15',189.98,'Base room charge');
INSERT INTO INVOICECHARGE VALUES ('20201115QD1368477709519-ch00002','20201115QD1368477709519','2020-11-15',97.87,'Cleaning fee');
INSERT INTO PAYMENT VALUES ('20201115QD1368477709519-p00001','20201115QD1368477709519','2020-11-17','CC',287.86,'Delora Delph','4254061762623811',11,2025,981,'Mastercard');
-- ------- SAMPLE 421 ----------
INSERT INTO GUEST VALUES(1421,'Shera','Shorter','SShorter@yahoo.com','1234 DaWrong Lane','Flonkerton','MD','12345','113-394-6884');
INSERT INTO RESERVATION VALUES ('20200413QS7039007446729',1421,118,'QS','2020-04-13','2020-04-17',null,'complete');
INSERT INTO INVOICECHARGE VALUES ('20200413QS7039007446729-ch00001','20200413QS7039007446729','2020-04-13',469.11,'Base room charge');
INSERT INTO PAYMENT (payment_id,invoice_id,payment_date,payment_type,payment_amount) VALUES ('20200413QS7039007446729-p00001','20200413QS7039007446729','2020-04-15','CA',469.11);
-- ------- SAMPLE 422 ----------
INSERT INTO GUEST VALUES(1422,'Maryann','Mccutcheon','MMccutcheon@hotmail.com','1234 DaWrong Lane','Flonkerton','MD','12345','179-462-5360');
INSERT INTO RESERVATION VALUES ('20200825QD7738338752301',1422,null,'QD','2020-08-25','2020-08-28',null,'active');
INSERT INTO INVOICECHARGE VALUES ('20200825QD7738338752301-ch00001','20200825QD7738338752301','2020-08-25',189.98,'Base room charge');
INSERT INTO INVOICECHARGE VALUES ('20200825QD7738338752301-ch00002','20200825QD7738338752301','2020-08-25',97.87,'Room Service');
INSERT INTO PAYMENT VALUES ('20200825QD7738338752301-p00001','20200825QD7738338752301','2020-08-27','CC',195,'Maryann Mccutcheon','7626770670527366',11,2022,200,'Mastercard');
-- ------- SAMPLE 423 ----------
INSERT INTO GUEST VALUES(1423,'Rossana','Running','RRunning@hotmail.com','1234 DaWrong Lane','Flonkerton','MD','12345','020-234-2678');
INSERT INTO RESERVATION VALUES ('20200825KS5291090750851',1423,null,'KS','2020-08-25','2020-08-26',null,'active');
INSERT INTO INVOICECHARGE VALUES ('20200825KS5291090750851-ch00001','20200825KS5291090750851','2020-08-25',70.37,'Base room charge');
INSERT INTO INVOICECHARGE VALUES ('20200825KS5291090750851-ch00002','20200825KS5291090750851','2020-08-25',36.25,'Cleaning fee');
INSERT INTO PAYMENT VALUES ('20200825KS5291090750851-p00001','20200825KS5291090750851','2020-08-27','CC',106.61,'Rossana Running','7678957024389541',12,2022,803,'Mastercard');
-- ------- SAMPLE 424 ----------
INSERT INTO GUEST VALUES(1424,'Raven','Rybicki','RRybicki@gmail.com','1234 DaWrong Lane','Flonkerton','MD','12345','444-396-9106');
INSERT INTO RESERVATION VALUES ('20190412QS6548723385185',1424,118,'QS','2019-04-12','2019-04-17',null,'complete');
INSERT INTO INVOICECHARGE VALUES ('20190412QS6548723385185-ch00001','20190412QS6548723385185','2019-04-12',586.38,'Base room charge');
INSERT INTO PAYMENT VALUES ('20190412QS6548723385185-p00001','20190412QS6548723385185','2019-04-14','CC',586.38,'Raven Rybicki','1682584078439277',1,2021,467,'Mastercard');
-- ------- SAMPLE 425 ----------
INSERT INTO GUEST VALUES(1425,'Daron','Dycus','DDycus@hotmail.com','1234 DaWrong Lane','Flonkerton','MD','12345','219-128-4451');
INSERT INTO RESERVATION VALUES ('20200609KJ2276176770352',1425,null,'KJ','2020-06-09','2020-06-13',null,'cancelled');
INSERT INTO INVOICECHARGE VALUES ('20200609KJ2276176770352-ch00001','20200609KJ2276176770352','2020-06-09',554.41,'Base room charge');
INSERT INTO PAYMENT VALUES ('20200609KJ2276176770352-p00001','20200609KJ2276176770352','2020-06-11','CC',554.41,'Daron Dycus','6939302839616109',3,2026,369,'Mastercard');
-- ------- SAMPLE 426 ----------
INSERT INTO GUEST VALUES(1426,'Bessie','Buhler','BBuhler@yahoo.com','1234 DaWrong Lane','Flonkerton','MD','12345','992-264-6771');
INSERT INTO RESERVATION VALUES ('20200419KS7568582870032',1426,107,'KS','2020-04-19','2020-04-21',null,'cancelled');
INSERT INTO INVOICECHARGE VALUES ('20200419KS7568582870032-ch00001','20200419KS7568582870032','2020-04-19',213.23,'Base room charge');
INSERT INTO PAYMENT VALUES ('20200419KS7568582870032-p00001','20200419KS7568582870032','2020-04-21','CC',213.23,'Bessie Buhler','5993218324221790',10,2026,174,'Mastercard');
-- ------- SAMPLE 427 ----------
INSERT INTO GUEST VALUES(1427,'Boris','Berner','BBerner@hotmail.com','1234 DaWrong Lane','Flonkerton','MD','12345','118-322-1973');
INSERT INTO RESERVATION VALUES ('20200309QD8755436176349',1427,205,'QD','2020-03-09','2020-03-12',null,'complete');
INSERT INTO INVOICECHARGE VALUES ('20200309QD8755436176349-ch00001','20200309QD8755436176349','2020-03-09',287.86,'Base room charge');
INSERT INTO PAYMENT (payment_id,invoice_id,payment_date,payment_type,payment_amount) VALUES ('20200309QD8755436176349-p00001','20200309QD8755436176349','2020-03-11','CA',287.86);
-- ------- SAMPLE 428 ----------
INSERT INTO GUEST VALUES(1428,'Malia','Molden','MMolden@gmail.com','1234 DaWrong Lane','Flonkerton','MD','12345','392-195-5690');
INSERT INTO RESERVATION VALUES ('20190810KJ9789015406348',1428,208,'KJ','2019-08-10','2019-08-12',null,'complete');
INSERT INTO INVOICECHARGE VALUES ('20190810KJ9789015406348-ch00001','20190810KJ9789015406348','2019-08-10',277.2,'Base room charge');
INSERT INTO PAYMENT VALUES ('20190810KJ9789015406348-p00001','20190810KJ9789015406348','2019-08-12','CC',277.2,'Malia Molden','8505582657301618',4,2026,444,'Mastercard');
-- ------- SAMPLE 429 ----------
INSERT INTO GUEST VALUES(1429,'Mario','Macdowell','MMacdowell@yahoo.com','1234 DaWrong Lane','Flonkerton','MD','12345','609-433-0816');
INSERT INTO RESERVATION VALUES ('20190616KI8992223339604',1429,110,'KI','2019-06-16','2019-06-19',null,'complete');
INSERT INTO INVOICECHARGE VALUES ('20190616KI8992223339604-ch00001','20190616KI8992223339604','2019-06-16',168.87,'Base room charge');
INSERT INTO INVOICECHARGE VALUES ('20190616KI8992223339604-ch00002','20190616KI8992223339604','2019-06-16',87,'Cleaning fee');
INSERT INTO PAYMENT (payment_id,invoice_id,payment_date,payment_type,payment_amount) VALUES ('20190616KI8992223339604-p00001','20190616KI8992223339604','2019-06-18','CA',255.87);
-- ------- SAMPLE 430 ----------
INSERT INTO GUEST VALUES(1430,'Christine','Ciampa','CCiampa@gmail.com','1234 DaWrong Lane','Flonkerton','MD','12345','970-503-9160');
INSERT INTO RESERVATION VALUES ('20190129KI6875419112693',1430,110,'KI','2019-01-29','2019-01-30',null,'complete');
INSERT INTO INVOICECHARGE VALUES ('20190129KI6875419112693-ch00001','20190129KI6875419112693','2019-01-29',85.29,'Base room charge');
INSERT INTO PAYMENT (payment_id,invoice_id,payment_date,payment_type,payment_amount) VALUES ('20190129KI6875419112693-p00001','20190129KI6875419112693','2019-01-31','CA',85.29);
-- ------- SAMPLE 431 ----------
INSERT INTO GUEST VALUES(1431,'Willian','Wiest','WWiest@gmail.com','1234 DaWrong Lane','Flonkerton','MD','12345','593-905-5634');
INSERT INTO RESERVATION VALUES ('20210121QD9572070908793',1431,null,'QD','2021-01-21','2021-01-24',null,'active');
-- ------- SAMPLE 432 ----------
INSERT INTO GUEST VALUES(1432,'Florentino','Feth','FFeth@yahoo.com','1234 DaWrong Lane','Flonkerton','MD','12345','482-399-9031');
INSERT INTO RESERVATION VALUES ('20210314KI5400288823713',1432,null,'KI','2021-03-14','2021-03-17',null,'active');
INSERT INTO INVOICECHARGE VALUES ('20210314KI5400288823713-ch00001','20210314KI5400288823713','2021-03-14',255.87,'Base room charge');
INSERT INTO PAYMENT VALUES ('20210314KI5400288823713-p00001','20210314KI5400288823713','2021-03-16','CC',42,'Florentino Feth','4806089171051649',5,2023,142,'Mastercard');
-- ------- SAMPLE 433 ----------
INSERT INTO GUEST VALUES(1433,'Irma','Irby','IIrby@gmail.com','1234 DaWrong Lane','Flonkerton','MD','12345','909-119-3539');
INSERT INTO RESERVATION VALUES ('20181229KI5212930259902',1433,110,'KI','2018-12-29','2019-01-01',null,'complete');
INSERT INTO INVOICECHARGE VALUES ('20181229KI5212930259902-ch00001','20181229KI5212930259902','2018-12-29',255.87,'Base room charge');
INSERT INTO PAYMENT VALUES ('20181229KI5212930259902-p00001','20181229KI5212930259902','2018-12-31','CC',255.87,'Irma Irby','4786171380175431',8,2022,715,'Mastercard');
-- ------- SAMPLE 434 ----------
INSERT INTO GUEST VALUES(1434,'Lucius','Liles','LLiles@yahoo.com','1234 DaWrong Lane','Flonkerton','MD','12345','171-139-8141');
INSERT INTO RESERVATION VALUES ('20201014QS2566825649679',1434,null,'QS','2020-10-14','2020-10-17',null,'active');
INSERT INTO INVOICECHARGE VALUES ('20201014QS2566825649679-ch00001','20201014QS2566825649679','2020-10-14',232.21,'Base room charge');
INSERT INTO INVOICECHARGE VALUES ('20201014QS2566825649679-ch00002','20201014QS2566825649679','2020-10-14',119.62,'Cleaning fee');
INSERT INTO PAYMENT VALUES ('20201014QS2566825649679-p00001','20201014QS2566825649679','2020-10-16','CC',351.83,'Lucius Liles','3470534134330907',1,2022,81,'Mastercard');
-- ------- SAMPLE 435 ----------
INSERT INTO GUEST VALUES(1435,'Katerine','Kawakami','KKawakami@yahoo.com','1234 DaWrong Lane','Flonkerton','MD','12345','070-697-6564');
INSERT INTO RESERVATION VALUES ('20181123QD1487865536171',1435,106,'QD','2018-11-23','2018-11-26',null,'complete');
INSERT INTO INVOICECHARGE VALUES ('20181123QD1487865536171-ch00001','20181123QD1487865536171','2018-11-23',287.86,'Base room charge');
INSERT INTO PAYMENT VALUES ('20181123QD1487865536171-p00001','20181123QD1487865536171','2018-11-25','CC',287.86,'Katerine Kawakami','2868546320244189',7,2026,217,'Mastercard');
-- ------- SAMPLE 436 ----------
INSERT INTO GUEST VALUES(1436,'Shawn','Stefanski','SStefanski@yahoo.com','1234 DaWrong Lane','Flonkerton','MD','12345','293-049-5927');
INSERT INTO RESERVATION VALUES ('20200912KS4713258257059',1436,null,'KS','2020-09-12','2020-09-14',null,'active');
-- ------- SAMPLE 437 ----------
INSERT INTO GUEST VALUES(1437,'Lakenya','Langston','LLangston@gmail.com','1234 DaWrong Lane','Flonkerton','MD','12345','465-153-6849');
INSERT INTO RESERVATION VALUES ('20180609QS8175466417422',1437,113,'QS','2018-06-09','2018-06-10',null,'complete');
INSERT INTO INVOICECHARGE VALUES ('20180609QS8175466417422-ch00001','20180609QS8175466417422','2018-06-09',117.28,'Base room charge');
INSERT INTO PAYMENT (payment_id,invoice_id,payment_date,payment_type,payment_amount) VALUES ('20180609QS8175466417422-p00001','20180609QS8175466417422','2018-06-11','CA',117.28);
-- ------- SAMPLE 438 ----------
INSERT INTO GUEST VALUES(1438,'Rickie','Redfern','RRedfern@gmail.com','1234 DaWrong Lane','Flonkerton','MD','12345','015-141-1536');
INSERT INTO RESERVATION VALUES ('20180516QD7317676718914',1438,200,'QD','2018-05-16','2018-05-21',null,'complete');
INSERT INTO INVOICECHARGE VALUES ('20180516QD7317676718914-ch00001','20180516QD7317676718914','2018-05-16',479.76,'Base room charge');
INSERT INTO PAYMENT VALUES ('20180516QD7317676718914-p00001','20180516QD7317676718914','2018-05-18','CC',479.76,'Rickie Redfern','7173977527368198',12,2021,175,'Mastercard');
-- ------- SAMPLE 439 ----------
INSERT INTO GUEST VALUES(1439,'Romelia','Rigdon','RRigdon@yahoo.com','1234 DaWrong Lane','Flonkerton','MD','12345','921-818-0193');
INSERT INTO RESERVATION VALUES ('20190812KI6748739099026',1439,115,'KI','2019-08-12','2019-08-14',null,'complete');
INSERT INTO INVOICECHARGE VALUES ('20190812KI6748739099026-ch00001','20190812KI6748739099026','2019-08-12',112.58,'Base room charge');
INSERT INTO INVOICECHARGE VALUES ('20190812KI6748739099026-ch00002','20190812KI6748739099026','2019-08-12',58,'Room Service');
INSERT INTO PAYMENT VALUES ('20190812KI6748739099026-p00001','20190812KI6748739099026','2019-08-14','CC',170.58,'Romelia Rigdon','6622030730497095',8,2025,966,'Mastercard');
-- ------- SAMPLE 440 ----------
INSERT INTO GUEST VALUES(1440,'Hedwig','Hinz','HHinz@gmail.com','1234 DaWrong Lane','Flonkerton','MD','12345','659-369-9609');
INSERT INTO RESERVATION VALUES ('20200729QS9022533099127',1440,null,'QS','2020-07-29','2020-08-01',null,'cancelled');
INSERT INTO INVOICECHARGE VALUES ('20200729QS9022533099127-ch00001','20200729QS9022533099127','2020-07-29',351.83,'Base room charge');
INSERT INTO PAYMENT (payment_id,invoice_id,payment_date,payment_type,payment_amount) VALUES ('20200729QS9022533099127-p00001','20200729QS9022533099127','2020-07-31','CA',351.83);
-- ------- SAMPLE 441 ----------
INSERT INTO GUEST VALUES(1441,'Katerine','Kawakami','KKawakami@hotmail.com','1234 DaWrong Lane','Flonkerton','MD','12345','751-649-3186');
INSERT INTO RESERVATION VALUES ('20200116KJ3471501602863',1441,114,'KJ','2020-01-16','2020-01-21',null,'complete');
INSERT INTO INVOICECHARGE VALUES ('20200116KJ3471501602863-ch00001','20200116KJ3471501602863','2020-01-16',693.01,'Base room charge');
INSERT INTO PAYMENT VALUES ('20200116KJ3471501602863-p00001','20200116KJ3471501602863','2020-01-18','CC',693.01,'Katerine Kawakami','6294344754181344',12,2022,211,'Mastercard');
-- ------- SAMPLE 442 ----------
INSERT INTO GUEST VALUES(1442,'Antwan','Albury','AAlbury@gmail.com','1234 DaWrong Lane','Flonkerton','MD','12345','318-429-2176');
INSERT INTO RESERVATION VALUES ('20181109QD7415364285602',1442,106,'QD','2018-11-09','2018-11-12',null,'complete');
INSERT INTO INVOICECHARGE VALUES ('20181109QD7415364285602-ch00001','20181109QD7415364285602','2018-11-09',189.98,'Base room charge');
INSERT INTO INVOICECHARGE VALUES ('20181109QD7415364285602-ch00002','20181109QD7415364285602','2018-11-09',97.87,'Room Service');
INSERT INTO PAYMENT (payment_id,invoice_id,payment_date,payment_type,payment_amount) VALUES ('20181109QD7415364285602-p00001','20181109QD7415364285602','2018-11-11','CA',287.86);
-- ------- SAMPLE 443 ----------
INSERT INTO GUEST VALUES(1443,'Daron','Dycus','DDycus@yahoo.com','1234 DaWrong Lane','Flonkerton','MD','12345','204-156-6655');
INSERT INTO RESERVATION VALUES ('20200415QD8239383332119',1443,200,'QD','2020-04-15','2020-04-17',null,'complete');
INSERT INTO INVOICECHARGE VALUES ('20200415QD8239383332119-ch00001','20200415QD8239383332119','2020-04-15',126.66,'Base room charge');
INSERT INTO INVOICECHARGE VALUES ('20200415QD8239383332119-ch00002','20200415QD8239383332119','2020-04-15',65.25,'Room Service');
INSERT INTO PAYMENT (payment_id,invoice_id,payment_date,payment_type,payment_amount) VALUES ('20200415QD8239383332119-p00001','20200415QD8239383332119','2020-04-17','CA',191.9);
-- ------- SAMPLE 444 ----------
INSERT INTO GUEST VALUES(1444,'Dane','Dumond','DDumond@yahoo.com','1234 DaWrong Lane','Flonkerton','MD','12345','766-216-1227');
INSERT INTO RESERVATION VALUES ('20181130KI9181879992655',1444,110,'KI','2018-11-30','2018-12-04',null,'complete');
INSERT INTO INVOICECHARGE VALUES ('20181130KI9181879992655-ch00001','20181130KI9181879992655','2018-11-30',341.16,'Base room charge');
INSERT INTO PAYMENT VALUES ('20181130KI9181879992655-p00001','20181130KI9181879992655','2018-12-02','CC',341.16,'Dane Dumond','8861430876610930',5,2023,308,'Mastercard');
-- ------- SAMPLE 445 ----------
INSERT INTO GUEST VALUES(1445,'Shonda','Schult','SSchult@hotmail.com','1234 DaWrong Lane','Flonkerton','MD','12345','099-974-6220');
INSERT INTO RESERVATION VALUES ('20190121QD6452402255418',1445,111,'QD','2019-01-21','2019-01-26',null,'complete');
INSERT INTO INVOICECHARGE VALUES ('20190121QD6452402255418-ch00001','20190121QD6452402255418','2019-01-21',479.76,'Base room charge');
INSERT INTO PAYMENT (payment_id,invoice_id,payment_date,payment_type,payment_amount) VALUES ('20190121QD6452402255418-p00001','20190121QD6452402255418','2019-01-23','CA',479.76);
-- ------- SAMPLE 446 ----------
INSERT INTO GUEST VALUES(1446,'Dorian','Delbosque','DDelbosque@gmail.com','1234 DaWrong Lane','Flonkerton','MD','12345','100-956-2972');
INSERT INTO RESERVATION VALUES ('20191130KI4890284621815',1446,110,'KI','2019-11-30','2019-12-01',null,'complete');
INSERT INTO INVOICECHARGE VALUES ('20191130KI4890284621815-ch00001','20191130KI4890284621815','2019-11-30',85.29,'Base room charge');
INSERT INTO PAYMENT VALUES ('20191130KI4890284621815-p00001','20191130KI4890284621815','2019-12-02','CC',85.29,'Dorian Delbosque','5353116428480697',8,2022,312,'Mastercard');
-- ------- SAMPLE 447 ----------
INSERT INTO GUEST VALUES(1447,'Shena','Sandoz','SSandoz@yahoo.com','1234 DaWrong Lane','Flonkerton','MD','12345','929-601-4469');
INSERT INTO RESERVATION VALUES ('20200812KS8395923646211',1447,null,'KS','2020-08-12','2020-08-14',null,'active');
INSERT INTO INVOICECHARGE VALUES ('20200812KS8395923646211-ch00001','20200812KS8395923646211','2020-08-12',213.23,'Base room charge');
INSERT INTO PAYMENT VALUES ('20200812KS8395923646211-p00001','20200812KS8395923646211','2020-08-14','CC',213.23,'Shena Sandoz','6974317799984670',12,2022,558,'Mastercard');
-- ------- SAMPLE 448 ----------
INSERT INTO GUEST VALUES(1448,'Fleta','Fickel','FFickel@hotmail.com','1234 DaWrong Lane','Flonkerton','MD','12345','666-029-4396');
INSERT INTO RESERVATION VALUES ('20191111QD5284435144809',1448,205,'QD','2019-11-11','2019-11-15',null,'complete');
INSERT INTO INVOICECHARGE VALUES ('20191111QD5284435144809-ch00001','20191111QD5284435144809','2019-11-11',383.81,'Base room charge');
INSERT INTO PAYMENT (payment_id,invoice_id,payment_date,payment_type,payment_amount) VALUES ('20191111QD5284435144809-p00001','20191111QD5284435144809','2019-11-13','CA',383.81);
-- ------- SAMPLE 449 ----------
INSERT INTO GUEST VALUES(1449,'Romelia','Rigdon','RRigdon@gmail.com','1234 DaWrong Lane','Flonkerton','MD','12345','471-497-6052');
INSERT INTO RESERVATION VALUES ('20200803KS8324947083809',1449,null,'KS','2020-08-03','2020-08-08',null,'active');
INSERT INTO INVOICECHARGE VALUES ('20200803KS8324947083809-ch00001','20200803KS8324947083809','2020-08-03',533.07,'Base room charge');
INSERT INTO PAYMENT VALUES ('20200803KS8324947083809-p00001','20200803KS8324947083809','2020-08-05','CC',533.07,'Romelia Rigdon','6030032686626533',11,2022,486,'Mastercard');
-- ------- SAMPLE 450 ----------
INSERT INTO GUEST VALUES(1450,'Natalya','Neathery','NNeathery@gmail.com','1234 DaWrong Lane','Flonkerton','MD','12345','748-210-2017');
INSERT INTO RESERVATION VALUES ('20181114KI2750777115807',1450,115,'KI','2018-11-14','2018-11-15',null,'complete');
INSERT INTO INVOICECHARGE VALUES ('20181114KI2750777115807-ch00001','20181114KI2750777115807','2018-11-14',56.29,'Base room charge');
INSERT INTO INVOICECHARGE VALUES ('20181114KI2750777115807-ch00002','20181114KI2750777115807','2018-11-14',29,'Room Service');
INSERT INTO PAYMENT VALUES ('20181114KI2750777115807-p00001','20181114KI2750777115807','2018-11-16','CC',85.29,'Natalya Neathery','4928061093148793',11,2024,196,'Mastercard');
-- ------- SAMPLE 451 ----------
INSERT INTO GUEST VALUES(1451,'Randal','Rohman','RRohman@gmail.com','1234 DaWrong Lane','Flonkerton','MD','12345','284-119-5146');
INSERT INTO RESERVATION VALUES ('20201217KI2714920231421',1451,null,'KI','2020-12-17','2020-12-22',null,'active');
INSERT INTO INVOICECHARGE VALUES ('20201217KI2714920231421-ch00001','20201217KI2714920231421','2020-12-17',281.45,'Base room charge');
INSERT INTO INVOICECHARGE VALUES ('20201217KI2714920231421-ch00002','20201217KI2714920231421','2020-12-17',144.99,'Room Service');
INSERT INTO PAYMENT (payment_id,invoice_id,payment_date,payment_type,payment_amount) VALUES ('20201217KI2714920231421-p00001','20201217KI2714920231421','2020-12-19','CA',426.45);
-- ------- SAMPLE 452 ----------
INSERT INTO GUEST VALUES(1452,'Leanora','Locke','LLocke@hotmail.com','1234 DaWrong Lane','Flonkerton','MD','12345','848-586-8778');
INSERT INTO RESERVATION VALUES ('20201227QS8501335918941',1452,null,'QS','2020-12-27','2020-12-30',null,'active');
INSERT INTO INVOICECHARGE VALUES ('20201227QS8501335918941-ch00001','20201227QS8501335918941','2020-12-27',351.83,'Base room charge');
INSERT INTO PAYMENT VALUES ('20201227QS8501335918941-p00001','20201227QS8501335918941','2020-12-29','CC',351.83,'Leanora Locke','9605990033897007',10,2027,318,'Mastercard');
-- ------- SAMPLE 453 ----------
INSERT INTO GUEST VALUES(1453,'Deandre','Defore','DDefore@gmail.com','1234 DaWrong Lane','Flonkerton','MD','12345','292-412-3299');
INSERT INTO RESERVATION VALUES ('20181124KS5390450658605',1453,117,'KS','2018-11-24','2018-11-26',null,'complete');
INSERT INTO INVOICECHARGE VALUES ('20181124KS5390450658605-ch00001','20181124KS5390450658605','2018-11-24',140.73,'Base room charge');
INSERT INTO INVOICECHARGE VALUES ('20181124KS5390450658605-ch00002','20181124KS5390450658605','2018-11-24',72.5,'Room Service');
INSERT INTO PAYMENT (payment_id,invoice_id,payment_date,payment_type,payment_amount) VALUES ('20181124KS5390450658605-p00001','20181124KS5390450658605','2018-11-26','CA',213.23);
-- ------- SAMPLE 454 ----------
INSERT INTO GUEST VALUES(1454,'Ngan','Nalley','NNalley@yahoo.com','1234 DaWrong Lane','Flonkerton','MD','12345','759-432-1807');
INSERT INTO RESERVATION VALUES ('20181230KJ5941895446544',1454,119,'KJ','2018-12-30','2019-01-02',null,'complete');
INSERT INTO INVOICECHARGE VALUES ('20181230KJ5941895446544-ch00001','20181230KJ5941895446544','2018-12-30',274.43,'Base room charge');
INSERT INTO INVOICECHARGE VALUES ('20181230KJ5941895446544-ch00002','20181230KJ5941895446544','2018-12-30',141.37,'Room Service');
INSERT INTO PAYMENT VALUES ('20181230KJ5941895446544-p00001','20181230KJ5941895446544','2019-01-01','CC',415.81,'Ngan Nalley','8572721028508852',5,2025,836,'Mastercard');
-- ------- SAMPLE 455 ----------
INSERT INTO GUEST VALUES(1455,'Tomika','Teran','TTeran@hotmail.com','1234 DaWrong Lane','Flonkerton','MD','12345','270-449-6660');
INSERT INTO RESERVATION VALUES ('20200620KS8106877027149',1455,null,'KS','2020-06-20','2020-06-21',null,'active');
INSERT INTO INVOICECHARGE VALUES ('20200620KS8106877027149-ch00001','20200620KS8106877027149','2020-06-20',70.37,'Base room charge');
INSERT INTO INVOICECHARGE VALUES ('20200620KS8106877027149-ch00002','20200620KS8106877027149','2020-06-20',36.25,'Room Service');
INSERT INTO PAYMENT VALUES ('20200620KS8106877027149-p00001','20200620KS8106877027149','2020-06-22','CC',1,'Tomika Teran','5520651198081775',1,2022,668,'Mastercard');
-- ------- SAMPLE 456 ----------
INSERT INTO GUEST VALUES(1456,'Rickie','Redfern','RRedfern@gmail.com','1234 DaWrong Lane','Flonkerton','MD','12345','332-559-5395');
INSERT INTO RESERVATION VALUES ('20200229QS5188429239050',1456,108,'QS','2020-02-29','2020-03-03',null,'complete');
INSERT INTO INVOICECHARGE VALUES ('20200229QS5188429239050-ch00001','20200229QS5188429239050','2020-02-29',351.83,'Base room charge');
INSERT INTO PAYMENT VALUES ('20200229QS5188429239050-p00001','20200229QS5188429239050','2020-03-02','CC',351.83,'Rickie Redfern','4056328669263612',11,2027,825,'Mastercard');
-- ------- SAMPLE 457 ----------
INSERT INTO GUEST VALUES(1457,'Clara','Crimmins','CCrimmins@gmail.com','1234 DaWrong Lane','Flonkerton','MD','12345','175-021-2798');
INSERT INTO RESERVATION VALUES ('20200325QS5928709520504',1457,207,'QS','2020-03-25','2020-03-28',null,'complete');
INSERT INTO INVOICECHARGE VALUES ('20200325QS5928709520504-ch00001','20200325QS5928709520504','2020-03-25',232.21,'Base room charge');
INSERT INTO INVOICECHARGE VALUES ('20200325QS5928709520504-ch00002','20200325QS5928709520504','2020-03-25',119.62,'Room Service');
INSERT INTO PAYMENT VALUES ('20200325QS5928709520504-p00001','20200325QS5928709520504','2020-03-27','CC',351.83,'Clara Crimmins','8600632671871013',3,2021,976,'Mastercard');
-- ------- SAMPLE 458 ----------
INSERT INTO GUEST VALUES(1458,'Hedwig','Hinz','HHinz@hotmail.com','1234 DaWrong Lane','Flonkerton','MD','12345','809-838-3220');
INSERT INTO RESERVATION VALUES ('20180814KS3725579678369',1458,102,'KS','2018-08-14','2018-08-18',null,'complete');
INSERT INTO INVOICECHARGE VALUES ('20180814KS3725579678369-ch00001','20180814KS3725579678369','2018-08-14',426.46,'Base room charge');
INSERT INTO PAYMENT (payment_id,invoice_id,payment_date,payment_type,payment_amount) VALUES ('20180814KS3725579678369-p00001','20180814KS3725579678369','2018-08-16','CA',426.46);
-- ------- SAMPLE 459 ----------
INSERT INTO GUEST VALUES(1459,'Missy','Mcclintock','MMcclintock@hotmail.com','1234 DaWrong Lane','Flonkerton','MD','12345','721-262-2570');
INSERT INTO RESERVATION VALUES ('20200612KJ2635361225906',1459,null,'KJ','2020-06-12','2020-06-14',null,'active');
INSERT INTO INVOICECHARGE VALUES ('20200612KJ2635361225906-ch00001','20200612KJ2635361225906','2020-06-12',277.2,'Base room charge');
INSERT INTO PAYMENT (payment_id,invoice_id,payment_date,payment_type,payment_amount) VALUES ('20200612KJ2635361225906-p00001','20200612KJ2635361225906','2020-06-14','CA',277.2);
-- ------- SAMPLE 460 ----------
INSERT INTO GUEST VALUES(1460,'Shonda','Schult','SSchult@yahoo.com','1234 DaWrong Lane','Flonkerton','MD','12345','974-965-3799');
INSERT INTO RESERVATION VALUES ('20180916QD2285125379775',1460,106,'QD','2018-09-16','2018-09-18',null,'complete');
INSERT INTO INVOICECHARGE VALUES ('20180916QD2285125379775-ch00001','20180916QD2285125379775','2018-09-16',126.66,'Base room charge');
INSERT INTO INVOICECHARGE VALUES ('20180916QD2285125379775-ch00002','20180916QD2285125379775','2018-09-16',65.25,'Cleaning fee');
INSERT INTO PAYMENT VALUES ('20180916QD2285125379775-p00001','20180916QD2285125379775','2018-09-18','CC',191.9,'Shonda Schult','2281267616548178',7,2021,724,'Mastercard');
-- ------- SAMPLE 461 ----------
INSERT INTO GUEST VALUES(1461,'Shae','Sansom','SSansom@yahoo.com','1234 DaWrong Lane','Flonkerton','MD','12345','945-710-9132');
INSERT INTO RESERVATION VALUES ('20190923KJ1772177323223',1461,203,'KJ','2019-09-23','2019-09-28',null,'complete');
INSERT INTO INVOICECHARGE VALUES ('20190923KJ1772177323223-ch00001','20190923KJ1772177323223','2019-09-23',457.39,'Base room charge');
INSERT INTO INVOICECHARGE VALUES ('20190923KJ1772177323223-ch00002','20190923KJ1772177323223','2019-09-23',235.62,'Room Service');
INSERT INTO PAYMENT VALUES ('20190923KJ1772177323223-p00001','20190923KJ1772177323223','2019-09-25','CC',693.01,'Shae Sansom','8569075518852092',10,2023,450,'Mastercard');
-- ------- SAMPLE 462 ----------
INSERT INTO GUEST VALUES(1462,'Erminia','Eckard','EEckard@gmail.com','1234 DaWrong Lane','Flonkerton','MD','12345','460-558-9358');
INSERT INTO RESERVATION VALUES ('20200108KS9473398038393',1462,117,'KS','2020-01-08','2020-01-12',null,'complete');
INSERT INTO INVOICECHARGE VALUES ('20200108KS9473398038393-ch00001','20200108KS9473398038393','2020-01-08',426.46,'Base room charge');
INSERT INTO PAYMENT VALUES ('20200108KS9473398038393-p00001','20200108KS9473398038393','2020-01-10','CC',426.46,'Erminia Eckard','5514741687162682',3,2021,415,'Mastercard');
-- ------- SAMPLE 463 ----------
INSERT INTO GUEST VALUES(1463,'Kandra','Kelty','KKelty@hotmail.com','1234 DaWrong Lane','Flonkerton','MD','12345','370-807-3841');
INSERT INTO RESERVATION VALUES ('20190428QS8659162971876',1463,108,'QS','2019-04-28','2019-04-30',null,'complete');
INSERT INTO INVOICECHARGE VALUES ('20190428QS8659162971876-ch00001','20190428QS8659162971876','2019-04-28',154.81,'Base room charge');
INSERT INTO INVOICECHARGE VALUES ('20190428QS8659162971876-ch00002','20190428QS8659162971876','2019-04-28',79.75,'Cleaning fee');
INSERT INTO PAYMENT (payment_id,invoice_id,payment_date,payment_type,payment_amount) VALUES ('20190428QS8659162971876-p00001','20190428QS8659162971876','2019-04-30','CA',234.55);
-- ------- SAMPLE 464 ----------
INSERT INTO GUEST VALUES(1464,'Lillia','Linen','LLinen@hotmail.com','1234 DaWrong Lane','Flonkerton','MD','12345','267-980-0067');
INSERT INTO RESERVATION VALUES ('20191016KJ3854868989560',1464,208,'KJ','2019-10-16','2019-10-19',null,'complete');
INSERT INTO INVOICECHARGE VALUES ('20191016KJ3854868989560-ch00001','20191016KJ3854868989560','2019-10-16',274.43,'Base room charge');
INSERT INTO INVOICECHARGE VALUES ('20191016KJ3854868989560-ch00002','20191016KJ3854868989560','2019-10-16',141.37,'Room Service');
INSERT INTO PAYMENT (payment_id,invoice_id,payment_date,payment_type,payment_amount) VALUES ('20191016KJ3854868989560-p00001','20191016KJ3854868989560','2019-10-18','CA',415.81);
-- ------- SAMPLE 465 ----------
INSERT INTO GUEST VALUES(1465,'Kenisha','Kane','KKane@yahoo.com','1234 DaWrong Lane','Flonkerton','MD','12345','180-503-6531');
INSERT INTO RESERVATION VALUES ('20210208QS6148577582894',1465,null,'QS','2021-02-08','2021-02-12',null,'active');
-- ------- SAMPLE 466 ----------
INSERT INTO GUEST VALUES(1466,'Kathlyn','Kinser','KKinser@hotmail.com','1234 DaWrong Lane','Flonkerton','MD','12345','426-862-1468');
INSERT INTO RESERVATION VALUES ('20210120QD3978483027006',1466,null,'QD','2021-01-20','2021-01-24',null,'active');
INSERT INTO INVOICECHARGE VALUES ('20210120QD3978483027006-ch00001','20210120QD3978483027006','2021-01-20',383.81,'Base room charge');
INSERT INTO PAYMENT VALUES ('20210120QD3978483027006-p00001','20210120QD3978483027006','2021-01-22','CC',383.81,'Kathlyn Kinser','7666167384984393',10,2027,986,'Mastercard');
-- ------- SAMPLE 467 ----------
INSERT INTO GUEST VALUES(1467,'Kathey','Kingston','KKingston@hotmail.com','1234 DaWrong Lane','Flonkerton','MD','12345','681-237-9154');
INSERT INTO RESERVATION VALUES ('20200424KJ6891485951933',1467,119,'KJ','2020-04-24','2020-04-25',null,'complete');
INSERT INTO INVOICECHARGE VALUES ('20200424KJ6891485951933-ch00001','20200424KJ6891485951933','2020-04-24',138.6,'Base room charge');
INSERT INTO PAYMENT (payment_id,invoice_id,payment_date,payment_type,payment_amount) VALUES ('20200424KJ6891485951933-p00001','20200424KJ6891485951933','2020-04-26','CA',138.6);
-- ------- SAMPLE 468 ----------
INSERT INTO GUEST VALUES(1468,'Shandi','Scharf','SScharf@hotmail.com','1234 DaWrong Lane','Flonkerton','MD','12345','509-900-3383');
INSERT INTO RESERVATION VALUES ('20190122KS4768721772068',1468,117,'KS','2019-01-22','2019-01-24',null,'complete');
INSERT INTO INVOICECHARGE VALUES ('20190122KS4768721772068-ch00001','20190122KS4768721772068','2019-01-22',213.23,'Base room charge');
INSERT INTO PAYMENT VALUES ('20190122KS4768721772068-p00001','20190122KS4768721772068','2019-01-24','CC',213.23,'Shandi Scharf','1000206545560524',2,2027,30,'Mastercard');
-- ------- SAMPLE 469 ----------
INSERT INTO GUEST VALUES(1469,'Clara','Crimmins','CCrimmins@hotmail.com','1234 DaWrong Lane','Flonkerton','MD','12345','540-017-0682');
INSERT INTO RESERVATION VALUES ('20190902KI1656855584930',1469,105,'KI','2019-09-02','2019-09-07',null,'complete');
INSERT INTO INVOICECHARGE VALUES ('20190902KI1656855584930-ch00001','20190902KI1656855584930','2019-09-02',426.45,'Base room charge');
INSERT INTO PAYMENT (payment_id,invoice_id,payment_date,payment_type,payment_amount) VALUES ('20190902KI1656855584930-p00001','20190902KI1656855584930','2019-09-04','CA',426.45);
-- ------- SAMPLE 470 ----------
INSERT INTO GUEST VALUES(1470,'Claribel','Catanzaro','CCatanzaro@hotmail.com','1234 DaWrong Lane','Flonkerton','MD','12345','910-985-1276');
INSERT INTO RESERVATION VALUES ('20181106QS6650876822202',1470,103,'QS','2018-11-06','2018-11-09',null,'complete');
INSERT INTO INVOICECHARGE VALUES ('20181106QS6650876822202-ch00001','20181106QS6650876822202','2018-11-06',232.21,'Base room charge');
INSERT INTO INVOICECHARGE VALUES ('20181106QS6650876822202-ch00002','20181106QS6650876822202','2018-11-06',119.62,'Room Service');
INSERT INTO PAYMENT VALUES ('20181106QS6650876822202-p00001','20181106QS6650876822202','2018-11-08','CC',351.83,'Claribel Catanzaro','7004331330196660',3,2027,292,'Mastercard');
-- ------- SAMPLE 471 ----------
INSERT INTO GUEST VALUES(1471,'Buford','Biddy','BBiddy@yahoo.com','1234 DaWrong Lane','Flonkerton','MD','12345','282-455-0929');
INSERT INTO RESERVATION VALUES ('20200917KS1894479220144',1471,null,'KS','2020-09-17','2020-09-21',null,'active');
INSERT INTO INVOICECHARGE VALUES ('20200917KS1894479220144-ch00001','20200917KS1894479220144','2020-09-17',426.46,'Base room charge');
INSERT INTO PAYMENT VALUES ('20200917KS1894479220144-p00001','20200917KS1894479220144','2020-09-19','CC',426.46,'Buford Biddy','1983540205586524',8,2022,882,'Mastercard');
-- ------- SAMPLE 472 ----------
INSERT INTO GUEST VALUES(1472,'Yuette','Yetman','YYetman@gmail.com','1234 DaWrong Lane','Flonkerton','MD','12345','262-847-6320');
INSERT INTO RESERVATION VALUES ('20180901KJ3943528590055',1472,104,'KJ','2018-09-01','2018-09-06',null,'complete');
INSERT INTO INVOICECHARGE VALUES ('20180901KJ3943528590055-ch00001','20180901KJ3943528590055','2018-09-01',693.01,'Base room charge');
INSERT INTO PAYMENT VALUES ('20180901KJ3943528590055-p00001','20180901KJ3943528590055','2018-09-03','CC',693.01,'Yuette Yetman','5164761837956977',2,2024,774,'Mastercard');
-- ------- SAMPLE 473 ----------
INSERT INTO GUEST VALUES(1473,'Jarrett','Janelle','JJanelle@hotmail.com','1234 DaWrong Lane','Flonkerton','MD','12345','098-372-2375');
INSERT INTO RESERVATION VALUES ('20210227KI1619705838036',1473,null,'KI','2021-02-27','2021-02-28',null,'active');
INSERT INTO INVOICECHARGE VALUES ('20210227KI1619705838036-ch00001','20210227KI1619705838036','2021-02-27',85.29,'Base room charge');
INSERT INTO PAYMENT (payment_id,invoice_id,payment_date,payment_type,payment_amount) VALUES ('20210227KI1619705838036-p00001','20210227KI1619705838036','2021-03-01','CA',85.29);
-- ------- SAMPLE 474 ----------
INSERT INTO GUEST VALUES(1474,'Tomika','Teran','TTeran@gmail.com','1234 DaWrong Lane','Flonkerton','MD','12345','554-293-2030');
INSERT INTO RESERVATION VALUES ('20190506KJ1273907517443',1474,104,'KJ','2019-05-06','2019-05-10',null,'cancelled');
INSERT INTO INVOICECHARGE VALUES ('20190506KJ1273907517443-ch00001','20190506KJ1273907517443','2019-05-06',365.91,'Base room charge');
INSERT INTO INVOICECHARGE VALUES ('20190506KJ1273907517443-ch00002','20190506KJ1273907517443','2019-05-06',188.5,'Cleaning fee');
INSERT INTO PAYMENT VALUES ('20190506KJ1273907517443-p00001','20190506KJ1273907517443','2019-05-08','CC',554.41,'Tomika Teran','1197151436129489',8,2026,442,'Mastercard');
-- ------- SAMPLE 475 ----------
INSERT INTO GUEST VALUES(1475,'Dewey','Dye','DDye@gmail.com','1234 DaWrong Lane','Flonkerton','MD','12345','486-751-7141');
INSERT INTO RESERVATION VALUES ('20181223QD4850036143624',1475,200,'QD','2018-12-23','2018-12-28',null,'complete');
INSERT INTO INVOICECHARGE VALUES ('20181223QD4850036143624-ch00001','20181223QD4850036143624','2018-12-23',479.76,'Base room charge');
INSERT INTO PAYMENT (payment_id,invoice_id,payment_date,payment_type,payment_amount) VALUES ('20181223QD4850036143624-p00001','20181223QD4850036143624','2018-12-25','CA',479.76);
-- ------- SAMPLE 476 ----------
INSERT INTO GUEST VALUES(1476,'Abdul','Ashe','AAshe@yahoo.com','1234 DaWrong Lane','Flonkerton','MD','12345','224-756-8285');
INSERT INTO RESERVATION VALUES ('20190528QD1775664949998',1476,101,'QD','2019-05-28','2019-06-02',null,'complete');
INSERT INTO INVOICECHARGE VALUES ('20190528QD1775664949998-ch00001','20190528QD1775664949998','2019-05-28',316.64,'Base room charge');
INSERT INTO INVOICECHARGE VALUES ('20190528QD1775664949998-ch00002','20190528QD1775664949998','2019-05-28',163.12,'Cleaning fee');
INSERT INTO PAYMENT VALUES ('20190528QD1775664949998-p00001','20190528QD1775664949998','2019-05-30','CC',479.76,'Abdul Ashe','3107203217136791',3,2026,144,'Mastercard');
-- ------- SAMPLE 477 ----------
INSERT INTO GUEST VALUES(1477,'Ngan','Nalley','NNalley@hotmail.com','1234 DaWrong Lane','Flonkerton','MD','12345','842-857-5040');
INSERT INTO RESERVATION VALUES ('20200114QS4284829521452',1477,108,'QS','2020-01-14','2020-01-18',null,'complete');
INSERT INTO INVOICECHARGE VALUES ('20200114QS4284829521452-ch00001','20200114QS4284829521452','2020-01-14',309.61,'Base room charge');
INSERT INTO INVOICECHARGE VALUES ('20200114QS4284829521452-ch00002','20200114QS4284829521452','2020-01-14',159.5,'Cleaning fee');
INSERT INTO PAYMENT (payment_id,invoice_id,payment_date,payment_type,payment_amount) VALUES ('20200114QS4284829521452-p00001','20200114QS4284829521452','2020-01-16','CA',469.11);
-- ------- SAMPLE 478 ----------
INSERT INTO GUEST VALUES(1478,'Mario','Macdowell','MMacdowell@hotmail.com','1234 DaWrong Lane','Flonkerton','MD','12345','353-277-2383');
INSERT INTO RESERVATION VALUES ('20190513QD9581447442041',1478,116,'QD','2019-05-13','2019-05-15',null,'complete');
INSERT INTO INVOICECHARGE VALUES ('20190513QD9581447442041-ch00001','20190513QD9581447442041','2019-05-13',191.9,'Base room charge');
INSERT INTO PAYMENT (payment_id,invoice_id,payment_date,payment_type,payment_amount) VALUES ('20190513QD9581447442041-p00001','20190513QD9581447442041','2019-05-15','CA',191.9);
-- ------- SAMPLE 479 ----------
INSERT INTO GUEST VALUES(1479,'Boris','Berner','BBerner@yahoo.com','1234 DaWrong Lane','Flonkerton','MD','12345','466-461-4582');
INSERT INTO RESERVATION VALUES ('20190226KS1209130653240',1479,112,'KS','2019-02-26','2019-03-01',null,'cancelled');
INSERT INTO INVOICECHARGE VALUES ('20190226KS1209130653240-ch00001','20190226KS1209130653240','2019-02-26',319.84,'Base room charge');
INSERT INTO PAYMENT (payment_id,invoice_id,payment_date,payment_type,payment_amount) VALUES ('20190226KS1209130653240-p00001','20190226KS1209130653240','2019-02-28','CA',319.84);
-- ------- SAMPLE 480 ----------
INSERT INTO GUEST VALUES(1480,'Shawna','Schmit','SSchmit@yahoo.com','1234 DaWrong Lane','Flonkerton','MD','12345','479-788-5677');
INSERT INTO RESERVATION VALUES ('20200507QS6294869205901',1480,null,'QS','2020-05-07','2020-05-12',null,'active');
INSERT INTO INVOICECHARGE VALUES ('20200507QS6294869205901-ch00001','20200507QS6294869205901','2020-05-07',387.01,'Base room charge');
INSERT INTO INVOICECHARGE VALUES ('20200507QS6294869205901-ch00002','20200507QS6294869205901','2020-05-07',199.37,'Cleaning fee');
INSERT INTO PAYMENT (payment_id,invoice_id,payment_date,payment_type,payment_amount) VALUES ('20200507QS6294869205901-p00001','20200507QS6294869205901','2020-05-09','CA',458);
-- ------- SAMPLE 481 ----------
INSERT INTO GUEST VALUES(1481,'Tish','Tusing','TTusing@hotmail.com','1234 DaWrong Lane','Flonkerton','MD','12345','605-328-7118');
INSERT INTO RESERVATION VALUES ('20190310KJ3766472718669',1481,114,'KJ','2019-03-10','2019-03-14',null,'complete');
INSERT INTO INVOICECHARGE VALUES ('20190310KJ3766472718669-ch00001','20190310KJ3766472718669','2019-03-10',554.41,'Base room charge');
INSERT INTO PAYMENT VALUES ('20190310KJ3766472718669-p00001','20190310KJ3766472718669','2019-03-12','CC',554.41,'Tish Tusing','6367557968567804',10,2027,82,'Mastercard');
-- ------- SAMPLE 482 ----------
INSERT INTO GUEST VALUES(1482,'Irma','Irby','IIrby@gmail.com','1234 DaWrong Lane','Flonkerton','MD','12345','245-176-2781');
INSERT INTO RESERVATION VALUES ('20210409QS2868821801210',1482,null,'QS','2021-04-09','2021-04-14',null,'active');
-- ------- SAMPLE 483 ----------
INSERT INTO GUEST VALUES(1483,'Shonda','Schult','SSchult@hotmail.com','1234 DaWrong Lane','Flonkerton','MD','12345','694-921-8025');
INSERT INTO RESERVATION VALUES ('20181027QD8580646361661',1483,101,'QD','2018-10-27','2018-11-01',null,'cancelled');
INSERT INTO INVOICECHARGE VALUES ('20181027QD8580646361661-ch00001','20181027QD8580646361661','2018-10-27',316.64,'Base room charge');
INSERT INTO INVOICECHARGE VALUES ('20181027QD8580646361661-ch00002','20181027QD8580646361661','2018-10-27',163.12,'Room Service');
INSERT INTO PAYMENT (payment_id,invoice_id,payment_date,payment_type,payment_amount) VALUES ('20181027QD8580646361661-p00001','20181027QD8580646361661','2018-10-29','CA',479.76);
-- ------- SAMPLE 484 ----------
INSERT INTO GUEST VALUES(1484,'Kandra','Kelty','KKelty@hotmail.com','1234 DaWrong Lane','Flonkerton','MD','12345','020-520-5438');
INSERT INTO RESERVATION VALUES ('20180707KI4659280393640',1484,209,'KI','2018-07-07','2018-07-08',null,'cancelled');
INSERT INTO INVOICECHARGE VALUES ('20180707KI4659280393640-ch00001','20180707KI4659280393640','2018-07-07',85.29,'Base room charge');
INSERT INTO PAYMENT VALUES ('20180707KI4659280393640-p00001','20180707KI4659280393640','2018-07-09','CC',85.29,'Kandra Kelty','6638512936527510',12,2021,354,'Mastercard');
-- ------- SAMPLE 485 ----------
INSERT INTO GUEST VALUES(1485,'Asa','Allan','AAllan@yahoo.com','1234 DaWrong Lane','Flonkerton','MD','12345','071-257-7461');
INSERT INTO RESERVATION VALUES ('20180620KS8051696224805',1485,107,'KS','2018-06-20','2018-06-23',null,'complete');
INSERT INTO INVOICECHARGE VALUES ('20180620KS8051696224805-ch00001','20180620KS8051696224805','2018-06-20',319.84,'Base room charge');
INSERT INTO PAYMENT VALUES ('20180620KS8051696224805-p00001','20180620KS8051696224805','2018-06-22','CC',319.84,'Asa Allan','2316306043122660',1,2023,203,'Mastercard');
-- ------- SAMPLE 486 ----------
INSERT INTO GUEST VALUES(1486,'Nena','Nunez','NNunez@yahoo.com','1234 DaWrong Lane','Flonkerton','MD','12345','146-366-4089');
INSERT INTO RESERVATION VALUES ('20201010KI2824229318250',1486,null,'KI','2020-10-10','2020-10-11',null,'active');
INSERT INTO INVOICECHARGE VALUES ('20201010KI2824229318250-ch00001','20201010KI2824229318250','2020-10-10',85.29,'Base room charge');
INSERT INTO PAYMENT VALUES ('20201010KI2824229318250-p00001','20201010KI2824229318250','2020-10-12','CC',85.29,'Nena Nunez','2156912533202407',8,2027,445,'Mastercard');
-- ------- SAMPLE 487 ----------
INSERT INTO GUEST VALUES(1487,'Adrianna','Aungst','AAungst@gmail.com','1234 DaWrong Lane','Flonkerton','MD','12345','429-260-1046');
INSERT INTO RESERVATION VALUES ('20200701QD9186813785018',1487,null,'QD','2020-07-01','2020-07-02',null,'cancelled');
INSERT INTO INVOICECHARGE VALUES ('20200701QD9186813785018-ch00001','20200701QD9186813785018','2020-07-01',63.33,'Base room charge');
INSERT INTO INVOICECHARGE VALUES ('20200701QD9186813785018-ch00002','20200701QD9186813785018','2020-07-01',32.62,'Cleaning fee');
INSERT INTO PAYMENT VALUES ('20200701QD9186813785018-p00001','20200701QD9186813785018','2020-07-03','CC',83,'Adrianna Aungst','6095081764179875',3,2022,563,'Mastercard');
-- ------- SAMPLE 488 ----------
INSERT INTO GUEST VALUES(1488,'Kasey','Kipp','KKipp@hotmail.com','1234 DaWrong Lane','Flonkerton','MD','12345','274-519-3487');
INSERT INTO RESERVATION VALUES ('20190928KJ7589985653062',1488,104,'KJ','2019-09-28','2019-09-29',null,'complete');
INSERT INTO INVOICECHARGE VALUES ('20190928KJ7589985653062-ch00001','20190928KJ7589985653062','2019-09-28',138.6,'Base room charge');
INSERT INTO PAYMENT VALUES ('20190928KJ7589985653062-p00001','20190928KJ7589985653062','2019-09-30','CC',138.6,'Kasey Kipp','1792685288025329',10,2023,527,'Mastercard');
-- ------- SAMPLE 489 ----------
INSERT INTO GUEST VALUES(1489,'Fonda','Foreman','FForeman@yahoo.com','1234 DaWrong Lane','Flonkerton','MD','12345','881-166-2092');
INSERT INTO RESERVATION VALUES ('20200330QS6470777463628',1489,202,'QS','2020-03-30','2020-04-03',null,'complete');
INSERT INTO INVOICECHARGE VALUES ('20200330QS6470777463628-ch00001','20200330QS6470777463628','2020-03-30',309.61,'Base room charge');
INSERT INTO INVOICECHARGE VALUES ('20200330QS6470777463628-ch00002','20200330QS6470777463628','2020-03-30',159.5,'Room Service');
INSERT INTO PAYMENT (payment_id,invoice_id,payment_date,payment_type,payment_amount) VALUES ('20200330QS6470777463628-p00001','20200330QS6470777463628','2020-04-01','CA',469.11);
-- ------- SAMPLE 490 ----------
INSERT INTO GUEST VALUES(1490,'Tai','Tookes','TTookes@hotmail.com','1234 DaWrong Lane','Flonkerton','MD','12345','608-737-6015');
INSERT INTO RESERVATION VALUES ('20191011QS7833279455034',1490,207,'QS','2019-10-11','2019-10-16',null,'cancelled');
INSERT INTO INVOICECHARGE VALUES ('20191011QS7833279455034-ch00001','20191011QS7833279455034','2019-10-11',387.01,'Base room charge');
INSERT INTO INVOICECHARGE VALUES ('20191011QS7833279455034-ch00002','20191011QS7833279455034','2019-10-11',199.37,'Room Service');
INSERT INTO PAYMENT VALUES ('20191011QS7833279455034-p00001','20191011QS7833279455034','2019-10-13','CC',586.38,'Tai Tookes','2780504157664097',2,2022,777,'Mastercard');
-- ------- SAMPLE 491 ----------
INSERT INTO GUEST VALUES(1491,'Asa','Allan','AAllan@hotmail.com','1234 DaWrong Lane','Flonkerton','MD','12345','651-111-9217');
INSERT INTO RESERVATION VALUES ('20180809QD9888213666934',1491,106,'QD','2018-08-09','2018-08-10',null,'complete');
INSERT INTO INVOICECHARGE VALUES ('20180809QD9888213666934-ch00001','20180809QD9888213666934','2018-08-09',63.33,'Base room charge');
INSERT INTO INVOICECHARGE VALUES ('20180809QD9888213666934-ch00002','20180809QD9888213666934','2018-08-09',32.62,'Cleaning fee');
INSERT INTO PAYMENT (payment_id,invoice_id,payment_date,payment_type,payment_amount) VALUES ('20180809QD9888213666934-p00001','20180809QD9888213666934','2018-08-11','CA',95.95);
-- ------- SAMPLE 492 ----------
INSERT INTO GUEST VALUES(1492,'Abdul','Ashe','AAshe@yahoo.com','1234 DaWrong Lane','Flonkerton','MD','12345','356-668-8670');
INSERT INTO RESERVATION VALUES ('20190215KJ6187435484719',1492,104,'KJ','2019-02-15','2019-02-19',null,'complete');
INSERT INTO INVOICECHARGE VALUES ('20190215KJ6187435484719-ch00001','20190215KJ6187435484719','2019-02-15',554.41,'Base room charge');
INSERT INTO PAYMENT VALUES ('20190215KJ6187435484719-p00001','20190215KJ6187435484719','2019-02-17','CC',554.41,'Abdul Ashe','5823202561143399',11,2025,156,'Mastercard');
-- ------- SAMPLE 493 ----------
INSERT INTO GUEST VALUES(1493,'Linwood','Layden','LLayden@gmail.com','1234 DaWrong Lane','Flonkerton','MD','12345','479-543-7050');
INSERT INTO RESERVATION VALUES ('20191201KS7399663030510',1493,117,'KS','2019-12-01','2019-12-02',null,'complete');
INSERT INTO INVOICECHARGE VALUES ('20191201KS7399663030510-ch00001','20191201KS7399663030510','2019-12-01',70.37,'Base room charge');
INSERT INTO INVOICECHARGE VALUES ('20191201KS7399663030510-ch00002','20191201KS7399663030510','2019-12-01',36.25,'Cleaning fee');
INSERT INTO PAYMENT VALUES ('20191201KS7399663030510-p00001','20191201KS7399663030510','2019-12-03','CC',106.61,'Linwood Layden','1411233638159662',11,2021,122,'Mastercard');
-- ------- SAMPLE 494 ----------
INSERT INTO GUEST VALUES(1494,'James','Janey','JJaney@yahoo.com','1234 DaWrong Lane','Flonkerton','MD','12345','452-985-5294');
INSERT INTO RESERVATION VALUES ('20180917QS9624272254952',1494,202,'QS','2018-09-17','2018-09-20',null,'complete');
INSERT INTO INVOICECHARGE VALUES ('20180917QS9624272254952-ch00001','20180917QS9624272254952','2018-09-17',232.21,'Base room charge');
INSERT INTO INVOICECHARGE VALUES ('20180917QS9624272254952-ch00002','20180917QS9624272254952','2018-09-17',119.62,'Room Service');
INSERT INTO PAYMENT (payment_id,invoice_id,payment_date,payment_type,payment_amount) VALUES ('20180917QS9624272254952-p00001','20180917QS9624272254952','2018-09-19','CA',351.83);
-- ------- SAMPLE 495 ----------
INSERT INTO GUEST VALUES(1495,'Sherrie','Stultz','SStultz@yahoo.com','1234 DaWrong Lane','Flonkerton','MD','12345','305-601-6099');
INSERT INTO RESERVATION VALUES ('20200411QS3385703956502',1495,108,'QS','2020-04-11','2020-04-13',null,'complete');
INSERT INTO INVOICECHARGE VALUES ('20200411QS3385703956502-ch00001','20200411QS3385703956502','2020-04-11',154.81,'Base room charge');
INSERT INTO INVOICECHARGE VALUES ('20200411QS3385703956502-ch00002','20200411QS3385703956502','2020-04-11',79.75,'Room Service');
INSERT INTO PAYMENT (payment_id,invoice_id,payment_date,payment_type,payment_amount) VALUES ('20200411QS3385703956502-p00001','20200411QS3385703956502','2020-04-13','CA',234.55);
-- ------- SAMPLE 496 ----------
INSERT INTO GUEST VALUES(1496,'Anita','Amezcua','AAmezcua@gmail.com','1234 DaWrong Lane','Flonkerton','MD','12345','523-477-7178');
INSERT INTO RESERVATION VALUES ('20201017KI4297602195316',1496,null,'KI','2020-10-17','2020-10-18',null,'active');
INSERT INTO INVOICECHARGE VALUES ('20201017KI4297602195316-ch00001','20201017KI4297602195316','2020-10-17',85.29,'Base room charge');
INSERT INTO PAYMENT VALUES ('20201017KI4297602195316-p00001','20201017KI4297602195316','2020-10-19','CC',21,'Anita Amezcua','8927109376158470',10,2021,387,'Mastercard');
-- ------- SAMPLE 497 ----------
INSERT INTO GUEST VALUES(1497,'Nena','Nunez','NNunez@gmail.com','1234 DaWrong Lane','Flonkerton','MD','12345','138-868-5317');
INSERT INTO RESERVATION VALUES ('20180926QD7056390496686',1497,205,'QD','2018-09-26','2018-09-30',null,'complete');
INSERT INTO INVOICECHARGE VALUES ('20180926QD7056390496686-ch00001','20180926QD7056390496686','2018-09-26',253.31,'Base room charge');
INSERT INTO INVOICECHARGE VALUES ('20180926QD7056390496686-ch00002','20180926QD7056390496686','2018-09-26',130.49,'Room Service');
INSERT INTO PAYMENT VALUES ('20180926QD7056390496686-p00001','20180926QD7056390496686','2018-09-28','CC',383.81,'Nena Nunez','3614407043209201',4,2027,899,'Mastercard');
-- ------- SAMPLE 498 ----------
INSERT INTO GUEST VALUES(1498,'Shad','Sitler','SSitler@yahoo.com','1234 DaWrong Lane','Flonkerton','MD','12345','391-374-4758');
INSERT INTO RESERVATION VALUES ('20190702QS7616248604358',1498,118,'QS','2019-07-02','2019-07-06',null,'cancelled');
INSERT INTO INVOICECHARGE VALUES ('20190702QS7616248604358-ch00001','20190702QS7616248604358','2019-07-02',309.61,'Base room charge');
INSERT INTO INVOICECHARGE VALUES ('20190702QS7616248604358-ch00002','20190702QS7616248604358','2019-07-02',159.5,'Room Service');
INSERT INTO PAYMENT VALUES ('20190702QS7616248604358-p00001','20190702QS7616248604358','2019-07-04','CC',469.11,'Shad Sitler','5705056214229834',9,2026,275,'Mastercard');
-- ------- SAMPLE 499 ----------
INSERT INTO GUEST VALUES(1499,'Annie','Albrecht','AAlbrecht@hotmail.com','1234 DaWrong Lane','Flonkerton','MD','12345','890-676-7266');
INSERT INTO RESERVATION VALUES ('20190504KS1409512611107',1499,117,'KS','2019-05-04','2019-05-06',null,'complete');
INSERT INTO INVOICECHARGE VALUES ('20190504KS1409512611107-ch00001','20190504KS1409512611107','2019-05-04',213.23,'Base room charge');
INSERT INTO PAYMENT VALUES ('20190504KS1409512611107-p00001','20190504KS1409512611107','2019-05-06','CC',213.23,'Annie Albrecht','1297384814851929',4,2021,80,'Mastercard');
-- ------- SAMPLE 500 ----------
INSERT INTO GUEST VALUES(1500,'Doyle','Dykema','DDykema@yahoo.com','1234 DaWrong Lane','Flonkerton','MD','12345','108-244-5424');
INSERT INTO RESERVATION VALUES ('20201225KJ1949825021775',1500,null,'KJ','2020-12-25','2020-12-27',null,'cancelled');
-- ------- SAMPLE 501 ----------
INSERT INTO GUEST VALUES(1501,'Stan','Schnell','SSchnell@gmail.com','1234 DaWrong Lane','Flonkerton','MD','12345','517-301-3716');
INSERT INTO RESERVATION VALUES ('20190402KJ2559700699500',1501,109,'KJ','2019-04-02','2019-04-03',null,'complete');
INSERT INTO INVOICECHARGE VALUES ('20190402KJ2559700699500-ch00001','20190402KJ2559700699500','2019-04-02',91.48,'Base room charge');
INSERT INTO INVOICECHARGE VALUES ('20190402KJ2559700699500-ch00002','20190402KJ2559700699500','2019-04-02',47.12,'Room Service');
INSERT INTO PAYMENT VALUES ('20190402KJ2559700699500-p00001','20190402KJ2559700699500','2019-04-04','CC',138.6,'Stan Schnell','3011871252588913',8,2026,970,'Mastercard');
-- ------- SAMPLE 502 ----------
INSERT INTO GUEST VALUES(1502,'Major','Meng','MMeng@gmail.com','1234 DaWrong Lane','Flonkerton','MD','12345','627-177-6819');
INSERT INTO RESERVATION VALUES ('20181114KJ7373092027154',1502,104,'KJ','2018-11-14','2018-11-15',null,'complete');
INSERT INTO INVOICECHARGE VALUES ('20181114KJ7373092027154-ch00001','20181114KJ7373092027154','2018-11-14',138.6,'Base room charge');
INSERT INTO PAYMENT (payment_id,invoice_id,payment_date,payment_type,payment_amount) VALUES ('20181114KJ7373092027154-p00001','20181114KJ7373092027154','2018-11-16','CA',138.6);
-- ------- SAMPLE 503 ----------
INSERT INTO GUEST VALUES(1503,'Florentino','Feth','FFeth@hotmail.com','1234 DaWrong Lane','Flonkerton','MD','12345','577-840-9891');
INSERT INTO RESERVATION VALUES ('20210125KI6028711766312',1503,null,'KI','2021-01-25','2021-01-27',null,'active');
-- ------- SAMPLE 504 ----------
INSERT INTO GUEST VALUES(1504,'Deangelo','Deloera','DDeloera@gmail.com','1234 DaWrong Lane','Flonkerton','MD','12345','807-689-4385');
INSERT INTO RESERVATION VALUES ('20180621QS4897338079356',1504,207,'QS','2018-06-21','2018-06-23',null,'cancelled');
INSERT INTO INVOICECHARGE VALUES ('20180621QS4897338079356-ch00001','20180621QS4897338079356','2018-06-21',234.55,'Base room charge');
INSERT INTO PAYMENT VALUES ('20180621QS4897338079356-p00001','20180621QS4897338079356','2018-06-23','CC',234.55,'Deangelo Deloera','6769971969143387',5,2026,42,'Mastercard');
-- ------- SAMPLE 505 ----------
INSERT INTO GUEST VALUES(1505,'Shenna','Salmi','SSalmi@yahoo.com','1234 DaWrong Lane','Flonkerton','MD','12345','356-140-4046');
INSERT INTO RESERVATION VALUES ('20210113QD8018124211309',1505,null,'QD','2021-01-13','2021-01-18',null,'active');
INSERT INTO INVOICECHARGE VALUES ('20210113QD8018124211309-ch00001','20210113QD8018124211309','2021-01-13',479.76,'Base room charge');
INSERT INTO PAYMENT VALUES ('20210113QD8018124211309-p00001','20210113QD8018124211309','2021-01-15','CC',479.76,'Shenna Salmi','7511859931213769',5,2027,804,'Mastercard');
-- ------- SAMPLE 506 ----------
INSERT INTO GUEST VALUES(1506,'Marylynn','Musson','MMusson@gmail.com','1234 DaWrong Lane','Flonkerton','MD','12345','220-218-9894');
INSERT INTO RESERVATION VALUES ('20180731KS1455255239689',1506,102,'KS','2018-07-31','2018-08-03',null,'complete');
INSERT INTO INVOICECHARGE VALUES ('20180731KS1455255239689-ch00001','20180731KS1455255239689','2018-07-31',319.84,'Base room charge');
INSERT INTO PAYMENT VALUES ('20180731KS1455255239689-p00001','20180731KS1455255239689','2018-08-02','CC',319.84,'Marylynn Musson','4350786373658432',11,2025,16,'Mastercard');
-- ------- SAMPLE 507 ----------
INSERT INTO GUEST VALUES(1507,'Mario','Macdowell','MMacdowell@yahoo.com','1234 DaWrong Lane','Flonkerton','MD','12345','007-566-0638');
INSERT INTO RESERVATION VALUES ('20191008QD5456319475099',1507,111,'QD','2019-10-08','2019-10-09',null,'complete');
INSERT INTO INVOICECHARGE VALUES ('20191008QD5456319475099-ch00001','20191008QD5456319475099','2019-10-08',95.95,'Base room charge');
INSERT INTO PAYMENT VALUES ('20191008QD5456319475099-p00001','20191008QD5456319475099','2019-10-10','CC',95.95,'Mario Macdowell','5110208089571079',6,2023,368,'Mastercard');
-- ------- SAMPLE 508 ----------
INSERT INTO GUEST VALUES(1508,'Ella','Evanoff','EEvanoff@gmail.com','1234 DaWrong Lane','Flonkerton','MD','12345','657-165-8986');
INSERT INTO RESERVATION VALUES ('20181206KJ7006522511505',1508,208,'KJ','2018-12-06','2018-12-10',null,'complete');
INSERT INTO INVOICECHARGE VALUES ('20181206KJ7006522511505-ch00001','20181206KJ7006522511505','2018-12-06',554.41,'Base room charge');
INSERT INTO PAYMENT VALUES ('20181206KJ7006522511505-p00001','20181206KJ7006522511505','2018-12-08','CC',554.41,'Ella Evanoff','4437269503442379',3,2021,585,'Mastercard');
-- ------- SAMPLE 509 ----------
INSERT INTO GUEST VALUES(1509,'Shawn','Stefanski','SStefanski@yahoo.com','1234 DaWrong Lane','Flonkerton','MD','12345','423-832-0760');
INSERT INTO RESERVATION VALUES ('20200714QD9411812149043',1509,null,'QD','2020-07-14','2020-07-17',null,'active');
-- ------- SAMPLE 510 ----------
INSERT INTO GUEST VALUES(1510,'Luella','Lundstrom','LLundstrom@yahoo.com','1234 DaWrong Lane','Flonkerton','MD','12345','132-267-6604');
INSERT INTO RESERVATION VALUES ('20180522KJ5604709597203',1510,208,'KJ','2018-05-22','2018-05-25',null,'complete');
INSERT INTO INVOICECHARGE VALUES ('20180522KJ5604709597203-ch00001','20180522KJ5604709597203','2018-05-22',415.81,'Base room charge');
INSERT INTO PAYMENT VALUES ('20180522KJ5604709597203-p00001','20180522KJ5604709597203','2018-05-24','CC',415.81,'Luella Lundstrom','3949462150026126',3,2025,233,'Mastercard');
-- ------- SAMPLE 511 ----------
INSERT INTO GUEST VALUES(1511,'Florentino','Feth','FFeth@yahoo.com','1234 DaWrong Lane','Flonkerton','MD','12345','096-525-2937');
INSERT INTO RESERVATION VALUES ('20191003KJ3446010307453',1511,109,'KJ','2019-10-03','2019-10-06',null,'complete');
INSERT INTO INVOICECHARGE VALUES ('20191003KJ3446010307453-ch00001','20191003KJ3446010307453','2019-10-03',274.43,'Base room charge');
INSERT INTO INVOICECHARGE VALUES ('20191003KJ3446010307453-ch00002','20191003KJ3446010307453','2019-10-03',141.37,'Cleaning fee');
INSERT INTO PAYMENT (payment_id,invoice_id,payment_date,payment_type,payment_amount) VALUES ('20191003KJ3446010307453-p00001','20191003KJ3446010307453','2019-10-05','CA',415.81);
-- ------- SAMPLE 512 ----------
INSERT INTO GUEST VALUES(1512,'Gwyneth','Gamber','GGamber@gmail.com','1234 DaWrong Lane','Flonkerton','MD','12345','754-376-9129');
INSERT INTO RESERVATION VALUES ('20191025KS7437655160774',1512,117,'KS','2019-10-25','2019-10-26',null,'complete');
INSERT INTO INVOICECHARGE VALUES ('20191025KS7437655160774-ch00001','20191025KS7437655160774','2019-10-25',70.37,'Base room charge');
INSERT INTO INVOICECHARGE VALUES ('20191025KS7437655160774-ch00002','20191025KS7437655160774','2019-10-25',36.25,'Room Service');
INSERT INTO PAYMENT VALUES ('20191025KS7437655160774-p00001','20191025KS7437655160774','2019-10-27','CC',106.61,'Gwyneth Gamber','6879202669823463',1,2026,610,'Mastercard');
-- ------- SAMPLE 513 ----------
INSERT INTO GUEST VALUES(1513,'Asa','Allan','AAllan@hotmail.com','1234 DaWrong Lane','Flonkerton','MD','12345','458-762-2105');
INSERT INTO RESERVATION VALUES ('20190703QS3201574984993',1513,207,'QS','2019-07-03','2019-07-04',null,'complete');
INSERT INTO INVOICECHARGE VALUES ('20190703QS3201574984993-ch00001','20190703QS3201574984993','2019-07-03',77.4,'Base room charge');
INSERT INTO INVOICECHARGE VALUES ('20190703QS3201574984993-ch00002','20190703QS3201574984993','2019-07-03',39.87,'Cleaning fee');
INSERT INTO PAYMENT (payment_id,invoice_id,payment_date,payment_type,payment_amount) VALUES ('20190703QS3201574984993-p00001','20190703QS3201574984993','2019-07-05','CA',117.28);
-- ------- SAMPLE 514 ----------
INSERT INTO GUEST VALUES(1514,'Tanner','Tomasello','TTomasello@gmail.com','1234 DaWrong Lane','Flonkerton','MD','12345','934-298-2484');
INSERT INTO RESERVATION VALUES ('20201218QS5855209682503',1514,null,'QS','2020-12-18','2020-12-19',null,'active');
INSERT INTO INVOICECHARGE VALUES ('20201218QS5855209682503-ch00001','20201218QS5855209682503','2020-12-18',77.4,'Base room charge');
INSERT INTO INVOICECHARGE VALUES ('20201218QS5855209682503-ch00002','20201218QS5855209682503','2020-12-18',39.87,'Room Service');
INSERT INTO PAYMENT VALUES ('20201218QS5855209682503-p00001','20201218QS5855209682503','2020-12-20','CC',27,'Tanner Tomasello','6709181307680438',7,2026,524,'Mastercard');
-- ------- SAMPLE 515 ----------
INSERT INTO GUEST VALUES(1515,'Kathern','Korn','KKorn@hotmail.com','1234 DaWrong Lane','Flonkerton','MD','12345','206-399-9051');
INSERT INTO RESERVATION VALUES ('20210319QD9336372432092',1515,null,'QD','2021-03-19','2021-03-21',null,'active');
INSERT INTO INVOICECHARGE VALUES ('20210319QD9336372432092-ch00001','20210319QD9336372432092','2021-03-19',191.9,'Base room charge');
INSERT INTO PAYMENT VALUES ('20210319QD9336372432092-p00001','20210319QD9336372432092','2021-03-21','CC',191.9,'Kathern Korn','1293468309850105',5,2026,954,'Mastercard');
-- ------- SAMPLE 516 ----------
INSERT INTO GUEST VALUES(1516,'Stan','Schnell','SSchnell@hotmail.com','1234 DaWrong Lane','Flonkerton','MD','12345','582-274-9533');
INSERT INTO RESERVATION VALUES ('20181026QD2533034487503',1516,111,'QD','2018-10-26','2018-10-29',null,'cancelled');
INSERT INTO INVOICECHARGE VALUES ('20181026QD2533034487503-ch00001','20181026QD2533034487503','2018-10-26',189.98,'Base room charge');
INSERT INTO INVOICECHARGE VALUES ('20181026QD2533034487503-ch00002','20181026QD2533034487503','2018-10-26',97.87,'Cleaning fee');
INSERT INTO PAYMENT (payment_id,invoice_id,payment_date,payment_type,payment_amount) VALUES ('20181026QD2533034487503-p00001','20181026QD2533034487503','2018-10-28','CA',287.86);
-- ------- SAMPLE 517 ----------
INSERT INTO GUEST VALUES(1517,'Fredericka','Farney','FFarney@yahoo.com','1234 DaWrong Lane','Flonkerton','MD','12345','264-084-8841');
INSERT INTO RESERVATION VALUES ('20190316QD1481505668527',1517,101,'QD','2019-03-16','2019-03-17',null,'complete');
INSERT INTO INVOICECHARGE VALUES ('20190316QD1481505668527-ch00001','20190316QD1481505668527','2019-03-16',63.33,'Base room charge');
INSERT INTO INVOICECHARGE VALUES ('20190316QD1481505668527-ch00002','20190316QD1481505668527','2019-03-16',32.62,'Cleaning fee');
INSERT INTO PAYMENT (payment_id,invoice_id,payment_date,payment_type,payment_amount) VALUES ('20190316QD1481505668527-p00001','20190316QD1481505668527','2019-03-18','CA',95.95);
-- ------- SAMPLE 518 ----------
INSERT INTO GUEST VALUES(1518,'Florentino','Feth','FFeth@yahoo.com','1234 DaWrong Lane','Flonkerton','MD','12345','259-721-1965');
INSERT INTO RESERVATION VALUES ('20190716QD8448128035353',1518,101,'QD','2019-07-16','2019-07-21',null,'complete');
INSERT INTO INVOICECHARGE VALUES ('20190716QD8448128035353-ch00001','20190716QD8448128035353','2019-07-16',479.76,'Base room charge');
INSERT INTO PAYMENT (payment_id,invoice_id,payment_date,payment_type,payment_amount) VALUES ('20190716QD8448128035353-p00001','20190716QD8448128035353','2019-07-18','CA',479.76);
-- ------- SAMPLE 519 ----------
INSERT INTO GUEST VALUES(1519,'Anita','Amezcua','AAmezcua@hotmail.com','1234 DaWrong Lane','Flonkerton','MD','12345','492-500-6185');
INSERT INTO RESERVATION VALUES ('20190712KI8314811826809',1519,115,'KI','2019-07-12','2019-07-14',null,'complete');
INSERT INTO INVOICECHARGE VALUES ('20190712KI8314811826809-ch00001','20190712KI8314811826809','2019-07-12',112.58,'Base room charge');
INSERT INTO INVOICECHARGE VALUES ('20190712KI8314811826809-ch00002','20190712KI8314811826809','2019-07-12',58,'Room Service');
INSERT INTO PAYMENT VALUES ('20190712KI8314811826809-p00001','20190712KI8314811826809','2019-07-14','CC',170.58,'Anita Amezcua','1331804050656816',10,2022,455,'Mastercard');
-- ------- SAMPLE 520 ----------
INSERT INTO GUEST VALUES(1520,'Francie','Fairbank','FFairbank@yahoo.com','1234 DaWrong Lane','Flonkerton','MD','12345','943-268-6917');
INSERT INTO RESERVATION VALUES ('20200602KI8247791641599',1520,null,'KI','2020-06-02','2020-06-05',null,'active');
INSERT INTO INVOICECHARGE VALUES ('20200602KI8247791641599-ch00001','20200602KI8247791641599','2020-06-02',168.87,'Base room charge');
INSERT INTO INVOICECHARGE VALUES ('20200602KI8247791641599-ch00002','20200602KI8247791641599','2020-06-02',87,'Room Service');
INSERT INTO PAYMENT VALUES ('20200602KI8247791641599-p00001','20200602KI8247791641599','2020-06-04','CC',255.87,'Francie Fairbank','8863012864755763',12,2024,263,'Mastercard');
-- ------- SAMPLE 521 ----------
INSERT INTO GUEST VALUES(1521,'Antwan','Albury','AAlbury@hotmail.com','1234 DaWrong Lane','Flonkerton','MD','12345','162-148-6700');
INSERT INTO RESERVATION VALUES ('20190413KS7709248087306',1521,117,'KS','2019-04-13','2019-04-18',null,'complete');
INSERT INTO INVOICECHARGE VALUES ('20190413KS7709248087306-ch00001','20190413KS7709248087306','2019-04-13',533.07,'Base room charge');
INSERT INTO PAYMENT VALUES ('20190413KS7709248087306-p00001','20190413KS7709248087306','2019-04-15','CC',533.07,'Antwan Albury','3804823396919323',3,2022,970,'Mastercard');
-- ------- SAMPLE 522 ----------
INSERT INTO GUEST VALUES(1522,'Deandra','Dimauro','DDimauro@gmail.com','1234 DaWrong Lane','Flonkerton','MD','12345','038-169-1476');
INSERT INTO RESERVATION VALUES ('20201129KS3417082587615',1522,null,'KS','2020-11-29','2020-12-02',null,'active');
INSERT INTO INVOICECHARGE VALUES ('20201129KS3417082587615-ch00001','20201129KS3417082587615','2020-11-29',211.1,'Base room charge');
INSERT INTO INVOICECHARGE VALUES ('20201129KS3417082587615-ch00002','20201129KS3417082587615','2020-11-29',108.75,'Room Service');
INSERT INTO PAYMENT VALUES ('20201129KS3417082587615-p00001','20201129KS3417082587615','2020-12-01','CC',319.84,'Deandra Dimauro','1382969686918056',3,2022,176,'Mastercard');
-- ------- SAMPLE 523 ----------
INSERT INTO GUEST VALUES(1523,'Selene','Staiger','SStaiger@hotmail.com','1234 DaWrong Lane','Flonkerton','MD','12345','555-292-9531');
INSERT INTO RESERVATION VALUES ('20181001KJ8848186992290',1523,203,'KJ','2018-10-01','2018-10-03',null,'complete');
INSERT INTO INVOICECHARGE VALUES ('20181001KJ8848186992290-ch00001','20181001KJ8848186992290','2018-10-01',182.95,'Base room charge');
INSERT INTO INVOICECHARGE VALUES ('20181001KJ8848186992290-ch00002','20181001KJ8848186992290','2018-10-01',94.25,'Room Service');
INSERT INTO PAYMENT VALUES ('20181001KJ8848186992290-p00001','20181001KJ8848186992290','2018-10-03','CC',277.2,'Selene Staiger','5447275625383057',8,2023,403,'Mastercard');
-- ------- SAMPLE 524 ----------
INSERT INTO GUEST VALUES(1524,'Katerine','Kawakami','KKawakami@hotmail.com','1234 DaWrong Lane','Flonkerton','MD','12345','647-327-0576');
INSERT INTO RESERVATION VALUES ('20210323QS1346252307341',1524,null,'QS','2021-03-23','2021-03-28',null,'active');
-- ------- SAMPLE 525 ----------
INSERT INTO GUEST VALUES(1525,'Georgianne','Guadarrama','GGuadarrama@yahoo.com','1234 DaWrong Lane','Flonkerton','MD','12345','515-292-1946');
INSERT INTO RESERVATION VALUES ('20200322KI7950367959430',1525,120,'KI','2020-03-22','2020-03-26',null,'complete');
INSERT INTO INVOICECHARGE VALUES ('20200322KI7950367959430-ch00001','20200322KI7950367959430','2020-03-22',341.16,'Base room charge');
INSERT INTO PAYMENT VALUES ('20200322KI7950367959430-p00001','20200322KI7950367959430','2020-03-24','CC',341.16,'Georgianne Guadarrama','3430982761662581',1,2026,927,'Mastercard');
-- ------- SAMPLE 526 ----------
INSERT INTO GUEST VALUES(1526,'Dorian','Delbosque','DDelbosque@hotmail.com','1234 DaWrong Lane','Flonkerton','MD','12345','610-657-8153');
INSERT INTO RESERVATION VALUES ('20191223KS7329152602130',1526,102,'KS','2019-12-23','2019-12-26',null,'complete');
INSERT INTO INVOICECHARGE VALUES ('20191223KS7329152602130-ch00001','20191223KS7329152602130','2019-12-23',211.1,'Base room charge');
INSERT INTO INVOICECHARGE VALUES ('20191223KS7329152602130-ch00002','20191223KS7329152602130','2019-12-23',108.75,'Room Service');
INSERT INTO PAYMENT VALUES ('20191223KS7329152602130-p00001','20191223KS7329152602130','2019-12-25','CC',319.84,'Dorian Delbosque','3507958314497389',2,2026,782,'Mastercard');
-- ------- SAMPLE 527 ----------
INSERT INTO GUEST VALUES(1527,'Raven','Rybicki','RRybicki@hotmail.com','1234 DaWrong Lane','Flonkerton','MD','12345','791-128-9415');
INSERT INTO RESERVATION VALUES ('20190831QD3332093792538',1527,101,'QD','2019-08-31','2019-09-01',null,'complete');
INSERT INTO INVOICECHARGE VALUES ('20190831QD3332093792538-ch00001','20190831QD3332093792538','2019-08-31',63.33,'Base room charge');
INSERT INTO INVOICECHARGE VALUES ('20190831QD3332093792538-ch00002','20190831QD3332093792538','2019-08-31',32.62,'Cleaning fee');
INSERT INTO PAYMENT VALUES ('20190831QD3332093792538-p00001','20190831QD3332093792538','2019-09-02','CC',95.95,'Raven Rybicki','9461631101071295',12,2023,86,'Mastercard');
-- ------- SAMPLE 528 ----------
INSERT INTO GUEST VALUES(1528,'Serafina','Singh','SSingh@hotmail.com','1234 DaWrong Lane','Flonkerton','MD','12345','082-363-1547');
INSERT INTO RESERVATION VALUES ('20190920QS1120802248387',1528,108,'QS','2019-09-20','2019-09-22',null,'complete');
INSERT INTO INVOICECHARGE VALUES ('20190920QS1120802248387-ch00001','20190920QS1120802248387','2019-09-20',154.81,'Base room charge');
INSERT INTO INVOICECHARGE VALUES ('20190920QS1120802248387-ch00002','20190920QS1120802248387','2019-09-20',79.75,'Room Service');
INSERT INTO PAYMENT (payment_id,invoice_id,payment_date,payment_type,payment_amount) VALUES ('20190920QS1120802248387-p00001','20190920QS1120802248387','2019-09-22','CA',234.55);
-- ------- SAMPLE 529 ----------
INSERT INTO GUEST VALUES(1529,'Rachell','Riser','RRiser@hotmail.com','1234 DaWrong Lane','Flonkerton','MD','12345','798-349-0010');
INSERT INTO RESERVATION VALUES ('20180925KS3430160467172',1529,107,'KS','2018-09-25','2018-09-30',null,'complete');
INSERT INTO INVOICECHARGE VALUES ('20180925KS3430160467172-ch00001','20180925KS3430160467172','2018-09-25',533.07,'Base room charge');
INSERT INTO PAYMENT VALUES ('20180925KS3430160467172-p00001','20180925KS3430160467172','2018-09-27','CC',533.07,'Rachell Riser','8244589425787236',12,2027,868,'Mastercard');
-- ------- SAMPLE 530 ----------
INSERT INTO GUEST VALUES(1530,'Adrianna','Aungst','AAungst@gmail.com','1234 DaWrong Lane','Flonkerton','MD','12345','082-843-9450');
INSERT INTO RESERVATION VALUES ('20190111KJ3265608034085',1530,104,'KJ','2019-01-11','2019-01-16',null,'complete');
INSERT INTO INVOICECHARGE VALUES ('20190111KJ3265608034085-ch00001','20190111KJ3265608034085','2019-01-11',693.01,'Base room charge');
INSERT INTO PAYMENT VALUES ('20190111KJ3265608034085-p00001','20190111KJ3265608034085','2019-01-13','CC',693.01,'Adrianna Aungst','8834879963073478',10,2025,549,'Mastercard');
-- ------- SAMPLE 531 ----------
INSERT INTO GUEST VALUES(1531,'Margorie','Mcnish','MMcnish@gmail.com','1234 DaWrong Lane','Flonkerton','MD','12345','794-457-6452');
INSERT INTO RESERVATION VALUES ('20190919QS6626923815144',1531,207,'QS','2019-09-19','2019-09-23',null,'complete');
INSERT INTO INVOICECHARGE VALUES ('20190919QS6626923815144-ch00001','20190919QS6626923815144','2019-09-19',469.11,'Base room charge');
INSERT INTO PAYMENT VALUES ('20190919QS6626923815144-p00001','20190919QS6626923815144','2019-09-21','CC',469.11,'Margorie Mcnish','9853134796316371',10,2022,518,'Mastercard');
-- ------- SAMPLE 532 ----------
INSERT INTO GUEST VALUES(1532,'Linwood','Layden','LLayden@yahoo.com','1234 DaWrong Lane','Flonkerton','MD','12345','745-488-6101');
INSERT INTO RESERVATION VALUES ('20200202KS3634921158803',1532,201,'KS','2020-02-02','2020-02-04',null,'complete');
INSERT INTO INVOICECHARGE VALUES ('20200202KS3634921158803-ch00001','20200202KS3634921158803','2020-02-02',213.23,'Base room charge');
INSERT INTO PAYMENT VALUES ('20200202KS3634921158803-p00001','20200202KS3634921158803','2020-02-04','CC',213.23,'Linwood Layden','9917367994777073',9,2021,17,'Mastercard');
-- ------- SAMPLE 533 ----------
INSERT INTO GUEST VALUES(1533,'Deandra','Dimauro','DDimauro@yahoo.com','1234 DaWrong Lane','Flonkerton','MD','12345','821-166-8257');
INSERT INTO RESERVATION VALUES ('20181118KJ7055945133938',1533,114,'KJ','2018-11-18','2018-11-21',null,'complete');
INSERT INTO INVOICECHARGE VALUES ('20181118KJ7055945133938-ch00001','20181118KJ7055945133938','2018-11-18',415.81,'Base room charge');
INSERT INTO PAYMENT VALUES ('20181118KJ7055945133938-p00001','20181118KJ7055945133938','2018-11-20','CC',415.81,'Deandra Dimauro','9781279640907041',5,2025,657,'Mastercard');
-- ------- SAMPLE 534 ----------
INSERT INTO GUEST VALUES(1534,'Tai','Tookes','TTookes@yahoo.com','1234 DaWrong Lane','Flonkerton','MD','12345','344-998-2213');
INSERT INTO RESERVATION VALUES ('20201026KS2156008661060',1534,null,'KS','2020-10-26','2020-10-28',null,'active');
-- ------- SAMPLE 535 ----------
INSERT INTO GUEST VALUES(1535,'Irma','Irby','IIrby@hotmail.com','1234 DaWrong Lane','Flonkerton','MD','12345','158-150-4648');
INSERT INTO RESERVATION VALUES ('20200924QD5249107545976',1535,null,'QD','2020-09-24','2020-09-27',null,'active');
INSERT INTO INVOICECHARGE VALUES ('20200924QD5249107545976-ch00001','20200924QD5249107545976','2020-09-24',189.98,'Base room charge');
INSERT INTO INVOICECHARGE VALUES ('20200924QD5249107545976-ch00002','20200924QD5249107545976','2020-09-24',97.87,'Room Service');
INSERT INTO PAYMENT VALUES ('20200924QD5249107545976-p00001','20200924QD5249107545976','2020-09-26','CC',287.86,'Irma Irby','4405534527067555',4,2027,691,'Mastercard');
-- ------- SAMPLE 536 ----------
INSERT INTO GUEST VALUES(1536,'Deandre','Defore','DDefore@hotmail.com','1234 DaWrong Lane','Flonkerton','MD','12345','520-504-0829');
INSERT INTO RESERVATION VALUES ('20200223KJ5077083696899',1536,119,'KJ','2020-02-23','2020-02-26',null,'complete');
INSERT INTO INVOICECHARGE VALUES ('20200223KJ5077083696899-ch00001','20200223KJ5077083696899','2020-02-23',415.81,'Base room charge');
INSERT INTO PAYMENT VALUES ('20200223KJ5077083696899-p00001','20200223KJ5077083696899','2020-02-25','CC',415.81,'Deandre Defore','3355631848678050',7,2023,108,'Mastercard');
-- ------- SAMPLE 537 ----------
INSERT INTO GUEST VALUES(1537,'Shad','Sitler','SSitler@gmail.com','1234 DaWrong Lane','Flonkerton','MD','12345','755-576-6599');
INSERT INTO RESERVATION VALUES ('20200915KS5716542491926',1537,null,'KS','2020-09-15','2020-09-20',null,'active');
INSERT INTO INVOICECHARGE VALUES ('20200915KS5716542491926-ch00001','20200915KS5716542491926','2020-09-15',533.07,'Base room charge');
INSERT INTO PAYMENT VALUES ('20200915KS5716542491926-p00001','20200915KS5716542491926','2020-09-17','CC',533.07,'Shad Sitler','3885290162460695',9,2023,479,'Mastercard');
-- ------- SAMPLE 538 ----------
INSERT INTO GUEST VALUES(1538,'Piedad','Proctor','PProctor@gmail.com','1234 DaWrong Lane','Flonkerton','MD','12345','749-244-4569');
INSERT INTO RESERVATION VALUES ('20181206KS3150131322993',1538,206,'KS','2018-12-06','2018-12-07',null,'complete');
INSERT INTO INVOICECHARGE VALUES ('20181206KS3150131322993-ch00001','20181206KS3150131322993','2018-12-06',106.61,'Base room charge');
INSERT INTO PAYMENT VALUES ('20181206KS3150131322993-p00001','20181206KS3150131322993','2018-12-08','CC',106.61,'Piedad Proctor','1203248327868580',7,2021,756,'Mastercard');
-- ------- SAMPLE 539 ----------
INSERT INTO GUEST VALUES(1539,'Christine','Ciampa','CCiampa@gmail.com','1234 DaWrong Lane','Flonkerton','MD','12345','742-361-8169');
INSERT INTO RESERVATION VALUES ('20190207KJ5645403494653',1539,109,'KJ','2019-02-07','2019-02-09',null,'complete');
INSERT INTO INVOICECHARGE VALUES ('20190207KJ5645403494653-ch00001','20190207KJ5645403494653','2019-02-07',182.95,'Base room charge');
INSERT INTO INVOICECHARGE VALUES ('20190207KJ5645403494653-ch00002','20190207KJ5645403494653','2019-02-07',94.25,'Room Service');
INSERT INTO PAYMENT VALUES ('20190207KJ5645403494653-p00001','20190207KJ5645403494653','2019-02-09','CC',277.2,'Christine Ciampa','5422302971778157',1,2021,655,'Mastercard');
-- ------- SAMPLE 540 ----------
INSERT INTO GUEST VALUES(1540,'Kathlyn','Kinser','KKinser@gmail.com','1234 DaWrong Lane','Flonkerton','MD','12345','071-290-2160');
INSERT INTO RESERVATION VALUES ('20200921QD8869758316882',1540,null,'QD','2020-09-21','2020-09-24',null,'active');
INSERT INTO INVOICECHARGE VALUES ('20200921QD8869758316882-ch00001','20200921QD8869758316882','2020-09-21',287.86,'Base room charge');
INSERT INTO PAYMENT VALUES ('20200921QD8869758316882-p00001','20200921QD8869758316882','2020-09-23','CC',287.86,'Kathlyn Kinser','2809123307679584',2,2025,486,'Mastercard');
-- ------- SAMPLE 541 ----------
INSERT INTO GUEST VALUES(1541,'Asa','Allan','AAllan@hotmail.com','1234 DaWrong Lane','Flonkerton','MD','12345','099-548-2322');
INSERT INTO RESERVATION VALUES ('20180523KJ8628570737546',1541,208,'KJ','2018-05-23','2018-05-24',null,'complete');
INSERT INTO INVOICECHARGE VALUES ('20180523KJ8628570737546-ch00001','20180523KJ8628570737546','2018-05-23',91.48,'Base room charge');
INSERT INTO INVOICECHARGE VALUES ('20180523KJ8628570737546-ch00002','20180523KJ8628570737546','2018-05-23',47.12,'Room Service');
INSERT INTO PAYMENT VALUES ('20180523KJ8628570737546-p00001','20180523KJ8628570737546','2018-05-25','CC',138.6,'Asa Allan','9503041681409410',6,2027,189,'Mastercard');
-- ------- SAMPLE 542 ----------
INSERT INTO GUEST VALUES(1542,'Collin','Chaparro','CChaparro@hotmail.com','1234 DaWrong Lane','Flonkerton','MD','12345','046-685-9364');
INSERT INTO RESERVATION VALUES ('20190719KJ4736056271733',1542,109,'KJ','2019-07-19','2019-07-23',null,'complete');
INSERT INTO INVOICECHARGE VALUES ('20190719KJ4736056271733-ch00001','20190719KJ4736056271733','2019-07-19',365.91,'Base room charge');
INSERT INTO INVOICECHARGE VALUES ('20190719KJ4736056271733-ch00002','20190719KJ4736056271733','2019-07-19',188.5,'Room Service');
INSERT INTO PAYMENT VALUES ('20190719KJ4736056271733-p00001','20190719KJ4736056271733','2019-07-21','CC',554.41,'Collin Chaparro','7262693270732847',12,2023,24,'Mastercard');
-- ------- SAMPLE 543 ----------
INSERT INTO GUEST VALUES(1543,'Theodora','Trickey','TTrickey@hotmail.com','1234 DaWrong Lane','Flonkerton','MD','12345','549-474-9774');
INSERT INTO RESERVATION VALUES ('20200202KJ1547292133079',1543,208,'KJ','2020-02-02','2020-02-07',null,'complete');
INSERT INTO INVOICECHARGE VALUES ('20200202KJ1547292133079-ch00001','20200202KJ1547292133079','2020-02-02',693.01,'Base room charge');
INSERT INTO PAYMENT VALUES ('20200202KJ1547292133079-p00001','20200202KJ1547292133079','2020-02-04','CC',693.01,'Theodora Trickey','7187751558273392',1,2025,745,'Mastercard');
-- ------- SAMPLE 544 ----------
INSERT INTO GUEST VALUES(1544,'Natalia','Nowacki','NNowacki@hotmail.com','1234 DaWrong Lane','Flonkerton','MD','12345','196-399-4015');
INSERT INTO RESERVATION VALUES ('20200517QS6340342455260',1544,null,'QS','2020-05-17','2020-05-20',null,'active');
INSERT INTO INVOICECHARGE VALUES ('20200517QS6340342455260-ch00001','20200517QS6340342455260','2020-05-17',232.21,'Base room charge');
INSERT INTO INVOICECHARGE VALUES ('20200517QS6340342455260-ch00002','20200517QS6340342455260','2020-05-17',119.62,'Cleaning fee');
INSERT INTO PAYMENT VALUES ('20200517QS6340342455260-p00001','20200517QS6340342455260','2020-05-19','CC',351.83,'Natalia Nowacki','7011539116442346',2,2022,958,'Mastercard');
-- ------- SAMPLE 545 ----------
INSERT INTO GUEST VALUES(1545,'Theodora','Trickey','TTrickey@hotmail.com','1234 DaWrong Lane','Flonkerton','MD','12345','822-226-1159');
INSERT INTO RESERVATION VALUES ('20200926KJ5127812917840',1545,null,'KJ','2020-09-26','2020-09-30',null,'active');
-- ------- SAMPLE 546 ----------
INSERT INTO GUEST VALUES(1546,'Floy','Feinstein','FFeinstein@yahoo.com','1234 DaWrong Lane','Flonkerton','MD','12345','508-553-3270');
INSERT INTO RESERVATION VALUES ('20190906QD3513356733338',1546,205,'QD','2019-09-06','2019-09-07',null,'complete');
INSERT INTO INVOICECHARGE VALUES ('20190906QD3513356733338-ch00001','20190906QD3513356733338','2019-09-06',63.33,'Base room charge');
INSERT INTO INVOICECHARGE VALUES ('20190906QD3513356733338-ch00002','20190906QD3513356733338','2019-09-06',32.62,'Cleaning fee');
INSERT INTO PAYMENT (payment_id,invoice_id,payment_date,payment_type,payment_amount) VALUES ('20190906QD3513356733338-p00001','20190906QD3513356733338','2019-09-08','CA',95.95);
-- ------- SAMPLE 547 ----------
INSERT INTO GUEST VALUES(1547,'Floy','Feinstein','FFeinstein@yahoo.com','1234 DaWrong Lane','Flonkerton','MD','12345','189-089-2222');
INSERT INTO RESERVATION VALUES ('20191110QS9040643724421',1547,113,'QS','2019-11-10','2019-11-13',null,'complete');
INSERT INTO INVOICECHARGE VALUES ('20191110QS9040643724421-ch00001','20191110QS9040643724421','2019-11-10',351.83,'Base room charge');
INSERT INTO PAYMENT VALUES ('20191110QS9040643724421-p00001','20191110QS9040643724421','2019-11-12','CC',351.83,'Floy Feinstein','5000545924556413',6,2022,715,'Mastercard');
-- ------- SAMPLE 548 ----------
INSERT INTO GUEST VALUES(1548,'Clara','Crimmins','CCrimmins@hotmail.com','1234 DaWrong Lane','Flonkerton','MD','12345','670-808-0119');
INSERT INTO RESERVATION VALUES ('20180521KJ7315777554369',1548,109,'KJ','2018-05-21','2018-05-26',null,'complete');
INSERT INTO INVOICECHARGE VALUES ('20180521KJ7315777554369-ch00001','20180521KJ7315777554369','2018-05-21',693.01,'Base room charge');
INSERT INTO PAYMENT VALUES ('20180521KJ7315777554369-p00001','20180521KJ7315777554369','2018-05-23','CC',693.01,'Clara Crimmins','7244782407344960',9,2021,77,'Mastercard');
-- ------- SAMPLE 549 ----------
INSERT INTO GUEST VALUES(1549,'Collin','Chaparro','CChaparro@yahoo.com','1234 DaWrong Lane','Flonkerton','MD','12345','879-498-6463');
INSERT INTO RESERVATION VALUES ('20200623KI7056837949057',1549,null,'KI','2020-06-23','2020-06-27',null,'active');
INSERT INTO INVOICECHARGE VALUES ('20200623KI7056837949057-ch00001','20200623KI7056837949057','2020-06-23',341.16,'Base room charge');
INSERT INTO PAYMENT (payment_id,invoice_id,payment_date,payment_type,payment_amount) VALUES ('20200623KI7056837949057-p00001','20200623KI7056837949057','2020-06-25','CA',87);
-- ------- SAMPLE 550 ----------
INSERT INTO GUEST VALUES(1550,'Katerine','Kawakami','KKawakami@gmail.com','1234 DaWrong Lane','Flonkerton','MD','12345','082-608-4811');
INSERT INTO RESERVATION VALUES ('20181022QD3990929549900',1550,116,'QD','2018-10-22','2018-10-27',null,'complete');
INSERT INTO INVOICECHARGE VALUES ('20181022QD3990929549900-ch00001','20181022QD3990929549900','2018-10-22',316.64,'Base room charge');
INSERT INTO INVOICECHARGE VALUES ('20181022QD3990929549900-ch00002','20181022QD3990929549900','2018-10-22',163.12,'Room Service');
INSERT INTO PAYMENT VALUES ('20181022QD3990929549900-p00001','20181022QD3990929549900','2018-10-24','CC',479.76,'Katerine Kawakami','2946173755047442',2,2024,855,'Mastercard');
-- ------- SAMPLE 551 ----------
INSERT INTO GUEST VALUES(1551,'Selene','Staiger','SStaiger@yahoo.com','1234 DaWrong Lane','Flonkerton','MD','12345','352-208-6127');
INSERT INTO RESERVATION VALUES ('20201202QD6339914109051',1551,null,'QD','2020-12-02','2020-12-06',null,'active');
INSERT INTO INVOICECHARGE VALUES ('20201202QD6339914109051-ch00001','20201202QD6339914109051','2020-12-02',383.81,'Base room charge');
INSERT INTO PAYMENT (payment_id,invoice_id,payment_date,payment_type,payment_amount) VALUES ('20201202QD6339914109051-p00001','20201202QD6339914109051','2020-12-04','CA',194);
-- ------- SAMPLE 552 ----------
INSERT INTO GUEST VALUES(1552,'Jeanene','Jacobo','JJacobo@yahoo.com','1234 DaWrong Lane','Flonkerton','MD','12345','930-541-1798');
INSERT INTO RESERVATION VALUES ('20190207KS9489350412370',1552,107,'KS','2019-02-07','2019-02-12',null,'complete');
INSERT INTO INVOICECHARGE VALUES ('20190207KS9489350412370-ch00001','20190207KS9489350412370','2019-02-07',533.07,'Base room charge');
INSERT INTO PAYMENT VALUES ('20190207KS9489350412370-p00001','20190207KS9489350412370','2019-02-09','CC',533.07,'Jeanene Jacobo','5769292249556364',9,2026,92,'Mastercard');
-- ------- SAMPLE 553 ----------
INSERT INTO GUEST VALUES(1553,'Natalia','Nowacki','NNowacki@gmail.com','1234 DaWrong Lane','Flonkerton','MD','12345','513-710-1935');
INSERT INTO RESERVATION VALUES ('20180524QD7718764672924',1553,200,'QD','2018-05-24','2018-05-29',null,'complete');
INSERT INTO INVOICECHARGE VALUES ('20180524QD7718764672924-ch00001','20180524QD7718764672924','2018-05-24',316.64,'Base room charge');
INSERT INTO INVOICECHARGE VALUES ('20180524QD7718764672924-ch00002','20180524QD7718764672924','2018-05-24',163.12,'Room Service');
INSERT INTO PAYMENT VALUES ('20180524QD7718764672924-p00001','20180524QD7718764672924','2018-05-26','CC',479.76,'Natalia Nowacki','5241964027954828',12,2023,178,'Mastercard');
-- ------- SAMPLE 554 ----------
INSERT INTO GUEST VALUES(1554,'Melony','Mcmartin','MMcmartin@hotmail.com','1234 DaWrong Lane','Flonkerton','MD','12345','986-429-8340');
INSERT INTO RESERVATION VALUES ('20200824KS1675303064207',1554,null,'KS','2020-08-24','2020-08-25',null,'active');
-- ------- SAMPLE 555 ----------
INSERT INTO GUEST VALUES(1555,'Shad','Sitler','SSitler@hotmail.com','1234 DaWrong Lane','Flonkerton','MD','12345','154-838-8088');
INSERT INTO RESERVATION VALUES ('20210105KJ5896608065351',1555,null,'KJ','2021-01-05','2021-01-06',null,'active');
-- ------- SAMPLE 556 ----------
INSERT INTO GUEST VALUES(1556,'Kaley','Kilmon','KKilmon@yahoo.com','1234 DaWrong Lane','Flonkerton','MD','12345','449-007-4332');
INSERT INTO RESERVATION VALUES ('20200504QS7821766172740',1556,108,'QS','2020-05-04','2020-05-05',null,'cancelled');
INSERT INTO INVOICECHARGE VALUES ('20200504QS7821766172740-ch00001','20200504QS7821766172740','2020-05-04',77.4,'Base room charge');
INSERT INTO INVOICECHARGE VALUES ('20200504QS7821766172740-ch00002','20200504QS7821766172740','2020-05-04',39.87,'Room Service');
INSERT INTO PAYMENT (payment_id,invoice_id,payment_date,payment_type,payment_amount) VALUES ('20200504QS7821766172740-p00001','20200504QS7821766172740','2020-05-06','CA',117.28);
-- ------- SAMPLE 557 ----------
INSERT INTO GUEST VALUES(1557,'Shawn','Stefanski','SStefanski@hotmail.com','1234 DaWrong Lane','Flonkerton','MD','12345','886-798-9038');
INSERT INTO RESERVATION VALUES ('20210421KJ3670954019729',1557,null,'KJ','2021-04-21','2021-04-23',null,'active');
INSERT INTO INVOICECHARGE VALUES ('20210421KJ3670954019729-ch00001','20210421KJ3670954019729','2021-04-21',182.95,'Base room charge');
INSERT INTO INVOICECHARGE VALUES ('20210421KJ3670954019729-ch00002','20210421KJ3670954019729','2021-04-21',94.25,'Room Service');
INSERT INTO PAYMENT (payment_id,invoice_id,payment_date,payment_type,payment_amount) VALUES ('20210421KJ3670954019729-p00001','20210421KJ3670954019729','2021-04-23','CA',277.2);
-- ------- SAMPLE 558 ----------
INSERT INTO GUEST VALUES(1558,'Claribel','Catanzaro','CCatanzaro@hotmail.com','1234 DaWrong Lane','Flonkerton','MD','12345','095-229-2542');
INSERT INTO RESERVATION VALUES ('20201128QS4426141826402',1558,null,'QS','2020-11-28','2020-12-03',null,'cancelled');
INSERT INTO INVOICECHARGE VALUES ('20201128QS4426141826402-ch00001','20201128QS4426141826402','2020-11-28',586.38,'Base room charge');
INSERT INTO PAYMENT VALUES ('20201128QS4426141826402-p00001','20201128QS4426141826402','2020-11-30','CC',163,'Claribel Catanzaro','3437509156942361',3,2023,499,'Mastercard');
-- ------- SAMPLE 559 ----------
INSERT INTO GUEST VALUES(1559,'Walker','Weatherhead','WWeatherhead@gmail.com','1234 DaWrong Lane','Flonkerton','MD','12345','779-963-8286');
INSERT INTO RESERVATION VALUES ('20190110KS5652782119254',1559,117,'KS','2019-01-10','2019-01-14',null,'complete');
INSERT INTO INVOICECHARGE VALUES ('20190110KS5652782119254-ch00001','20190110KS5652782119254','2019-01-10',426.46,'Base room charge');
INSERT INTO PAYMENT VALUES ('20190110KS5652782119254-p00001','20190110KS5652782119254','2019-01-12','CC',426.46,'Walker Weatherhead','9868387514228451',4,2027,141,'Mastercard');
-- ------- SAMPLE 560 ----------
INSERT INTO GUEST VALUES(1560,'Maryann','Mccutcheon','MMccutcheon@hotmail.com','1234 DaWrong Lane','Flonkerton','MD','12345','631-597-0710');
INSERT INTO RESERVATION VALUES ('20190208KS5830701418513',1560,102,'KS','2019-02-08','2019-02-13',null,'complete');
INSERT INTO INVOICECHARGE VALUES ('20190208KS5830701418513-ch00001','20190208KS5830701418513','2019-02-08',351.83,'Base room charge');
INSERT INTO INVOICECHARGE VALUES ('20190208KS5830701418513-ch00002','20190208KS5830701418513','2019-02-08',181.24,'Cleaning fee');
INSERT INTO PAYMENT VALUES ('20190208KS5830701418513-p00001','20190208KS5830701418513','2019-02-10','CC',533.07,'Maryann Mccutcheon','2265930688291832',3,2025,875,'Mastercard');
-- ------- SAMPLE 561 ----------
INSERT INTO GUEST VALUES(1561,'Darrin','Drum','DDrum@yahoo.com','1234 DaWrong Lane','Flonkerton','MD','12345','473-386-6369');
INSERT INTO RESERVATION VALUES ('20191104KI1074176902776',1561,120,'KI','2019-11-04','2019-11-08',null,'complete');
INSERT INTO INVOICECHARGE VALUES ('20191104KI1074176902776-ch00001','20191104KI1074176902776','2019-11-04',341.16,'Base room charge');
INSERT INTO PAYMENT VALUES ('20191104KI1074176902776-p00001','20191104KI1074176902776','2019-11-06','CC',341.16,'Darrin Drum','3251630156025894',2,2023,432,'Mastercard');
-- ------- SAMPLE 562 ----------
INSERT INTO GUEST VALUES(1562,'Len','Linquist','LLinquist@gmail.com','1234 DaWrong Lane','Flonkerton','MD','12345','012-532-6792');
INSERT INTO RESERVATION VALUES ('20200805QD4666797693568',1562,null,'QD','2020-08-05','2020-08-09',null,'active');
INSERT INTO INVOICECHARGE VALUES ('20200805QD4666797693568-ch00001','20200805QD4666797693568','2020-08-05',383.81,'Base room charge');
INSERT INTO PAYMENT VALUES ('20200805QD4666797693568-p00001','20200805QD4666797693568','2020-08-07','CC',383.81,'Len Linquist','8262430868063801',11,2021,947,'Mastercard');
-- ------- SAMPLE 563 ----------
INSERT INTO GUEST VALUES(1563,'Lynda','Linda','LLinda@hotmail.com','1234 DaWrong Lane','Flonkerton','MD','12345','688-497-7545');
INSERT INTO RESERVATION VALUES ('20180929QD2098132265019',1563,101,'QD','2018-09-29','2018-10-04',null,'complete');
INSERT INTO INVOICECHARGE VALUES ('20180929QD2098132265019-ch00001','20180929QD2098132265019','2018-09-29',316.64,'Base room charge');
INSERT INTO INVOICECHARGE VALUES ('20180929QD2098132265019-ch00002','20180929QD2098132265019','2018-09-29',163.12,'Room Service');
INSERT INTO PAYMENT VALUES ('20180929QD2098132265019-p00001','20180929QD2098132265019','2018-10-01','CC',479.76,'Lynda Linda','3071177764934457',7,2024,144,'Mastercard');
-- ------- SAMPLE 564 ----------
INSERT INTO GUEST VALUES(1564,'Stacie','Schupp','SSchupp@hotmail.com','1234 DaWrong Lane','Flonkerton','MD','12345','029-593-0548');
INSERT INTO RESERVATION VALUES ('20190210KJ3432930047838',1564,104,'KJ','2019-02-10','2019-02-11',null,'cancelled');
INSERT INTO INVOICECHARGE VALUES ('20190210KJ3432930047838-ch00001','20190210KJ3432930047838','2019-02-10',138.6,'Base room charge');
INSERT INTO PAYMENT (payment_id,invoice_id,payment_date,payment_type,payment_amount) VALUES ('20190210KJ3432930047838-p00001','20190210KJ3432930047838','2019-02-12','CA',138.6);
-- ------- SAMPLE 565 ----------
INSERT INTO GUEST VALUES(1565,'Walter','Wellington','WWellington@gmail.com','1234 DaWrong Lane','Flonkerton','MD','12345','908-811-0161');
INSERT INTO RESERVATION VALUES ('20200213KS2460650781041',1565,206,'KS','2020-02-13','2020-02-15',null,'complete');
INSERT INTO INVOICECHARGE VALUES ('20200213KS2460650781041-ch00001','20200213KS2460650781041','2020-02-13',213.23,'Base room charge');
INSERT INTO PAYMENT (payment_id,invoice_id,payment_date,payment_type,payment_amount) VALUES ('20200213KS2460650781041-p00001','20200213KS2460650781041','2020-02-15','CA',213.23);
-- ------- SAMPLE 566 ----------
INSERT INTO GUEST VALUES(1566,'Danette','Dammann','DDammann@yahoo.com','1234 DaWrong Lane','Flonkerton','MD','12345','402-752-6849');
INSERT INTO RESERVATION VALUES ('20181208QS6455418367460',1566,113,'QS','2018-12-08','2018-12-11',null,'cancelled');
INSERT INTO INVOICECHARGE VALUES ('20181208QS6455418367460-ch00001','20181208QS6455418367460','2018-12-08',351.83,'Base room charge');
INSERT INTO PAYMENT VALUES ('20181208QS6455418367460-p00001','20181208QS6455418367460','2018-12-10','CC',351.83,'Danette Dammann','7091756040903255',8,2027,0,'Mastercard');
-- ------- SAMPLE 567 ----------
INSERT INTO GUEST VALUES(1567,'Yuette','Yetman','YYetman@hotmail.com','1234 DaWrong Lane','Flonkerton','MD','12345','594-345-7695');
INSERT INTO RESERVATION VALUES ('20181221KJ6350217586650',1567,119,'KJ','2018-12-21','2018-12-22',null,'cancelled');
INSERT INTO INVOICECHARGE VALUES ('20181221KJ6350217586650-ch00001','20181221KJ6350217586650','2018-12-21',91.48,'Base room charge');
INSERT INTO INVOICECHARGE VALUES ('20181221KJ6350217586650-ch00002','20181221KJ6350217586650','2018-12-21',47.12,'Cleaning fee');
INSERT INTO PAYMENT VALUES ('20181221KJ6350217586650-p00001','20181221KJ6350217586650','2018-12-23','CC',138.6,'Yuette Yetman','1910784531773749',12,2025,524,'Mastercard');
-- ------- SAMPLE 568 ----------
INSERT INTO GUEST VALUES(1568,'Fiona','Figgs','FFiggs@hotmail.com','1234 DaWrong Lane','Flonkerton','MD','12345','470-779-7395');
INSERT INTO RESERVATION VALUES ('20190826KJ4826900637107',1568,208,'KJ','2019-08-26','2019-08-31',null,'cancelled');
INSERT INTO INVOICECHARGE VALUES ('20190826KJ4826900637107-ch00001','20190826KJ4826900637107','2019-08-26',457.39,'Base room charge');
INSERT INTO INVOICECHARGE VALUES ('20190826KJ4826900637107-ch00002','20190826KJ4826900637107','2019-08-26',235.62,'Cleaning fee');
INSERT INTO PAYMENT (payment_id,invoice_id,payment_date,payment_type,payment_amount) VALUES ('20190826KJ4826900637107-p00001','20190826KJ4826900637107','2019-08-28','CA',693.01);
-- ------- SAMPLE 569 ----------
INSERT INTO GUEST VALUES(1569,'Audrey','Aikens','AAikens@yahoo.com','1234 DaWrong Lane','Flonkerton','MD','12345','210-864-6083');
INSERT INTO RESERVATION VALUES ('20200525QD8905079838256',1569,null,'QD','2020-05-25','2020-05-28',null,'active');
INSERT INTO INVOICECHARGE VALUES ('20200525QD8905079838256-ch00001','20200525QD8905079838256','2020-05-25',189.98,'Base room charge');
INSERT INTO INVOICECHARGE VALUES ('20200525QD8905079838256-ch00002','20200525QD8905079838256','2020-05-25',97.87,'Cleaning fee');
INSERT INTO PAYMENT (payment_id,invoice_id,payment_date,payment_type,payment_amount) VALUES ('20200525QD8905079838256-p00001','20200525QD8905079838256','2020-05-27','CA',287.86);
-- ------- SAMPLE 570 ----------
INSERT INTO GUEST VALUES(1570,'Missy','Mcclintock','MMcclintock@hotmail.com','1234 DaWrong Lane','Flonkerton','MD','12345','973-106-1238');
INSERT INTO RESERVATION VALUES ('20201004KJ2344806341490',1570,null,'KJ','2020-10-04','2020-10-09',null,'active');
INSERT INTO INVOICECHARGE VALUES ('20201004KJ2344806341490-ch00001','20201004KJ2344806341490','2020-10-04',457.39,'Base room charge');
INSERT INTO INVOICECHARGE VALUES ('20201004KJ2344806341490-ch00002','20201004KJ2344806341490','2020-10-04',235.62,'Room Service');
INSERT INTO PAYMENT VALUES ('20201004KJ2344806341490-p00001','20201004KJ2344806341490','2020-10-06','CC',130,'Missy Mcclintock','1488639854203186',3,2024,86,'Mastercard');
-- ------- SAMPLE 571 ----------
INSERT INTO GUEST VALUES(1571,'Natalia','Nowacki','NNowacki@yahoo.com','1234 DaWrong Lane','Flonkerton','MD','12345','516-081-4359');
INSERT INTO RESERVATION VALUES ('20191214QD5500873215607',1571,111,'QD','2019-12-14','2019-12-18',null,'complete');
INSERT INTO INVOICECHARGE VALUES ('20191214QD5500873215607-ch00001','20191214QD5500873215607','2019-12-14',383.81,'Base room charge');
INSERT INTO PAYMENT VALUES ('20191214QD5500873215607-p00001','20191214QD5500873215607','2019-12-16','CC',383.81,'Natalia Nowacki','4339562065241497',6,2025,610,'Mastercard');
-- ------- SAMPLE 572 ----------
INSERT INTO GUEST VALUES(1572,'Tomika','Teran','TTeran@hotmail.com','1234 DaWrong Lane','Flonkerton','MD','12345','597-452-8738');
INSERT INTO RESERVATION VALUES ('20200801QS5948562977711',1572,null,'QS','2020-08-01','2020-08-02',null,'active');
INSERT INTO INVOICECHARGE VALUES ('20200801QS5948562977711-ch00001','20200801QS5948562977711','2020-08-01',117.28,'Base room charge');
INSERT INTO PAYMENT (payment_id,invoice_id,payment_date,payment_type,payment_amount) VALUES ('20200801QS5948562977711-p00001','20200801QS5948562977711','2020-08-03','CA',117.28);
-- ------- SAMPLE 573 ----------
INSERT INTO GUEST VALUES(1573,'Ginger','Gordillo','GGordillo@gmail.com','1234 DaWrong Lane','Flonkerton','MD','12345','605-772-6862');
INSERT INTO RESERVATION VALUES ('20190301QD1391521387411',1573,111,'QD','2019-03-01','2019-03-04',null,'complete');
INSERT INTO INVOICECHARGE VALUES ('20190301QD1391521387411-ch00001','20190301QD1391521387411','2019-03-01',189.98,'Base room charge');
INSERT INTO INVOICECHARGE VALUES ('20190301QD1391521387411-ch00002','20190301QD1391521387411','2019-03-01',97.87,'Cleaning fee');
INSERT INTO PAYMENT VALUES ('20190301QD1391521387411-p00001','20190301QD1391521387411','2019-03-03','CC',287.86,'Ginger Gordillo','3515789365781731',1,2027,341,'Mastercard');
-- ------- SAMPLE 574 ----------
INSERT INTO GUEST VALUES(1574,'Shena','Sandoz','SSandoz@yahoo.com','1234 DaWrong Lane','Flonkerton','MD','12345','950-387-0839');
INSERT INTO RESERVATION VALUES ('20180821QS5335654654143',1574,118,'QS','2018-08-21','2018-08-23',null,'complete');
INSERT INTO INVOICECHARGE VALUES ('20180821QS5335654654143-ch00001','20180821QS5335654654143','2018-08-21',234.55,'Base room charge');
INSERT INTO PAYMENT VALUES ('20180821QS5335654654143-p00001','20180821QS5335654654143','2018-08-23','CC',234.55,'Shena Sandoz','4635206639043408',12,2027,686,'Mastercard');
-- ------- SAMPLE 575 ----------
INSERT INTO GUEST VALUES(1575,'Asa','Allan','AAllan@gmail.com','1234 DaWrong Lane','Flonkerton','MD','12345','185-188-2166');
INSERT INTO RESERVATION VALUES ('20200804KS7598307790613',1575,null,'KS','2020-08-04','2020-08-05',null,'active');
INSERT INTO INVOICECHARGE VALUES ('20200804KS7598307790613-ch00001','20200804KS7598307790613','2020-08-04',70.37,'Base room charge');
INSERT INTO INVOICECHARGE VALUES ('20200804KS7598307790613-ch00002','20200804KS7598307790613','2020-08-04',36.25,'Room Service');
INSERT INTO PAYMENT VALUES ('20200804KS7598307790613-p00001','20200804KS7598307790613','2020-08-06','CC',106.61,'Asa Allan','2112526194273954',9,2027,380,'Mastercard');
-- ------- SAMPLE 576 ----------
INSERT INTO GUEST VALUES(1576,'Shera','Shorter','SShorter@yahoo.com','1234 DaWrong Lane','Flonkerton','MD','12345','052-036-9984');
INSERT INTO RESERVATION VALUES ('20180819KJ9901904855722',1576,203,'KJ','2018-08-19','2018-08-24',null,'cancelled');
INSERT INTO INVOICECHARGE VALUES ('20180819KJ9901904855722-ch00001','20180819KJ9901904855722','2018-08-19',457.39,'Base room charge');
INSERT INTO INVOICECHARGE VALUES ('20180819KJ9901904855722-ch00002','20180819KJ9901904855722','2018-08-19',235.62,'Room Service');
INSERT INTO PAYMENT VALUES ('20180819KJ9901904855722-p00001','20180819KJ9901904855722','2018-08-21','CC',693.01,'Shera Shorter','1195830302424831',1,2026,356,'Mastercard');
-- ------- SAMPLE 577 ----------
INSERT INTO GUEST VALUES(1577,'Shena','Sandoz','SSandoz@yahoo.com','1234 DaWrong Lane','Flonkerton','MD','12345','032-197-0424');
INSERT INTO RESERVATION VALUES ('20180714KI3161872592619',1577,115,'KI','2018-07-14','2018-07-17',null,'complete');
INSERT INTO INVOICECHARGE VALUES ('20180714KI3161872592619-ch00001','20180714KI3161872592619','2018-07-14',255.87,'Base room charge');
INSERT INTO PAYMENT (payment_id,invoice_id,payment_date,payment_type,payment_amount) VALUES ('20180714KI3161872592619-p00001','20180714KI3161872592619','2018-07-16','CA',255.87);
-- ------- SAMPLE 578 ----------
INSERT INTO GUEST VALUES(1578,'Walter','Wellington','WWellington@gmail.com','1234 DaWrong Lane','Flonkerton','MD','12345','025-268-2946');
INSERT INTO RESERVATION VALUES ('20200305KS7276440887657',1578,117,'KS','2020-03-05','2020-03-08',null,'complete');
INSERT INTO INVOICECHARGE VALUES ('20200305KS7276440887657-ch00001','20200305KS7276440887657','2020-03-05',213.23,'Base room charge');
INSERT INTO PAYMENT (payment_id,invoice_id,payment_date,payment_type,payment_amount) VALUES ('20200305KS7276440887657-p00001','20200305KS7276440887657','2020-03-07','CA',213.23);
-- ------- SAMPLE 579 ----------
INSERT INTO GUEST VALUES(1579,'Stacie','Schupp','SSchupp@gmail.com','1234 DaWrong Lane','Flonkerton','MD','12345','635-824-5349');
INSERT INTO RESERVATION VALUES ('20200509QD2347784355806',1579,null,'QD','2020-05-09','2020-05-14',null,'active');
INSERT INTO INVOICECHARGE VALUES ('20200509QD2347784355806-ch00001','20200509QD2347784355806','2020-05-09',479.76,'Base room charge');
INSERT INTO PAYMENT (payment_id,invoice_id,payment_date,payment_type,payment_amount) VALUES ('20200509QD2347784355806-p00001','20200509QD2347784355806','2020-05-11','CA',307);
-- ------- SAMPLE 580 ----------
INSERT INTO GUEST VALUES(1580,'Natalya','Neathery','NNeathery@gmail.com','1234 DaWrong Lane','Flonkerton','MD','12345','653-123-4891');
INSERT INTO RESERVATION VALUES ('20200629QD8929606015972',1580,null,'QD','2020-06-29','2020-07-02',null,'active');
-- ------- SAMPLE 581 ----------
INSERT INTO GUEST VALUES(1581,'Shae','Sansom','SSansom@hotmail.com','1234 DaWrong Lane','Flonkerton','MD','12345','445-198-0424');
INSERT INTO RESERVATION VALUES ('20190615QD2184406889453',1581,200,'QD','2019-06-15','2019-06-17',null,'complete');
INSERT INTO INVOICECHARGE VALUES ('20190615QD2184406889453-ch00001','20190615QD2184406889453','2019-06-15',126.66,'Base room charge');
INSERT INTO INVOICECHARGE VALUES ('20190615QD2184406889453-ch00002','20190615QD2184406889453','2019-06-15',65.25,'Room Service');
INSERT INTO PAYMENT VALUES ('20190615QD2184406889453-p00001','20190615QD2184406889453','2019-06-17','CC',191.9,'Shae Sansom','8132425484264967',4,2021,766,'Mastercard');
-- ------- SAMPLE 582 ----------
INSERT INTO GUEST VALUES(1582,'Kenisha','Kane','KKane@yahoo.com','1234 DaWrong Lane','Flonkerton','MD','12345','576-068-2261');
INSERT INTO RESERVATION VALUES ('20200629QS6821456968989',1582,null,'QS','2020-06-29','2020-07-01',null,'active');
INSERT INTO INVOICECHARGE VALUES ('20200629QS6821456968989-ch00001','20200629QS6821456968989','2020-06-29',154.81,'Base room charge');
INSERT INTO INVOICECHARGE VALUES ('20200629QS6821456968989-ch00002','20200629QS6821456968989','2020-06-29',79.75,'Room Service');
INSERT INTO PAYMENT VALUES ('20200629QS6821456968989-p00001','20200629QS6821456968989','2020-07-01','CC',234.55,'Kenisha Kane','5253080177776412',2,2025,189,'Mastercard');
-- ------- SAMPLE 583 ----------
INSERT INTO GUEST VALUES(1583,'Joann','Joplin','JJoplin@gmail.com','1234 DaWrong Lane','Flonkerton','MD','12345','492-264-0136');
INSERT INTO RESERVATION VALUES ('20190815KI4161285533163',1583,110,'KI','2019-08-15','2019-08-20',null,'complete');
INSERT INTO INVOICECHARGE VALUES ('20190815KI4161285533163-ch00001','20190815KI4161285533163','2019-08-15',281.45,'Base room charge');
INSERT INTO INVOICECHARGE VALUES ('20190815KI4161285533163-ch00002','20190815KI4161285533163','2019-08-15',144.99,'Cleaning fee');
INSERT INTO PAYMENT VALUES ('20190815KI4161285533163-p00001','20190815KI4161285533163','2019-08-17','CC',426.45,'Joann Joplin','2936470001195716',5,2026,719,'Mastercard');
-- ------- SAMPLE 584 ----------
INSERT INTO GUEST VALUES(1584,'Louisa','Laroque','LLaroque@hotmail.com','1234 DaWrong Lane','Flonkerton','MD','12345','308-795-9346');
INSERT INTO RESERVATION VALUES ('20181031KJ2743714001514',1584,109,'KJ','2018-10-31','2018-11-05',null,'complete');
INSERT INTO INVOICECHARGE VALUES ('20181031KJ2743714001514-ch00001','20181031KJ2743714001514','2018-10-31',693.01,'Base room charge');
INSERT INTO PAYMENT (payment_id,invoice_id,payment_date,payment_type,payment_amount) VALUES ('20181031KJ2743714001514-p00001','20181031KJ2743714001514','2018-11-02','CA',693.01);
-- ------- SAMPLE 585 ----------
INSERT INTO GUEST VALUES(1585,'Demarcus','Dearborn','DDearborn@yahoo.com','1234 DaWrong Lane','Flonkerton','MD','12345','654-741-8404');
INSERT INTO RESERVATION VALUES ('20180719KJ5587032869297',1585,114,'KJ','2018-07-19','2018-07-23',null,'complete');
INSERT INTO INVOICECHARGE VALUES ('20180719KJ5587032869297-ch00001','20180719KJ5587032869297','2018-07-19',365.91,'Base room charge');
INSERT INTO INVOICECHARGE VALUES ('20180719KJ5587032869297-ch00002','20180719KJ5587032869297','2018-07-19',188.5,'Room Service');
INSERT INTO PAYMENT VALUES ('20180719KJ5587032869297-p00001','20180719KJ5587032869297','2018-07-21','CC',554.41,'Demarcus Dearborn','8096443413466872',1,2022,177,'Mastercard');
-- ------- SAMPLE 586 ----------
INSERT INTO GUEST VALUES(1586,'Serafina','Singh','SSingh@gmail.com','1234 DaWrong Lane','Flonkerton','MD','12345','605-525-2991');
INSERT INTO RESERVATION VALUES ('20190403KI3813128588942',1586,110,'KI','2019-04-03','2019-04-07',null,'complete');
INSERT INTO INVOICECHARGE VALUES ('20190403KI3813128588942-ch00001','20190403KI3813128588942','2019-04-03',225.16,'Base room charge');
INSERT INTO INVOICECHARGE VALUES ('20190403KI3813128588942-ch00002','20190403KI3813128588942','2019-04-03',115.99,'Room Service');
INSERT INTO PAYMENT VALUES ('20190403KI3813128588942-p00001','20190403KI3813128588942','2019-04-05','CC',341.16,'Serafina Singh','9563829355976280',3,2024,948,'Mastercard');
-- ------- SAMPLE 587 ----------
INSERT INTO GUEST VALUES(1587,'Kandra','Kelty','KKelty@yahoo.com','1234 DaWrong Lane','Flonkerton','MD','12345','327-484-1591');
INSERT INTO RESERVATION VALUES ('20180826QD6401623146369',1587,200,'QD','2018-08-26','2018-08-28',null,'complete');
INSERT INTO INVOICECHARGE VALUES ('20180826QD6401623146369-ch00001','20180826QD6401623146369','2018-08-26',126.66,'Base room charge');
INSERT INTO INVOICECHARGE VALUES ('20180826QD6401623146369-ch00002','20180826QD6401623146369','2018-08-26',65.25,'Cleaning fee');
INSERT INTO PAYMENT VALUES ('20180826QD6401623146369-p00001','20180826QD6401623146369','2018-08-28','CC',191.9,'Kandra Kelty','4281176653919637',4,2022,466,'Mastercard');
-- ------- SAMPLE 588 ----------
INSERT INTO GUEST VALUES(1588,'Piedad','Proctor','PProctor@gmail.com','1234 DaWrong Lane','Flonkerton','MD','12345','058-619-5346');
INSERT INTO RESERVATION VALUES ('20190125KI1882439562839',1588,105,'KI','2019-01-25','2019-01-26',null,'complete');
INSERT INTO INVOICECHARGE VALUES ('20190125KI1882439562839-ch00001','20190125KI1882439562839','2019-01-25',56.29,'Base room charge');
INSERT INTO INVOICECHARGE VALUES ('20190125KI1882439562839-ch00002','20190125KI1882439562839','2019-01-25',29,'Room Service');
INSERT INTO PAYMENT VALUES ('20190125KI1882439562839-p00001','20190125KI1882439562839','2019-01-27','CC',85.29,'Piedad Proctor','6465321638281727',12,2025,835,'Mastercard');
-- ------- SAMPLE 589 ----------
INSERT INTO GUEST VALUES(1589,'Sherryl','Shurtleff','SShurtleff@hotmail.com','1234 DaWrong Lane','Flonkerton','MD','12345','799-661-6675');
INSERT INTO RESERVATION VALUES ('20201114QD4265011243718',1589,null,'QD','2020-11-14','2020-11-18',null,'active');
INSERT INTO INVOICECHARGE VALUES ('20201114QD4265011243718-ch00001','20201114QD4265011243718','2020-11-14',383.81,'Base room charge');
INSERT INTO PAYMENT VALUES ('20201114QD4265011243718-p00001','20201114QD4265011243718','2020-11-16','CC',383.81,'Sherryl Shurtleff','8924404292826731',6,2027,773,'Mastercard');
-- ------- SAMPLE 590 ----------
INSERT INTO GUEST VALUES(1590,'Fiona','Figgs','FFiggs@hotmail.com','1234 DaWrong Lane','Flonkerton','MD','12345','067-358-0782');
INSERT INTO RESERVATION VALUES ('20180517KS1797641308578',1590,117,'KS','2018-05-17','2018-05-21',null,'complete');
INSERT INTO INVOICECHARGE VALUES ('20180517KS1797641308578-ch00001','20180517KS1797641308578','2018-05-17',281.46,'Base room charge');
INSERT INTO INVOICECHARGE VALUES ('20180517KS1797641308578-ch00002','20180517KS1797641308578','2018-05-17',145,'Cleaning fee');
INSERT INTO PAYMENT VALUES ('20180517KS1797641308578-p00001','20180517KS1797641308578','2018-05-19','CC',426.46,'Fiona Figgs','6412451409067963',6,2023,256,'Mastercard');
-- ------- SAMPLE 591 ----------
INSERT INTO GUEST VALUES(1591,'Francie','Fairbank','FFairbank@yahoo.com','1234 DaWrong Lane','Flonkerton','MD','12345','926-811-6215');
INSERT INTO RESERVATION VALUES ('20200210QS2627362611725',1591,113,'QS','2020-02-10','2020-02-15',null,'complete');
INSERT INTO INVOICECHARGE VALUES ('20200210QS2627362611725-ch00001','20200210QS2627362611725','2020-02-10',387.01,'Base room charge');
INSERT INTO INVOICECHARGE VALUES ('20200210QS2627362611725-ch00002','20200210QS2627362611725','2020-02-10',199.37,'Cleaning fee');
INSERT INTO PAYMENT (payment_id,invoice_id,payment_date,payment_type,payment_amount) VALUES ('20200210QS2627362611725-p00001','20200210QS2627362611725','2020-02-12','CA',586.38);
-- ------- SAMPLE 592 ----------
INSERT INTO GUEST VALUES(1592,'Missy','Mcclintock','MMcclintock@hotmail.com','1234 DaWrong Lane','Flonkerton','MD','12345','146-196-2972');
INSERT INTO RESERVATION VALUES ('20210128QS5348270179928',1592,null,'QS','2021-01-28','2021-02-02',null,'active');
-- ------- SAMPLE 593 ----------
INSERT INTO GUEST VALUES(1593,'Major','Meng','MMeng@hotmail.com','1234 DaWrong Lane','Flonkerton','MD','12345','378-764-1099');
INSERT INTO RESERVATION VALUES ('20200601QS3287067376583',1593,null,'QS','2020-06-01','2020-06-06',null,'active');
INSERT INTO INVOICECHARGE VALUES ('20200601QS3287067376583-ch00001','20200601QS3287067376583','2020-06-01',586.38,'Base room charge');
INSERT INTO PAYMENT VALUES ('20200601QS3287067376583-p00001','20200601QS3287067376583','2020-06-03','CC',535,'Major Meng','7288797296514135',4,2023,692,'Mastercard');
-- ------- SAMPLE 594 ----------
INSERT INTO GUEST VALUES(1594,'Darrin','Drum','DDrum@yahoo.com','1234 DaWrong Lane','Flonkerton','MD','12345','860-017-1313');
INSERT INTO RESERVATION VALUES ('20210208KI3570766558316',1594,null,'KI','2021-02-08','2021-02-11',null,'active');
INSERT INTO INVOICECHARGE VALUES ('20210208KI3570766558316-ch00001','20210208KI3570766558316','2021-02-08',255.87,'Base room charge');
INSERT INTO PAYMENT VALUES ('20210208KI3570766558316-p00001','20210208KI3570766558316','2021-02-10','CC',255.87,'Darrin Drum','2231230419359873',8,2027,780,'Mastercard');
-- ------- SAMPLE 595 ----------
INSERT INTO GUEST VALUES(1595,'Cherry','Chiarello','CChiarello@hotmail.com','1234 DaWrong Lane','Flonkerton','MD','12345','677-127-2769');
INSERT INTO RESERVATION VALUES ('20191125KJ9207087461457',1595,203,'KJ','2019-11-25','2019-11-27',null,'complete');
INSERT INTO INVOICECHARGE VALUES ('20191125KJ9207087461457-ch00001','20191125KJ9207087461457','2019-11-25',182.95,'Base room charge');
INSERT INTO INVOICECHARGE VALUES ('20191125KJ9207087461457-ch00002','20191125KJ9207087461457','2019-11-25',94.25,'Room Service');
INSERT INTO PAYMENT VALUES ('20191125KJ9207087461457-p00001','20191125KJ9207087461457','2019-11-27','CC',277.2,'Cherry Chiarello','1683391128085197',7,2022,50,'Mastercard');
-- ------- SAMPLE 596 ----------
INSERT INTO GUEST VALUES(1596,'Jeanene','Jacobo','JJacobo@hotmail.com','1234 DaWrong Lane','Flonkerton','MD','12345','783-935-7389');
INSERT INTO RESERVATION VALUES ('20181116KS8361847114478',1596,117,'KS','2018-11-16','2018-11-17',null,'cancelled');
INSERT INTO INVOICECHARGE VALUES ('20181116KS8361847114478-ch00001','20181116KS8361847114478','2018-11-16',106.61,'Base room charge');
INSERT INTO PAYMENT (payment_id,invoice_id,payment_date,payment_type,payment_amount) VALUES ('20181116KS8361847114478-p00001','20181116KS8361847114478','2018-11-18','CA',106.61);
-- ------- SAMPLE 597 ----------
INSERT INTO GUEST VALUES(1597,'Christine','Ciampa','CCiampa@yahoo.com','1234 DaWrong Lane','Flonkerton','MD','12345','761-628-3059');
INSERT INTO RESERVATION VALUES ('20200705QD8522916456831',1597,null,'QD','2020-07-05','2020-07-09',null,'active');
INSERT INTO INVOICECHARGE VALUES ('20200705QD8522916456831-ch00001','20200705QD8522916456831','2020-07-05',383.81,'Base room charge');
INSERT INTO PAYMENT VALUES ('20200705QD8522916456831-p00001','20200705QD8522916456831','2020-07-07','CC',383.81,'Christine Ciampa','1923456471801822',3,2025,353,'Mastercard');
-- ------- SAMPLE 598 ----------
INSERT INTO GUEST VALUES(1598,'Gwyneth','Gamber','GGamber@yahoo.com','1234 DaWrong Lane','Flonkerton','MD','12345','283-166-2583');
INSERT INTO RESERVATION VALUES ('20180908QD9194879436689',1598,116,'QD','2018-09-08','2018-09-11',null,'complete');
INSERT INTO INVOICECHARGE VALUES ('20180908QD9194879436689-ch00001','20180908QD9194879436689','2018-09-08',189.98,'Base room charge');
INSERT INTO INVOICECHARGE VALUES ('20180908QD9194879436689-ch00002','20180908QD9194879436689','2018-09-08',97.87,'Room Service');
INSERT INTO PAYMENT VALUES ('20180908QD9194879436689-p00001','20180908QD9194879436689','2018-09-10','CC',287.86,'Gwyneth Gamber','4089153491290679',8,2021,158,'Mastercard');
-- ------- SAMPLE 599 ----------
INSERT INTO GUEST VALUES(1599,'Willian','Wiest','WWiest@hotmail.com','1234 DaWrong Lane','Flonkerton','MD','12345','221-687-1625');
INSERT INTO RESERVATION VALUES ('20180923QD6763553466095',1599,116,'QD','2018-09-23','2018-09-26',null,'complete');
INSERT INTO INVOICECHARGE VALUES ('20180923QD6763553466095-ch00001','20180923QD6763553466095','2018-09-23',189.98,'Base room charge');
INSERT INTO INVOICECHARGE VALUES ('20180923QD6763553466095-ch00002','20180923QD6763553466095','2018-09-23',97.87,'Cleaning fee');
INSERT INTO PAYMENT (payment_id,invoice_id,payment_date,payment_type,payment_amount) VALUES ('20180923QD6763553466095-p00001','20180923QD6763553466095','2018-09-25','CA',287.86);
-- ------- SAMPLE 600 ----------
INSERT INTO GUEST VALUES(1600,'Maryann','Mccutcheon','MMccutcheon@gmail.com','1234 DaWrong Lane','Flonkerton','MD','12345','307-395-7667');
INSERT INTO RESERVATION VALUES ('20191205KI1593594818807',1600,105,'KI','2019-12-05','2019-12-09',null,'complete');
INSERT INTO INVOICECHARGE VALUES ('20191205KI1593594818807-ch00001','20191205KI1593594818807','2019-12-05',225.16,'Base room charge');
INSERT INTO INVOICECHARGE VALUES ('20191205KI1593594818807-ch00002','20191205KI1593594818807','2019-12-05',115.99,'Cleaning fee');
INSERT INTO PAYMENT VALUES ('20191205KI1593594818807-p00001','20191205KI1593594818807','2019-12-07','CC',341.16,'Maryann Mccutcheon','1551300312881754',9,2027,653,'Mastercard');
-- ------- SAMPLE 601 ----------
INSERT INTO GUEST VALUES(1601,'Ella','Evanoff','EEvanoff@gmail.com','1234 DaWrong Lane','Flonkerton','MD','12345','695-973-0546');
INSERT INTO RESERVATION VALUES ('20190923KS1376532760190',1601,112,'KS','2019-09-23','2019-09-24',null,'complete');
INSERT INTO INVOICECHARGE VALUES ('20190923KS1376532760190-ch00001','20190923KS1376532760190','2019-09-23',106.61,'Base room charge');
INSERT INTO PAYMENT (payment_id,invoice_id,payment_date,payment_type,payment_amount) VALUES ('20190923KS1376532760190-p00001','20190923KS1376532760190','2019-09-25','CA',106.61);
-- ------- SAMPLE 602 ----------
INSERT INTO GUEST VALUES(1602,'Natalya','Neathery','NNeathery@hotmail.com','1234 DaWrong Lane','Flonkerton','MD','12345','739-805-3998');
INSERT INTO RESERVATION VALUES ('20201211QS8693319222463',1602,null,'QS','2020-12-11','2020-12-13',null,'active');
INSERT INTO INVOICECHARGE VALUES ('20201211QS8693319222463-ch00001','20201211QS8693319222463','2020-12-11',234.55,'Base room charge');
INSERT INTO PAYMENT VALUES ('20201211QS8693319222463-p00001','20201211QS8693319222463','2020-12-13','CC',234.55,'Natalya Neathery','5008720581605093',3,2022,122,'Mastercard');
-- ------- SAMPLE 603 ----------
INSERT INTO GUEST VALUES(1603,'Dane','Dumond','DDumond@yahoo.com','1234 DaWrong Lane','Flonkerton','MD','12345','385-893-9079');
INSERT INTO RESERVATION VALUES ('20191007QD8311353605853',1603,101,'QD','2019-10-07','2019-10-09',null,'complete');
INSERT INTO INVOICECHARGE VALUES ('20191007QD8311353605853-ch00001','20191007QD8311353605853','2019-10-07',126.66,'Base room charge');
INSERT INTO INVOICECHARGE VALUES ('20191007QD8311353605853-ch00002','20191007QD8311353605853','2019-10-07',65.25,'Cleaning fee');
INSERT INTO PAYMENT VALUES ('20191007QD8311353605853-p00001','20191007QD8311353605853','2019-10-09','CC',191.9,'Dane Dumond','7149744145390728',4,2023,730,'Mastercard');
-- ------- SAMPLE 604 ----------
INSERT INTO GUEST VALUES(1604,'Antwan','Albury','AAlbury@gmail.com','1234 DaWrong Lane','Flonkerton','MD','12345','097-251-0622');
INSERT INTO RESERVATION VALUES ('20180807KI2626170000168',1604,110,'KI','2018-08-07','2018-08-10',null,'complete');
INSERT INTO INVOICECHARGE VALUES ('20180807KI2626170000168-ch00001','20180807KI2626170000168','2018-08-07',168.87,'Base room charge');
INSERT INTO INVOICECHARGE VALUES ('20180807KI2626170000168-ch00002','20180807KI2626170000168','2018-08-07',87,'Room Service');
INSERT INTO PAYMENT VALUES ('20180807KI2626170000168-p00001','20180807KI2626170000168','2018-08-09','CC',255.87,'Antwan Albury','5895075102421783',6,2023,520,'Mastercard');
-- ------- SAMPLE 605 ----------
INSERT INTO GUEST VALUES(1605,'Rachell','Riser','RRiser@gmail.com','1234 DaWrong Lane','Flonkerton','MD','12345','950-136-7709');
INSERT INTO RESERVATION VALUES ('20200605QS7519128366593',1605,null,'QS','2020-06-05','2020-06-10',null,'active');
INSERT INTO INVOICECHARGE VALUES ('20200605QS7519128366593-ch00001','20200605QS7519128366593','2020-06-05',586.38,'Base room charge');
INSERT INTO PAYMENT VALUES ('20200605QS7519128366593-p00001','20200605QS7519128366593','2020-06-07','CC',467,'Rachell Riser','6918704626251825',6,2022,182,'Mastercard');
-- ------- SAMPLE 606 ----------
INSERT INTO GUEST VALUES(1606,'Rickie','Redfern','RRedfern@yahoo.com','1234 DaWrong Lane','Flonkerton','MD','12345','621-839-7476');
INSERT INTO RESERVATION VALUES ('20190531QS4288041406200',1606,108,'QS','2019-05-31','2019-06-03',null,'complete');
INSERT INTO INVOICECHARGE VALUES ('20190531QS4288041406200-ch00001','20190531QS4288041406200','2019-05-31',232.21,'Base room charge');
INSERT INTO INVOICECHARGE VALUES ('20190531QS4288041406200-ch00002','20190531QS4288041406200','2019-05-31',119.62,'Cleaning fee');
INSERT INTO PAYMENT VALUES ('20190531QS4288041406200-p00001','20190531QS4288041406200','2019-06-02','CC',351.83,'Rickie Redfern','2115887896794937',2,2022,455,'Mastercard');
-- ------- SAMPLE 607 ----------
INSERT INTO GUEST VALUES(1607,'Tai','Tookes','TTookes@hotmail.com','1234 DaWrong Lane','Flonkerton','MD','12345','491-953-6609');
INSERT INTO RESERVATION VALUES ('20200517KJ1274985547168',1607,null,'KJ','2020-05-17','2020-05-22',null,'active');
INSERT INTO INVOICECHARGE VALUES ('20200517KJ1274985547168-ch00001','20200517KJ1274985547168','2020-05-17',693.01,'Base room charge');
INSERT INTO PAYMENT VALUES ('20200517KJ1274985547168-p00001','20200517KJ1274985547168','2020-05-19','CC',19,'Tai Tookes','6331185456704527',6,2021,516,'Mastercard');
-- ------- SAMPLE 608 ----------
INSERT INTO GUEST VALUES(1608,'Vicky','Vanderhoff','VVanderhoff@yahoo.com','1234 DaWrong Lane','Flonkerton','MD','12345','786-005-8651');
INSERT INTO RESERVATION VALUES ('20180530KS6441925524637',1608,107,'KS','2018-05-30','2018-06-01',null,'complete');
INSERT INTO INVOICECHARGE VALUES ('20180530KS6441925524637-ch00001','20180530KS6441925524637','2018-05-30',140.73,'Base room charge');
INSERT INTO INVOICECHARGE VALUES ('20180530KS6441925524637-ch00002','20180530KS6441925524637','2018-05-30',72.5,'Cleaning fee');
INSERT INTO PAYMENT VALUES ('20180530KS6441925524637-p00001','20180530KS6441925524637','2018-06-01','CC',213.23,'Vicky Vanderhoff','9246571512910370',1,2021,817,'Mastercard');
-- ------- SAMPLE 609 ----------
INSERT INTO GUEST VALUES(1609,'Rickie','Redfern','RRedfern@gmail.com','1234 DaWrong Lane','Flonkerton','MD','12345','576-438-2747');
INSERT INTO RESERVATION VALUES ('20190328KI1539333222110',1609,120,'KI','2019-03-28','2019-04-02',null,'cancelled');
INSERT INTO INVOICECHARGE VALUES ('20190328KI1539333222110-ch00001','20190328KI1539333222110','2019-03-28',281.45,'Base room charge');
INSERT INTO INVOICECHARGE VALUES ('20190328KI1539333222110-ch00002','20190328KI1539333222110','2019-03-28',144.99,'Room Service');
INSERT INTO PAYMENT VALUES ('20190328KI1539333222110-p00001','20190328KI1539333222110','2019-03-30','CC',426.45,'Rickie Redfern','1923174350004170',10,2023,724,'Mastercard');
-- ------- SAMPLE 610 ----------
INSERT INTO GUEST VALUES(1610,'Kasey','Kipp','KKipp@yahoo.com','1234 DaWrong Lane','Flonkerton','MD','12345','221-044-0216');
INSERT INTO RESERVATION VALUES ('20210408QD7359163843210',1610,null,'QD','2021-04-08','2021-04-12',null,'active');
INSERT INTO INVOICECHARGE VALUES ('20210408QD7359163843210-ch00001','20210408QD7359163843210','2021-04-08',253.31,'Base room charge');
INSERT INTO INVOICECHARGE VALUES ('20210408QD7359163843210-ch00002','20210408QD7359163843210','2021-04-08',130.49,'Cleaning fee');
INSERT INTO PAYMENT VALUES ('20210408QD7359163843210-p00001','20210408QD7359163843210','2021-04-10','CC',383.81,'Kasey Kipp','2904545072340217',8,2027,714,'Mastercard');
-- ------- SAMPLE 611 ----------
INSERT INTO GUEST VALUES(1611,'Rosemarie','Roeser','RRoeser@hotmail.com','1234 DaWrong Lane','Flonkerton','MD','12345','118-068-3453');
INSERT INTO RESERVATION VALUES ('20200627KI7946353375623',1611,null,'KI','2020-06-27','2020-06-29',null,'active');
INSERT INTO INVOICECHARGE VALUES ('20200627KI7946353375623-ch00001','20200627KI7946353375623','2020-06-27',170.58,'Base room charge');
INSERT INTO PAYMENT VALUES ('20200627KI7946353375623-p00001','20200627KI7946353375623','2020-06-29','CC',170.58,'Rosemarie Roeser','3540982607946259',1,2025,155,'Mastercard');
-- ------- SAMPLE 612 ----------
INSERT INTO GUEST VALUES(1612,'Corene','Carmody','CCarmody@yahoo.com','1234 DaWrong Lane','Flonkerton','MD','12345','155-067-5417');
INSERT INTO RESERVATION VALUES ('20200110KI6883479732397',1612,120,'KI','2020-01-10','2020-01-13',null,'cancelled');
INSERT INTO INVOICECHARGE VALUES ('20200110KI6883479732397-ch00001','20200110KI6883479732397','2020-01-10',255.87,'Base room charge');
INSERT INTO PAYMENT (payment_id,invoice_id,payment_date,payment_type,payment_amount) VALUES ('20200110KI6883479732397-p00001','20200110KI6883479732397','2020-01-12','CA',255.87);
-- ------- SAMPLE 613 ----------
INSERT INTO GUEST VALUES(1613,'Missy','Mcclintock','MMcclintock@hotmail.com','1234 DaWrong Lane','Flonkerton','MD','12345','969-414-6243');
INSERT INTO RESERVATION VALUES ('20190909QD4201819897036',1613,116,'QD','2019-09-09','2019-09-10',null,'complete');
INSERT INTO INVOICECHARGE VALUES ('20190909QD4201819897036-ch00001','20190909QD4201819897036','2019-09-09',63.33,'Base room charge');
INSERT INTO INVOICECHARGE VALUES ('20190909QD4201819897036-ch00002','20190909QD4201819897036','2019-09-09',32.62,'Cleaning fee');
INSERT INTO PAYMENT VALUES ('20190909QD4201819897036-p00001','20190909QD4201819897036','2019-09-11','CC',95.95,'Missy Mcclintock','3793957259285310',2,2023,110,'Mastercard');
-- ------- SAMPLE 614 ----------
INSERT INTO GUEST VALUES(1614,'Louisa','Laroque','LLaroque@hotmail.com','1234 DaWrong Lane','Flonkerton','MD','12345','996-525-6728');
INSERT INTO RESERVATION VALUES ('20180509QD2610606064810',1614,205,'QD','2018-05-09','2018-05-13',null,'complete');
INSERT INTO INVOICECHARGE VALUES ('20180509QD2610606064810-ch00001','20180509QD2610606064810','2018-05-09',383.81,'Base room charge');
INSERT INTO PAYMENT VALUES ('20180509QD2610606064810-p00001','20180509QD2610606064810','2018-05-11','CC',383.81,'Louisa Laroque','8226985325316313',12,2026,897,'Mastercard');
-- ------- SAMPLE 615 ----------
INSERT INTO GUEST VALUES(1615,'Georgianne','Guadarrama','GGuadarrama@gmail.com','1234 DaWrong Lane','Flonkerton','MD','12345','285-485-9747');
INSERT INTO RESERVATION VALUES ('20180617KS9868201928793',1615,107,'KS','2018-06-17','2018-06-22',null,'complete');
INSERT INTO INVOICECHARGE VALUES ('20180617KS9868201928793-ch00001','20180617KS9868201928793','2018-06-17',351.83,'Base room charge');
INSERT INTO INVOICECHARGE VALUES ('20180617KS9868201928793-ch00002','20180617KS9868201928793','2018-06-17',181.24,'Cleaning fee');
INSERT INTO PAYMENT (payment_id,invoice_id,payment_date,payment_type,payment_amount) VALUES ('20180617KS9868201928793-p00001','20180617KS9868201928793','2018-06-19','CA',533.07);
-- ------- SAMPLE 616 ----------
INSERT INTO GUEST VALUES(1616,'Walter','Wellington','WWellington@hotmail.com','1234 DaWrong Lane','Flonkerton','MD','12345','412-605-7463');
INSERT INTO RESERVATION VALUES ('20210215KS6544319835902',1616,null,'KS','2021-02-15','2021-02-19',null,'active');
-- ------- SAMPLE 617 ----------
INSERT INTO GUEST VALUES(1617,'Hedwig','Hinz','HHinz@hotmail.com','1234 DaWrong Lane','Flonkerton','MD','12345','675-665-1772');
INSERT INTO RESERVATION VALUES ('20180626KS6300859131077',1617,107,'KS','2018-06-26','2018-07-01',null,'complete');
INSERT INTO INVOICECHARGE VALUES ('20180626KS6300859131077-ch00001','20180626KS6300859131077','2018-06-26',533.07,'Base room charge');
INSERT INTO PAYMENT VALUES ('20180626KS6300859131077-p00001','20180626KS6300859131077','2018-06-28','CC',533.07,'Hedwig Hinz','2917305451253578',7,2026,393,'Mastercard');
-- ------- SAMPLE 618 ----------
INSERT INTO GUEST VALUES(1618,'Antwan','Albury','AAlbury@hotmail.com','1234 DaWrong Lane','Flonkerton','MD','12345','278-930-0100');
INSERT INTO RESERVATION VALUES ('20180714QS8356335391544',1618,108,'QS','2018-07-14','2018-07-17',null,'complete');
INSERT INTO INVOICECHARGE VALUES ('20180714QS8356335391544-ch00001','20180714QS8356335391544','2018-07-14',232.21,'Base room charge');
INSERT INTO INVOICECHARGE VALUES ('20180714QS8356335391544-ch00002','20180714QS8356335391544','2018-07-14',119.62,'Cleaning fee');
INSERT INTO PAYMENT (payment_id,invoice_id,payment_date,payment_type,payment_amount) VALUES ('20180714QS8356335391544-p00001','20180714QS8356335391544','2018-07-16','CA',351.83);
-- ------- SAMPLE 619 ----------
INSERT INTO GUEST VALUES(1619,'Leighann','Leith','LLeith@gmail.com','1234 DaWrong Lane','Flonkerton','MD','12345','778-766-5928');
INSERT INTO RESERVATION VALUES ('20200322QD9751455564410',1619,205,'QD','2020-03-22','2020-03-27',null,'complete');
INSERT INTO INVOICECHARGE VALUES ('20200322QD9751455564410-ch00001','20200322QD9751455564410','2020-03-22',316.64,'Base room charge');
INSERT INTO INVOICECHARGE VALUES ('20200322QD9751455564410-ch00002','20200322QD9751455564410','2020-03-22',163.12,'Room Service');
INSERT INTO PAYMENT VALUES ('20200322QD9751455564410-p00001','20200322QD9751455564410','2020-03-24','CC',479.76,'Leighann Leith','2826692028075335',7,2021,262,'Mastercard');
-- ------- SAMPLE 620 ----------
INSERT INTO GUEST VALUES(1620,'Romelia','Rigdon','RRigdon@gmail.com','1234 DaWrong Lane','Flonkerton','MD','12345','897-547-5796');
INSERT INTO RESERVATION VALUES ('20181010KS2186626394573',1620,206,'KS','2018-10-10','2018-10-12',null,'complete');
INSERT INTO INVOICECHARGE VALUES ('20181010KS2186626394573-ch00001','20181010KS2186626394573','2018-10-10',213.23,'Base room charge');
INSERT INTO PAYMENT (payment_id,invoice_id,payment_date,payment_type,payment_amount) VALUES ('20181010KS2186626394573-p00001','20181010KS2186626394573','2018-10-12','CA',213.23);
-- ------- SAMPLE 621 ----------
INSERT INTO GUEST VALUES(1621,'Len','Linquist','LLinquist@gmail.com','1234 DaWrong Lane','Flonkerton','MD','12345','391-631-7867');
INSERT INTO RESERVATION VALUES ('20200509KS5220416621126',1621,null,'KS','2020-05-09','2020-05-11',null,'active');
INSERT INTO INVOICECHARGE VALUES ('20200509KS5220416621126-ch00001','20200509KS5220416621126','2020-05-09',213.23,'Base room charge');
INSERT INTO PAYMENT VALUES ('20200509KS5220416621126-p00001','20200509KS5220416621126','2020-05-11','CC',213.23,'Len Linquist','2198378131330302',5,2024,92,'Mastercard');
-- ------- SAMPLE 622 ----------
INSERT INTO GUEST VALUES(1622,'Irma','Irby','IIrby@yahoo.com','1234 DaWrong Lane','Flonkerton','MD','12345','117-620-0840');
INSERT INTO RESERVATION VALUES ('20200804QS9905789496427',1622,null,'QS','2020-08-04','2020-08-09',null,'cancelled');
INSERT INTO INVOICECHARGE VALUES ('20200804QS9905789496427-ch00001','20200804QS9905789496427','2020-08-04',586.38,'Base room charge');
INSERT INTO PAYMENT VALUES ('20200804QS9905789496427-p00001','20200804QS9905789496427','2020-08-06','CC',567,'Irma Irby','3775733784402106',6,2022,649,'Mastercard');
-- ------- SAMPLE 623 ----------
INSERT INTO GUEST VALUES(1623,'Piedad','Proctor','PProctor@gmail.com','1234 DaWrong Lane','Flonkerton','MD','12345','736-895-4659');
INSERT INTO RESERVATION VALUES ('20180617KI2918128111519',1623,204,'KI','2018-06-17','2018-06-20',null,'cancelled');
INSERT INTO INVOICECHARGE VALUES ('20180617KI2918128111519-ch00001','20180617KI2918128111519','2018-06-17',255.87,'Base room charge');
INSERT INTO PAYMENT VALUES ('20180617KI2918128111519-p00001','20180617KI2918128111519','2018-06-19','CC',255.87,'Piedad Proctor','5904793761093587',3,2026,335,'Mastercard');
-- ------- SAMPLE 624 ----------
INSERT INTO GUEST VALUES(1624,'Serafina','Singh','SSingh@gmail.com','1234 DaWrong Lane','Flonkerton','MD','12345','396-743-6157');
INSERT INTO RESERVATION VALUES ('20210304KS4742659101812',1624,null,'KS','2021-03-04','2021-03-06',null,'active');
INSERT INTO INVOICECHARGE VALUES ('20210304KS4742659101812-ch00001','20210304KS4742659101812','2021-03-04',213.23,'Base room charge');
INSERT INTO PAYMENT (payment_id,invoice_id,payment_date,payment_type,payment_amount) VALUES ('20210304KS4742659101812-p00001','20210304KS4742659101812','2021-03-06','CA',213.23);
-- ------- SAMPLE 625 ----------
INSERT INTO GUEST VALUES(1625,'Romelia','Rigdon','RRigdon@gmail.com','1234 DaWrong Lane','Flonkerton','MD','12345','666-298-0664');
INSERT INTO RESERVATION VALUES ('20191022KI3441192985151',1625,115,'KI','2019-10-22','2019-10-27',null,'cancelled');
INSERT INTO INVOICECHARGE VALUES ('20191022KI3441192985151-ch00001','20191022KI3441192985151','2019-10-22',281.45,'Base room charge');
INSERT INTO INVOICECHARGE VALUES ('20191022KI3441192985151-ch00002','20191022KI3441192985151','2019-10-22',144.99,'Cleaning fee');
INSERT INTO PAYMENT (payment_id,invoice_id,payment_date,payment_type,payment_amount) VALUES ('20191022KI3441192985151-p00001','20191022KI3441192985151','2019-10-24','CA',426.45);
-- ------- SAMPLE 626 ----------
INSERT INTO GUEST VALUES(1626,'Serafina','Singh','SSingh@yahoo.com','1234 DaWrong Lane','Flonkerton','MD','12345','091-995-5109');
INSERT INTO RESERVATION VALUES ('20190706QD8836423685850',1626,200,'QD','2019-07-06','2019-07-07',null,'complete');
INSERT INTO INVOICECHARGE VALUES ('20190706QD8836423685850-ch00001','20190706QD8836423685850','2019-07-06',95.95,'Base room charge');
INSERT INTO PAYMENT VALUES ('20190706QD8836423685850-p00001','20190706QD8836423685850','2019-07-08','CC',95.95,'Serafina Singh','9511599318625017',12,2026,940,'Mastercard');
-- ------- SAMPLE 627 ----------
INSERT INTO GUEST VALUES(1627,'Leonore','Losh','LLosh@yahoo.com','1234 DaWrong Lane','Flonkerton','MD','12345','760-176-6443');
INSERT INTO RESERVATION VALUES ('20200622KI5394561300878',1627,null,'KI','2020-06-22','2020-06-24',null,'active');
INSERT INTO INVOICECHARGE VALUES ('20200622KI5394561300878-ch00001','20200622KI5394561300878','2020-06-22',112.58,'Base room charge');
INSERT INTO INVOICECHARGE VALUES ('20200622KI5394561300878-ch00002','20200622KI5394561300878','2020-06-22',58,'Room Service');
INSERT INTO PAYMENT (payment_id,invoice_id,payment_date,payment_type,payment_amount) VALUES ('20200622KI5394561300878-p00001','20200622KI5394561300878','2020-06-24','CA',154);
-- ------- SAMPLE 628 ----------
INSERT INTO GUEST VALUES(1628,'Shad','Sitler','SSitler@yahoo.com','1234 DaWrong Lane','Flonkerton','MD','12345','424-576-2209');
INSERT INTO RESERVATION VALUES ('20180613KS5356212769623',1628,112,'KS','2018-06-13','2018-06-16',null,'complete');
INSERT INTO INVOICECHARGE VALUES ('20180613KS5356212769623-ch00001','20180613KS5356212769623','2018-06-13',319.84,'Base room charge');
INSERT INTO PAYMENT VALUES ('20180613KS5356212769623-p00001','20180613KS5356212769623','2018-06-15','CC',319.84,'Shad Sitler','2361967192479358',4,2023,568,'Mastercard');
-- ------- SAMPLE 629 ----------
INSERT INTO GUEST VALUES(1629,'Deangelo','Deloera','DDeloera@gmail.com','1234 DaWrong Lane','Flonkerton','MD','12345','981-834-2712');
INSERT INTO RESERVATION VALUES ('20180620KJ6775993450799',1629,104,'KJ','2018-06-20','2018-06-23',null,'complete');
INSERT INTO INVOICECHARGE VALUES ('20180620KJ6775993450799-ch00001','20180620KJ6775993450799','2018-06-20',274.43,'Base room charge');
INSERT INTO INVOICECHARGE VALUES ('20180620KJ6775993450799-ch00002','20180620KJ6775993450799','2018-06-20',141.37,'Room Service');
INSERT INTO PAYMENT VALUES ('20180620KJ6775993450799-p00001','20180620KJ6775993450799','2018-06-22','CC',415.81,'Deangelo Deloera','1844199748013927',5,2026,918,'Mastercard');
-- ------- SAMPLE 630 ----------
INSERT INTO GUEST VALUES(1630,'Rickie','Redfern','RRedfern@gmail.com','1234 DaWrong Lane','Flonkerton','MD','12345','275-312-1672');
INSERT INTO RESERVATION VALUES ('20190727QD7458065346881',1630,205,'QD','2019-07-27','2019-07-31',null,'complete');
INSERT INTO INVOICECHARGE VALUES ('20190727QD7458065346881-ch00001','20190727QD7458065346881','2019-07-27',253.31,'Base room charge');
INSERT INTO INVOICECHARGE VALUES ('20190727QD7458065346881-ch00002','20190727QD7458065346881','2019-07-27',130.49,'Room Service');
INSERT INTO PAYMENT VALUES ('20190727QD7458065346881-p00001','20190727QD7458065346881','2019-07-29','CC',383.81,'Rickie Redfern','7797140221322355',9,2021,836,'Mastercard');
-- ------- SAMPLE 631 ----------
INSERT INTO GUEST VALUES(1631,'Liliana','Lueck','LLueck@hotmail.com','1234 DaWrong Lane','Flonkerton','MD','12345','934-547-6181');
INSERT INTO RESERVATION VALUES ('20200315QD2345196489692',1631,200,'QD','2020-03-15','2020-03-18',null,'complete');
INSERT INTO INVOICECHARGE VALUES ('20200315QD2345196489692-ch00001','20200315QD2345196489692','2020-03-15',287.86,'Base room charge');
INSERT INTO PAYMENT (payment_id,invoice_id,payment_date,payment_type,payment_amount) VALUES ('20200315QD2345196489692-p00001','20200315QD2345196489692','2020-03-17','CA',287.86);
-- ------- SAMPLE 632 ----------
INSERT INTO GUEST VALUES(1632,'Collin','Chaparro','CChaparro@hotmail.com','1234 DaWrong Lane','Flonkerton','MD','12345','815-544-3118');
INSERT INTO RESERVATION VALUES ('20190620KJ4987293088593',1632,104,'KJ','2019-06-20','2019-06-22',null,'complete');
INSERT INTO INVOICECHARGE VALUES ('20190620KJ4987293088593-ch00001','20190620KJ4987293088593','2019-06-20',182.95,'Base room charge');
INSERT INTO INVOICECHARGE VALUES ('20190620KJ4987293088593-ch00002','20190620KJ4987293088593','2019-06-20',94.25,'Room Service');
INSERT INTO PAYMENT VALUES ('20190620KJ4987293088593-p00001','20190620KJ4987293088593','2019-06-22','CC',277.2,'Collin Chaparro','4194871775867910',9,2021,72,'Mastercard');
-- ------- SAMPLE 633 ----------
INSERT INTO GUEST VALUES(1633,'Elfriede','Esslinger','EEsslinger@gmail.com','1234 DaWrong Lane','Flonkerton','MD','12345','858-807-9795');
INSERT INTO RESERVATION VALUES ('20190918QD4371051628878',1633,200,'QD','2019-09-18','2019-09-23',null,'complete');
INSERT INTO INVOICECHARGE VALUES ('20190918QD4371051628878-ch00001','20190918QD4371051628878','2019-09-18',316.64,'Base room charge');
INSERT INTO INVOICECHARGE VALUES ('20190918QD4371051628878-ch00002','20190918QD4371051628878','2019-09-18',163.12,'Cleaning fee');
INSERT INTO PAYMENT VALUES ('20190918QD4371051628878-p00001','20190918QD4371051628878','2019-09-20','CC',479.76,'Elfriede Esslinger','7703075766107127',6,2023,615,'Mastercard');
-- ------- SAMPLE 634 ----------
INSERT INTO GUEST VALUES(1634,'Florentino','Feth','FFeth@yahoo.com','1234 DaWrong Lane','Flonkerton','MD','12345','991-820-9200');
INSERT INTO RESERVATION VALUES ('20210415KS3925716937789',1634,null,'KS','2021-04-15','2021-04-20',null,'active');
INSERT INTO INVOICECHARGE VALUES ('20210415KS3925716937789-ch00001','20210415KS3925716937789','2021-04-15',533.07,'Base room charge');
INSERT INTO PAYMENT VALUES ('20210415KS3925716937789-p00001','20210415KS3925716937789','2021-04-17','CC',23,'Florentino Feth','3743203740396026',9,2022,723,'Mastercard');
-- ------- SAMPLE 635 ----------
INSERT INTO GUEST VALUES(1635,'Kerstin','Khalaf','KKhalaf@gmail.com','1234 DaWrong Lane','Flonkerton','MD','12345','947-878-1674');
INSERT INTO RESERVATION VALUES ('20191020QD9486658381440',1635,200,'QD','2019-10-20','2019-10-25',null,'complete');
INSERT INTO INVOICECHARGE VALUES ('20191020QD9486658381440-ch00001','20191020QD9486658381440','2019-10-20',316.64,'Base room charge');
INSERT INTO INVOICECHARGE VALUES ('20191020QD9486658381440-ch00002','20191020QD9486658381440','2019-10-20',163.12,'Cleaning fee');
INSERT INTO PAYMENT VALUES ('20191020QD9486658381440-p00001','20191020QD9486658381440','2019-10-22','CC',479.76,'Kerstin Khalaf','8671855361813167',8,2022,131,'Mastercard');
-- ------- SAMPLE 636 ----------
INSERT INTO GUEST VALUES(1636,'Asa','Allan','AAllan@yahoo.com','1234 DaWrong Lane','Flonkerton','MD','12345','139-837-2276');
INSERT INTO RESERVATION VALUES ('20201121QS2393164779293',1636,null,'QS','2020-11-21','2020-11-26',null,'active');
-- ------- SAMPLE 637 ----------
INSERT INTO GUEST VALUES(1637,'Mandi','Mcwain','MMcwain@hotmail.com','1234 DaWrong Lane','Flonkerton','MD','12345','613-418-3198');
INSERT INTO RESERVATION VALUES ('20190126QS7558144413927',1637,207,'QS','2019-01-26','2019-01-28',null,'complete');
INSERT INTO INVOICECHARGE VALUES ('20190126QS7558144413927-ch00001','20190126QS7558144413927','2019-01-26',234.55,'Base room charge');
INSERT INTO PAYMENT VALUES ('20190126QS7558144413927-p00001','20190126QS7558144413927','2019-01-28','CC',234.55,'Mandi Mcwain','5879798788267308',9,2026,29,'Mastercard');
-- ------- SAMPLE 638 ----------
INSERT INTO GUEST VALUES(1638,'Audrey','Aikens','AAikens@hotmail.com','1234 DaWrong Lane','Flonkerton','MD','12345','370-974-5339');
INSERT INTO RESERVATION VALUES ('20181207KI8340012302692',1638,115,'KI','2018-12-07','2018-12-08',null,'complete');
INSERT INTO INVOICECHARGE VALUES ('20181207KI8340012302692-ch00001','20181207KI8340012302692','2018-12-07',85.29,'Base room charge');
INSERT INTO PAYMENT VALUES ('20181207KI8340012302692-p00001','20181207KI8340012302692','2018-12-09','CC',85.29,'Audrey Aikens','9541872615026967',4,2023,230,'Mastercard');
-- ------- SAMPLE 639 ----------
INSERT INTO GUEST VALUES(1639,'Claribel','Catanzaro','CCatanzaro@yahoo.com','1234 DaWrong Lane','Flonkerton','MD','12345','876-988-7838');
INSERT INTO RESERVATION VALUES ('20201119QD7296474564942',1639,null,'QD','2020-11-19','2020-11-22',null,'active');
INSERT INTO INVOICECHARGE VALUES ('20201119QD7296474564942-ch00001','20201119QD7296474564942','2020-11-19',287.86,'Base room charge');
INSERT INTO PAYMENT (payment_id,invoice_id,payment_date,payment_type,payment_amount) VALUES ('20201119QD7296474564942-p00001','20201119QD7296474564942','2020-11-21','CA',153);
-- ------- SAMPLE 640 ----------
INSERT INTO GUEST VALUES(1640,'Antwan','Albury','AAlbury@hotmail.com','1234 DaWrong Lane','Flonkerton','MD','12345','992-970-8833');
INSERT INTO RESERVATION VALUES ('20200508QS2840204390250',1640,null,'QS','2020-05-08','2020-05-11',null,'active');
INSERT INTO INVOICECHARGE VALUES ('20200508QS2840204390250-ch00001','20200508QS2840204390250','2020-05-08',351.83,'Base room charge');
INSERT INTO PAYMENT VALUES ('20200508QS2840204390250-p00001','20200508QS2840204390250','2020-05-10','CC',351.83,'Antwan Albury','3516381257242920',6,2025,747,'Mastercard');
-- ------- SAMPLE 641 ----------
INSERT INTO GUEST VALUES(1641,'Raven','Rybicki','RRybicki@hotmail.com','1234 DaWrong Lane','Flonkerton','MD','12345','423-490-4737');
INSERT INTO RESERVATION VALUES ('20200225KS9587737376618',1641,201,'KS','2020-02-25','2020-02-29',null,'complete');
INSERT INTO INVOICECHARGE VALUES ('20200225KS9587737376618-ch00001','20200225KS9587737376618','2020-02-25',426.46,'Base room charge');
INSERT INTO PAYMENT VALUES ('20200225KS9587737376618-p00001','20200225KS9587737376618','2020-02-27','CC',426.46,'Raven Rybicki','1623860295698538',4,2024,167,'Mastercard');
-- ------- SAMPLE 642 ----------
INSERT INTO GUEST VALUES(1642,'Christine','Ciampa','CCiampa@hotmail.com','1234 DaWrong Lane','Flonkerton','MD','12345','719-856-0729');
INSERT INTO RESERVATION VALUES ('20190308KI9144421198026',1642,110,'KI','2019-03-08','2019-03-10',null,'complete');
INSERT INTO INVOICECHARGE VALUES ('20190308KI9144421198026-ch00001','20190308KI9144421198026','2019-03-08',56.29,'Base room charge');
INSERT INTO INVOICECHARGE VALUES ('20190308KI9144421198026-ch00002','20190308KI9144421198026','2019-03-08',29,'Room Service');
INSERT INTO PAYMENT VALUES ('20190308KI9144421198026-p00001','20190308KI9144421198026','2019-03-10','CC',85.29,'Christine Ciampa','9040917170791085',2,2027,717,'Mastercard');
-- ------- SAMPLE 643 ----------
INSERT INTO GUEST VALUES(1643,'Tai','Tookes','TTookes@gmail.com','1234 DaWrong Lane','Flonkerton','MD','12345','129-956-7593');
INSERT INTO RESERVATION VALUES ('20190614QS5194499455727',1643,103,'QS','2019-06-14','2019-06-18',null,'complete');
INSERT INTO INVOICECHARGE VALUES ('20190614QS5194499455727-ch00001','20190614QS5194499455727','2019-06-14',469.11,'Base room charge');
INSERT INTO PAYMENT VALUES ('20190614QS5194499455727-p00001','20190614QS5194499455727','2019-06-16','CC',469.11,'Tai Tookes','5687040848773683',9,2027,450,'Mastercard');
-- ------- SAMPLE 644 ----------
INSERT INTO GUEST VALUES(1644,'Rachell','Riser','RRiser@hotmail.com','1234 DaWrong Lane','Flonkerton','MD','12345','375-607-2370');
INSERT INTO RESERVATION VALUES ('20201206KS3891540027497',1644,null,'KS','2020-12-06','2020-12-09',null,'cancelled');
-- ------- SAMPLE 645 ----------
INSERT INTO GUEST VALUES(1645,'Sherryl','Shurtleff','SShurtleff@gmail.com','1234 DaWrong Lane','Flonkerton','MD','12345','028-842-5569');
INSERT INTO RESERVATION VALUES ('20181118KI5094376817349',1645,120,'KI','2018-11-18','2018-11-20',null,'complete');
INSERT INTO INVOICECHARGE VALUES ('20181118KI5094376817349-ch00001','20181118KI5094376817349','2018-11-18',170.58,'Base room charge');
INSERT INTO PAYMENT VALUES ('20181118KI5094376817349-p00001','20181118KI5094376817349','2018-11-20','CC',170.58,'Sherryl Shurtleff','5958095094832815',2,2026,866,'Mastercard');
-- ------- SAMPLE 646 ----------
INSERT INTO GUEST VALUES(1646,'Jammie','Jo','JJo@hotmail.com','1234 DaWrong Lane','Flonkerton','MD','12345','271-705-4998');
INSERT INTO RESERVATION VALUES ('20200327KJ9344283494067',1646,119,'KJ','2020-03-27','2020-03-29',null,'complete');
INSERT INTO INVOICECHARGE VALUES ('20200327KJ9344283494067-ch00001','20200327KJ9344283494067','2020-03-27',277.2,'Base room charge');
INSERT INTO PAYMENT VALUES ('20200327KJ9344283494067-p00001','20200327KJ9344283494067','2020-03-29','CC',277.2,'Jammie Jo','3515748874123938',12,2021,685,'Mastercard');
-- ------- SAMPLE 647 ----------
INSERT INTO GUEST VALUES(1647,'Shae','Sansom','SSansom@gmail.com','1234 DaWrong Lane','Flonkerton','MD','12345','390-551-0417');
INSERT INTO RESERVATION VALUES ('20191114KI5629878679471',1647,204,'KI','2019-11-14','2019-11-18',null,'complete');
INSERT INTO INVOICECHARGE VALUES ('20191114KI5629878679471-ch00001','20191114KI5629878679471','2019-11-14',225.16,'Base room charge');
INSERT INTO INVOICECHARGE VALUES ('20191114KI5629878679471-ch00002','20191114KI5629878679471','2019-11-14',115.99,'Cleaning fee');
INSERT INTO PAYMENT VALUES ('20191114KI5629878679471-p00001','20191114KI5629878679471','2019-11-16','CC',341.16,'Shae Sansom','7194529864022758',4,2023,445,'Mastercard');
-- ------- SAMPLE 648 ----------
INSERT INTO GUEST VALUES(1648,'Corene','Carmody','CCarmody@gmail.com','1234 DaWrong Lane','Flonkerton','MD','12345','755-643-8680');
INSERT INTO RESERVATION VALUES ('20191225KJ2827943844768',1648,104,'KJ','2019-12-25','2019-12-26',null,'complete');
INSERT INTO INVOICECHARGE VALUES ('20191225KJ2827943844768-ch00001','20191225KJ2827943844768','2019-12-25',91.48,'Base room charge');
INSERT INTO INVOICECHARGE VALUES ('20191225KJ2827943844768-ch00002','20191225KJ2827943844768','2019-12-25',47.12,'Cleaning fee');
INSERT INTO PAYMENT VALUES ('20191225KJ2827943844768-p00001','20191225KJ2827943844768','2019-12-27','CC',138.6,'Corene Carmody','9134111521729606',3,2027,74,'Mastercard');
-- ------- SAMPLE 649 ----------
INSERT INTO GUEST VALUES(1649,'Mario','Macdowell','MMacdowell@hotmail.com','1234 DaWrong Lane','Flonkerton','MD','12345','821-185-2518');
INSERT INTO RESERVATION VALUES ('20190722QD4306187189228',1649,116,'QD','2019-07-22','2019-07-25',null,'complete');
INSERT INTO INVOICECHARGE VALUES ('20190722QD4306187189228-ch00001','20190722QD4306187189228','2019-07-22',189.98,'Base room charge');
INSERT INTO INVOICECHARGE VALUES ('20190722QD4306187189228-ch00002','20190722QD4306187189228','2019-07-22',97.87,'Cleaning fee');
INSERT INTO PAYMENT (payment_id,invoice_id,payment_date,payment_type,payment_amount) VALUES ('20190722QD4306187189228-p00001','20190722QD4306187189228','2019-07-24','CA',287.86);
-- ------- SAMPLE 650 ----------
INSERT INTO GUEST VALUES(1650,'Reita','Rudder','RRudder@gmail.com','1234 DaWrong Lane','Flonkerton','MD','12345','238-555-8803');
INSERT INTO RESERVATION VALUES ('20180518QD6696822593437',1650,106,'QD','2018-05-18','2018-05-20',null,'complete');
INSERT INTO INVOICECHARGE VALUES ('20180518QD6696822593437-ch00001','20180518QD6696822593437','2018-05-18',191.9,'Base room charge');
INSERT INTO PAYMENT VALUES ('20180518QD6696822593437-p00001','20180518QD6696822593437','2018-05-20','CC',191.9,'Reita Rudder','6719172914649753',8,2024,182,'Mastercard');
-- ------- SAMPLE 651 ----------
INSERT INTO GUEST VALUES(1651,'Major','Meng','MMeng@hotmail.com','1234 DaWrong Lane','Flonkerton','MD','12345','308-245-9580');
INSERT INTO RESERVATION VALUES ('20180526KJ8570971108832',1651,114,'KJ','2018-05-26','2018-05-27',null,'complete');
INSERT INTO INVOICECHARGE VALUES ('20180526KJ8570971108832-ch00001','20180526KJ8570971108832','2018-05-26',138.6,'Base room charge');
INSERT INTO PAYMENT VALUES ('20180526KJ8570971108832-p00001','20180526KJ8570971108832','2018-05-28','CC',138.6,'Major Meng','4684411219111545',10,2027,367,'Mastercard');
-- ------- SAMPLE 652 ----------
INSERT INTO GUEST VALUES(1652,'Bessie','Buhler','BBuhler@hotmail.com','1234 DaWrong Lane','Flonkerton','MD','12345','727-753-0799');
INSERT INTO RESERVATION VALUES ('20200413KJ9418699430183',1652,104,'KJ','2020-04-13','2020-04-14',null,'complete');
INSERT INTO INVOICECHARGE VALUES ('20200413KJ9418699430183-ch00001','20200413KJ9418699430183','2020-04-13',91.48,'Base room charge');
INSERT INTO INVOICECHARGE VALUES ('20200413KJ9418699430183-ch00002','20200413KJ9418699430183','2020-04-13',47.12,'Cleaning fee');
INSERT INTO PAYMENT (payment_id,invoice_id,payment_date,payment_type,payment_amount) VALUES ('20200413KJ9418699430183-p00001','20200413KJ9418699430183','2020-04-15','CA',138.6);
-- ------- SAMPLE 653 ----------
INSERT INTO GUEST VALUES(1653,'Eryn','Edenfield','EEdenfield@hotmail.com','1234 DaWrong Lane','Flonkerton','MD','12345','462-359-0982');
INSERT INTO RESERVATION VALUES ('20210123QD2343641113465',1653,null,'QD','2021-01-23','2021-01-27',null,'active');
INSERT INTO INVOICECHARGE VALUES ('20210123QD2343641113465-ch00001','20210123QD2343641113465','2021-01-23',383.81,'Base room charge');
INSERT INTO PAYMENT VALUES ('20210123QD2343641113465-p00001','20210123QD2343641113465','2021-01-25','CC',383.81,'Eryn Edenfield','9237015129198015',11,2023,319,'Mastercard');
-- ------- SAMPLE 654 ----------
INSERT INTO GUEST VALUES(1654,'Willian','Wiest','WWiest@yahoo.com','1234 DaWrong Lane','Flonkerton','MD','12345','238-318-9805');
INSERT INTO RESERVATION VALUES ('20210204KI8840682903957',1654,null,'KI','2021-02-04','2021-02-08',null,'active');
INSERT INTO INVOICECHARGE VALUES ('20210204KI8840682903957-ch00001','20210204KI8840682903957','2021-02-04',341.16,'Base room charge');
INSERT INTO PAYMENT VALUES ('20210204KI8840682903957-p00001','20210204KI8840682903957','2021-02-06','CC',172,'Willian Wiest','7411289975264039',1,2022,818,'Mastercard');
-- ------- SAMPLE 655 ----------
INSERT INTO GUEST VALUES(1655,'Bessie','Buhler','BBuhler@gmail.com','1234 DaWrong Lane','Flonkerton','MD','12345','407-888-7249');
INSERT INTO RESERVATION VALUES ('20190128KS4951886119468',1655,206,'KS','2019-01-28','2019-01-30',null,'complete');
INSERT INTO INVOICECHARGE VALUES ('20190128KS4951886119468-ch00001','20190128KS4951886119468','2019-01-28',140.73,'Base room charge');
INSERT INTO INVOICECHARGE VALUES ('20190128KS4951886119468-ch00002','20190128KS4951886119468','2019-01-28',72.5,'Cleaning fee');
INSERT INTO PAYMENT VALUES ('20190128KS4951886119468-p00001','20190128KS4951886119468','2019-01-30','CC',213.23,'Bessie Buhler','2472163563342219',11,2027,904,'Mastercard');
-- ------- SAMPLE 656 ----------
INSERT INTO GUEST VALUES(1656,'Deandra','Dimauro','DDimauro@hotmail.com','1234 DaWrong Lane','Flonkerton','MD','12345','373-255-5671');
INSERT INTO RESERVATION VALUES ('20181029QS6167266167239',1656,103,'QS','2018-10-29','2018-10-31',null,'complete');
INSERT INTO INVOICECHARGE VALUES ('20181029QS6167266167239-ch00001','20181029QS6167266167239','2018-10-29',154.81,'Base room charge');
INSERT INTO INVOICECHARGE VALUES ('20181029QS6167266167239-ch00002','20181029QS6167266167239','2018-10-29',79.75,'Room Service');
INSERT INTO PAYMENT VALUES ('20181029QS6167266167239-p00001','20181029QS6167266167239','2018-10-31','CC',234.55,'Deandra Dimauro','7571202790855509',7,2023,550,'Mastercard');
-- ------- SAMPLE 657 ----------
INSERT INTO GUEST VALUES(1657,'Cherry','Chiarello','CChiarello@hotmail.com','1234 DaWrong Lane','Flonkerton','MD','12345','976-877-8343');
INSERT INTO RESERVATION VALUES ('20200312QD7591572269149',1657,106,'QD','2020-03-12','2020-03-15',null,'complete');
INSERT INTO INVOICECHARGE VALUES ('20200312QD7591572269149-ch00001','20200312QD7591572269149','2020-03-12',189.98,'Base room charge');
INSERT INTO INVOICECHARGE VALUES ('20200312QD7591572269149-ch00002','20200312QD7591572269149','2020-03-12',97.87,'Cleaning fee');
INSERT INTO PAYMENT VALUES ('20200312QD7591572269149-p00001','20200312QD7591572269149','2020-03-14','CC',287.86,'Cherry Chiarello','9080823951888663',10,2022,272,'Mastercard');
-- ------- SAMPLE 658 ----------
INSERT INTO GUEST VALUES(1658,'Katerine','Kawakami','KKawakami@gmail.com','1234 DaWrong Lane','Flonkerton','MD','12345','328-202-3075');
INSERT INTO RESERVATION VALUES ('20200918QD1296235723894',1658,null,'QD','2020-09-18','2020-09-20',null,'active');
INSERT INTO INVOICECHARGE VALUES ('20200918QD1296235723894-ch00001','20200918QD1296235723894','2020-09-18',126.66,'Base room charge');
INSERT INTO INVOICECHARGE VALUES ('20200918QD1296235723894-ch00002','20200918QD1296235723894','2020-09-18',65.25,'Room Service');
INSERT INTO PAYMENT VALUES ('20200918QD1296235723894-p00001','20200918QD1296235723894','2020-09-20','CC',191.9,'Katerine Kawakami','5616317435559593',4,2023,35,'Mastercard');
-- ------- SAMPLE 659 ----------
INSERT INTO GUEST VALUES(1659,'Deandra','Dimauro','DDimauro@gmail.com','1234 DaWrong Lane','Flonkerton','MD','12345','386-023-4743');
INSERT INTO RESERVATION VALUES ('20200408QD2194419948831',1659,200,'QD','2020-04-08','2020-04-13',null,'complete');
INSERT INTO INVOICECHARGE VALUES ('20200408QD2194419948831-ch00001','20200408QD2194419948831','2020-04-08',316.64,'Base room charge');
INSERT INTO INVOICECHARGE VALUES ('20200408QD2194419948831-ch00002','20200408QD2194419948831','2020-04-08',163.12,'Room Service');
INSERT INTO PAYMENT VALUES ('20200408QD2194419948831-p00001','20200408QD2194419948831','2020-04-10','CC',479.76,'Deandra Dimauro','2629462834252745',7,2025,765,'Mastercard');
-- ------- SAMPLE 660 ----------
INSERT INTO GUEST VALUES(1660,'Rosemarie','Roeser','RRoeser@gmail.com','1234 DaWrong Lane','Flonkerton','MD','12345','927-727-1839');
INSERT INTO RESERVATION VALUES ('20201105KS5473394823008',1660,null,'KS','2020-11-05','2020-11-07',null,'active');
INSERT INTO INVOICECHARGE VALUES ('20201105KS5473394823008-ch00001','20201105KS5473394823008','2020-11-05',213.23,'Base room charge');
INSERT INTO PAYMENT VALUES ('20201105KS5473394823008-p00001','20201105KS5473394823008','2020-11-07','CC',213.23,'Rosemarie Roeser','1708070642314918',9,2023,279,'Mastercard');
-- ------- SAMPLE 661 ----------
INSERT INTO GUEST VALUES(1661,'Mario','Macdowell','MMacdowell@gmail.com','1234 DaWrong Lane','Flonkerton','MD','12345','743-157-1359');
INSERT INTO RESERVATION VALUES ('20190124KJ5913737470470',1661,203,'KJ','2019-01-24','2019-01-26',null,'cancelled');
INSERT INTO INVOICECHARGE VALUES ('20190124KJ5913737470470-ch00001','20190124KJ5913737470470','2019-01-24',182.95,'Base room charge');
INSERT INTO INVOICECHARGE VALUES ('20190124KJ5913737470470-ch00002','20190124KJ5913737470470','2019-01-24',94.25,'Room Service');
INSERT INTO PAYMENT (payment_id,invoice_id,payment_date,payment_type,payment_amount) VALUES ('20190124KJ5913737470470-p00001','20190124KJ5913737470470','2019-01-26','CA',277.2);
-- ------- SAMPLE 662 ----------
INSERT INTO GUEST VALUES(1662,'Romaine','Reck','RReck@yahoo.com','1234 DaWrong Lane','Flonkerton','MD','12345','497-175-7411');
INSERT INTO RESERVATION VALUES ('20190307KI5235031628033',1662,209,'KI','2019-03-07','2019-03-12',null,'complete');
INSERT INTO INVOICECHARGE VALUES ('20190307KI5235031628033-ch00001','20190307KI5235031628033','2019-03-07',341.16,'Base room charge');
INSERT INTO PAYMENT VALUES ('20190307KI5235031628033-p00001','20190307KI5235031628033','2019-03-09','CC',341.16,'Romaine Reck','1897334046840555',12,2021,470,'Mastercard');
-- ------- SAMPLE 663 ----------
INSERT INTO GUEST VALUES(1663,'Asa','Allan','AAllan@yahoo.com','1234 DaWrong Lane','Flonkerton','MD','12345','037-434-3556');
INSERT INTO RESERVATION VALUES ('20210202QD6359283653563',1663,null,'QD','2021-02-02','2021-02-03',null,'active');
-- ------- SAMPLE 664 ----------
INSERT INTO GUEST VALUES(1664,'Jeanene','Jacobo','JJacobo@gmail.com','1234 DaWrong Lane','Flonkerton','MD','12345','049-592-0228');
INSERT INTO RESERVATION VALUES ('20180722KJ2909607973659',1664,208,'KJ','2018-07-22','2018-07-26',null,'complete');
INSERT INTO INVOICECHARGE VALUES ('20180722KJ2909607973659-ch00001','20180722KJ2909607973659','2018-07-22',365.91,'Base room charge');
INSERT INTO INVOICECHARGE VALUES ('20180722KJ2909607973659-ch00002','20180722KJ2909607973659','2018-07-22',188.5,'Cleaning fee');
INSERT INTO PAYMENT VALUES ('20180722KJ2909607973659-p00001','20180722KJ2909607973659','2018-07-24','CC',554.41,'Jeanene Jacobo','5229245877253096',11,2022,12,'Mastercard');
-- ------- SAMPLE 665 ----------
INSERT INTO GUEST VALUES(1665,'Margorie','Mcnish','MMcnish@gmail.com','1234 DaWrong Lane','Flonkerton','MD','12345','700-133-8806');
INSERT INTO RESERVATION VALUES ('20200510QD6288468415290',1665,null,'QD','2020-05-10','2020-05-12',null,'active');
INSERT INTO INVOICECHARGE VALUES ('20200510QD6288468415290-ch00001','20200510QD6288468415290','2020-05-10',126.66,'Base room charge');
INSERT INTO INVOICECHARGE VALUES ('20200510QD6288468415290-ch00002','20200510QD6288468415290','2020-05-10',65.25,'Cleaning fee');
INSERT INTO PAYMENT VALUES ('20200510QD6288468415290-p00001','20200510QD6288468415290','2020-05-12','CC',12,'Margorie Mcnish','3773058341347294',5,2026,335,'Mastercard');
-- ------- SAMPLE 666 ----------
INSERT INTO GUEST VALUES(1666,'Kathern','Korn','KKorn@hotmail.com','1234 DaWrong Lane','Flonkerton','MD','12345','090-920-2573');
INSERT INTO RESERVATION VALUES ('20190124KJ5586281826209',1666,109,'KJ','2019-01-24','2019-01-26',null,'cancelled');
INSERT INTO INVOICECHARGE VALUES ('20190124KJ5586281826209-ch00001','20190124KJ5586281826209','2019-01-24',182.95,'Base room charge');
INSERT INTO INVOICECHARGE VALUES ('20190124KJ5586281826209-ch00002','20190124KJ5586281826209','2019-01-24',94.25,'Room Service');
INSERT INTO PAYMENT VALUES ('20190124KJ5586281826209-p00001','20190124KJ5586281826209','2019-01-26','CC',277.2,'Kathern Korn','1673663770086051',9,2022,471,'Mastercard');
-- ------- SAMPLE 667 ----------
INSERT INTO GUEST VALUES(1667,'Nena','Nunez','NNunez@hotmail.com','1234 DaWrong Lane','Flonkerton','MD','12345','381-716-0847');
INSERT INTO RESERVATION VALUES ('20190806QD6422117136472',1667,111,'QD','2019-08-06','2019-08-09',null,'complete');
INSERT INTO INVOICECHARGE VALUES ('20190806QD6422117136472-ch00001','20190806QD6422117136472','2019-08-06',189.98,'Base room charge');
INSERT INTO INVOICECHARGE VALUES ('20190806QD6422117136472-ch00002','20190806QD6422117136472','2019-08-06',97.87,'Room Service');
INSERT INTO PAYMENT VALUES ('20190806QD6422117136472-p00001','20190806QD6422117136472','2019-08-08','CC',287.86,'Nena Nunez','5635605596321803',4,2021,121,'Mastercard');
-- ------- SAMPLE 668 ----------
INSERT INTO GUEST VALUES(1668,'Buffy','Beattie','BBeattie@yahoo.com','1234 DaWrong Lane','Flonkerton','MD','12345','076-077-5957');
INSERT INTO RESERVATION VALUES ('20190223KI7070292411637',1668,204,'KI','2019-02-23','2019-02-24',null,'complete');
INSERT INTO INVOICECHARGE VALUES ('20190223KI7070292411637-ch00001','20190223KI7070292411637','2019-02-23',56.29,'Base room charge');
INSERT INTO INVOICECHARGE VALUES ('20190223KI7070292411637-ch00002','20190223KI7070292411637','2019-02-23',29,'Cleaning fee');
INSERT INTO PAYMENT VALUES ('20190223KI7070292411637-p00001','20190223KI7070292411637','2019-02-25','CC',85.29,'Buffy Beattie','2719501651719968',3,2021,436,'Mastercard');
-- ------- SAMPLE 669 ----------
INSERT INTO GUEST VALUES(1669,'Maryann','Mccutcheon','MMccutcheon@hotmail.com','1234 DaWrong Lane','Flonkerton','MD','12345','747-927-7378');
INSERT INTO RESERVATION VALUES ('20191202KI8816977547529',1669,209,'KI','2019-12-02','2019-12-05',null,'complete');
INSERT INTO INVOICECHARGE VALUES ('20191202KI8816977547529-ch00001','20191202KI8816977547529','2019-12-02',168.87,'Base room charge');
INSERT INTO INVOICECHARGE VALUES ('20191202KI8816977547529-ch00002','20191202KI8816977547529','2019-12-02',87,'Cleaning fee');
INSERT INTO PAYMENT VALUES ('20191202KI8816977547529-p00001','20191202KI8816977547529','2019-12-04','CC',255.87,'Maryann Mccutcheon','3110088414732588',5,2025,412,'Mastercard');
-- ------- SAMPLE 670 ----------
INSERT INTO GUEST VALUES(1670,'Sherrie','Stultz','SStultz@gmail.com','1234 DaWrong Lane','Flonkerton','MD','12345','422-418-9933');
INSERT INTO RESERVATION VALUES ('20201211KI1405203379975',1670,null,'KI','2020-12-11','2020-12-13',null,'active');
-- ------- SAMPLE 671 ----------
INSERT INTO GUEST VALUES(1671,'Delsie','Delong','DDelong@yahoo.com','1234 DaWrong Lane','Flonkerton','MD','12345','867-587-5885');
INSERT INTO RESERVATION VALUES ('20191124QD3245403376157',1671,116,'QD','2019-11-24','2019-11-25',null,'complete');
INSERT INTO INVOICECHARGE VALUES ('20191124QD3245403376157-ch00001','20191124QD3245403376157','2019-11-24',63.33,'Base room charge');
INSERT INTO INVOICECHARGE VALUES ('20191124QD3245403376157-ch00002','20191124QD3245403376157','2019-11-24',32.62,'Room Service');
INSERT INTO PAYMENT VALUES ('20191124QD3245403376157-p00001','20191124QD3245403376157','2019-11-26','CC',95.95,'Delsie Delong','5489117693462047',7,2021,424,'Mastercard');
-- ------- SAMPLE 672 ----------
INSERT INTO GUEST VALUES(1672,'Fredericka','Farney','FFarney@gmail.com','1234 DaWrong Lane','Flonkerton','MD','12345','875-516-4481');
INSERT INTO RESERVATION VALUES ('20180508QD5771419977107',1672,106,'QD','2018-05-08','2018-05-11',null,'complete');
INSERT INTO INVOICECHARGE VALUES ('20180508QD5771419977107-ch00001','20180508QD5771419977107','2018-05-08',189.98,'Base room charge');
INSERT INTO INVOICECHARGE VALUES ('20180508QD5771419977107-ch00002','20180508QD5771419977107','2018-05-08',97.87,'Cleaning fee');
INSERT INTO PAYMENT (payment_id,invoice_id,payment_date,payment_type,payment_amount) VALUES ('20180508QD5771419977107-p00001','20180508QD5771419977107','2018-05-10','CA',287.86);
-- ------- SAMPLE 673 ----------
INSERT INTO GUEST VALUES(1673,'Shenna','Salmi','SSalmi@yahoo.com','1234 DaWrong Lane','Flonkerton','MD','12345','333-612-2873');
INSERT INTO RESERVATION VALUES ('20210402QD5815825913671',1673,null,'QD','2021-04-02','2021-04-05',null,'cancelled');
INSERT INTO INVOICECHARGE VALUES ('20210402QD5815825913671-ch00001','20210402QD5815825913671','2021-04-02',189.98,'Base room charge');
INSERT INTO INVOICECHARGE VALUES ('20210402QD5815825913671-ch00002','20210402QD5815825913671','2021-04-02',97.87,'Cleaning fee');
INSERT INTO PAYMENT VALUES ('20210402QD5815825913671-p00001','20210402QD5815825913671','2021-04-04','CC',245,'Shenna Salmi','7352136266699147',5,2023,555,'Mastercard');
-- ------- SAMPLE 674 ----------
INSERT INTO GUEST VALUES(1674,'Asa','Allan','AAllan@gmail.com','1234 DaWrong Lane','Flonkerton','MD','12345','872-329-2436');
INSERT INTO RESERVATION VALUES ('20190503QS9347643915836',1674,207,'QS','2019-05-03','2019-05-05',null,'complete');
INSERT INTO INVOICECHARGE VALUES ('20190503QS9347643915836-ch00001','20190503QS9347643915836','2019-05-03',154.81,'Base room charge');
INSERT INTO INVOICECHARGE VALUES ('20190503QS9347643915836-ch00002','20190503QS9347643915836','2019-05-03',79.75,'Cleaning fee');
INSERT INTO PAYMENT VALUES ('20190503QS9347643915836-p00001','20190503QS9347643915836','2019-05-05','CC',234.55,'Asa Allan','8361970199407322',7,2026,63,'Mastercard');
-- ------- SAMPLE 675 ----------
INSERT INTO GUEST VALUES(1675,'Lincoln','Lattea','LLattea@yahoo.com','1234 DaWrong Lane','Flonkerton','MD','12345','730-337-2855');
INSERT INTO RESERVATION VALUES ('20210424QD2690167681745',1675,null,'QD','2021-04-24','2021-04-27',null,'active');
INSERT INTO INVOICECHARGE VALUES ('20210424QD2690167681745-ch00001','20210424QD2690167681745','2021-04-24',287.86,'Base room charge');
INSERT INTO PAYMENT VALUES ('20210424QD2690167681745-p00001','20210424QD2690167681745','2021-04-26','CC',287.86,'Lincoln Lattea','8510879149919781',7,2025,668,'Mastercard');
-- ------- SAMPLE 676 ----------
INSERT INTO GUEST VALUES(1676,'Kaley','Kilmon','KKilmon@yahoo.com','1234 DaWrong Lane','Flonkerton','MD','12345','409-231-9814');
INSERT INTO RESERVATION VALUES ('20200425KS7729032130185',1676,117,'KS','2020-04-25','2020-04-27',null,'complete');
INSERT INTO INVOICECHARGE VALUES ('20200425KS7729032130185-ch00001','20200425KS7729032130185','2020-04-25',213.23,'Base room charge');
INSERT INTO PAYMENT VALUES ('20200425KS7729032130185-p00001','20200425KS7729032130185','2020-04-27','CC',213.23,'Kaley Kilmon','7847350953620940',6,2026,943,'Mastercard');
-- ------- SAMPLE 677 ----------
INSERT INTO GUEST VALUES(1677,'Bradley','Bently','BBently@yahoo.com','1234 DaWrong Lane','Flonkerton','MD','12345','261-443-4994');
INSERT INTO RESERVATION VALUES ('20200223KJ2541072053170',1677,109,'KJ','2020-02-23','2020-02-25',null,'cancelled');
INSERT INTO INVOICECHARGE VALUES ('20200223KJ2541072053170-ch00001','20200223KJ2541072053170','2020-02-23',182.95,'Base room charge');
INSERT INTO INVOICECHARGE VALUES ('20200223KJ2541072053170-ch00002','20200223KJ2541072053170','2020-02-23',94.25,'Room Service');
INSERT INTO PAYMENT (payment_id,invoice_id,payment_date,payment_type,payment_amount) VALUES ('20200223KJ2541072053170-p00001','20200223KJ2541072053170','2020-02-25','CA',277.2);
-- ------- SAMPLE 678 ----------
INSERT INTO GUEST VALUES(1678,'Luella','Lundstrom','LLundstrom@yahoo.com','1234 DaWrong Lane','Flonkerton','MD','12345','913-099-6159');
INSERT INTO RESERVATION VALUES ('20190306QD3415206300292',1678,116,'QD','2019-03-06','2019-03-09',null,'complete');
INSERT INTO INVOICECHARGE VALUES ('20190306QD3415206300292-ch00001','20190306QD3415206300292','2019-03-06',287.86,'Base room charge');
INSERT INTO PAYMENT (payment_id,invoice_id,payment_date,payment_type,payment_amount) VALUES ('20190306QD3415206300292-p00001','20190306QD3415206300292','2019-03-08','CA',287.86);
-- ------- SAMPLE 679 ----------
INSERT INTO GUEST VALUES(1679,'Bradley','Bently','BBently@yahoo.com','1234 DaWrong Lane','Flonkerton','MD','12345','588-805-2097');
INSERT INTO RESERVATION VALUES ('20180813KS8353311416356',1679,206,'KS','2018-08-13','2018-08-17',null,'complete');
INSERT INTO INVOICECHARGE VALUES ('20180813KS8353311416356-ch00001','20180813KS8353311416356','2018-08-13',281.46,'Base room charge');
INSERT INTO INVOICECHARGE VALUES ('20180813KS8353311416356-ch00002','20180813KS8353311416356','2018-08-13',145,'Room Service');
INSERT INTO PAYMENT (payment_id,invoice_id,payment_date,payment_type,payment_amount) VALUES ('20180813KS8353311416356-p00001','20180813KS8353311416356','2018-08-15','CA',426.46);
-- ------- SAMPLE 680 ----------
INSERT INTO GUEST VALUES(1680,'Dewey','Dye','DDye@yahoo.com','1234 DaWrong Lane','Flonkerton','MD','12345','640-135-9027');
INSERT INTO RESERVATION VALUES ('20200111KS4533560114573',1680,102,'KS','2020-01-11','2020-01-13',null,'complete');
INSERT INTO INVOICECHARGE VALUES ('20200111KS4533560114573-ch00001','20200111KS4533560114573','2020-01-11',140.73,'Base room charge');
INSERT INTO INVOICECHARGE VALUES ('20200111KS4533560114573-ch00002','20200111KS4533560114573','2020-01-11',72.5,'Cleaning fee');
INSERT INTO PAYMENT VALUES ('20200111KS4533560114573-p00001','20200111KS4533560114573','2020-01-13','CC',213.23,'Dewey Dye','8853033869919080',1,2021,238,'Mastercard');
-- ------- SAMPLE 681 ----------
INSERT INTO GUEST VALUES(1681,'Demarcus','Dearborn','DDearborn@gmail.com','1234 DaWrong Lane','Flonkerton','MD','12345','054-861-2995');
INSERT INTO RESERVATION VALUES ('20190809KI6538560768045',1681,105,'KI','2019-08-09','2019-08-14',null,'complete');
INSERT INTO INVOICECHARGE VALUES ('20190809KI6538560768045-ch00001','20190809KI6538560768045','2019-08-09',426.45,'Base room charge');
INSERT INTO PAYMENT VALUES ('20190809KI6538560768045-p00001','20190809KI6538560768045','2019-08-11','CC',426.45,'Demarcus Dearborn','3060264075958471',9,2022,62,'Mastercard');
-- ------- SAMPLE 682 ----------
INSERT INTO GUEST VALUES(1682,'Maryann','Mccutcheon','MMccutcheon@yahoo.com','1234 DaWrong Lane','Flonkerton','MD','12345','996-857-0637');
INSERT INTO RESERVATION VALUES ('20200407QD1403968653656',1682,111,'QD','2020-04-07','2020-04-12',null,'complete');
INSERT INTO INVOICECHARGE VALUES ('20200407QD1403968653656-ch00001','20200407QD1403968653656','2020-04-07',316.64,'Base room charge');
INSERT INTO INVOICECHARGE VALUES ('20200407QD1403968653656-ch00002','20200407QD1403968653656','2020-04-07',163.12,'Room Service');
INSERT INTO PAYMENT VALUES ('20200407QD1403968653656-p00001','20200407QD1403968653656','2020-04-09','CC',479.76,'Maryann Mccutcheon','1578856269974178',12,2024,882,'Mastercard');
-- ------- SAMPLE 683 ----------
INSERT INTO GUEST VALUES(1683,'Vicky','Vanderhoff','VVanderhoff@hotmail.com','1234 DaWrong Lane','Flonkerton','MD','12345','181-657-4322');
INSERT INTO RESERVATION VALUES ('20201124KJ3885974482540',1683,null,'KJ','2020-11-24','2020-11-27',null,'active');
INSERT INTO INVOICECHARGE VALUES ('20201124KJ3885974482540-ch00001','20201124KJ3885974482540','2020-11-24',274.43,'Base room charge');
INSERT INTO INVOICECHARGE VALUES ('20201124KJ3885974482540-ch00002','20201124KJ3885974482540','2020-11-24',141.37,'Cleaning fee');
INSERT INTO PAYMENT VALUES ('20201124KJ3885974482540-p00001','20201124KJ3885974482540','2020-11-26','CC',241,'Vicky Vanderhoff','8900562206389247',10,2026,384,'Mastercard');
-- ------- SAMPLE 684 ----------
INSERT INTO GUEST VALUES(1684,'Lucius','Liles','LLiles@yahoo.com','1234 DaWrong Lane','Flonkerton','MD','12345','075-394-7173');
INSERT INTO RESERVATION VALUES ('20191213QD6196648007158',1684,111,'QD','2019-12-13','2019-12-16',null,'complete');
INSERT INTO INVOICECHARGE VALUES ('20191213QD6196648007158-ch00001','20191213QD6196648007158','2019-12-13',287.86,'Base room charge');
INSERT INTO PAYMENT VALUES ('20191213QD6196648007158-p00001','20191213QD6196648007158','2019-12-15','CC',287.86,'Lucius Liles','8162932376055811',10,2027,141,'Mastercard');
-- ------- SAMPLE 685 ----------
INSERT INTO GUEST VALUES(1685,'Raven','Rybicki','RRybicki@gmail.com','1234 DaWrong Lane','Flonkerton','MD','12345','027-019-4099');
INSERT INTO RESERVATION VALUES ('20190313KS1316925047688',1685,201,'KS','2019-03-13','2019-03-16',null,'cancelled');
INSERT INTO INVOICECHARGE VALUES ('20190313KS1316925047688-ch00001','20190313KS1316925047688','2019-03-13',319.84,'Base room charge');
INSERT INTO PAYMENT (payment_id,invoice_id,payment_date,payment_type,payment_amount) VALUES ('20190313KS1316925047688-p00001','20190313KS1316925047688','2019-03-15','CA',319.84);
-- ------- SAMPLE 686 ----------
INSERT INTO GUEST VALUES(1686,'Asa','Allan','AAllan@gmail.com','1234 DaWrong Lane','Flonkerton','MD','12345','437-996-3580');
INSERT INTO RESERVATION VALUES ('20181105QS1329912207231',1686,202,'QS','2018-11-05','2018-11-06',null,'complete');
INSERT INTO INVOICECHARGE VALUES ('20181105QS1329912207231-ch00001','20181105QS1329912207231','2018-11-05',117.28,'Base room charge');
INSERT INTO PAYMENT VALUES ('20181105QS1329912207231-p00001','20181105QS1329912207231','2018-11-07','CC',117.28,'Asa Allan','2657011909373770',7,2027,207,'Mastercard');
-- ------- SAMPLE 687 ----------
INSERT INTO GUEST VALUES(1687,'Shena','Sandoz','SSandoz@hotmail.com','1234 DaWrong Lane','Flonkerton','MD','12345','334-413-9682');
INSERT INTO RESERVATION VALUES ('20201002QD8939619520835',1687,null,'QD','2020-10-02','2020-10-06',null,'active');
INSERT INTO INVOICECHARGE VALUES ('20201002QD8939619520835-ch00001','20201002QD8939619520835','2020-10-02',383.81,'Base room charge');
INSERT INTO PAYMENT VALUES ('20201002QD8939619520835-p00001','20201002QD8939619520835','2020-10-04','CC',85,'Shena Sandoz','8588657630196240',6,2024,978,'Mastercard');
-- ------- SAMPLE 688 ----------
INSERT INTO GUEST VALUES(1688,'Romaine','Reck','RReck@yahoo.com','1234 DaWrong Lane','Flonkerton','MD','12345','556-691-0557');
INSERT INTO RESERVATION VALUES ('20190521KS1977203978726',1688,201,'KS','2019-05-21','2019-05-26',null,'complete');
INSERT INTO INVOICECHARGE VALUES ('20190521KS1977203978726-ch00001','20190521KS1977203978726','2019-05-21',351.83,'Base room charge');
INSERT INTO INVOICECHARGE VALUES ('20190521KS1977203978726-ch00002','20190521KS1977203978726','2019-05-21',181.24,'Cleaning fee');
INSERT INTO PAYMENT VALUES ('20190521KS1977203978726-p00001','20190521KS1977203978726','2019-05-23','CC',533.07,'Romaine Reck','8980498530209454',12,2022,219,'Mastercard');
-- ------- SAMPLE 689 ----------
INSERT INTO GUEST VALUES(1689,'Edmundo','Erickson','EErickson@gmail.com','1234 DaWrong Lane','Flonkerton','MD','12345','581-853-0344');
INSERT INTO RESERVATION VALUES ('20191224KJ8942457732792',1689,104,'KJ','2019-12-24','2019-12-27',null,'complete');
INSERT INTO INVOICECHARGE VALUES ('20191224KJ8942457732792-ch00001','20191224KJ8942457732792','2019-12-24',274.43,'Base room charge');
INSERT INTO INVOICECHARGE VALUES ('20191224KJ8942457732792-ch00002','20191224KJ8942457732792','2019-12-24',141.37,'Cleaning fee');
INSERT INTO PAYMENT VALUES ('20191224KJ8942457732792-p00001','20191224KJ8942457732792','2019-12-26','CC',415.81,'Edmundo Erickson','3969744866935793',2,2025,585,'Mastercard');
-- ------- SAMPLE 690 ----------
INSERT INTO GUEST VALUES(1690,'Stacie','Schupp','SSchupp@gmail.com','1234 DaWrong Lane','Flonkerton','MD','12345','972-925-1788');
INSERT INTO RESERVATION VALUES ('20200924QS1039752228761',1690,null,'QS','2020-09-24','2020-09-27',null,'active');
-- ------- SAMPLE 691 ----------
INSERT INTO GUEST VALUES(1691,'Collin','Chaparro','CChaparro@gmail.com','1234 DaWrong Lane','Flonkerton','MD','12345','538-217-2758');
INSERT INTO RESERVATION VALUES ('20210317KJ8085564435609',1691,null,'KJ','2021-03-17','2021-03-20',null,'active');
INSERT INTO INVOICECHARGE VALUES ('20210317KJ8085564435609-ch00001','20210317KJ8085564435609','2021-03-17',415.81,'Base room charge');
INSERT INTO PAYMENT VALUES ('20210317KJ8085564435609-p00001','20210317KJ8085564435609','2021-03-19','CC',405,'Collin Chaparro','8456143910827630',7,2022,175,'Mastercard');
-- ------- SAMPLE 692 ----------
INSERT INTO GUEST VALUES(1692,'James','Janey','JJaney@gmail.com','1234 DaWrong Lane','Flonkerton','MD','12345','149-953-9592');
INSERT INTO RESERVATION VALUES ('20210403KI4391974038337',1692,null,'KI','2021-04-03','2021-04-05',null,'active');
INSERT INTO INVOICECHARGE VALUES ('20210403KI4391974038337-ch00001','20210403KI4391974038337','2021-04-03',112.58,'Base room charge');
INSERT INTO INVOICECHARGE VALUES ('20210403KI4391974038337-ch00002','20210403KI4391974038337','2021-04-03',58,'Cleaning fee');
INSERT INTO PAYMENT VALUES ('20210403KI4391974038337-p00001','20210403KI4391974038337','2021-04-05','CC',170.58,'James Janey','1042858571723001',12,2027,68,'Mastercard');
-- ------- SAMPLE 693 ----------
INSERT INTO GUEST VALUES(1693,'Yuette','Yetman','YYetman@gmail.com','1234 DaWrong Lane','Flonkerton','MD','12345','479-580-5593');
INSERT INTO RESERVATION VALUES ('20200309QD6580589573986',1693,111,'QD','2020-03-09','2020-03-11',null,'complete');
INSERT INTO INVOICECHARGE VALUES ('20200309QD6580589573986-ch00001','20200309QD6580589573986','2020-03-09',126.66,'Base room charge');
INSERT INTO INVOICECHARGE VALUES ('20200309QD6580589573986-ch00002','20200309QD6580589573986','2020-03-09',65.25,'Room Service');
INSERT INTO PAYMENT (payment_id,invoice_id,payment_date,payment_type,payment_amount) VALUES ('20200309QD6580589573986-p00001','20200309QD6580589573986','2020-03-11','CA',191.9);
-- ------- SAMPLE 694 ----------
INSERT INTO GUEST VALUES(1694,'Lynda','Linda','LLinda@hotmail.com','1234 DaWrong Lane','Flonkerton','MD','12345','814-107-0313');
INSERT INTO RESERVATION VALUES ('20180521KI7005327789309',1694,105,'KI','2018-05-21','2018-05-24',null,'complete');
INSERT INTO INVOICECHARGE VALUES ('20180521KI7005327789309-ch00001','20180521KI7005327789309','2018-05-21',168.87,'Base room charge');
INSERT INTO INVOICECHARGE VALUES ('20180521KI7005327789309-ch00002','20180521KI7005327789309','2018-05-21',87,'Room Service');
INSERT INTO PAYMENT VALUES ('20180521KI7005327789309-p00001','20180521KI7005327789309','2018-05-23','CC',255.87,'Lynda Linda','4179859763059093',11,2024,944,'Mastercard');
-- ------- SAMPLE 695 ----------
INSERT INTO GUEST VALUES(1695,'Stan','Schnell','SSchnell@hotmail.com','1234 DaWrong Lane','Flonkerton','MD','12345','683-287-2614');
INSERT INTO RESERVATION VALUES ('20201026KJ8057916650610',1695,null,'KJ','2020-10-26','2020-10-31',null,'active');
-- ------- SAMPLE 696 ----------
INSERT INTO GUEST VALUES(1696,'Malia','Molden','MMolden@yahoo.com','1234 DaWrong Lane','Flonkerton','MD','12345','489-190-7476');
INSERT INTO RESERVATION VALUES ('20190828QD2548820694474',1696,106,'QD','2019-08-28','2019-09-01',null,'complete');
INSERT INTO INVOICECHARGE VALUES ('20190828QD2548820694474-ch00001','20190828QD2548820694474','2019-08-28',383.81,'Base room charge');
INSERT INTO PAYMENT VALUES ('20190828QD2548820694474-p00001','20190828QD2548820694474','2019-08-30','CC',383.81,'Malia Molden','1167255033668810',1,2022,913,'Mastercard');
-- ------- SAMPLE 697 ----------
INSERT INTO GUEST VALUES(1697,'Raven','Rybicki','RRybicki@gmail.com','1234 DaWrong Lane','Flonkerton','MD','12345','236-032-1132');
INSERT INTO RESERVATION VALUES ('20200913KI7707477429946',1697,null,'KI','2020-09-13','2020-09-14',null,'active');
INSERT INTO INVOICECHARGE VALUES ('20200913KI7707477429946-ch00001','20200913KI7707477429946','2020-09-13',85.29,'Base room charge');
INSERT INTO PAYMENT VALUES ('20200913KI7707477429946-p00001','20200913KI7707477429946','2020-09-15','CC',85.29,'Raven Rybicki','8644588076143620',2,2024,930,'Mastercard');
-- ------- SAMPLE 698 ----------
INSERT INTO GUEST VALUES(1698,'Keturah','Kagawa','KKagawa@hotmail.com','1234 DaWrong Lane','Flonkerton','MD','12345','724-080-8916');
INSERT INTO RESERVATION VALUES ('20180508KJ9722320043843',1698,203,'KJ','2018-05-08','2018-05-11',null,'complete');
INSERT INTO INVOICECHARGE VALUES ('20180508KJ9722320043843-ch00001','20180508KJ9722320043843','2018-05-08',274.43,'Base room charge');
INSERT INTO INVOICECHARGE VALUES ('20180508KJ9722320043843-ch00002','20180508KJ9722320043843','2018-05-08',141.37,'Room Service');
INSERT INTO PAYMENT VALUES ('20180508KJ9722320043843-p00001','20180508KJ9722320043843','2018-05-10','CC',415.81,'Keturah Kagawa','9744787701934637',5,2023,961,'Mastercard');
-- ------- SAMPLE 699 ----------
INSERT INTO GUEST VALUES(1699,'Demarcus','Dearborn','DDearborn@hotmail.com','1234 DaWrong Lane','Flonkerton','MD','12345','284-430-8887');
INSERT INTO RESERVATION VALUES ('20200201KS7330528630900',1699,102,'KS','2020-02-01','2020-02-04',null,'cancelled');
INSERT INTO INVOICECHARGE VALUES ('20200201KS7330528630900-ch00001','20200201KS7330528630900','2020-02-01',319.84,'Base room charge');
INSERT INTO PAYMENT (payment_id,invoice_id,payment_date,payment_type,payment_amount) VALUES ('20200201KS7330528630900-p00001','20200201KS7330528630900','2020-02-03','CA',319.84);
-- ------- SAMPLE 700 ----------
INSERT INTO GUEST VALUES(1700,'Rick','Ritenour','RRitenour@yahoo.com','1234 DaWrong Lane','Flonkerton','MD','12345','251-761-6000');
INSERT INTO RESERVATION VALUES ('20180619QD9259470232577',1700,111,'QD','2018-06-19','2018-06-21',null,'complete');
INSERT INTO INVOICECHARGE VALUES ('20180619QD9259470232577-ch00001','20180619QD9259470232577','2018-06-19',191.9,'Base room charge');
INSERT INTO PAYMENT VALUES ('20180619QD9259470232577-p00001','20180619QD9259470232577','2018-06-21','CC',191.9,'Rick Ritenour','9166511566378896',6,2021,876,'Mastercard');
-- ------- SAMPLE 701 ----------
INSERT INTO GUEST VALUES(1701,'Stan','Schnell','SSchnell@yahoo.com','1234 DaWrong Lane','Flonkerton','MD','12345','855-553-9768');
INSERT INTO RESERVATION VALUES ('20210313KI6011971025426',1701,null,'KI','2021-03-13','2021-03-17',null,'active');
INSERT INTO INVOICECHARGE VALUES ('20210313KI6011971025426-ch00001','20210313KI6011971025426','2021-03-13',255.87,'Base room charge');
INSERT INTO PAYMENT VALUES ('20210313KI6011971025426-p00001','20210313KI6011971025426','2021-03-15','CC',255.87,'Stan Schnell','6285897905765220',8,2023,991,'Mastercard');
-- ------- SAMPLE 702 ----------
INSERT INTO GUEST VALUES(1702,'Fiona','Figgs','FFiggs@yahoo.com','1234 DaWrong Lane','Flonkerton','MD','12345','177-347-7786');
INSERT INTO RESERVATION VALUES ('20200910QD6608556376052',1702,null,'QD','2020-09-10','2020-09-13',null,'active');
INSERT INTO INVOICECHARGE VALUES ('20200910QD6608556376052-ch00001','20200910QD6608556376052','2020-09-10',287.86,'Base room charge');
INSERT INTO PAYMENT VALUES ('20200910QD6608556376052-p00001','20200910QD6608556376052','2020-09-12','CC',287.86,'Fiona Figgs','3696921335152738',8,2024,893,'Mastercard');
-- ------- SAMPLE 703 ----------
INSERT INTO GUEST VALUES(1703,'Lynda','Linda','LLinda@gmail.com','1234 DaWrong Lane','Flonkerton','MD','12345','904-054-9487');
INSERT INTO RESERVATION VALUES ('20180604KJ7727461512433',1703,203,'KJ','2018-06-04','2018-06-07',null,'complete');
INSERT INTO INVOICECHARGE VALUES ('20180604KJ7727461512433-ch00001','20180604KJ7727461512433','2018-06-04',274.43,'Base room charge');
INSERT INTO INVOICECHARGE VALUES ('20180604KJ7727461512433-ch00002','20180604KJ7727461512433','2018-06-04',141.37,'Room Service');
INSERT INTO PAYMENT (payment_id,invoice_id,payment_date,payment_type,payment_amount) VALUES ('20180604KJ7727461512433-p00001','20180604KJ7727461512433','2018-06-06','CA',415.81);
-- ------- SAMPLE 704 ----------
INSERT INTO GUEST VALUES(1704,'Daron','Dycus','DDycus@hotmail.com','1234 DaWrong Lane','Flonkerton','MD','12345','061-899-6268');
INSERT INTO RESERVATION VALUES ('20191212KJ2057166801808',1704,119,'KJ','2019-12-12','2019-12-14',null,'complete');
INSERT INTO INVOICECHARGE VALUES ('20191212KJ2057166801808-ch00001','20191212KJ2057166801808','2019-12-12',182.95,'Base room charge');
INSERT INTO INVOICECHARGE VALUES ('20191212KJ2057166801808-ch00002','20191212KJ2057166801808','2019-12-12',94.25,'Cleaning fee');
INSERT INTO PAYMENT VALUES ('20191212KJ2057166801808-p00001','20191212KJ2057166801808','2019-12-14','CC',277.2,'Daron Dycus','4045935620890118',11,2025,11,'Mastercard');
-- ------- SAMPLE 705 ----------
INSERT INTO GUEST VALUES(1705,'Lorean','Loden','LLoden@yahoo.com','1234 DaWrong Lane','Flonkerton','MD','12345','241-217-4212');
INSERT INTO RESERVATION VALUES ('20200809KS5472954973270',1705,null,'KS','2020-08-09','2020-08-13',null,'active');
INSERT INTO INVOICECHARGE VALUES ('20200809KS5472954973270-ch00001','20200809KS5472954973270','2020-08-09',281.46,'Base room charge');
INSERT INTO INVOICECHARGE VALUES ('20200809KS5472954973270-ch00002','20200809KS5472954973270','2020-08-09',145,'Room Service');
INSERT INTO PAYMENT VALUES ('20200809KS5472954973270-p00001','20200809KS5472954973270','2020-08-11','CC',309,'Lorean Loden','8734545839021147',6,2026,884,'Mastercard');
-- ------- SAMPLE 706 ----------
INSERT INTO GUEST VALUES(1706,'Shawna','Schmit','SSchmit@yahoo.com','1234 DaWrong Lane','Flonkerton','MD','12345','911-190-0698');
INSERT INTO RESERVATION VALUES ('20200225KS3233112742572',1706,102,'KS','2020-02-25','2020-02-28',null,'complete');
INSERT INTO INVOICECHARGE VALUES ('20200225KS3233112742572-ch00001','20200225KS3233112742572','2020-02-25',319.84,'Base room charge');
INSERT INTO PAYMENT VALUES ('20200225KS3233112742572-p00001','20200225KS3233112742572','2020-02-27','CC',319.84,'Shawna Schmit','2540188384020266',9,2022,342,'Mastercard');
-- ------- SAMPLE 707 ----------
INSERT INTO GUEST VALUES(1707,'Kathey','Kingston','KKingston@yahoo.com','1234 DaWrong Lane','Flonkerton','MD','12345','593-106-8119');
INSERT INTO RESERVATION VALUES ('20181119KI4734995392381',1707,110,'KI','2018-11-19','2018-11-23',null,'complete');
INSERT INTO INVOICECHARGE VALUES ('20181119KI4734995392381-ch00001','20181119KI4734995392381','2018-11-19',341.16,'Base room charge');
INSERT INTO PAYMENT VALUES ('20181119KI4734995392381-p00001','20181119KI4734995392381','2018-11-21','CC',341.16,'Kathey Kingston','2034508441805118',1,2024,331,'Mastercard');
-- ------- SAMPLE 708 ----------
INSERT INTO GUEST VALUES(1708,'Shaneka','Stribling','SStribling@gmail.com','1234 DaWrong Lane','Flonkerton','MD','12345','866-628-1380');
INSERT INTO RESERVATION VALUES ('20210329QD7987006547434',1708,null,'QD','2021-03-29','2021-04-02',null,'cancelled');
INSERT INTO INVOICECHARGE VALUES ('20210329QD7987006547434-ch00001','20210329QD7987006547434','2021-03-29',383.81,'Base room charge');
INSERT INTO PAYMENT VALUES ('20210329QD7987006547434-p00001','20210329QD7987006547434','2021-03-31','CC',383.81,'Shaneka Stribling','7008794269701408',4,2021,212,'Mastercard');
-- ------- SAMPLE 709 ----------
INSERT INTO GUEST VALUES(1709,'Clara','Crimmins','CCrimmins@hotmail.com','1234 DaWrong Lane','Flonkerton','MD','12345','221-720-7701');
INSERT INTO RESERVATION VALUES ('20190129KJ7008298766714',1709,109,'KJ','2019-01-29','2019-01-31',null,'cancelled');
INSERT INTO INVOICECHARGE VALUES ('20190129KJ7008298766714-ch00001','20190129KJ7008298766714','2019-01-29',277.2,'Base room charge');
INSERT INTO PAYMENT (payment_id,invoice_id,payment_date,payment_type,payment_amount) VALUES ('20190129KJ7008298766714-p00001','20190129KJ7008298766714','2019-01-31','CA',277.2);
-- ------- SAMPLE 710 ----------
INSERT INTO GUEST VALUES(1710,'Joann','Joplin','JJoplin@gmail.com','1234 DaWrong Lane','Flonkerton','MD','12345','745-577-1426');
INSERT INTO RESERVATION VALUES ('20190215KI9473984619487',1710,115,'KI','2019-02-15','2019-02-20',null,'complete');
INSERT INTO INVOICECHARGE VALUES ('20190215KI9473984619487-ch00001','20190215KI9473984619487','2019-02-15',426.45,'Base room charge');
INSERT INTO PAYMENT VALUES ('20190215KI9473984619487-p00001','20190215KI9473984619487','2019-02-17','CC',426.45,'Joann Joplin','9485174048174635',4,2022,227,'Mastercard');
-- ------- SAMPLE 711 ----------
INSERT INTO GUEST VALUES(1711,'Abel','Alire','AAlire@gmail.com','1234 DaWrong Lane','Flonkerton','MD','12345','290-944-2771');
INSERT INTO RESERVATION VALUES ('20190909QD7270544290424',1711,116,'QD','2019-09-09','2019-09-11',null,'complete');
INSERT INTO INVOICECHARGE VALUES ('20190909QD7270544290424-ch00001','20190909QD7270544290424','2019-09-09',126.66,'Base room charge');
INSERT INTO INVOICECHARGE VALUES ('20190909QD7270544290424-ch00002','20190909QD7270544290424','2019-09-09',65.25,'Cleaning fee');
INSERT INTO PAYMENT (payment_id,invoice_id,payment_date,payment_type,payment_amount) VALUES ('20190909QD7270544290424-p00001','20190909QD7270544290424','2019-09-11','CA',191.9);
-- ------- SAMPLE 712 ----------
INSERT INTO GUEST VALUES(1712,'Corene','Carmody','CCarmody@yahoo.com','1234 DaWrong Lane','Flonkerton','MD','12345','596-126-2328');
INSERT INTO RESERVATION VALUES ('20210422KJ5638878621008',1712,null,'KJ','2021-04-22','2021-04-23',null,'active');
INSERT INTO INVOICECHARGE VALUES ('20210422KJ5638878621008-ch00001','20210422KJ5638878621008','2021-04-22',91.48,'Base room charge');
INSERT INTO INVOICECHARGE VALUES ('20210422KJ5638878621008-ch00002','20210422KJ5638878621008','2021-04-22',47.12,'Cleaning fee');
INSERT INTO PAYMENT VALUES ('20210422KJ5638878621008-p00001','20210422KJ5638878621008','2021-04-24','CC',138.6,'Corene Carmody','6686149223799094',5,2026,269,'Mastercard');
-- ------- SAMPLE 713 ----------
INSERT INTO GUEST VALUES(1713,'Kathern','Korn','KKorn@hotmail.com','1234 DaWrong Lane','Flonkerton','MD','12345','486-614-8130');
INSERT INTO RESERVATION VALUES ('20190512QD6968159669790',1713,200,'QD','2019-05-12','2019-05-17',null,'complete');
INSERT INTO INVOICECHARGE VALUES ('20190512QD6968159669790-ch00001','20190512QD6968159669790','2019-05-12',316.64,'Base room charge');
INSERT INTO INVOICECHARGE VALUES ('20190512QD6968159669790-ch00002','20190512QD6968159669790','2019-05-12',163.12,'Room Service');
INSERT INTO PAYMENT VALUES ('20190512QD6968159669790-p00001','20190512QD6968159669790','2019-05-14','CC',479.76,'Kathern Korn','5588333800470496',9,2023,346,'Mastercard');
-- ------- SAMPLE 714 ----------
INSERT INTO GUEST VALUES(1714,'Doyle','Dykema','DDykema@gmail.com','1234 DaWrong Lane','Flonkerton','MD','12345','849-755-2066');
INSERT INTO RESERVATION VALUES ('20200430KI8341147219164',1714,209,'KI','2020-04-30','2020-05-03',null,'complete');
INSERT INTO INVOICECHARGE VALUES ('20200430KI8341147219164-ch00001','20200430KI8341147219164','2020-04-30',255.87,'Base room charge');
INSERT INTO PAYMENT VALUES ('20200430KI8341147219164-p00001','20200430KI8341147219164','2020-05-02','CC',255.87,'Doyle Dykema','8554168783178315',12,2021,81,'Mastercard');
-- ------- SAMPLE 715 ----------
INSERT INTO GUEST VALUES(1715,'Cherry','Chiarello','CChiarello@hotmail.com','1234 DaWrong Lane','Flonkerton','MD','12345','100-897-1339');
INSERT INTO RESERVATION VALUES ('20190623QS6069322304758',1715,108,'QS','2019-06-23','2019-06-26',null,'complete');
INSERT INTO INVOICECHARGE VALUES ('20190623QS6069322304758-ch00001','20190623QS6069322304758','2019-06-23',351.83,'Base room charge');
INSERT INTO PAYMENT (payment_id,invoice_id,payment_date,payment_type,payment_amount) VALUES ('20190623QS6069322304758-p00001','20190623QS6069322304758','2019-06-25','CA',351.83);
-- ------- SAMPLE 716 ----------
INSERT INTO GUEST VALUES(1716,'Liliana','Lueck','LLueck@hotmail.com','1234 DaWrong Lane','Flonkerton','MD','12345','501-584-2438');
INSERT INTO RESERVATION VALUES ('20200629KS3752836529417',1716,null,'KS','2020-06-29','2020-06-30',null,'active');
INSERT INTO INVOICECHARGE VALUES ('20200629KS3752836529417-ch00001','20200629KS3752836529417','2020-06-29',70.37,'Base room charge');
INSERT INTO INVOICECHARGE VALUES ('20200629KS3752836529417-ch00002','20200629KS3752836529417','2020-06-29',36.25,'Cleaning fee');
INSERT INTO PAYMENT VALUES ('20200629KS3752836529417-p00001','20200629KS3752836529417','2020-07-01','CC',106.61,'Liliana Lueck','4009494866857946',8,2021,107,'Mastercard');
-- ------- SAMPLE 717 ----------
INSERT INTO GUEST VALUES(1717,'Daron','Dycus','DDycus@yahoo.com','1234 DaWrong Lane','Flonkerton','MD','12345','814-059-7474');
INSERT INTO RESERVATION VALUES ('20180912KI7063350656323',1717,209,'KI','2018-09-12','2018-09-13',null,'complete');
INSERT INTO INVOICECHARGE VALUES ('20180912KI7063350656323-ch00001','20180912KI7063350656323','2018-09-12',85.29,'Base room charge');
INSERT INTO PAYMENT VALUES ('20180912KI7063350656323-p00001','20180912KI7063350656323','2018-09-14','CC',85.29,'Daron Dycus','8869714515805338',3,2022,899,'Mastercard');
-- ------- SAMPLE 718 ----------
INSERT INTO GUEST VALUES(1718,'Piedad','Proctor','PProctor@gmail.com','1234 DaWrong Lane','Flonkerton','MD','12345','410-415-7654');
INSERT INTO RESERVATION VALUES ('20180904KJ9691305721802',1718,104,'KJ','2018-09-04','2018-09-07',null,'complete');
INSERT INTO INVOICECHARGE VALUES ('20180904KJ9691305721802-ch00001','20180904KJ9691305721802','2018-09-04',274.43,'Base room charge');
INSERT INTO INVOICECHARGE VALUES ('20180904KJ9691305721802-ch00002','20180904KJ9691305721802','2018-09-04',141.37,'Cleaning fee');
INSERT INTO PAYMENT VALUES ('20180904KJ9691305721802-p00001','20180904KJ9691305721802','2018-09-06','CC',415.81,'Piedad Proctor','5949616498120706',12,2022,293,'Mastercard');
-- ------- SAMPLE 719 ----------
INSERT INTO GUEST VALUES(1719,'Ella','Evanoff','EEvanoff@hotmail.com','1234 DaWrong Lane','Flonkerton','MD','12345','835-975-6645');
INSERT INTO RESERVATION VALUES ('20201117KS7562875849417',1719,null,'KS','2020-11-17','2020-11-18',null,'active');
-- ------- SAMPLE 720 ----------
INSERT INTO GUEST VALUES(1720,'Boris','Berner','BBerner@yahoo.com','1234 DaWrong Lane','Flonkerton','MD','12345','937-876-6957');
INSERT INTO RESERVATION VALUES ('20180520KJ7733137424267',1720,114,'KJ','2018-05-20','2018-05-23',null,'complete');
INSERT INTO INVOICECHARGE VALUES ('20180520KJ7733137424267-ch00001','20180520KJ7733137424267','2018-05-20',274.43,'Base room charge');
INSERT INTO INVOICECHARGE VALUES ('20180520KJ7733137424267-ch00002','20180520KJ7733137424267','2018-05-20',141.37,'Room Service');
INSERT INTO PAYMENT VALUES ('20180520KJ7733137424267-p00001','20180520KJ7733137424267','2018-05-22','CC',415.81,'Boris Berner','1007318203255608',11,2025,607,'Mastercard');
-- ------- SAMPLE 721 ----------
INSERT INTO GUEST VALUES(1721,'Antwan','Albury','AAlbury@yahoo.com','1234 DaWrong Lane','Flonkerton','MD','12345','232-025-1100');
INSERT INTO RESERVATION VALUES ('20210223KJ2618132570859',1721,null,'KJ','2021-02-23','2021-02-26',null,'active');
-- ------- SAMPLE 722 ----------
INSERT INTO GUEST VALUES(1722,'Christine','Ciampa','CCiampa@yahoo.com','1234 DaWrong Lane','Flonkerton','MD','12345','575-516-0143');
INSERT INTO RESERVATION VALUES ('20200203KI2239406311754',1722,105,'KI','2020-02-03','2020-02-06',null,'complete');
INSERT INTO INVOICECHARGE VALUES ('20200203KI2239406311754-ch00001','20200203KI2239406311754','2020-02-03',255.87,'Base room charge');
INSERT INTO PAYMENT VALUES ('20200203KI2239406311754-p00001','20200203KI2239406311754','2020-02-05','CC',255.87,'Christine Ciampa','2952361550156269',9,2022,624,'Mastercard');
-- ------- SAMPLE 723 ----------
INSERT INTO GUEST VALUES(1723,'Darrin','Drum','DDrum@hotmail.com','1234 DaWrong Lane','Flonkerton','MD','12345','640-289-0600');
INSERT INTO RESERVATION VALUES ('20210430KJ1537237394974',1723,null,'KJ','2021-04-30','2021-05-05',null,'active');
INSERT INTO INVOICECHARGE VALUES ('20210430KJ1537237394974-ch00001','20210430KJ1537237394974','2021-04-30',693.01,'Base room charge');
INSERT INTO PAYMENT VALUES ('20210430KJ1537237394974-p00001','20210430KJ1537237394974','2021-05-02','CC',693.01,'Darrin Drum','4794954059437370',12,2021,355,'Mastercard');
-- ------- SAMPLE 724 ----------
INSERT INTO GUEST VALUES(1724,'Shae','Sansom','SSansom@yahoo.com','1234 DaWrong Lane','Flonkerton','MD','12345','145-697-6843');
INSERT INTO RESERVATION VALUES ('20210129KS7804883311174',1724,null,'KS','2021-01-29','2021-02-01',null,'active');
INSERT INTO INVOICECHARGE VALUES ('20210129KS7804883311174-ch00001','20210129KS7804883311174','2021-01-29',211.1,'Base room charge');
INSERT INTO INVOICECHARGE VALUES ('20210129KS7804883311174-ch00002','20210129KS7804883311174','2021-01-29',108.75,'Cleaning fee');
INSERT INTO PAYMENT VALUES ('20210129KS7804883311174-p00001','20210129KS7804883311174','2021-01-31','CC',319.84,'Shae Sansom','8551204406155854',3,2027,772,'Mastercard');
-- ------- SAMPLE 725 ----------
INSERT INTO GUEST VALUES(1725,'Rickie','Redfern','RRedfern@hotmail.com','1234 DaWrong Lane','Flonkerton','MD','12345','782-031-8949');
INSERT INTO RESERVATION VALUES ('20210127QS1107659223722',1725,null,'QS','2021-01-27','2021-01-31',null,'active');
INSERT INTO INVOICECHARGE VALUES ('20210127QS1107659223722-ch00001','20210127QS1107659223722','2021-01-27',469.11,'Base room charge');
INSERT INTO PAYMENT (payment_id,invoice_id,payment_date,payment_type,payment_amount) VALUES ('20210127QS1107659223722-p00001','20210127QS1107659223722','2021-01-29','CA',469.11);
-- ------- SAMPLE 726 ----------
INSERT INTO GUEST VALUES(1726,'Lorean','Loden','LLoden@gmail.com','1234 DaWrong Lane','Flonkerton','MD','12345','913-451-3338');
INSERT INTO RESERVATION VALUES ('20200628QS3949260329742',1726,null,'QS','2020-06-28','2020-06-30',null,'active');
INSERT INTO INVOICECHARGE VALUES ('20200628QS3949260329742-ch00001','20200628QS3949260329742','2020-06-28',234.55,'Base room charge');
INSERT INTO PAYMENT VALUES ('20200628QS3949260329742-p00001','20200628QS3949260329742','2020-06-30','CC',100,'Lorean Loden','6171207125130555',9,2024,919,'Mastercard');
-- ------- SAMPLE 727 ----------
INSERT INTO GUEST VALUES(1727,'Edmundo','Erickson','EErickson@yahoo.com','1234 DaWrong Lane','Flonkerton','MD','12345','072-912-7834');
INSERT INTO RESERVATION VALUES ('20200527QD9940793388354',1727,null,'QD','2020-05-27','2020-05-29',null,'active');
INSERT INTO INVOICECHARGE VALUES ('20200527QD9940793388354-ch00001','20200527QD9940793388354','2020-05-27',191.9,'Base room charge');
INSERT INTO PAYMENT VALUES ('20200527QD9940793388354-p00001','20200527QD9940793388354','2020-05-29','CC',191.9,'Edmundo Erickson','9904032203727421',4,2026,71,'Mastercard');
-- ------- SAMPLE 728 ----------
INSERT INTO GUEST VALUES(1728,'Rick','Ritenour','RRitenour@hotmail.com','1234 DaWrong Lane','Flonkerton','MD','12345','472-944-1518');
INSERT INTO RESERVATION VALUES ('20210102KI3595716711593',1728,null,'KI','2021-01-02','2021-01-07',null,'active');
-- ------- SAMPLE 729 ----------
INSERT INTO GUEST VALUES(1729,'Eda','Elmendorf','EElmendorf@gmail.com','1234 DaWrong Lane','Flonkerton','MD','12345','475-231-8661');
INSERT INTO RESERVATION VALUES ('20200227QS7067972745273',1729,207,'QS','2020-02-27','2020-03-01',null,'complete');
INSERT INTO INVOICECHARGE VALUES ('20200227QS7067972745273-ch00001','20200227QS7067972745273','2020-02-27',232.21,'Base room charge');
INSERT INTO INVOICECHARGE VALUES ('20200227QS7067972745273-ch00002','20200227QS7067972745273','2020-02-27',119.62,'Cleaning fee');
INSERT INTO PAYMENT VALUES ('20200227QS7067972745273-p00001','20200227QS7067972745273','2020-02-29','CC',351.83,'Eda Elmendorf','2681034954592595',12,2025,250,'Mastercard');
-- ------- SAMPLE 730 ----------
INSERT INTO GUEST VALUES(1730,'Francie','Fairbank','FFairbank@yahoo.com','1234 DaWrong Lane','Flonkerton','MD','12345','932-292-5574');
INSERT INTO RESERVATION VALUES ('20210327QS3656697199032',1730,null,'QS','2021-03-27','2021-04-01',null,'active');
INSERT INTO INVOICECHARGE VALUES ('20210327QS3656697199032-ch00001','20210327QS3656697199032','2021-03-27',387.01,'Base room charge');
INSERT INTO INVOICECHARGE VALUES ('20210327QS3656697199032-ch00002','20210327QS3656697199032','2021-03-27',199.37,'Cleaning fee');
INSERT INTO PAYMENT VALUES ('20210327QS3656697199032-p00001','20210327QS3656697199032','2021-03-29','CC',586.38,'Francie Fairbank','5250073451738660',7,2026,995,'Mastercard');
-- ------- SAMPLE 731 ----------
INSERT INTO GUEST VALUES(1731,'Abram','Adolph','AAdolph@yahoo.com','1234 DaWrong Lane','Flonkerton','MD','12345','587-020-3313');
INSERT INTO RESERVATION VALUES ('20191212KS2856880154114',1731,112,'KS','2019-12-12','2019-12-17',null,'complete');
INSERT INTO INVOICECHARGE VALUES ('20191212KS2856880154114-ch00001','20191212KS2856880154114','2019-12-12',533.07,'Base room charge');
INSERT INTO PAYMENT VALUES ('20191212KS2856880154114-p00001','20191212KS2856880154114','2019-12-14','CC',533.07,'Abram Adolph','9249860157509013',10,2023,358,'Mastercard');
-- ------- SAMPLE 732 ----------
INSERT INTO GUEST VALUES(1732,'Natalya','Neathery','NNeathery@gmail.com','1234 DaWrong Lane','Flonkerton','MD','12345','081-769-2294');
INSERT INTO RESERVATION VALUES ('20181025QS5602251681782',1732,108,'QS','2018-10-25','2018-10-29',null,'complete');
INSERT INTO INVOICECHARGE VALUES ('20181025QS5602251681782-ch00001','20181025QS5602251681782','2018-10-25',469.11,'Base room charge');
INSERT INTO PAYMENT VALUES ('20181025QS5602251681782-p00001','20181025QS5602251681782','2018-10-27','CC',469.11,'Natalya Neathery','1497851914561473',10,2022,245,'Mastercard');
-- ------- SAMPLE 733 ----------
INSERT INTO GUEST VALUES(1733,'Audrey','Aikens','AAikens@yahoo.com','1234 DaWrong Lane','Flonkerton','MD','12345','105-800-9713');
INSERT INTO RESERVATION VALUES ('20190916KI6401800419456',1733,204,'KI','2019-09-16','2019-09-21',null,'complete');
INSERT INTO INVOICECHARGE VALUES ('20190916KI6401800419456-ch00001','20190916KI6401800419456','2019-09-16',281.45,'Base room charge');
INSERT INTO INVOICECHARGE VALUES ('20190916KI6401800419456-ch00002','20190916KI6401800419456','2019-09-16',144.99,'Room Service');
INSERT INTO PAYMENT VALUES ('20190916KI6401800419456-p00001','20190916KI6401800419456','2019-09-18','CC',426.45,'Audrey Aikens','6339149758382652',1,2021,563,'Mastercard');
-- ------- SAMPLE 734 ----------
INSERT INTO GUEST VALUES(1734,'Lynda','Linda','LLinda@yahoo.com','1234 DaWrong Lane','Flonkerton','MD','12345','881-648-7089');
INSERT INTO RESERVATION VALUES ('20180917QD3571989790454',1734,111,'QD','2018-09-17','2018-09-20',null,'complete');
INSERT INTO INVOICECHARGE VALUES ('20180917QD3571989790454-ch00001','20180917QD3571989790454','2018-09-17',189.98,'Base room charge');
INSERT INTO INVOICECHARGE VALUES ('20180917QD3571989790454-ch00002','20180917QD3571989790454','2018-09-17',97.87,'Room Service');
INSERT INTO PAYMENT VALUES ('20180917QD3571989790454-p00001','20180917QD3571989790454','2018-09-19','CC',287.86,'Lynda Linda','5779716301834417',8,2025,61,'Mastercard');
-- ------- SAMPLE 735 ----------
INSERT INTO GUEST VALUES(1735,'Jeanene','Jacobo','JJacobo@gmail.com','1234 DaWrong Lane','Flonkerton','MD','12345','484-206-5844');
INSERT INTO RESERVATION VALUES ('20190823KS7325532134486',1735,112,'KS','2019-08-23','2019-08-27',null,'complete');
INSERT INTO INVOICECHARGE VALUES ('20190823KS7325532134486-ch00001','20190823KS7325532134486','2019-08-23',426.46,'Base room charge');
INSERT INTO PAYMENT VALUES ('20190823KS7325532134486-p00001','20190823KS7325532134486','2019-08-25','CC',426.46,'Jeanene Jacobo','7244773757171618',12,2024,880,'Mastercard');
-- ------- SAMPLE 736 ----------
INSERT INTO GUEST VALUES(1736,'Raven','Rybicki','RRybicki@yahoo.com','1234 DaWrong Lane','Flonkerton','MD','12345','726-670-5057');
INSERT INTO RESERVATION VALUES ('20200723KS1447704570893',1736,null,'KS','2020-07-23','2020-07-24',null,'active');
INSERT INTO INVOICECHARGE VALUES ('20200723KS1447704570893-ch00001','20200723KS1447704570893','2020-07-23',106.61,'Base room charge');
INSERT INTO PAYMENT VALUES ('20200723KS1447704570893-p00001','20200723KS1447704570893','2020-07-25','CC',106.61,'Raven Rybicki','3882703536598512',7,2027,329,'Mastercard');
-- ------- SAMPLE 737 ----------
INSERT INTO GUEST VALUES(1737,'Hedwig','Hinz','HHinz@hotmail.com','1234 DaWrong Lane','Flonkerton','MD','12345','107-516-9793');
INSERT INTO RESERVATION VALUES ('20200710KS7143834271852',1737,null,'KS','2020-07-10','2020-07-13',null,'active');
INSERT INTO INVOICECHARGE VALUES ('20200710KS7143834271852-ch00001','20200710KS7143834271852','2020-07-10',211.1,'Base room charge');
INSERT INTO INVOICECHARGE VALUES ('20200710KS7143834271852-ch00002','20200710KS7143834271852','2020-07-10',108.75,'Room Service');
INSERT INTO PAYMENT VALUES ('20200710KS7143834271852-p00001','20200710KS7143834271852','2020-07-12','CC',319.84,'Hedwig Hinz','5755212155819392',10,2021,1,'Mastercard');
-- ------- SAMPLE 738 ----------
INSERT INTO GUEST VALUES(1738,'Deandre','Defore','DDefore@gmail.com','1234 DaWrong Lane','Flonkerton','MD','12345','380-896-2698');
INSERT INTO RESERVATION VALUES ('20200327QD6123839108791',1738,111,'QD','2020-03-27','2020-03-29',null,'complete');
INSERT INTO INVOICECHARGE VALUES ('20200327QD6123839108791-ch00001','20200327QD6123839108791','2020-03-27',126.66,'Base room charge');
INSERT INTO INVOICECHARGE VALUES ('20200327QD6123839108791-ch00002','20200327QD6123839108791','2020-03-27',65.25,'Cleaning fee');
INSERT INTO PAYMENT (payment_id,invoice_id,payment_date,payment_type,payment_amount) VALUES ('20200327QD6123839108791-p00001','20200327QD6123839108791','2020-03-29','CA',191.9);
-- ------- SAMPLE 739 ----------
INSERT INTO GUEST VALUES(1739,'Francie','Fairbank','FFairbank@yahoo.com','1234 DaWrong Lane','Flonkerton','MD','12345','847-951-9466');
INSERT INTO RESERVATION VALUES ('20190509KS3020613669008',1739,112,'KS','2019-05-09','2019-05-12',null,'complete');
INSERT INTO INVOICECHARGE VALUES ('20190509KS3020613669008-ch00001','20190509KS3020613669008','2019-05-09',319.84,'Base room charge');
INSERT INTO PAYMENT VALUES ('20190509KS3020613669008-p00001','20190509KS3020613669008','2019-05-11','CC',319.84,'Francie Fairbank','8337251264807076',8,2024,989,'Mastercard');
-- ------- SAMPLE 740 ----------
INSERT INTO GUEST VALUES(1740,'Hedwig','Hinz','HHinz@gmail.com','1234 DaWrong Lane','Flonkerton','MD','12345','594-790-8204');
INSERT INTO RESERVATION VALUES ('20190204KI8238659034145',1740,115,'KI','2019-02-04','2019-02-08',null,'complete');
INSERT INTO INVOICECHARGE VALUES ('20190204KI8238659034145-ch00001','20190204KI8238659034145','2019-02-04',225.16,'Base room charge');
INSERT INTO INVOICECHARGE VALUES ('20190204KI8238659034145-ch00002','20190204KI8238659034145','2019-02-04',115.99,'Room Service');
INSERT INTO PAYMENT (payment_id,invoice_id,payment_date,payment_type,payment_amount) VALUES ('20190204KI8238659034145-p00001','20190204KI8238659034145','2019-02-06','CA',341.16);
-- ------- SAMPLE 741 ----------
INSERT INTO GUEST VALUES(1741,'Deandra','Dimauro','DDimauro@yahoo.com','1234 DaWrong Lane','Flonkerton','MD','12345','515-170-4986');
INSERT INTO RESERVATION VALUES ('20190807QD7382790730419',1741,101,'QD','2019-08-07','2019-08-11',null,'cancelled');
INSERT INTO INVOICECHARGE VALUES ('20190807QD7382790730419-ch00001','20190807QD7382790730419','2019-08-07',383.81,'Base room charge');
INSERT INTO PAYMENT VALUES ('20190807QD7382790730419-p00001','20190807QD7382790730419','2019-08-09','CC',383.81,'Deandra Dimauro','3706466919650031',11,2026,3,'Mastercard');
-- ------- SAMPLE 742 ----------
INSERT INTO GUEST VALUES(1742,'Tish','Tusing','TTusing@hotmail.com','1234 DaWrong Lane','Flonkerton','MD','12345','223-555-3840');
INSERT INTO RESERVATION VALUES ('20190613KI9750383675626',1742,209,'KI','2019-06-13','2019-06-17',null,'complete');
INSERT INTO INVOICECHARGE VALUES ('20190613KI9750383675626-ch00001','20190613KI9750383675626','2019-06-13',225.16,'Base room charge');
INSERT INTO INVOICECHARGE VALUES ('20190613KI9750383675626-ch00002','20190613KI9750383675626','2019-06-13',115.99,'Cleaning fee');
INSERT INTO PAYMENT VALUES ('20190613KI9750383675626-p00001','20190613KI9750383675626','2019-06-15','CC',341.16,'Tish Tusing','2113618839793390',6,2023,979,'Mastercard');
-- ------- SAMPLE 743 ----------
INSERT INTO GUEST VALUES(1743,'Laraine','Lazar','LLazar@gmail.com','1234 DaWrong Lane','Flonkerton','MD','12345','021-295-1736');
INSERT INTO RESERVATION VALUES ('20190127QD8644050875483',1743,106,'QD','2019-01-27','2019-01-31',null,'complete');
INSERT INTO INVOICECHARGE VALUES ('20190127QD8644050875483-ch00001','20190127QD8644050875483','2019-01-27',253.31,'Base room charge');
INSERT INTO INVOICECHARGE VALUES ('20190127QD8644050875483-ch00002','20190127QD8644050875483','2019-01-27',130.49,'Room Service');
INSERT INTO PAYMENT VALUES ('20190127QD8644050875483-p00001','20190127QD8644050875483','2019-01-29','CC',383.81,'Laraine Lazar','2424920355220773',2,2022,768,'Mastercard');
-- ------- SAMPLE 744 ----------
INSERT INTO GUEST VALUES(1744,'Shad','Sitler','SSitler@yahoo.com','1234 DaWrong Lane','Flonkerton','MD','12345','638-242-7320');
INSERT INTO RESERVATION VALUES ('20210101QS3148478309578',1744,null,'QS','2021-01-01','2021-01-04',null,'cancelled');
INSERT INTO INVOICECHARGE VALUES ('20210101QS3148478309578-ch00001','20210101QS3148478309578','2021-01-01',351.83,'Base room charge');
INSERT INTO PAYMENT VALUES ('20210101QS3148478309578-p00001','20210101QS3148478309578','2021-01-03','CC',351.83,'Shad Sitler','9568641348537340',1,2021,533,'Mastercard');
-- ------- SAMPLE 745 ----------
INSERT INTO GUEST VALUES(1745,'Freida','Forbis','FForbis@gmail.com','1234 DaWrong Lane','Flonkerton','MD','12345','876-299-4244');
INSERT INTO RESERVATION VALUES ('20210428KJ7763380557289',1745,null,'KJ','2021-04-28','2021-04-29',null,'active');
INSERT INTO INVOICECHARGE VALUES ('20210428KJ7763380557289-ch00001','20210428KJ7763380557289','2021-04-28',138.6,'Base room charge');
INSERT INTO PAYMENT VALUES ('20210428KJ7763380557289-p00001','20210428KJ7763380557289','2021-04-30','CC',4,'Freida Forbis','5543037808093913',11,2025,477,'Mastercard');
-- ------- SAMPLE 746 ----------
INSERT INTO GUEST VALUES(1746,'Marcelino','Meisner','MMeisner@gmail.com','1234 DaWrong Lane','Flonkerton','MD','12345','364-146-7825');
INSERT INTO RESERVATION VALUES ('20200928QS8417554271609',1746,null,'QS','2020-09-28','2020-09-30',null,'active');
INSERT INTO INVOICECHARGE VALUES ('20200928QS8417554271609-ch00001','20200928QS8417554271609','2020-09-28',154.81,'Base room charge');
INSERT INTO INVOICECHARGE VALUES ('20200928QS8417554271609-ch00002','20200928QS8417554271609','2020-09-28',79.75,'Room Service');
INSERT INTO PAYMENT VALUES ('20200928QS8417554271609-p00001','20200928QS8417554271609','2020-09-30','CC',125,'Marcelino Meisner','1203841891708586',9,2026,869,'Mastercard');
-- ------- SAMPLE 747 ----------
INSERT INTO GUEST VALUES(1747,'Hedwig','Hinz','HHinz@yahoo.com','1234 DaWrong Lane','Flonkerton','MD','12345','817-006-4631');
INSERT INTO RESERVATION VALUES ('20201123KI8425142301818',1747,null,'KI','2020-11-23','2020-11-25',null,'active');
INSERT INTO INVOICECHARGE VALUES ('20201123KI8425142301818-ch00001','20201123KI8425142301818','2020-11-23',112.58,'Base room charge');
INSERT INTO INVOICECHARGE VALUES ('20201123KI8425142301818-ch00002','20201123KI8425142301818','2020-11-23',58,'Room Service');
INSERT INTO PAYMENT VALUES ('20201123KI8425142301818-p00001','20201123KI8425142301818','2020-11-25','CC',170.58,'Hedwig Hinz','8483531767150371',10,2023,99,'Mastercard');
-- ------- SAMPLE 748 ----------
INSERT INTO GUEST VALUES(1748,'Shaneka','Stribling','SStribling@hotmail.com','1234 DaWrong Lane','Flonkerton','MD','12345','919-363-6273');
INSERT INTO RESERVATION VALUES ('20200219QD8984399267632',1748,116,'QD','2020-02-19','2020-02-21',null,'complete');
INSERT INTO INVOICECHARGE VALUES ('20200219QD8984399267632-ch00001','20200219QD8984399267632','2020-02-19',126.66,'Base room charge');
INSERT INTO INVOICECHARGE VALUES ('20200219QD8984399267632-ch00002','20200219QD8984399267632','2020-02-19',65.25,'Cleaning fee');
INSERT INTO PAYMENT (payment_id,invoice_id,payment_date,payment_type,payment_amount) VALUES ('20200219QD8984399267632-p00001','20200219QD8984399267632','2020-02-21','CA',191.9);
-- ------- SAMPLE 749 ----------
INSERT INTO GUEST VALUES(1749,'Ngan','Nalley','NNalley@yahoo.com','1234 DaWrong Lane','Flonkerton','MD','12345','352-888-6949');
INSERT INTO RESERVATION VALUES ('20200910QS9062501496483',1749,null,'QS','2020-09-10','2020-09-14',null,'active');
INSERT INTO INVOICECHARGE VALUES ('20200910QS9062501496483-ch00001','20200910QS9062501496483','2020-09-10',309.61,'Base room charge');
INSERT INTO INVOICECHARGE VALUES ('20200910QS9062501496483-ch00002','20200910QS9062501496483','2020-09-10',159.5,'Room Service');
INSERT INTO PAYMENT (payment_id,invoice_id,payment_date,payment_type,payment_amount) VALUES ('20200910QS9062501496483-p00001','20200910QS9062501496483','2020-09-12','CA',469.11);
-- ------- SAMPLE 750 ----------
INSERT INTO GUEST VALUES(1750,'Florentino','Feth','FFeth@hotmail.com','1234 DaWrong Lane','Flonkerton','MD','12345','918-599-5850');
INSERT INTO RESERVATION VALUES ('20190830QD6247278364626',1750,116,'QD','2019-08-30','2019-09-03',null,'complete');
INSERT INTO INVOICECHARGE VALUES ('20190830QD6247278364626-ch00001','20190830QD6247278364626','2019-08-30',383.81,'Base room charge');
INSERT INTO PAYMENT VALUES ('20190830QD6247278364626-p00001','20190830QD6247278364626','2019-09-01','CC',383.81,'Florentino Feth','4859358183247010',1,2021,166,'Mastercard');
-- ------- SAMPLE 751 ----------
INSERT INTO GUEST VALUES(1751,'Buffy','Beattie','BBeattie@gmail.com','1234 DaWrong Lane','Flonkerton','MD','12345','822-349-7115');
INSERT INTO RESERVATION VALUES ('20200729QD4467207287865',1751,null,'QD','2020-07-29','2020-08-03',null,'active');
INSERT INTO INVOICECHARGE VALUES ('20200729QD4467207287865-ch00001','20200729QD4467207287865','2020-07-29',479.76,'Base room charge');
INSERT INTO PAYMENT VALUES ('20200729QD4467207287865-p00001','20200729QD4467207287865','2020-07-31','CC',479.76,'Buffy Beattie','2447828487261791',8,2025,866,'Mastercard');
-- ------- SAMPLE 752 ----------
INSERT INTO GUEST VALUES(1752,'Ella','Evanoff','EEvanoff@yahoo.com','1234 DaWrong Lane','Flonkerton','MD','12345','341-953-2407');
INSERT INTO RESERVATION VALUES ('20201001KJ6927435263619',1752,null,'KJ','2020-10-01','2020-10-02',null,'active');
INSERT INTO INVOICECHARGE VALUES ('20201001KJ6927435263619-ch00001','20201001KJ6927435263619','2020-10-01',91.48,'Base room charge');
INSERT INTO INVOICECHARGE VALUES ('20201001KJ6927435263619-ch00002','20201001KJ6927435263619','2020-10-01',47.12,'Room Service');
INSERT INTO PAYMENT (payment_id,invoice_id,payment_date,payment_type,payment_amount) VALUES ('20201001KJ6927435263619-p00001','20201001KJ6927435263619','2020-10-03','CA',138.6);
-- ------- SAMPLE 753 ----------
INSERT INTO GUEST VALUES(1753,'Sherrie','Stultz','SStultz@hotmail.com','1234 DaWrong Lane','Flonkerton','MD','12345','546-681-1138');
INSERT INTO RESERVATION VALUES ('20200328QD4219816924273',1753,101,'QD','2020-03-28','2020-04-02',null,'cancelled');
INSERT INTO INVOICECHARGE VALUES ('20200328QD4219816924273-ch00001','20200328QD4219816924273','2020-03-28',479.76,'Base room charge');
INSERT INTO PAYMENT (payment_id,invoice_id,payment_date,payment_type,payment_amount) VALUES ('20200328QD4219816924273-p00001','20200328QD4219816924273','2020-03-30','CA',479.76);
-- ------- SAMPLE 754 ----------
INSERT INTO GUEST VALUES(1754,'Erminia','Eckard','EEckard@hotmail.com','1234 DaWrong Lane','Flonkerton','MD','12345','047-664-2828');
INSERT INTO RESERVATION VALUES ('20190907QS7209131438594',1754,108,'QS','2019-09-07','2019-09-12',null,'complete');
INSERT INTO INVOICECHARGE VALUES ('20190907QS7209131438594-ch00001','20190907QS7209131438594','2019-09-07',387.01,'Base room charge');
INSERT INTO INVOICECHARGE VALUES ('20190907QS7209131438594-ch00002','20190907QS7209131438594','2019-09-07',199.37,'Cleaning fee');
INSERT INTO PAYMENT (payment_id,invoice_id,payment_date,payment_type,payment_amount) VALUES ('20190907QS7209131438594-p00001','20190907QS7209131438594','2019-09-09','CA',586.38);
-- ------- SAMPLE 755 ----------
INSERT INTO GUEST VALUES(1755,'Reita','Rudder','RRudder@yahoo.com','1234 DaWrong Lane','Flonkerton','MD','12345','590-021-4108');
INSERT INTO RESERVATION VALUES ('20210222KJ5941121524551',1755,null,'KJ','2021-02-22','2021-02-23',null,'active');
INSERT INTO INVOICECHARGE VALUES ('20210222KJ5941121524551-ch00001','20210222KJ5941121524551','2021-02-22',91.48,'Base room charge');
INSERT INTO INVOICECHARGE VALUES ('20210222KJ5941121524551-ch00002','20210222KJ5941121524551','2021-02-22',47.12,'Cleaning fee');
INSERT INTO PAYMENT VALUES ('20210222KJ5941121524551-p00001','20210222KJ5941121524551','2021-02-24','CC',138.6,'Reita Rudder','4045297273135028',5,2021,634,'Mastercard');
-- ------- SAMPLE 756 ----------
INSERT INTO GUEST VALUES(1756,'Ella','Evanoff','EEvanoff@hotmail.com','1234 DaWrong Lane','Flonkerton','MD','12345','844-892-5561');
INSERT INTO RESERVATION VALUES ('20201126KS2306962511803',1756,null,'KS','2020-11-26','2020-11-27',null,'cancelled');
-- ------- SAMPLE 757 ----------
INSERT INTO GUEST VALUES(1757,'Kathlyn','Kinser','KKinser@gmail.com','1234 DaWrong Lane','Flonkerton','MD','12345','900-367-7076');
INSERT INTO RESERVATION VALUES ('20180802KJ4929600956452',1757,109,'KJ','2018-08-02','2018-08-05',null,'complete');
INSERT INTO INVOICECHARGE VALUES ('20180802KJ4929600956452-ch00001','20180802KJ4929600956452','2018-08-02',415.81,'Base room charge');
INSERT INTO PAYMENT VALUES ('20180802KJ4929600956452-p00001','20180802KJ4929600956452','2018-08-04','CC',415.81,'Kathlyn Kinser','4343847842866055',9,2023,365,'Mastercard');
-- ------- SAMPLE 758 ----------
INSERT INTO GUEST VALUES(1758,'Kathern','Korn','KKorn@hotmail.com','1234 DaWrong Lane','Flonkerton','MD','12345','571-648-9829');
INSERT INTO RESERVATION VALUES ('20210208KI8304760988803',1758,null,'KI','2021-02-08','2021-02-13',null,'active');
INSERT INTO INVOICECHARGE VALUES ('20210208KI8304760988803-ch00001','20210208KI8304760988803','2021-02-08',281.45,'Base room charge');
INSERT INTO INVOICECHARGE VALUES ('20210208KI8304760988803-ch00002','20210208KI8304760988803','2021-02-08',144.99,'Cleaning fee');
INSERT INTO PAYMENT VALUES ('20210208KI8304760988803-p00001','20210208KI8304760988803','2021-02-10','CC',387,'Kathern Korn','7287056346466316',3,2023,939,'Mastercard');
-- ------- SAMPLE 759 ----------
INSERT INTO GUEST VALUES(1759,'Annie','Albrecht','AAlbrecht@yahoo.com','1234 DaWrong Lane','Flonkerton','MD','12345','299-973-0832');
INSERT INTO RESERVATION VALUES ('20190613KS7053823016906',1759,206,'KS','2019-06-13','2019-06-16',null,'complete');
INSERT INTO INVOICECHARGE VALUES ('20190613KS7053823016906-ch00001','20190613KS7053823016906','2019-06-13',211.1,'Base room charge');
INSERT INTO INVOICECHARGE VALUES ('20190613KS7053823016906-ch00002','20190613KS7053823016906','2019-06-13',108.75,'Cleaning fee');
INSERT INTO PAYMENT VALUES ('20190613KS7053823016906-p00001','20190613KS7053823016906','2019-06-15','CC',319.84,'Annie Albrecht','1459665105755932',5,2022,595,'Mastercard');
-- ------- SAMPLE 760 ----------
INSERT INTO GUEST VALUES(1760,'Ella','Evanoff','EEvanoff@gmail.com','1234 DaWrong Lane','Flonkerton','MD','12345','862-470-7828');
INSERT INTO RESERVATION VALUES ('20190927KS8475717065144',1760,107,'KS','2019-09-27','2019-10-02',null,'complete');
INSERT INTO INVOICECHARGE VALUES ('20190927KS8475717065144-ch00001','20190927KS8475717065144','2019-09-27',533.07,'Base room charge');
INSERT INTO PAYMENT (payment_id,invoice_id,payment_date,payment_type,payment_amount) VALUES ('20190927KS8475717065144-p00001','20190927KS8475717065144','2019-09-29','CA',533.07);
-- ------- SAMPLE 761 ----------
INSERT INTO GUEST VALUES(1761,'Demarcus','Dearborn','DDearborn@gmail.com','1234 DaWrong Lane','Flonkerton','MD','12345','377-794-5968');
INSERT INTO RESERVATION VALUES ('20200221KJ7380787079397',1761,208,'KJ','2020-02-21','2020-02-26',null,'complete');
INSERT INTO INVOICECHARGE VALUES ('20200221KJ7380787079397-ch00001','20200221KJ7380787079397','2020-02-21',693.01,'Base room charge');
INSERT INTO PAYMENT VALUES ('20200221KJ7380787079397-p00001','20200221KJ7380787079397','2020-02-23','CC',693.01,'Demarcus Dearborn','2698637600936134',5,2021,853,'Mastercard');
-- ------- SAMPLE 762 ----------
INSERT INTO GUEST VALUES(1762,'Katerine','Kawakami','KKawakami@gmail.com','1234 DaWrong Lane','Flonkerton','MD','12345','130-485-6722');
INSERT INTO RESERVATION VALUES ('20181028QS8404819777515',1762,202,'QS','2018-10-28','2018-11-01',null,'complete');
INSERT INTO INVOICECHARGE VALUES ('20181028QS8404819777515-ch00001','20181028QS8404819777515','2018-10-28',309.61,'Base room charge');
INSERT INTO INVOICECHARGE VALUES ('20181028QS8404819777515-ch00002','20181028QS8404819777515','2018-10-28',159.5,'Cleaning fee');
INSERT INTO PAYMENT (payment_id,invoice_id,payment_date,payment_type,payment_amount) VALUES ('20181028QS8404819777515-p00001','20181028QS8404819777515','2018-10-30','CA',469.11);
-- ------- SAMPLE 763 ----------
INSERT INTO GUEST VALUES(1763,'Daron','Dycus','DDycus@yahoo.com','1234 DaWrong Lane','Flonkerton','MD','12345','224-559-5693');
INSERT INTO RESERVATION VALUES ('20190218KI3179565058137',1763,115,'KI','2019-02-18','2019-02-21',null,'complete');
INSERT INTO INVOICECHARGE VALUES ('20190218KI3179565058137-ch00001','20190218KI3179565058137','2019-02-18',255.87,'Base room charge');
INSERT INTO PAYMENT VALUES ('20190218KI3179565058137-p00001','20190218KI3179565058137','2019-02-20','CC',255.87,'Daron Dycus','3271590937563042',8,2024,776,'Mastercard');
-- ------- SAMPLE 764 ----------
INSERT INTO GUEST VALUES(1764,'Fleta','Fickel','FFickel@yahoo.com','1234 DaWrong Lane','Flonkerton','MD','12345','670-286-0919');
INSERT INTO RESERVATION VALUES ('20200120QD5572578913656',1764,101,'QD','2020-01-20','2020-01-21',null,'complete');
INSERT INTO INVOICECHARGE VALUES ('20200120QD5572578913656-ch00001','20200120QD5572578913656','2020-01-20',63.33,'Base room charge');
INSERT INTO INVOICECHARGE VALUES ('20200120QD5572578913656-ch00002','20200120QD5572578913656','2020-01-20',32.62,'Room Service');
INSERT INTO PAYMENT VALUES ('20200120QD5572578913656-p00001','20200120QD5572578913656','2020-01-22','CC',95.95,'Fleta Fickel','6739510999236520',6,2025,107,'Mastercard');
-- ------- SAMPLE 765 ----------
INSERT INTO GUEST VALUES(1765,'Elfriede','Esslinger','EEsslinger@hotmail.com','1234 DaWrong Lane','Flonkerton','MD','12345','715-827-5197');
INSERT INTO RESERVATION VALUES ('20200813QD6622264279483',1765,null,'QD','2020-08-13','2020-08-18',null,'active');
INSERT INTO INVOICECHARGE VALUES ('20200813QD6622264279483-ch00001','20200813QD6622264279483','2020-08-13',479.76,'Base room charge');
INSERT INTO PAYMENT VALUES ('20200813QD6622264279483-p00001','20200813QD6622264279483','2020-08-15','CC',479.76,'Elfriede Esslinger','8781741200304472',3,2025,844,'Mastercard');
-- ------- SAMPLE 766 ----------
INSERT INTO GUEST VALUES(1766,'Abdul','Ashe','AAshe@yahoo.com','1234 DaWrong Lane','Flonkerton','MD','12345','009-194-7523');
INSERT INTO RESERVATION VALUES ('20200213QD4906758023654',1766,116,'QD','2020-02-13','2020-02-14',null,'complete');
INSERT INTO INVOICECHARGE VALUES ('20200213QD4906758023654-ch00001','20200213QD4906758023654','2020-02-13',95.95,'Base room charge');
INSERT INTO PAYMENT VALUES ('20200213QD4906758023654-p00001','20200213QD4906758023654','2020-02-15','CC',95.95,'Abdul Ashe','5220046904356433',5,2025,122,'Mastercard');
-- ------- SAMPLE 767 ----------
INSERT INTO GUEST VALUES(1767,'Anita','Amezcua','AAmezcua@hotmail.com','1234 DaWrong Lane','Flonkerton','MD','12345','007-243-2267');
INSERT INTO RESERVATION VALUES ('20180705QS5829971332570',1767,108,'QS','2018-07-05','2018-07-06',null,'complete');
INSERT INTO INVOICECHARGE VALUES ('20180705QS5829971332570-ch00001','20180705QS5829971332570','2018-07-05',77.4,'Base room charge');
INSERT INTO INVOICECHARGE VALUES ('20180705QS5829971332570-ch00002','20180705QS5829971332570','2018-07-05',39.87,'Room Service');
INSERT INTO PAYMENT VALUES ('20180705QS5829971332570-p00001','20180705QS5829971332570','2018-07-07','CC',117.28,'Anita Amezcua','2811867097514276',11,2023,552,'Mastercard');
-- ------- SAMPLE 768 ----------
INSERT INTO GUEST VALUES(1768,'Yuette','Yetman','YYetman@hotmail.com','1234 DaWrong Lane','Flonkerton','MD','12345','805-189-1600');
INSERT INTO RESERVATION VALUES ('20191206KS2419372714996',1768,112,'KS','2019-12-06','2019-12-09',null,'complete');
INSERT INTO INVOICECHARGE VALUES ('20191206KS2419372714996-ch00001','20191206KS2419372714996','2019-12-06',319.84,'Base room charge');
INSERT INTO PAYMENT VALUES ('20191206KS2419372714996-p00001','20191206KS2419372714996','2019-12-08','CC',319.84,'Yuette Yetman','4838037388156390',4,2026,575,'Mastercard');
-- ------- SAMPLE 769 ----------
INSERT INTO GUEST VALUES(1769,'Rossana','Running','RRunning@yahoo.com','1234 DaWrong Lane','Flonkerton','MD','12345','764-250-3457');
INSERT INTO RESERVATION VALUES ('20190323KI9746421169532',1769,105,'KI','2019-03-23','2019-03-27',null,'cancelled');
INSERT INTO INVOICECHARGE VALUES ('20190323KI9746421169532-ch00001','20190323KI9746421169532','2019-03-23',341.16,'Base room charge');
INSERT INTO PAYMENT (payment_id,invoice_id,payment_date,payment_type,payment_amount) VALUES ('20190323KI9746421169532-p00001','20190323KI9746421169532','2019-03-25','CA',341.16);
-- ------- SAMPLE 770 ----------
INSERT INTO GUEST VALUES(1770,'Georgianne','Guadarrama','GGuadarrama@gmail.com','1234 DaWrong Lane','Flonkerton','MD','12345','048-086-7141');
INSERT INTO RESERVATION VALUES ('20180623KI4461650519551',1770,115,'KI','2018-06-23','2018-06-24',null,'complete');
INSERT INTO INVOICECHARGE VALUES ('20180623KI4461650519551-ch00001','20180623KI4461650519551','2018-06-23',85.29,'Base room charge');
INSERT INTO PAYMENT VALUES ('20180623KI4461650519551-p00001','20180623KI4461650519551','2018-06-25','CC',85.29,'Georgianne Guadarrama','2953891774506117',9,2024,288,'Mastercard');
-- ------- SAMPLE 771 ----------
INSERT INTO GUEST VALUES(1771,'Katerine','Kawakami','KKawakami@gmail.com','1234 DaWrong Lane','Flonkerton','MD','12345','276-689-3583');
INSERT INTO RESERVATION VALUES ('20200529QS9864302461957',1771,null,'QS','2020-05-29','2020-05-30',null,'active');
INSERT INTO INVOICECHARGE VALUES ('20200529QS9864302461957-ch00001','20200529QS9864302461957','2020-05-29',77.4,'Base room charge');
INSERT INTO INVOICECHARGE VALUES ('20200529QS9864302461957-ch00002','20200529QS9864302461957','2020-05-29',39.87,'Room Service');
INSERT INTO PAYMENT VALUES ('20200529QS9864302461957-p00001','20200529QS9864302461957','2020-05-31','CC',117.28,'Katerine Kawakami','2150254241202870',9,2024,627,'Mastercard');
-- ------- SAMPLE 772 ----------
INSERT INTO GUEST VALUES(1772,'Buffy','Beattie','BBeattie@gmail.com','1234 DaWrong Lane','Flonkerton','MD','12345','944-876-0511');
INSERT INTO RESERVATION VALUES ('20190312QS6324395313130',1772,202,'QS','2019-03-12','2019-03-14',null,'complete');
INSERT INTO INVOICECHARGE VALUES ('20190312QS6324395313130-ch00001','20190312QS6324395313130','2019-03-12',154.81,'Base room charge');
INSERT INTO INVOICECHARGE VALUES ('20190312QS6324395313130-ch00002','20190312QS6324395313130','2019-03-12',79.75,'Room Service');
INSERT INTO PAYMENT VALUES ('20190312QS6324395313130-p00001','20190312QS6324395313130','2019-03-14','CC',234.55,'Buffy Beattie','6799530903497085',9,2024,645,'Mastercard');
-- ------- SAMPLE 773 ----------
INSERT INTO GUEST VALUES(1773,'Floy','Feinstein','FFeinstein@hotmail.com','1234 DaWrong Lane','Flonkerton','MD','12345','952-912-1554');
INSERT INTO RESERVATION VALUES ('20190517KJ9399130305602',1773,208,'KJ','2019-05-17','2019-05-20',null,'complete');
INSERT INTO INVOICECHARGE VALUES ('20190517KJ9399130305602-ch00001','20190517KJ9399130305602','2019-05-17',274.43,'Base room charge');
INSERT INTO INVOICECHARGE VALUES ('20190517KJ9399130305602-ch00002','20190517KJ9399130305602','2019-05-17',141.37,'Room Service');
INSERT INTO PAYMENT VALUES ('20190517KJ9399130305602-p00001','20190517KJ9399130305602','2019-05-19','CC',415.81,'Floy Feinstein','2427552657873762',6,2021,660,'Mastercard');
-- ------- SAMPLE 774 ----------
INSERT INTO GUEST VALUES(1774,'Bradley','Bently','BBently@yahoo.com','1234 DaWrong Lane','Flonkerton','MD','12345','348-154-1736');
INSERT INTO RESERVATION VALUES ('20190118KJ2210177891984',1774,104,'KJ','2019-01-18','2019-01-23',null,'complete');
INSERT INTO INVOICECHARGE VALUES ('20190118KJ2210177891984-ch00001','20190118KJ2210177891984','2019-01-18',457.39,'Base room charge');
INSERT INTO INVOICECHARGE VALUES ('20190118KJ2210177891984-ch00002','20190118KJ2210177891984','2019-01-18',235.62,'Room Service');
INSERT INTO PAYMENT VALUES ('20190118KJ2210177891984-p00001','20190118KJ2210177891984','2019-01-20','CC',693.01,'Bradley Bently','2152276729587143',8,2024,219,'Mastercard');
-- ------- SAMPLE 775 ----------
INSERT INTO GUEST VALUES(1775,'Jeanene','Jacobo','JJacobo@gmail.com','1234 DaWrong Lane','Flonkerton','MD','12345','632-266-9488');
INSERT INTO RESERVATION VALUES ('20190709KS3389283014328',1775,201,'KS','2019-07-09','2019-07-10',null,'complete');
INSERT INTO INVOICECHARGE VALUES ('20190709KS3389283014328-ch00001','20190709KS3389283014328','2019-07-09',106.61,'Base room charge');
INSERT INTO PAYMENT (payment_id,invoice_id,payment_date,payment_type,payment_amount) VALUES ('20190709KS3389283014328-p00001','20190709KS3389283014328','2019-07-11','CA',106.61);
-- ------- SAMPLE 776 ----------
INSERT INTO GUEST VALUES(1776,'Bessie','Buhler','BBuhler@gmail.com','1234 DaWrong Lane','Flonkerton','MD','12345','239-011-7346');
INSERT INTO RESERVATION VALUES ('20190930QD9582148879466',1776,106,'QD','2019-09-30','2019-10-05',null,'cancelled');
INSERT INTO INVOICECHARGE VALUES ('20190930QD9582148879466-ch00001','20190930QD9582148879466','2019-09-30',479.76,'Base room charge');
INSERT INTO PAYMENT VALUES ('20190930QD9582148879466-p00001','20190930QD9582148879466','2019-10-02','CC',479.76,'Bessie Buhler','2294976349750384',5,2021,941,'Mastercard');
-- ------- SAMPLE 777 ----------
INSERT INTO GUEST VALUES(1777,'Piedad','Proctor','PProctor@hotmail.com','1234 DaWrong Lane','Flonkerton','MD','12345','129-509-7048');
INSERT INTO RESERVATION VALUES ('20181118KI7203797226738',1777,209,'KI','2018-11-18','2018-11-19',null,'complete');
INSERT INTO INVOICECHARGE VALUES ('20181118KI7203797226738-ch00001','20181118KI7203797226738','2018-11-18',56.29,'Base room charge');
INSERT INTO INVOICECHARGE VALUES ('20181118KI7203797226738-ch00002','20181118KI7203797226738','2018-11-18',29,'Cleaning fee');
INSERT INTO PAYMENT VALUES ('20181118KI7203797226738-p00001','20181118KI7203797226738','2018-11-20','CC',85.29,'Piedad Proctor','5611673351524386',7,2026,925,'Mastercard');
-- ------- SAMPLE 778 ----------
INSERT INTO GUEST VALUES(1778,'James','Janey','JJaney@yahoo.com','1234 DaWrong Lane','Flonkerton','MD','12345','534-118-5338');
INSERT INTO RESERVATION VALUES ('20181102KJ7912362690066',1778,109,'KJ','2018-11-02','2018-11-05',null,'complete');
INSERT INTO INVOICECHARGE VALUES ('20181102KJ7912362690066-ch00001','20181102KJ7912362690066','2018-11-02',415.81,'Base room charge');
INSERT INTO PAYMENT VALUES ('20181102KJ7912362690066-p00001','20181102KJ7912362690066','2018-11-04','CC',415.81,'James Janey','7771440600093900',2,2026,154,'Mastercard');
-- ------- SAMPLE 779 ----------
INSERT INTO GUEST VALUES(1779,'Deangelo','Deloera','DDeloera@hotmail.com','1234 DaWrong Lane','Flonkerton','MD','12345','573-967-8069');
INSERT INTO RESERVATION VALUES ('20210310KJ5539368498114',1779,null,'KJ','2021-03-10','2021-03-11',null,'active');
INSERT INTO INVOICECHARGE VALUES ('20210310KJ5539368498114-ch00001','20210310KJ5539368498114','2021-03-10',138.6,'Base room charge');
INSERT INTO PAYMENT VALUES ('20210310KJ5539368498114-p00001','20210310KJ5539368498114','2021-03-12','CC',138.6,'Deangelo Deloera','8304896670425701',1,2025,532,'Mastercard');
-- ------- SAMPLE 780 ----------
INSERT INTO GUEST VALUES(1780,'Kasey','Kipp','KKipp@hotmail.com','1234 DaWrong Lane','Flonkerton','MD','12345','262-802-8583');
INSERT INTO RESERVATION VALUES ('20190625KI1567567796537',1780,110,'KI','2019-06-25','2019-06-28',null,'complete');
INSERT INTO INVOICECHARGE VALUES ('20190625KI1567567796537-ch00001','20190625KI1567567796537','2019-06-25',255.87,'Base room charge');
INSERT INTO PAYMENT VALUES ('20190625KI1567567796537-p00001','20190625KI1567567796537','2019-06-27','CC',255.87,'Kasey Kipp','5084347806195828',1,2026,246,'Mastercard');
-- ------- SAMPLE 781 ----------
INSERT INTO GUEST VALUES(1781,'Gwyneth','Gamber','GGamber@yahoo.com','1234 DaWrong Lane','Flonkerton','MD','12345','521-562-1001');
INSERT INTO RESERVATION VALUES ('20190224QD3584146951947',1781,205,'QD','2019-02-24','2019-02-26',null,'complete');
INSERT INTO INVOICECHARGE VALUES ('20190224QD3584146951947-ch00001','20190224QD3584146951947','2019-02-24',126.66,'Base room charge');
INSERT INTO INVOICECHARGE VALUES ('20190224QD3584146951947-ch00002','20190224QD3584146951947','2019-02-24',65.25,'Room Service');
INSERT INTO PAYMENT (payment_id,invoice_id,payment_date,payment_type,payment_amount) VALUES ('20190224QD3584146951947-p00001','20190224QD3584146951947','2019-02-26','CA',191.9);
-- ------- SAMPLE 782 ----------
INSERT INTO GUEST VALUES(1782,'Rossana','Running','RRunning@yahoo.com','1234 DaWrong Lane','Flonkerton','MD','12345','345-163-2041');
INSERT INTO RESERVATION VALUES ('20200331QD4186543302410',1782,106,'QD','2020-03-31','2020-04-05',null,'complete');
INSERT INTO INVOICECHARGE VALUES ('20200331QD4186543302410-ch00001','20200331QD4186543302410','2020-03-31',316.64,'Base room charge');
INSERT INTO INVOICECHARGE VALUES ('20200331QD4186543302410-ch00002','20200331QD4186543302410','2020-03-31',163.12,'Cleaning fee');
INSERT INTO PAYMENT (payment_id,invoice_id,payment_date,payment_type,payment_amount) VALUES ('20200331QD4186543302410-p00001','20200331QD4186543302410','2020-04-02','CA',479.76);
-- ------- SAMPLE 783 ----------
INSERT INTO GUEST VALUES(1783,'Shawna','Schmit','SSchmit@hotmail.com','1234 DaWrong Lane','Flonkerton','MD','12345','424-328-1411');
INSERT INTO RESERVATION VALUES ('20200914KI1189606754111',1783,null,'KI','2020-09-14','2020-09-18',null,'active');
INSERT INTO INVOICECHARGE VALUES ('20200914KI1189606754111-ch00001','20200914KI1189606754111','2020-09-14',225.16,'Base room charge');
INSERT INTO INVOICECHARGE VALUES ('20200914KI1189606754111-ch00002','20200914KI1189606754111','2020-09-14',115.99,'Room Service');
INSERT INTO PAYMENT VALUES ('20200914KI1189606754111-p00001','20200914KI1189606754111','2020-09-16','CC',95,'Shawna Schmit','7850584838530734',1,2022,189,'Mastercard');
-- ------- SAMPLE 784 ----------
INSERT INTO GUEST VALUES(1784,'Bradley','Bently','BBently@yahoo.com','1234 DaWrong Lane','Flonkerton','MD','12345','391-363-7420');
INSERT INTO RESERVATION VALUES ('20180828QS7421215487272',1784,202,'QS','2018-08-28','2018-08-31',null,'complete');
INSERT INTO INVOICECHARGE VALUES ('20180828QS7421215487272-ch00001','20180828QS7421215487272','2018-08-28',351.83,'Base room charge');
INSERT INTO PAYMENT VALUES ('20180828QS7421215487272-p00001','20180828QS7421215487272','2018-08-30','CC',351.83,'Bradley Bently','9634106190162342',7,2027,249,'Mastercard');
-- ------- SAMPLE 785 ----------
INSERT INTO GUEST VALUES(1785,'Leonore','Losh','LLosh@yahoo.com','1234 DaWrong Lane','Flonkerton','MD','12345','018-342-2379');
INSERT INTO RESERVATION VALUES ('20190811KJ3616208246761',1785,114,'KJ','2019-08-11','2019-08-16',null,'complete');
INSERT INTO INVOICECHARGE VALUES ('20190811KJ3616208246761-ch00001','20190811KJ3616208246761','2019-08-11',693.01,'Base room charge');
INSERT INTO PAYMENT VALUES ('20190811KJ3616208246761-p00001','20190811KJ3616208246761','2019-08-13','CC',693.01,'Leonore Losh','9908282534072027',7,2021,37,'Mastercard');
-- ------- SAMPLE 786 ----------
INSERT INTO GUEST VALUES(1786,'Buford','Biddy','BBiddy@gmail.com','1234 DaWrong Lane','Flonkerton','MD','12345','151-441-7317');
INSERT INTO RESERVATION VALUES ('20201229QS6381848588692',1786,null,'QS','2020-12-29','2020-12-30',null,'active');
INSERT INTO INVOICECHARGE VALUES ('20201229QS6381848588692-ch00001','20201229QS6381848588692','2020-12-29',117.28,'Base room charge');
INSERT INTO PAYMENT (payment_id,invoice_id,payment_date,payment_type,payment_amount) VALUES ('20201229QS6381848588692-p00001','20201229QS6381848588692','2020-12-31','CA',117.28);
-- ------- SAMPLE 787 ----------
INSERT INTO GUEST VALUES(1787,'Raven','Rybicki','RRybicki@hotmail.com','1234 DaWrong Lane','Flonkerton','MD','12345','713-493-4611');
INSERT INTO RESERVATION VALUES ('20190425QD7368764705499',1787,116,'QD','2019-04-25','2019-04-30',null,'complete');
INSERT INTO INVOICECHARGE VALUES ('20190425QD7368764705499-ch00001','20190425QD7368764705499','2019-04-25',479.76,'Base room charge');
INSERT INTO PAYMENT (payment_id,invoice_id,payment_date,payment_type,payment_amount) VALUES ('20190425QD7368764705499-p00001','20190425QD7368764705499','2019-04-27','CA',479.76);
-- ------- SAMPLE 788 ----------
INSERT INTO GUEST VALUES(1788,'Elfriede','Esslinger','EEsslinger@gmail.com','1234 DaWrong Lane','Flonkerton','MD','12345','365-373-2593');
INSERT INTO RESERVATION VALUES ('20200202QD7889270117301',1788,101,'QD','2020-02-02','2020-02-03',null,'cancelled');
INSERT INTO INVOICECHARGE VALUES ('20200202QD7889270117301-ch00001','20200202QD7889270117301','2020-02-02',63.33,'Base room charge');
INSERT INTO INVOICECHARGE VALUES ('20200202QD7889270117301-ch00002','20200202QD7889270117301','2020-02-02',32.62,'Cleaning fee');
INSERT INTO PAYMENT VALUES ('20200202QD7889270117301-p00001','20200202QD7889270117301','2020-02-04','CC',95.95,'Elfriede Esslinger','7239679130661517',1,2023,304,'Mastercard');
-- ------- SAMPLE 789 ----------
INSERT INTO GUEST VALUES(1789,'Walker','Weatherhead','WWeatherhead@yahoo.com','1234 DaWrong Lane','Flonkerton','MD','12345','824-116-1141');
INSERT INTO RESERVATION VALUES ('20190327KS3400310131237',1789,112,'KS','2019-03-27','2019-04-01',null,'cancelled');
INSERT INTO INVOICECHARGE VALUES ('20190327KS3400310131237-ch00001','20190327KS3400310131237','2019-03-27',351.83,'Base room charge');
INSERT INTO INVOICECHARGE VALUES ('20190327KS3400310131237-ch00002','20190327KS3400310131237','2019-03-27',181.24,'Room Service');
INSERT INTO PAYMENT VALUES ('20190327KS3400310131237-p00001','20190327KS3400310131237','2019-03-29','CC',533.07,'Walker Weatherhead','7107326135391401',4,2025,453,'Mastercard');
-- ------- SAMPLE 790 ----------
INSERT INTO GUEST VALUES(1790,'Gwyneth','Gamber','GGamber@gmail.com','1234 DaWrong Lane','Flonkerton','MD','12345','619-153-1450');
INSERT INTO RESERVATION VALUES ('20190618KI8585972417340',1790,110,'KI','2019-06-18','2019-06-19',null,'complete');
INSERT INTO INVOICECHARGE VALUES ('20190618KI8585972417340-ch00001','20190618KI8585972417340','2019-06-18',85.29,'Base room charge');
INSERT INTO PAYMENT (payment_id,invoice_id,payment_date,payment_type,payment_amount) VALUES ('20190618KI8585972417340-p00001','20190618KI8585972417340','2019-06-20','CA',85.29);
-- ------- SAMPLE 791 ----------
INSERT INTO GUEST VALUES(1791,'Randal','Rohman','RRohman@hotmail.com','1234 DaWrong Lane','Flonkerton','MD','12345','740-031-5657');
INSERT INTO RESERVATION VALUES ('20210224KJ6297617163691',1791,null,'KJ','2021-02-24','2021-02-27',null,'active');
INSERT INTO INVOICECHARGE VALUES ('20210224KJ6297617163691-ch00001','20210224KJ6297617163691','2021-02-24',415.81,'Base room charge');
INSERT INTO PAYMENT VALUES ('20210224KJ6297617163691-p00001','20210224KJ6297617163691','2021-02-26','CC',415.81,'Randal Rohman','6369444039393320',1,2022,916,'Mastercard');
-- ------- SAMPLE 792 ----------
INSERT INTO GUEST VALUES(1792,'Floy','Feinstein','FFeinstein@yahoo.com','1234 DaWrong Lane','Flonkerton','MD','12345','258-369-4163');
INSERT INTO RESERVATION VALUES ('20191030KS6781523182760',1792,107,'KS','2019-10-30','2019-10-31',null,'complete');
INSERT INTO INVOICECHARGE VALUES ('20191030KS6781523182760-ch00001','20191030KS6781523182760','2019-10-30',70.37,'Base room charge');
INSERT INTO INVOICECHARGE VALUES ('20191030KS6781523182760-ch00002','20191030KS6781523182760','2019-10-30',36.25,'Cleaning fee');
INSERT INTO PAYMENT VALUES ('20191030KS6781523182760-p00001','20191030KS6781523182760','2019-11-01','CC',106.61,'Floy Feinstein','5151062246025750',1,2027,73,'Mastercard');
-- ------- SAMPLE 793 ----------
INSERT INTO GUEST VALUES(1793,'Tomika','Teran','TTeran@yahoo.com','1234 DaWrong Lane','Flonkerton','MD','12345','589-459-6429');
INSERT INTO RESERVATION VALUES ('20200201QS8148008619447',1793,118,'QS','2020-02-01','2020-02-05',null,'cancelled');
INSERT INTO INVOICECHARGE VALUES ('20200201QS8148008619447-ch00001','20200201QS8148008619447','2020-02-01',309.61,'Base room charge');
INSERT INTO INVOICECHARGE VALUES ('20200201QS8148008619447-ch00002','20200201QS8148008619447','2020-02-01',159.5,'Cleaning fee');
INSERT INTO PAYMENT VALUES ('20200201QS8148008619447-p00001','20200201QS8148008619447','2020-02-03','CC',469.11,'Tomika Teran','9625866635798357',1,2022,578,'Mastercard');
-- ------- SAMPLE 794 ----------
INSERT INTO GUEST VALUES(1794,'Leanora','Locke','LLocke@hotmail.com','1234 DaWrong Lane','Flonkerton','MD','12345','079-035-4953');
INSERT INTO RESERVATION VALUES ('20190307KJ1341338766681',1794,104,'KJ','2019-03-07','2019-03-09',null,'cancelled');
INSERT INTO INVOICECHARGE VALUES ('20190307KJ1341338766681-ch00001','20190307KJ1341338766681','2019-03-07',277.2,'Base room charge');
INSERT INTO PAYMENT VALUES ('20190307KJ1341338766681-p00001','20190307KJ1341338766681','2019-03-09','CC',277.2,'Leanora Locke','9654642022543661',9,2025,130,'Mastercard');
-- ------- SAMPLE 795 ----------
INSERT INTO GUEST VALUES(1795,'Luella','Lundstrom','LLundstrom@yahoo.com','1234 DaWrong Lane','Flonkerton','MD','12345','099-174-9645');
INSERT INTO RESERVATION VALUES ('20190908QD2478267673592',1795,111,'QD','2019-09-08','2019-09-09',null,'complete');
INSERT INTO INVOICECHARGE VALUES ('20190908QD2478267673592-ch00001','20190908QD2478267673592','2019-09-08',63.33,'Base room charge');
INSERT INTO INVOICECHARGE VALUES ('20190908QD2478267673592-ch00002','20190908QD2478267673592','2019-09-08',32.62,'Cleaning fee');
INSERT INTO PAYMENT VALUES ('20190908QD2478267673592-p00001','20190908QD2478267673592','2019-09-10','CC',95.95,'Luella Lundstrom','1376520588441868',6,2023,780,'Mastercard');
-- ------- SAMPLE 796 ----------
INSERT INTO GUEST VALUES(1796,'Shandi','Scharf','SScharf@gmail.com','1234 DaWrong Lane','Flonkerton','MD','12345','777-367-2082');
INSERT INTO RESERVATION VALUES ('20190827KI5003777721350',1796,204,'KI','2019-08-27','2019-09-01',null,'complete');
INSERT INTO INVOICECHARGE VALUES ('20190827KI5003777721350-ch00001','20190827KI5003777721350','2019-08-27',426.45,'Base room charge');
INSERT INTO PAYMENT VALUES ('20190827KI5003777721350-p00001','20190827KI5003777721350','2019-08-29','CC',426.45,'Shandi Scharf','6481908215755800',3,2025,924,'Mastercard');
-- ------- SAMPLE 797 ----------
INSERT INTO GUEST VALUES(1797,'Kenisha','Kane','KKane@gmail.com','1234 DaWrong Lane','Flonkerton','MD','12345','498-435-3546');
INSERT INTO RESERVATION VALUES ('20201015KS4726708254352',1797,null,'KS','2020-10-15','2020-10-16',null,'active');
INSERT INTO INVOICECHARGE VALUES ('20201015KS4726708254352-ch00001','20201015KS4726708254352','2020-10-15',70.37,'Base room charge');
INSERT INTO INVOICECHARGE VALUES ('20201015KS4726708254352-ch00002','20201015KS4726708254352','2020-10-15',36.25,'Room Service');
INSERT INTO PAYMENT VALUES ('20201015KS4726708254352-p00001','20201015KS4726708254352','2020-10-17','CC',37,'Kenisha Kane','8688642597316610',7,2023,876,'Mastercard');
-- ------- SAMPLE 798 ----------
INSERT INTO GUEST VALUES(1798,'Jarrett','Janelle','JJanelle@yahoo.com','1234 DaWrong Lane','Flonkerton','MD','12345','166-240-1839');
INSERT INTO RESERVATION VALUES ('20200714KI2807786222580',1798,null,'KI','2020-07-14','2020-07-17',null,'active');
INSERT INTO INVOICECHARGE VALUES ('20200714KI2807786222580-ch00001','20200714KI2807786222580','2020-07-14',168.87,'Base room charge');
INSERT INTO INVOICECHARGE VALUES ('20200714KI2807786222580-ch00002','20200714KI2807786222580','2020-07-14',87,'Cleaning fee');
INSERT INTO PAYMENT (payment_id,invoice_id,payment_date,payment_type,payment_amount) VALUES ('20200714KI2807786222580-p00001','20200714KI2807786222580','2020-07-16','CA',231);
-- ------- SAMPLE 799 ----------
INSERT INTO GUEST VALUES(1799,'Len','Linquist','LLinquist@hotmail.com','1234 DaWrong Lane','Flonkerton','MD','12345','624-900-6756');
INSERT INTO RESERVATION VALUES ('20190424KS8105104285948',1799,206,'KS','2019-04-24','2019-04-26',null,'complete');
INSERT INTO INVOICECHARGE VALUES ('20190424KS8105104285948-ch00001','20190424KS8105104285948','2019-04-24',213.23,'Base room charge');
INSERT INTO PAYMENT VALUES ('20190424KS8105104285948-p00001','20190424KS8105104285948','2019-04-26','CC',213.23,'Len Linquist','9878800345187024',6,2027,439,'Mastercard');
-- ------- SAMPLE 800 ----------
INSERT INTO GUEST VALUES(1800,'Tanner','Tomasello','TTomasello@hotmail.com','1234 DaWrong Lane','Flonkerton','MD','12345','779-433-2715');
INSERT INTO RESERVATION VALUES ('20190206QS4207957272946',1800,108,'QS','2019-02-06','2019-02-08',null,'complete');
INSERT INTO INVOICECHARGE VALUES ('20190206QS4207957272946-ch00001','20190206QS4207957272946','2019-02-06',234.55,'Base room charge');
INSERT INTO PAYMENT (payment_id,invoice_id,payment_date,payment_type,payment_amount) VALUES ('20190206QS4207957272946-p00001','20190206QS4207957272946','2019-02-08','CA',234.55);
-- ------- SAMPLE 801 ----------
INSERT INTO GUEST VALUES(1801,'Vicky','Vanderhoff','VVanderhoff@gmail.com','1234 DaWrong Lane','Flonkerton','MD','12345','708-686-0787');
INSERT INTO RESERVATION VALUES ('20190317KI7796347785851',1801,110,'KI','2019-03-17','2019-03-22',null,'complete');
INSERT INTO INVOICECHARGE VALUES ('20190317KI7796347785851-ch00001','20190317KI7796347785851','2019-03-17',281.45,'Base room charge');
INSERT INTO INVOICECHARGE VALUES ('20190317KI7796347785851-ch00002','20190317KI7796347785851','2019-03-17',144.99,'Cleaning fee');
INSERT INTO PAYMENT (payment_id,invoice_id,payment_date,payment_type,payment_amount) VALUES ('20190317KI7796347785851-p00001','20190317KI7796347785851','2019-03-19','CA',426.45);
-- ------- SAMPLE 802 ----------
INSERT INTO GUEST VALUES(1802,'Marcelino','Meisner','MMeisner@hotmail.com','1234 DaWrong Lane','Flonkerton','MD','12345','339-857-0426');
INSERT INTO RESERVATION VALUES ('20201027QS2368688407794',1802,null,'QS','2020-10-27','2020-10-29',null,'cancelled');
INSERT INTO INVOICECHARGE VALUES ('20201027QS2368688407794-ch00001','20201027QS2368688407794','2020-10-27',234.55,'Base room charge');
INSERT INTO PAYMENT VALUES ('20201027QS2368688407794-p00001','20201027QS2368688407794','2020-10-29','CC',192,'Marcelino Meisner','2924821291275201',1,2022,512,'Mastercard');
-- ------- SAMPLE 803 ----------
INSERT INTO GUEST VALUES(1803,'Christine','Ciampa','CCiampa@hotmail.com','1234 DaWrong Lane','Flonkerton','MD','12345','758-952-1175');
INSERT INTO RESERVATION VALUES ('20200930KJ6256464611394',1803,null,'KJ','2020-09-30','2020-10-03',null,'active');
INSERT INTO INVOICECHARGE VALUES ('20200930KJ6256464611394-ch00001','20200930KJ6256464611394','2020-09-30',274.43,'Base room charge');
INSERT INTO INVOICECHARGE VALUES ('20200930KJ6256464611394-ch00002','20200930KJ6256464611394','2020-09-30',141.37,'Cleaning fee');
INSERT INTO PAYMENT (payment_id,invoice_id,payment_date,payment_type,payment_amount) VALUES ('20200930KJ6256464611394-p00001','20200930KJ6256464611394','2020-10-02','CA',125);
-- ------- SAMPLE 804 ----------
INSERT INTO GUEST VALUES(1804,'Cherry','Chiarello','CChiarello@gmail.com','1234 DaWrong Lane','Flonkerton','MD','12345','092-135-6493');
INSERT INTO RESERVATION VALUES ('20200331KI3783888569937',1804,115,'KI','2020-03-31','2020-04-01',null,'cancelled');
INSERT INTO INVOICECHARGE VALUES ('20200331KI3783888569937-ch00001','20200331KI3783888569937','2020-03-31',85.29,'Base room charge');
INSERT INTO PAYMENT VALUES ('20200331KI3783888569937-p00001','20200331KI3783888569937','2020-04-02','CC',85.29,'Cherry Chiarello','9334270851940591',12,2022,72,'Mastercard');
-- ------- SAMPLE 805 ----------
INSERT INTO GUEST VALUES(1805,'Natalya','Neathery','NNeathery@gmail.com','1234 DaWrong Lane','Flonkerton','MD','12345','036-027-7981');
INSERT INTO RESERVATION VALUES ('20190617KJ9907874018944',1805,119,'KJ','2019-06-17','2019-06-18',null,'complete');
INSERT INTO INVOICECHARGE VALUES ('20190617KJ9907874018944-ch00001','20190617KJ9907874018944','2019-06-17',138.6,'Base room charge');
INSERT INTO PAYMENT VALUES ('20190617KJ9907874018944-p00001','20190617KJ9907874018944','2019-06-19','CC',138.6,'Natalya Neathery','5019827122974093',10,2022,439,'Mastercard');
-- ------- SAMPLE 806 ----------
INSERT INTO GUEST VALUES(1806,'Tanner','Tomasello','TTomasello@hotmail.com','1234 DaWrong Lane','Flonkerton','MD','12345','391-469-6683');
INSERT INTO RESERVATION VALUES ('20181212KJ9029967727738',1806,119,'KJ','2018-12-12','2018-12-13',null,'complete');
INSERT INTO INVOICECHARGE VALUES ('20181212KJ9029967727738-ch00001','20181212KJ9029967727738','2018-12-12',91.48,'Base room charge');
INSERT INTO INVOICECHARGE VALUES ('20181212KJ9029967727738-ch00002','20181212KJ9029967727738','2018-12-12',47.12,'Cleaning fee');
INSERT INTO PAYMENT VALUES ('20181212KJ9029967727738-p00001','20181212KJ9029967727738','2018-12-14','CC',138.6,'Tanner Tomasello','4569039280142408',7,2022,50,'Mastercard');
-- ------- SAMPLE 807 ----------
INSERT INTO GUEST VALUES(1807,'Annie','Albrecht','AAlbrecht@hotmail.com','1234 DaWrong Lane','Flonkerton','MD','12345','968-034-5594');
INSERT INTO RESERVATION VALUES ('20180721KS2858310902123',1807,117,'KS','2018-07-21','2018-07-25',null,'complete');
INSERT INTO INVOICECHARGE VALUES ('20180721KS2858310902123-ch00001','20180721KS2858310902123','2018-07-21',426.46,'Base room charge');
INSERT INTO PAYMENT VALUES ('20180721KS2858310902123-p00001','20180721KS2858310902123','2018-07-23','CC',426.46,'Annie Albrecht','6588700271191251',8,2023,880,'Mastercard');
-- ------- SAMPLE 808 ----------
INSERT INTO GUEST VALUES(1808,'Fiona','Figgs','FFiggs@yahoo.com','1234 DaWrong Lane','Flonkerton','MD','12345','351-320-5591');
INSERT INTO RESERVATION VALUES ('20180706KJ1191143037845',1808,104,'KJ','2018-07-06','2018-07-07',null,'complete');
INSERT INTO INVOICECHARGE VALUES ('20180706KJ1191143037845-ch00001','20180706KJ1191143037845','2018-07-06',138.6,'Base room charge');
INSERT INTO PAYMENT (payment_id,invoice_id,payment_date,payment_type,payment_amount) VALUES ('20180706KJ1191143037845-p00001','20180706KJ1191143037845','2018-07-08','CA',138.6);
-- ------- SAMPLE 809 ----------
INSERT INTO GUEST VALUES(1809,'Boyce','Bate','BBate@hotmail.com','1234 DaWrong Lane','Flonkerton','MD','12345','788-203-7759');
INSERT INTO RESERVATION VALUES ('20210313QS8012319290431',1809,null,'QS','2021-03-13','2021-03-18',null,'active');
INSERT INTO INVOICECHARGE VALUES ('20210313QS8012319290431-ch00001','20210313QS8012319290431','2021-03-13',469.11,'Base room charge');
INSERT INTO PAYMENT VALUES ('20210313QS8012319290431-p00001','20210313QS8012319290431','2021-03-15','CC',469.11,'Boyce Bate','6151136162533287',8,2022,538,'Mastercard');
-- ------- SAMPLE 810 ----------
INSERT INTO GUEST VALUES(1810,'Bradley','Bently','BBently@gmail.com','1234 DaWrong Lane','Flonkerton','MD','12345','614-462-9822');
INSERT INTO RESERVATION VALUES ('20210408KJ9407749388765',1810,null,'KJ','2021-04-08','2021-04-11',null,'cancelled');
INSERT INTO INVOICECHARGE VALUES ('20210408KJ9407749388765-ch00001','20210408KJ9407749388765','2021-04-08',274.43,'Base room charge');
INSERT INTO INVOICECHARGE VALUES ('20210408KJ9407749388765-ch00002','20210408KJ9407749388765','2021-04-08',141.37,'Cleaning fee');
INSERT INTO PAYMENT VALUES ('20210408KJ9407749388765-p00001','20210408KJ9407749388765','2021-04-10','CC',63,'Bradley Bently','8608321739097718',9,2025,326,'Mastercard');
-- ------- SAMPLE 811 ----------
INSERT INTO GUEST VALUES(1811,'Abel','Alire','AAlire@gmail.com','1234 DaWrong Lane','Flonkerton','MD','12345','944-341-6101');
INSERT INTO RESERVATION VALUES ('20201230KS3287198563961',1811,null,'KS','2020-12-30','2021-01-03',null,'active');
-- ------- SAMPLE 812 ----------
INSERT INTO GUEST VALUES(1812,'Stan','Schnell','SSchnell@hotmail.com','1234 DaWrong Lane','Flonkerton','MD','12345','812-630-5543');
INSERT INTO RESERVATION VALUES ('20190623KJ1866531937384',1812,114,'KJ','2019-06-23','2019-06-28',null,'complete');
INSERT INTO INVOICECHARGE VALUES ('20190623KJ1866531937384-ch00001','20190623KJ1866531937384','2019-06-23',693.01,'Base room charge');
INSERT INTO PAYMENT VALUES ('20190623KJ1866531937384-p00001','20190623KJ1866531937384','2019-06-25','CC',693.01,'Stan Schnell','4641414274846631',4,2024,960,'Mastercard');
-- ------- SAMPLE 813 ----------
INSERT INTO GUEST VALUES(1813,'Rose','Royall','RRoyall@hotmail.com','1234 DaWrong Lane','Flonkerton','MD','12345','992-120-7808');
INSERT INTO RESERVATION VALUES ('20200910KI4058902370023',1813,null,'KI','2020-09-10','2020-09-15',null,'active');
INSERT INTO INVOICECHARGE VALUES ('20200910KI4058902370023-ch00001','20200910KI4058902370023','2020-09-10',426.45,'Base room charge');
INSERT INTO PAYMENT VALUES ('20200910KI4058902370023-p00001','20200910KI4058902370023','2020-09-12','CC',426.45,'Rose Royall','1552228065755314',6,2027,19,'Mastercard');
-- ------- SAMPLE 814 ----------
INSERT INTO GUEST VALUES(1814,'Delsie','Dunstan','DDunstan@yahoo.com','1234 DaWrong Lane','Flonkerton','MD','12345','778-419-9843');
INSERT INTO RESERVATION VALUES ('20180625KS8848846559043',1814,102,'KS','2018-06-25','2018-06-28',null,'complete');
INSERT INTO INVOICECHARGE VALUES ('20180625KS8848846559043-ch00001','20180625KS8848846559043','2018-06-25',319.84,'Base room charge');
INSERT INTO PAYMENT VALUES ('20180625KS8848846559043-p00001','20180625KS8848846559043','2018-06-27','CC',319.84,'Delsie Dunstan','8360520443094891',12,2022,636,'Mastercard');
-- ------- SAMPLE 815 ----------
INSERT INTO GUEST VALUES(1815,'Romelia','Rigdon','RRigdon@hotmail.com','1234 DaWrong Lane','Flonkerton','MD','12345','944-999-6366');
INSERT INTO RESERVATION VALUES ('20190228KJ5081642261055',1815,119,'KJ','2019-02-28','2019-03-01',null,'complete');
INSERT INTO INVOICECHARGE VALUES ('20190228KJ5081642261055-ch00001','20190228KJ5081642261055','2019-02-28',91.48,'Base room charge');
INSERT INTO INVOICECHARGE VALUES ('20190228KJ5081642261055-ch00002','20190228KJ5081642261055','2019-02-28',47.12,'Room Service');
INSERT INTO PAYMENT (payment_id,invoice_id,payment_date,payment_type,payment_amount) VALUES ('20190228KJ5081642261055-p00001','20190228KJ5081642261055','2019-03-02','CA',138.6);
-- ------- SAMPLE 816 ----------
INSERT INTO GUEST VALUES(1816,'Georgianne','Guadarrama','GGuadarrama@yahoo.com','1234 DaWrong Lane','Flonkerton','MD','12345','832-889-4364');
INSERT INTO RESERVATION VALUES ('20200701KS9299676265916',1816,null,'KS','2020-07-01','2020-07-03',null,'active');
INSERT INTO INVOICECHARGE VALUES ('20200701KS9299676265916-ch00001','20200701KS9299676265916','2020-07-01',213.23,'Base room charge');
INSERT INTO PAYMENT (payment_id,invoice_id,payment_date,payment_type,payment_amount) VALUES ('20200701KS9299676265916-p00001','20200701KS9299676265916','2020-07-03','CA',213.23);
-- ------- SAMPLE 817 ----------
INSERT INTO GUEST VALUES(1817,'Bradley','Bently','BBently@hotmail.com','1234 DaWrong Lane','Flonkerton','MD','12345','649-040-9655');
INSERT INTO RESERVATION VALUES ('20210113KI6942924998032',1817,null,'KI','2021-01-13','2021-01-18',null,'active');
-- ------- SAMPLE 818 ----------
INSERT INTO GUEST VALUES(1818,'Len','Linquist','LLinquist@gmail.com','1234 DaWrong Lane','Flonkerton','MD','12345','997-334-6391');
INSERT INTO RESERVATION VALUES ('20191102QD7287432726325',1818,101,'QD','2019-11-02','2019-11-05',null,'cancelled');
INSERT INTO INVOICECHARGE VALUES ('20191102QD7287432726325-ch00001','20191102QD7287432726325','2019-11-02',287.86,'Base room charge');
INSERT INTO PAYMENT (payment_id,invoice_id,payment_date,payment_type,payment_amount) VALUES ('20191102QD7287432726325-p00001','20191102QD7287432726325','2019-11-04','CA',287.86);
-- ------- SAMPLE 819 ----------
INSERT INTO GUEST VALUES(1819,'Aretha','Acy','AAcy@yahoo.com','1234 DaWrong Lane','Flonkerton','MD','12345','507-826-6924');
INSERT INTO RESERVATION VALUES ('20190412QS8124469134863',1819,103,'QS','2019-04-12','2019-04-15',null,'cancelled');
INSERT INTO INVOICECHARGE VALUES ('20190412QS8124469134863-ch00001','20190412QS8124469134863','2019-04-12',351.83,'Base room charge');
INSERT INTO PAYMENT VALUES ('20190412QS8124469134863-p00001','20190412QS8124469134863','2019-04-14','CC',351.83,'Aretha Acy','6194795507320767',2,2023,868,'Mastercard');
-- ------- SAMPLE 820 ----------
INSERT INTO GUEST VALUES(1820,'Corene','Carmody','CCarmody@yahoo.com','1234 DaWrong Lane','Flonkerton','MD','12345','989-138-4900');
INSERT INTO RESERVATION VALUES ('20200212KS7066223577279',1820,117,'KS','2020-02-12','2020-02-15',null,'complete');
INSERT INTO INVOICECHARGE VALUES ('20200212KS7066223577279-ch00001','20200212KS7066223577279','2020-02-12',319.84,'Base room charge');
INSERT INTO PAYMENT (payment_id,invoice_id,payment_date,payment_type,payment_amount) VALUES ('20200212KS7066223577279-p00001','20200212KS7066223577279','2020-02-14','CA',319.84);
-- ------- SAMPLE 821 ----------
INSERT INTO GUEST VALUES(1821,'Natalya','Neathery','NNeathery@gmail.com','1234 DaWrong Lane','Flonkerton','MD','12345','843-517-5833');
INSERT INTO RESERVATION VALUES ('20190613KS4444015716111',1821,201,'KS','2019-06-13','2019-06-17',null,'complete');
INSERT INTO INVOICECHARGE VALUES ('20190613KS4444015716111-ch00001','20190613KS4444015716111','2019-06-13',426.46,'Base room charge');
INSERT INTO PAYMENT VALUES ('20190613KS4444015716111-p00001','20190613KS4444015716111','2019-06-15','CC',426.46,'Natalya Neathery','6479693762276284',5,2027,378,'Mastercard');
-- ------- SAMPLE 822 ----------
INSERT INTO GUEST VALUES(1822,'Shawn','Stefanski','SStefanski@gmail.com','1234 DaWrong Lane','Flonkerton','MD','12345','673-598-8010');
INSERT INTO RESERVATION VALUES ('20200611KJ2704006171291',1822,null,'KJ','2020-06-11','2020-06-15',null,'active');
INSERT INTO INVOICECHARGE VALUES ('20200611KJ2704006171291-ch00001','20200611KJ2704006171291','2020-06-11',554.41,'Base room charge');
INSERT INTO PAYMENT (payment_id,invoice_id,payment_date,payment_type,payment_amount) VALUES ('20200611KJ2704006171291-p00001','20200611KJ2704006171291','2020-06-13','CA',554.41);
-- ------- SAMPLE 823 ----------
INSERT INTO GUEST VALUES(1823,'Dewey','Dye','DDye@gmail.com','1234 DaWrong Lane','Flonkerton','MD','12345','012-933-3956');
INSERT INTO RESERVATION VALUES ('20200418QS2416669452745',1823,108,'QS','2020-04-18','2020-04-19',null,'complete');
INSERT INTO INVOICECHARGE VALUES ('20200418QS2416669452745-ch00001','20200418QS2416669452745','2020-04-18',117.28,'Base room charge');
INSERT INTO PAYMENT VALUES ('20200418QS2416669452745-p00001','20200418QS2416669452745','2020-04-20','CC',117.28,'Dewey Dye','7263123758283486',1,2022,95,'Mastercard');
-- ------- SAMPLE 824 ----------
INSERT INTO GUEST VALUES(1824,'Mandi','Mcwain','MMcwain@hotmail.com','1234 DaWrong Lane','Flonkerton','MD','12345','133-032-6621');
INSERT INTO RESERVATION VALUES ('20200118QS8416734234636',1824,202,'QS','2020-01-18','2020-01-23',null,'complete');
INSERT INTO INVOICECHARGE VALUES ('20200118QS8416734234636-ch00001','20200118QS8416734234636','2020-01-18',586.38,'Base room charge');
INSERT INTO PAYMENT VALUES ('20200118QS8416734234636-p00001','20200118QS8416734234636','2020-01-20','CC',586.38,'Mandi Mcwain','5170240361619016',5,2021,73,'Mastercard');
-- ------- SAMPLE 825 ----------
INSERT INTO GUEST VALUES(1825,'Vicky','Vanderhoff','VVanderhoff@yahoo.com','1234 DaWrong Lane','Flonkerton','MD','12345','351-079-9277');
INSERT INTO RESERVATION VALUES ('20200421KJ2981265779672',1825,114,'KJ','2020-04-21','2020-04-26',null,'complete');
INSERT INTO INVOICECHARGE VALUES ('20200421KJ2981265779672-ch00001','20200421KJ2981265779672','2020-04-21',457.39,'Base room charge');
INSERT INTO INVOICECHARGE VALUES ('20200421KJ2981265779672-ch00002','20200421KJ2981265779672','2020-04-21',235.62,'Room Service');
INSERT INTO PAYMENT (payment_id,invoice_id,payment_date,payment_type,payment_amount) VALUES ('20200421KJ2981265779672-p00001','20200421KJ2981265779672','2020-04-23','CA',693.01);
-- ------- SAMPLE 826 ----------
INSERT INTO GUEST VALUES(1826,'Romelia','Rigdon','RRigdon@yahoo.com','1234 DaWrong Lane','Flonkerton','MD','12345','499-277-3802');
INSERT INTO RESERVATION VALUES ('20200714KI1019410689813',1826,null,'KI','2020-07-14','2020-07-18',null,'active');
INSERT INTO INVOICECHARGE VALUES ('20200714KI1019410689813-ch00001','20200714KI1019410689813','2020-07-14',341.16,'Base room charge');
INSERT INTO PAYMENT VALUES ('20200714KI1019410689813-p00001','20200714KI1019410689813','2020-07-16','CC',267,'Romelia Rigdon','3917823887010697',2,2022,26,'Mastercard');
-- ------- SAMPLE 827 ----------
INSERT INTO GUEST VALUES(1827,'Abdul','Ashe','AAshe@gmail.com','1234 DaWrong Lane','Flonkerton','MD','12345','173-090-0590');
INSERT INTO RESERVATION VALUES ('20201207KI5660427479108',1827,null,'KI','2020-12-07','2020-12-10',null,'active');
-- ------- SAMPLE 828 ----------
INSERT INTO GUEST VALUES(1828,'Kerstin','Khalaf','KKhalaf@hotmail.com','1234 DaWrong Lane','Flonkerton','MD','12345','546-101-9943');
INSERT INTO RESERVATION VALUES ('20181019KI8269969069821',1828,120,'KI','2018-10-19','2018-10-20',null,'complete');
INSERT INTO INVOICECHARGE VALUES ('20181019KI8269969069821-ch00001','20181019KI8269969069821','2018-10-19',56.29,'Base room charge');
INSERT INTO INVOICECHARGE VALUES ('20181019KI8269969069821-ch00002','20181019KI8269969069821','2018-10-19',29,'Room Service');
INSERT INTO PAYMENT (payment_id,invoice_id,payment_date,payment_type,payment_amount) VALUES ('20181019KI8269969069821-p00001','20181019KI8269969069821','2018-10-21','CA',85.29);
-- ------- SAMPLE 829 ----------
INSERT INTO GUEST VALUES(1829,'Rosemarie','Roeser','RRoeser@hotmail.com','1234 DaWrong Lane','Flonkerton','MD','12345','313-103-2139');
INSERT INTO RESERVATION VALUES ('20210212KS8276205665378',1829,null,'KS','2021-02-12','2021-02-17',null,'active');
-- ------- SAMPLE 830 ----------
INSERT INTO GUEST VALUES(1830,'Pearlene','Priestly','PPriestly@gmail.com','1234 DaWrong Lane','Flonkerton','MD','12345','475-811-0149');
INSERT INTO RESERVATION VALUES ('20190514QS3577972506278',1830,108,'QS','2019-05-14','2019-05-15',null,'complete');
INSERT INTO INVOICECHARGE VALUES ('20190514QS3577972506278-ch00001','20190514QS3577972506278','2019-05-14',77.4,'Base room charge');
INSERT INTO INVOICECHARGE VALUES ('20190514QS3577972506278-ch00002','20190514QS3577972506278','2019-05-14',39.87,'Room Service');
INSERT INTO PAYMENT VALUES ('20190514QS3577972506278-p00001','20190514QS3577972506278','2019-05-16','CC',117.28,'Pearlene Priestly','8778740913173737',9,2025,456,'Mastercard');
-- ------- SAMPLE 831 ----------
INSERT INTO GUEST VALUES(1831,'Raisa','Romito','RRomito@yahoo.com','1234 DaWrong Lane','Flonkerton','MD','12345','328-433-1536');
INSERT INTO RESERVATION VALUES ('20210318QS6175084807667',1831,null,'QS','2021-03-18','2021-03-23',null,'active');
INSERT INTO INVOICECHARGE VALUES ('20210318QS6175084807667-ch00001','20210318QS6175084807667','2021-03-18',586.38,'Base room charge');
INSERT INTO PAYMENT VALUES ('20210318QS6175084807667-p00001','20210318QS6175084807667','2021-03-20','CC',586.38,'Raisa Romito','2132095574685391',5,2027,546,'Mastercard');
-- ------- SAMPLE 832 ----------
INSERT INTO GUEST VALUES(1832,'Rossana','Running','RRunning@yahoo.com','1234 DaWrong Lane','Flonkerton','MD','12345','527-266-9215');
INSERT INTO RESERVATION VALUES ('20180526KI5326758841092',1832,120,'KI','2018-05-26','2018-05-29',null,'complete');
INSERT INTO INVOICECHARGE VALUES ('20180526KI5326758841092-ch00001','20180526KI5326758841092','2018-05-26',255.87,'Base room charge');
INSERT INTO PAYMENT (payment_id,invoice_id,payment_date,payment_type,payment_amount) VALUES ('20180526KI5326758841092-p00001','20180526KI5326758841092','2018-05-28','CA',255.87);
-- ------- SAMPLE 833 ----------
INSERT INTO GUEST VALUES(1833,'Boyce','Bate','BBate@hotmail.com','1234 DaWrong Lane','Flonkerton','MD','12345','298-997-4279');
INSERT INTO RESERVATION VALUES ('20190517QD1621259106596',1833,205,'QD','2019-05-17','2019-05-19',null,'complete');
INSERT INTO INVOICECHARGE VALUES ('20190517QD1621259106596-ch00001','20190517QD1621259106596','2019-05-17',126.66,'Base room charge');
INSERT INTO INVOICECHARGE VALUES ('20190517QD1621259106596-ch00002','20190517QD1621259106596','2019-05-17',65.25,'Room Service');
INSERT INTO PAYMENT VALUES ('20190517QD1621259106596-p00001','20190517QD1621259106596','2019-05-19','CC',191.9,'Boyce Bate','5054247744393542',11,2021,553,'Mastercard');
-- ------- SAMPLE 834 ----------
INSERT INTO GUEST VALUES(1834,'Margorie','Mcnish','MMcnish@hotmail.com','1234 DaWrong Lane','Flonkerton','MD','12345','540-512-5530');
INSERT INTO RESERVATION VALUES ('20200428KJ6113075663830',1834,203,'KJ','2020-04-28','2020-05-02',null,'complete');
INSERT INTO INVOICECHARGE VALUES ('20200428KJ6113075663830-ch00001','20200428KJ6113075663830','2020-04-28',365.91,'Base room charge');
INSERT INTO INVOICECHARGE VALUES ('20200428KJ6113075663830-ch00002','20200428KJ6113075663830','2020-04-28',188.5,'Room Service');
INSERT INTO PAYMENT (payment_id,invoice_id,payment_date,payment_type,payment_amount) VALUES ('20200428KJ6113075663830-p00001','20200428KJ6113075663830','2020-04-30','CA',554.41);
-- ------- SAMPLE 835 ----------
INSERT INTO GUEST VALUES(1835,'Rickie','Redfern','RRedfern@gmail.com','1234 DaWrong Lane','Flonkerton','MD','12345','472-931-6721');
INSERT INTO RESERVATION VALUES ('20190901QD9870755268965',1835,106,'QD','2019-09-01','2019-09-03',null,'complete');
INSERT INTO INVOICECHARGE VALUES ('20190901QD9870755268965-ch00001','20190901QD9870755268965','2019-09-01',126.66,'Base room charge');
INSERT INTO INVOICECHARGE VALUES ('20190901QD9870755268965-ch00002','20190901QD9870755268965','2019-09-01',65.25,'Cleaning fee');
INSERT INTO PAYMENT (payment_id,invoice_id,payment_date,payment_type,payment_amount) VALUES ('20190901QD9870755268965-p00001','20190901QD9870755268965','2019-09-03','CA',191.9);
-- ------- SAMPLE 836 ----------
INSERT INTO GUEST VALUES(1836,'Fiona','Figgs','FFiggs@gmail.com','1234 DaWrong Lane','Flonkerton','MD','12345','415-414-3893');
INSERT INTO RESERVATION VALUES ('20190829KJ6713008153734',1836,203,'KJ','2019-08-29','2019-09-03',null,'complete');
INSERT INTO INVOICECHARGE VALUES ('20190829KJ6713008153734-ch00001','20190829KJ6713008153734','2019-08-29',693.01,'Base room charge');
INSERT INTO PAYMENT VALUES ('20190829KJ6713008153734-p00001','20190829KJ6713008153734','2019-08-31','CC',693.01,'Fiona Figgs','1567724352932129',9,2023,902,'Mastercard');
-- ------- SAMPLE 837 ----------
INSERT INTO GUEST VALUES(1837,'Lorean','Loden','LLoden@gmail.com','1234 DaWrong Lane','Flonkerton','MD','12345','109-410-0474');
INSERT INTO RESERVATION VALUES ('20190505KJ4379676494583',1837,203,'KJ','2019-05-05','2019-05-10',null,'complete');
INSERT INTO INVOICECHARGE VALUES ('20190505KJ4379676494583-ch00001','20190505KJ4379676494583','2019-05-05',693.01,'Base room charge');
INSERT INTO PAYMENT VALUES ('20190505KJ4379676494583-p00001','20190505KJ4379676494583','2019-05-07','CC',693.01,'Lorean Loden','8720495160398131',5,2027,250,'Mastercard');
-- ------- SAMPLE 838 ----------
INSERT INTO GUEST VALUES(1838,'Serafina','Singh','SSingh@hotmail.com','1234 DaWrong Lane','Flonkerton','MD','12345','569-677-1416');
INSERT INTO RESERVATION VALUES ('20200303KS5577610123410',1838,112,'KS','2020-03-03','2020-03-05',null,'cancelled');
INSERT INTO INVOICECHARGE VALUES ('20200303KS5577610123410-ch00001','20200303KS5577610123410','2020-03-03',140.73,'Base room charge');
INSERT INTO INVOICECHARGE VALUES ('20200303KS5577610123410-ch00002','20200303KS5577610123410','2020-03-03',72.5,'Cleaning fee');
INSERT INTO PAYMENT VALUES ('20200303KS5577610123410-p00001','20200303KS5577610123410','2020-03-05','CC',213.23,'Serafina Singh','6321718954449931',2,2021,707,'Mastercard');
-- ------- SAMPLE 839 ----------
INSERT INTO GUEST VALUES(1839,'Stacie','Schupp','SSchupp@yahoo.com','1234 DaWrong Lane','Flonkerton','MD','12345','191-527-6695');
INSERT INTO RESERVATION VALUES ('20190323KJ8150277538992',1839,203,'KJ','2019-03-23','2019-03-26',null,'complete');
INSERT INTO INVOICECHARGE VALUES ('20190323KJ8150277538992-ch00001','20190323KJ8150277538992','2019-03-23',274.43,'Base room charge');
INSERT INTO INVOICECHARGE VALUES ('20190323KJ8150277538992-ch00002','20190323KJ8150277538992','2019-03-23',141.37,'Room Service');
INSERT INTO PAYMENT VALUES ('20190323KJ8150277538992-p00001','20190323KJ8150277538992','2019-03-25','CC',415.81,'Stacie Schupp','3181846235597982',11,2024,16,'Mastercard');
-- ------- SAMPLE 840 ----------
INSERT INTO GUEST VALUES(1840,'Christine','Ciampa','CCiampa@yahoo.com','1234 DaWrong Lane','Flonkerton','MD','12345','076-282-2198');
INSERT INTO RESERVATION VALUES ('20180818KI6879994754683',1840,110,'KI','2018-08-18','2018-08-21',null,'complete');
INSERT INTO INVOICECHARGE VALUES ('20180818KI6879994754683-ch00001','20180818KI6879994754683','2018-08-18',168.87,'Base room charge');
INSERT INTO INVOICECHARGE VALUES ('20180818KI6879994754683-ch00002','20180818KI6879994754683','2018-08-18',87,'Room Service');
INSERT INTO PAYMENT (payment_id,invoice_id,payment_date,payment_type,payment_amount) VALUES ('20180818KI6879994754683-p00001','20180818KI6879994754683','2018-08-20','CA',255.87);
-- ------- SAMPLE 841 ----------
INSERT INTO GUEST VALUES(1841,'Delsie','Delong','DDelong@gmail.com','1234 DaWrong Lane','Flonkerton','MD','12345','534-750-2856');
INSERT INTO RESERVATION VALUES ('20200925KI3723000533005',1841,null,'KI','2020-09-25','2020-09-28',null,'active');
-- ------- SAMPLE 842 ----------
INSERT INTO GUEST VALUES(1842,'Shae','Sansom','SSansom@gmail.com','1234 DaWrong Lane','Flonkerton','MD','12345','925-538-9644');
INSERT INTO RESERVATION VALUES ('20181026QS5345261584387',1842,113,'QS','2018-10-26','2018-10-30',null,'complete');
INSERT INTO INVOICECHARGE VALUES ('20181026QS5345261584387-ch00001','20181026QS5345261584387','2018-10-26',309.61,'Base room charge');
INSERT INTO INVOICECHARGE VALUES ('20181026QS5345261584387-ch00002','20181026QS5345261584387','2018-10-26',159.5,'Room Service');
INSERT INTO PAYMENT VALUES ('20181026QS5345261584387-p00001','20181026QS5345261584387','2018-10-28','CC',469.11,'Shae Sansom','2254350756761964',12,2026,562,'Mastercard');
-- ------- SAMPLE 843 ----------
INSERT INTO GUEST VALUES(1843,'Shera','Shorter','SShorter@hotmail.com','1234 DaWrong Lane','Flonkerton','MD','12345','633-951-5272');
INSERT INTO RESERVATION VALUES ('20210421KI8065373881926',1843,null,'KI','2021-04-21','2021-04-22',null,'cancelled');
-- ------- SAMPLE 844 ----------
INSERT INTO GUEST VALUES(1844,'Ella','Evanoff','EEvanoff@gmail.com','1234 DaWrong Lane','Flonkerton','MD','12345','217-686-6722');
INSERT INTO RESERVATION VALUES ('20190315QD8703247656546',1844,205,'QD','2019-03-15','2019-03-17',null,'complete');
INSERT INTO INVOICECHARGE VALUES ('20190315QD8703247656546-ch00001','20190315QD8703247656546','2019-03-15',191.9,'Base room charge');
INSERT INTO PAYMENT VALUES ('20190315QD8703247656546-p00001','20190315QD8703247656546','2019-03-17','CC',191.9,'Ella Evanoff','3126154299469246',5,2021,436,'Mastercard');
-- ------- SAMPLE 845 ----------
INSERT INTO GUEST VALUES(1845,'Julene','Jahn','JJahn@gmail.com','1234 DaWrong Lane','Flonkerton','MD','12345','133-386-8650');
INSERT INTO RESERVATION VALUES ('20180528QS1414107022892',1845,118,'QS','2018-05-28','2018-05-31',null,'complete');
INSERT INTO INVOICECHARGE VALUES ('20180528QS1414107022892-ch00001','20180528QS1414107022892','2018-05-28',232.21,'Base room charge');
INSERT INTO INVOICECHARGE VALUES ('20180528QS1414107022892-ch00002','20180528QS1414107022892','2018-05-28',119.62,'Room Service');
INSERT INTO PAYMENT VALUES ('20180528QS1414107022892-p00001','20180528QS1414107022892','2018-05-30','CC',351.83,'Julene Jahn','9422363968021701',6,2022,453,'Mastercard');
-- ------- SAMPLE 846 ----------
INSERT INTO GUEST VALUES(1846,'Shera','Shorter','SShorter@hotmail.com','1234 DaWrong Lane','Flonkerton','MD','12345','977-944-7846');
INSERT INTO RESERVATION VALUES ('20181107KJ9222196978868',1846,208,'KJ','2018-11-07','2018-11-11',null,'complete');
INSERT INTO INVOICECHARGE VALUES ('20181107KJ9222196978868-ch00001','20181107KJ9222196978868','2018-11-07',554.41,'Base room charge');
INSERT INTO PAYMENT VALUES ('20181107KJ9222196978868-p00001','20181107KJ9222196978868','2018-11-09','CC',554.41,'Shera Shorter','3738731245119161',11,2027,901,'Mastercard');
-- ------- SAMPLE 847 ----------
INSERT INTO GUEST VALUES(1847,'Ngan','Nalley','NNalley@hotmail.com','1234 DaWrong Lane','Flonkerton','MD','12345','655-547-6971');
INSERT INTO RESERVATION VALUES ('20200922QS3857784503458',1847,null,'QS','2020-09-22','2020-09-25',null,'active');
-- ------- SAMPLE 848 ----------
INSERT INTO GUEST VALUES(1848,'Walker','Weatherhead','WWeatherhead@yahoo.com','1234 DaWrong Lane','Flonkerton','MD','12345','552-636-2694');
INSERT INTO RESERVATION VALUES ('20200403KS2847298832598',1848,201,'KS','2020-04-03','2020-04-07',null,'complete');
INSERT INTO INVOICECHARGE VALUES ('20200403KS2847298832598-ch00001','20200403KS2847298832598','2020-04-03',281.46,'Base room charge');
INSERT INTO INVOICECHARGE VALUES ('20200403KS2847298832598-ch00002','20200403KS2847298832598','2020-04-03',145,'Cleaning fee');
INSERT INTO PAYMENT (payment_id,invoice_id,payment_date,payment_type,payment_amount) VALUES ('20200403KS2847298832598-p00001','20200403KS2847298832598','2020-04-05','CA',426.46);
-- ------- SAMPLE 849 ----------
INSERT INTO GUEST VALUES(1849,'Erminia','Eckard','EEckard@gmail.com','1234 DaWrong Lane','Flonkerton','MD','12345','902-470-3301');
INSERT INTO RESERVATION VALUES ('20191214QS5587651609498',1849,103,'QS','2019-12-14','2019-12-19',null,'complete');
INSERT INTO INVOICECHARGE VALUES ('20191214QS5587651609498-ch00001','20191214QS5587651609498','2019-12-14',586.38,'Base room charge');
INSERT INTO PAYMENT VALUES ('20191214QS5587651609498-p00001','20191214QS5587651609498','2019-12-16','CC',586.38,'Erminia Eckard','3417552895765487',9,2024,788,'Mastercard');
-- ------- SAMPLE 850 ----------
INSERT INTO GUEST VALUES(1850,'Deangelo','Deloera','DDeloera@yahoo.com','1234 DaWrong Lane','Flonkerton','MD','12345','777-351-6084');
INSERT INTO RESERVATION VALUES ('20200930KS7558696127019',1850,null,'KS','2020-09-30','2020-10-03',null,'active');
INSERT INTO INVOICECHARGE VALUES ('20200930KS7558696127019-ch00001','20200930KS7558696127019','2020-09-30',211.1,'Base room charge');
INSERT INTO INVOICECHARGE VALUES ('20200930KS7558696127019-ch00002','20200930KS7558696127019','2020-09-30',108.75,'Cleaning fee');
INSERT INTO PAYMENT VALUES ('20200930KS7558696127019-p00001','20200930KS7558696127019','2020-10-02','CC',232,'Deangelo Deloera','9435043327494614',2,2026,669,'Mastercard');
-- ------- SAMPLE 851 ----------
INSERT INTO GUEST VALUES(1851,'Vicky','Vanderhoff','VVanderhoff@gmail.com','1234 DaWrong Lane','Flonkerton','MD','12345','836-515-3575');
INSERT INTO RESERVATION VALUES ('20191012KS2028041796388',1851,102,'KS','2019-10-12','2019-10-16',null,'complete');
INSERT INTO INVOICECHARGE VALUES ('20191012KS2028041796388-ch00001','20191012KS2028041796388','2019-10-12',281.46,'Base room charge');
INSERT INTO INVOICECHARGE VALUES ('20191012KS2028041796388-ch00002','20191012KS2028041796388','2019-10-12',145,'Room Service');
INSERT INTO PAYMENT VALUES ('20191012KS2028041796388-p00001','20191012KS2028041796388','2019-10-14','CC',426.46,'Vicky Vanderhoff','8051818461898727',5,2026,221,'Mastercard');
-- ------- SAMPLE 852 ----------
INSERT INTO GUEST VALUES(1852,'Kathern','Korn','KKorn@gmail.com','1234 DaWrong Lane','Flonkerton','MD','12345','827-923-5729');
INSERT INTO RESERVATION VALUES ('20190310KS8839482545274',1852,201,'KS','2019-03-10','2019-03-11',null,'complete');
INSERT INTO INVOICECHARGE VALUES ('20190310KS8839482545274-ch00001','20190310KS8839482545274','2019-03-10',106.61,'Base room charge');
INSERT INTO PAYMENT VALUES ('20190310KS8839482545274-p00001','20190310KS8839482545274','2019-03-12','CC',106.61,'Kathern Korn','1496344785667699',12,2022,752,'Mastercard');
-- ------- SAMPLE 853 ----------
INSERT INTO GUEST VALUES(1853,'Natalia','Nowacki','NNowacki@yahoo.com','1234 DaWrong Lane','Flonkerton','MD','12345','036-506-1823');
INSERT INTO RESERVATION VALUES ('20190107QD7146509042746',1853,200,'QD','2019-01-07','2019-01-12',null,'complete');
INSERT INTO INVOICECHARGE VALUES ('20190107QD7146509042746-ch00001','20190107QD7146509042746','2019-01-07',479.76,'Base room charge');
INSERT INTO PAYMENT VALUES ('20190107QD7146509042746-p00001','20190107QD7146509042746','2019-01-09','CC',479.76,'Natalia Nowacki','3447943622904186',1,2022,554,'Mastercard');
-- ------- SAMPLE 854 ----------
INSERT INTO GUEST VALUES(1854,'Antwan','Albury','AAlbury@gmail.com','1234 DaWrong Lane','Flonkerton','MD','12345','103-416-8100');
INSERT INTO RESERVATION VALUES ('20180808QD6441060288520',1854,205,'QD','2018-08-08','2018-08-11',null,'complete');
INSERT INTO INVOICECHARGE VALUES ('20180808QD6441060288520-ch00001','20180808QD6441060288520','2018-08-08',189.98,'Base room charge');
INSERT INTO INVOICECHARGE VALUES ('20180808QD6441060288520-ch00002','20180808QD6441060288520','2018-08-08',97.87,'Cleaning fee');
INSERT INTO PAYMENT VALUES ('20180808QD6441060288520-p00001','20180808QD6441060288520','2018-08-10','CC',287.86,'Antwan Albury','7777240315446017',11,2021,815,'Mastercard');
-- ------- SAMPLE 855 ----------
INSERT INTO GUEST VALUES(1855,'Leanora','Locke','LLocke@hotmail.com','1234 DaWrong Lane','Flonkerton','MD','12345','003-800-2978');
INSERT INTO RESERVATION VALUES ('20200426KS1607203334879',1855,206,'KS','2020-04-26','2020-05-01',null,'complete');
INSERT INTO INVOICECHARGE VALUES ('20200426KS1607203334879-ch00001','20200426KS1607203334879','2020-04-26',533.07,'Base room charge');
INSERT INTO PAYMENT VALUES ('20200426KS1607203334879-p00001','20200426KS1607203334879','2020-04-28','CC',533.07,'Leanora Locke','7894790462429439',9,2021,538,'Mastercard');
-- ------- SAMPLE 856 ----------
INSERT INTO GUEST VALUES(1856,'Ceola','Carasco','CCarasco@gmail.com','1234 DaWrong Lane','Flonkerton','MD','12345','686-508-4050');
INSERT INTO RESERVATION VALUES ('20201015KJ9722608420608',1856,null,'KJ','2020-10-15','2020-10-16',null,'active');
INSERT INTO INVOICECHARGE VALUES ('20201015KJ9722608420608-ch00001','20201015KJ9722608420608','2020-10-15',91.48,'Base room charge');
INSERT INTO INVOICECHARGE VALUES ('20201015KJ9722608420608-ch00002','20201015KJ9722608420608','2020-10-15',47.12,'Room Service');
INSERT INTO PAYMENT (payment_id,invoice_id,payment_date,payment_type,payment_amount) VALUES ('20201015KJ9722608420608-p00001','20201015KJ9722608420608','2020-10-17','CA',138.6);
-- ------- SAMPLE 857 ----------
INSERT INTO GUEST VALUES(1857,'Delora','Delph','DDelph@yahoo.com','1234 DaWrong Lane','Flonkerton','MD','12345','880-912-5712');
INSERT INTO RESERVATION VALUES ('20201017KJ7225036192777',1857,null,'KJ','2020-10-17','2020-10-18',null,'active');
-- ------- SAMPLE 858 ----------
INSERT INTO GUEST VALUES(1858,'Daron','Dycus','DDycus@hotmail.com','1234 DaWrong Lane','Flonkerton','MD','12345','797-724-5686');
INSERT INTO RESERVATION VALUES ('20190517QD6158193933921',1858,106,'QD','2019-05-17','2019-05-20',null,'complete');
INSERT INTO INVOICECHARGE VALUES ('20190517QD6158193933921-ch00001','20190517QD6158193933921','2019-05-17',189.98,'Base room charge');
INSERT INTO INVOICECHARGE VALUES ('20190517QD6158193933921-ch00002','20190517QD6158193933921','2019-05-17',97.87,'Room Service');
INSERT INTO PAYMENT VALUES ('20190517QD6158193933921-p00001','20190517QD6158193933921','2019-05-19','CC',287.86,'Daron Dycus','1038683947751169',10,2023,816,'Mastercard');
-- ------- SAMPLE 859 ----------
INSERT INTO GUEST VALUES(1859,'Malia','Molden','MMolden@yahoo.com','1234 DaWrong Lane','Flonkerton','MD','12345','253-019-1875');
INSERT INTO RESERVATION VALUES ('20190604QS6535552413345',1859,202,'QS','2019-06-04','2019-06-07',null,'complete');
INSERT INTO INVOICECHARGE VALUES ('20190604QS6535552413345-ch00001','20190604QS6535552413345','2019-06-04',232.21,'Base room charge');
INSERT INTO INVOICECHARGE VALUES ('20190604QS6535552413345-ch00002','20190604QS6535552413345','2019-06-04',119.62,'Cleaning fee');
INSERT INTO PAYMENT (payment_id,invoice_id,payment_date,payment_type,payment_amount) VALUES ('20190604QS6535552413345-p00001','20190604QS6535552413345','2019-06-06','CA',351.83);
-- ------- SAMPLE 860 ----------
INSERT INTO GUEST VALUES(1860,'Linwood','Layden','LLayden@gmail.com','1234 DaWrong Lane','Flonkerton','MD','12345','418-120-6903');
INSERT INTO RESERVATION VALUES ('20180928QS3189213533330',1860,108,'QS','2018-09-28','2018-09-29',null,'complete');
INSERT INTO INVOICECHARGE VALUES ('20180928QS3189213533330-ch00001','20180928QS3189213533330','2018-09-28',77.4,'Base room charge');
INSERT INTO INVOICECHARGE VALUES ('20180928QS3189213533330-ch00002','20180928QS3189213533330','2018-09-28',39.87,'Room Service');
INSERT INTO PAYMENT VALUES ('20180928QS3189213533330-p00001','20180928QS3189213533330','2018-09-30','CC',117.28,'Linwood Layden','4241493795293909',5,2023,225,'Mastercard');
-- ------- SAMPLE 861 ----------
INSERT INTO GUEST VALUES(1861,'Shenna','Salmi','SSalmi@gmail.com','1234 DaWrong Lane','Flonkerton','MD','12345','957-440-7214');
INSERT INTO RESERVATION VALUES ('20190320KJ6041920246273',1861,114,'KJ','2019-03-20','2019-03-24',null,'complete');
INSERT INTO INVOICECHARGE VALUES ('20190320KJ6041920246273-ch00001','20190320KJ6041920246273','2019-03-20',365.91,'Base room charge');
INSERT INTO INVOICECHARGE VALUES ('20190320KJ6041920246273-ch00002','20190320KJ6041920246273','2019-03-20',188.5,'Cleaning fee');
INSERT INTO PAYMENT VALUES ('20190320KJ6041920246273-p00001','20190320KJ6041920246273','2019-03-22','CC',554.41,'Shenna Salmi','3993391163569564',6,2026,829,'Mastercard');
-- ------- SAMPLE 862 ----------
INSERT INTO GUEST VALUES(1862,'Lorean','Loden','LLoden@gmail.com','1234 DaWrong Lane','Flonkerton','MD','12345','533-394-5158');
INSERT INTO RESERVATION VALUES ('20200930KI8599927497232',1862,null,'KI','2020-09-30','2020-10-01',null,'active');
-- ------- SAMPLE 863 ----------
INSERT INTO GUEST VALUES(1863,'Asa','Allan','AAllan@hotmail.com','1234 DaWrong Lane','Flonkerton','MD','12345','150-659-9983');
INSERT INTO RESERVATION VALUES ('20180707KI9558192493002',1863,209,'KI','2018-07-07','2018-07-09',null,'cancelled');
INSERT INTO INVOICECHARGE VALUES ('20180707KI9558192493002-ch00001','20180707KI9558192493002','2018-07-07',170.58,'Base room charge');
INSERT INTO PAYMENT VALUES ('20180707KI9558192493002-p00001','20180707KI9558192493002','2018-07-09','CC',170.58,'Asa Allan','9975184770050604',3,2021,295,'Mastercard');
-- ------- SAMPLE 864 ----------
INSERT INTO GUEST VALUES(1864,'Major','Meng','MMeng@gmail.com','1234 DaWrong Lane','Flonkerton','MD','12345','762-599-4799');
INSERT INTO RESERVATION VALUES ('20201114KS2579313668775',1864,null,'KS','2020-11-14','2020-11-19',null,'cancelled');
-- ------- SAMPLE 865 ----------
INSERT INTO GUEST VALUES(1865,'Jeanene','Jacobo','JJacobo@hotmail.com','1234 DaWrong Lane','Flonkerton','MD','12345','846-018-4046');
INSERT INTO RESERVATION VALUES ('20190403KI4745991691762',1865,204,'KI','2019-04-03','2019-04-08',null,'complete');
INSERT INTO INVOICECHARGE VALUES ('20190403KI4745991691762-ch00001','20190403KI4745991691762','2019-04-03',426.45,'Base room charge');
INSERT INTO PAYMENT VALUES ('20190403KI4745991691762-p00001','20190403KI4745991691762','2019-04-05','CC',426.45,'Jeanene Jacobo','9323744296779113',12,2026,818,'Mastercard');
-- ------- SAMPLE 866 ----------
INSERT INTO GUEST VALUES(1866,'Aretha','Acy','AAcy@yahoo.com','1234 DaWrong Lane','Flonkerton','MD','12345','476-540-2645');
INSERT INTO RESERVATION VALUES ('20200901KS8971231976060',1866,null,'KS','2020-09-01','2020-09-06',null,'active');
-- ------- SAMPLE 867 ----------
INSERT INTO GUEST VALUES(1867,'Deandre','Defore','DDefore@yahoo.com','1234 DaWrong Lane','Flonkerton','MD','12345','976-658-6478');
INSERT INTO RESERVATION VALUES ('20181228KS5344024008622',1867,102,'KS','2018-12-28','2018-12-30',null,'complete');
INSERT INTO INVOICECHARGE VALUES ('20181228KS5344024008622-ch00001','20181228KS5344024008622','2018-12-28',213.23,'Base room charge');
INSERT INTO PAYMENT VALUES ('20181228KS5344024008622-p00001','20181228KS5344024008622','2018-12-30','CC',213.23,'Deandre Defore','7832580536391732',11,2027,938,'Mastercard');
-- ------- SAMPLE 868 ----------
INSERT INTO GUEST VALUES(1868,'Irma','Irby','IIrby@gmail.com','1234 DaWrong Lane','Flonkerton','MD','12345','457-969-7943');
INSERT INTO RESERVATION VALUES ('20210124KJ7742724167801',1868,null,'KJ','2021-01-24','2021-01-27',null,'active');
INSERT INTO INVOICECHARGE VALUES ('20210124KJ7742724167801-ch00001','20210124KJ7742724167801','2021-01-24',415.81,'Base room charge');
INSERT INTO PAYMENT VALUES ('20210124KJ7742724167801-p00001','20210124KJ7742724167801','2021-01-26','CC',313,'Irma Irby','8405414273860114',12,2026,858,'Mastercard');
-- ------- SAMPLE 869 ----------
INSERT INTO GUEST VALUES(1869,'Christine','Ciampa','CCiampa@hotmail.com','1234 DaWrong Lane','Flonkerton','MD','12345','910-238-2521');
INSERT INTO RESERVATION VALUES ('20200923KI2099261726618',1869,null,'KI','2020-09-23','2020-09-28',null,'active');
-- ------- SAMPLE 870 ----------
INSERT INTO GUEST VALUES(1870,'Jenna','Jesse','JJesse@yahoo.com','1234 DaWrong Lane','Flonkerton','MD','12345','602-657-9664');
INSERT INTO RESERVATION VALUES ('20201123QS1536682581149',1870,null,'QS','2020-11-23','2020-11-24',null,'active');
INSERT INTO INVOICECHARGE VALUES ('20201123QS1536682581149-ch00001','20201123QS1536682581149','2020-11-23',77.4,'Base room charge');
INSERT INTO INVOICECHARGE VALUES ('20201123QS1536682581149-ch00002','20201123QS1536682581149','2020-11-23',39.87,'Room Service');
INSERT INTO PAYMENT VALUES ('20201123QS1536682581149-p00001','20201123QS1536682581149','2020-11-25','CC',60,'Jenna Jesse','7176781027423994',7,2026,782,'Mastercard');
-- ------- SAMPLE 871 ----------
INSERT INTO GUEST VALUES(1871,'Fredericka','Farney','FFarney@hotmail.com','1234 DaWrong Lane','Flonkerton','MD','12345','861-816-2614');
INSERT INTO RESERVATION VALUES ('20210124KJ8151438240125',1871,null,'KJ','2021-01-24','2021-01-29',null,'active');
INSERT INTO INVOICECHARGE VALUES ('20210124KJ8151438240125-ch00001','20210124KJ8151438240125','2021-01-24',457.39,'Base room charge');
INSERT INTO INVOICECHARGE VALUES ('20210124KJ8151438240125-ch00002','20210124KJ8151438240125','2021-01-24',235.62,'Cleaning fee');
INSERT INTO PAYMENT VALUES ('20210124KJ8151438240125-p00001','20210124KJ8151438240125','2021-01-26','CC',565,'Fredericka Farney','2135326989776239',5,2022,752,'Mastercard');
-- ------- SAMPLE 872 ----------
INSERT INTO GUEST VALUES(1872,'Sherrie','Stultz','SStultz@yahoo.com','1234 DaWrong Lane','Flonkerton','MD','12345','937-800-6672');
INSERT INTO RESERVATION VALUES ('20210125QD3474578097054',1872,null,'QD','2021-01-25','2021-01-29',null,'active');
-- ------- SAMPLE 873 ----------
INSERT INTO GUEST VALUES(1873,'Kathey','Kingston','KKingston@yahoo.com','1234 DaWrong Lane','Flonkerton','MD','12345','974-318-2084');
INSERT INTO RESERVATION VALUES ('20190430KJ2176360136535',1873,104,'KJ','2019-04-30','2019-05-04',null,'complete');
INSERT INTO INVOICECHARGE VALUES ('20190430KJ2176360136535-ch00001','20190430KJ2176360136535','2019-04-30',365.91,'Base room charge');
INSERT INTO INVOICECHARGE VALUES ('20190430KJ2176360136535-ch00002','20190430KJ2176360136535','2019-04-30',188.5,'Room Service');
INSERT INTO PAYMENT VALUES ('20190430KJ2176360136535-p00001','20190430KJ2176360136535','2019-05-02','CC',554.41,'Kathey Kingston','7889220548691590',4,2027,503,'Mastercard');
-- ------- SAMPLE 874 ----------
INSERT INTO GUEST VALUES(1874,'Vicky','Vanderhoff','VVanderhoff@hotmail.com','1234 DaWrong Lane','Flonkerton','MD','12345','986-491-8725');
INSERT INTO RESERVATION VALUES ('20190416QD7759654108700',1874,101,'QD','2019-04-16','2019-04-18',null,'complete');
INSERT INTO INVOICECHARGE VALUES ('20190416QD7759654108700-ch00001','20190416QD7759654108700','2019-04-16',191.9,'Base room charge');
INSERT INTO PAYMENT VALUES ('20190416QD7759654108700-p00001','20190416QD7759654108700','2019-04-18','CC',191.9,'Vicky Vanderhoff','1412186108180076',10,2021,782,'Mastercard');
-- ------- SAMPLE 875 ----------
INSERT INTO GUEST VALUES(1875,'Irma','Irby','IIrby@hotmail.com','1234 DaWrong Lane','Flonkerton','MD','12345','321-277-0462');
INSERT INTO RESERVATION VALUES ('20190806KI7888900658716',1875,204,'KI','2019-08-06','2019-08-08',null,'complete');
INSERT INTO INVOICECHARGE VALUES ('20190806KI7888900658716-ch00001','20190806KI7888900658716','2019-08-06',112.58,'Base room charge');
INSERT INTO INVOICECHARGE VALUES ('20190806KI7888900658716-ch00002','20190806KI7888900658716','2019-08-06',58,'Cleaning fee');
INSERT INTO PAYMENT (payment_id,invoice_id,payment_date,payment_type,payment_amount) VALUES ('20190806KI7888900658716-p00001','20190806KI7888900658716','2019-08-08','CA',170.58);
-- ------- SAMPLE 876 ----------
INSERT INTO GUEST VALUES(1876,'Rick','Ritenour','RRitenour@gmail.com','1234 DaWrong Lane','Flonkerton','MD','12345','052-787-4775');
INSERT INTO RESERVATION VALUES ('20200316KI5890034023915',1876,209,'KI','2020-03-16','2020-03-21',null,'complete');
INSERT INTO INVOICECHARGE VALUES ('20200316KI5890034023915-ch00001','20200316KI5890034023915','2020-03-16',281.45,'Base room charge');
INSERT INTO INVOICECHARGE VALUES ('20200316KI5890034023915-ch00002','20200316KI5890034023915','2020-03-16',144.99,'Cleaning fee');
INSERT INTO PAYMENT VALUES ('20200316KI5890034023915-p00001','20200316KI5890034023915','2020-03-18','CC',426.45,'Rick Ritenour','1838421289974336',2,2027,314,'Mastercard');
-- ------- SAMPLE 877 ----------
INSERT INTO GUEST VALUES(1877,'Rickie','Redfern','RRedfern@yahoo.com','1234 DaWrong Lane','Flonkerton','MD','12345','393-193-6726');
INSERT INTO RESERVATION VALUES ('20200722QD3935034952241',1877,null,'QD','2020-07-22','2020-07-25',null,'active');
-- ------- SAMPLE 878 ----------
INSERT INTO GUEST VALUES(1878,'Delsie','Dunstan','DDunstan@hotmail.com','1234 DaWrong Lane','Flonkerton','MD','12345','935-497-2149');
INSERT INTO RESERVATION VALUES ('20190801QS3942888320082',1878,207,'QS','2019-08-01','2019-08-06',null,'complete');
INSERT INTO INVOICECHARGE VALUES ('20190801QS3942888320082-ch00001','20190801QS3942888320082','2019-08-01',586.38,'Base room charge');
INSERT INTO PAYMENT VALUES ('20190801QS3942888320082-p00001','20190801QS3942888320082','2019-08-03','CC',586.38,'Delsie Dunstan','4804014162131658',2,2023,54,'Mastercard');
-- ------- SAMPLE 879 ----------
INSERT INTO GUEST VALUES(1879,'Marcelino','Meisner','MMeisner@gmail.com','1234 DaWrong Lane','Flonkerton','MD','12345','236-827-8843');
INSERT INTO RESERVATION VALUES ('20190907QS3602569669958',1879,202,'QS','2019-09-07','2019-09-12',null,'complete');
INSERT INTO INVOICECHARGE VALUES ('20190907QS3602569669958-ch00001','20190907QS3602569669958','2019-09-07',586.38,'Base room charge');
INSERT INTO PAYMENT (payment_id,invoice_id,payment_date,payment_type,payment_amount) VALUES ('20190907QS3602569669958-p00001','20190907QS3602569669958','2019-09-09','CA',586.38);
-- ------- SAMPLE 880 ----------
INSERT INTO GUEST VALUES(1880,'Walker','Weatherhead','WWeatherhead@hotmail.com','1234 DaWrong Lane','Flonkerton','MD','12345','902-891-0538');
INSERT INTO RESERVATION VALUES ('20190208KI7222496310297',1880,110,'KI','2019-02-08','2019-02-13',null,'complete');
INSERT INTO INVOICECHARGE VALUES ('20190208KI7222496310297-ch00001','20190208KI7222496310297','2019-02-08',281.45,'Base room charge');
INSERT INTO INVOICECHARGE VALUES ('20190208KI7222496310297-ch00002','20190208KI7222496310297','2019-02-08',144.99,'Room Service');
INSERT INTO PAYMENT VALUES ('20190208KI7222496310297-p00001','20190208KI7222496310297','2019-02-10','CC',426.45,'Walker Weatherhead','3345417607158647',4,2022,685,'Mastercard');
-- ------- SAMPLE 881 ----------
INSERT INTO GUEST VALUES(1881,'Melaine','Miskell','MMiskell@hotmail.com','1234 DaWrong Lane','Flonkerton','MD','12345','090-568-9733');
INSERT INTO RESERVATION VALUES ('20180520QD5051205941419',1881,200,'QD','2018-05-20','2018-05-23',null,'complete');
INSERT INTO INVOICECHARGE VALUES ('20180520QD5051205941419-ch00001','20180520QD5051205941419','2018-05-20',287.86,'Base room charge');
INSERT INTO PAYMENT (payment_id,invoice_id,payment_date,payment_type,payment_amount) VALUES ('20180520QD5051205941419-p00001','20180520QD5051205941419','2018-05-22','CA',287.86);
-- ------- SAMPLE 882 ----------
INSERT INTO GUEST VALUES(1882,'Ngan','Nalley','NNalley@hotmail.com','1234 DaWrong Lane','Flonkerton','MD','12345','436-237-4556');
INSERT INTO RESERVATION VALUES ('20180523KI3555680320402',1882,110,'KI','2018-05-23','2018-05-28',null,'complete');
INSERT INTO INVOICECHARGE VALUES ('20180523KI3555680320402-ch00001','20180523KI3555680320402','2018-05-23',426.45,'Base room charge');
INSERT INTO PAYMENT VALUES ('20180523KI3555680320402-p00001','20180523KI3555680320402','2018-05-25','CC',426.45,'Ngan Nalley','8466148284125398',8,2023,60,'Mastercard');
-- ------- SAMPLE 883 ----------
INSERT INTO GUEST VALUES(1883,'Fredericka','Farney','FFarney@hotmail.com','1234 DaWrong Lane','Flonkerton','MD','12345','723-121-7397');
INSERT INTO RESERVATION VALUES ('20200205KJ7230439626509',1883,208,'KJ','2020-02-05','2020-02-07',null,'complete');
INSERT INTO INVOICECHARGE VALUES ('20200205KJ7230439626509-ch00001','20200205KJ7230439626509','2020-02-05',182.95,'Base room charge');
INSERT INTO INVOICECHARGE VALUES ('20200205KJ7230439626509-ch00002','20200205KJ7230439626509','2020-02-05',94.25,'Room Service');
INSERT INTO PAYMENT VALUES ('20200205KJ7230439626509-p00001','20200205KJ7230439626509','2020-02-07','CC',277.2,'Fredericka Farney','4253145356376462',2,2025,240,'Mastercard');
-- ------- SAMPLE 884 ----------
INSERT INTO GUEST VALUES(1884,'Collin','Chaparro','CChaparro@gmail.com','1234 DaWrong Lane','Flonkerton','MD','12345','496-953-0665');
INSERT INTO RESERVATION VALUES ('20200916KJ3463648867332',1884,null,'KJ','2020-09-16','2020-09-17',null,'cancelled');
INSERT INTO INVOICECHARGE VALUES ('20200916KJ3463648867332-ch00001','20200916KJ3463648867332','2020-09-16',138.6,'Base room charge');
INSERT INTO PAYMENT VALUES ('20200916KJ3463648867332-p00001','20200916KJ3463648867332','2020-09-18','CC',96,'Collin Chaparro','1582053705629177',6,2024,222,'Mastercard');
-- ------- SAMPLE 885 ----------
INSERT INTO GUEST VALUES(1885,'Hanna','Hastie','HHastie@yahoo.com','1234 DaWrong Lane','Flonkerton','MD','12345','363-109-2824');
INSERT INTO RESERVATION VALUES ('20190725KJ1558851580957',1885,109,'KJ','2019-07-25','2019-07-29',null,'complete');
INSERT INTO INVOICECHARGE VALUES ('20190725KJ1558851580957-ch00001','20190725KJ1558851580957','2019-07-25',365.91,'Base room charge');
INSERT INTO INVOICECHARGE VALUES ('20190725KJ1558851580957-ch00002','20190725KJ1558851580957','2019-07-25',188.5,'Room Service');
INSERT INTO PAYMENT VALUES ('20190725KJ1558851580957-p00001','20190725KJ1558851580957','2019-07-27','CC',554.41,'Hanna Hastie','7427589387626808',12,2026,913,'Mastercard');
-- ------- SAMPLE 886 ----------
INSERT INTO GUEST VALUES(1886,'Leonore','Losh','LLosh@gmail.com','1234 DaWrong Lane','Flonkerton','MD','12345','938-887-4329');
INSERT INTO RESERVATION VALUES ('20190823QD7191526190192',1886,101,'QD','2019-08-23','2019-08-24',null,'complete');
INSERT INTO INVOICECHARGE VALUES ('20190823QD7191526190192-ch00001','20190823QD7191526190192','2019-08-23',63.33,'Base room charge');
INSERT INTO INVOICECHARGE VALUES ('20190823QD7191526190192-ch00002','20190823QD7191526190192','2019-08-23',32.62,'Room Service');
INSERT INTO PAYMENT VALUES ('20190823QD7191526190192-p00001','20190823QD7191526190192','2019-08-25','CC',95.95,'Leonore Losh','4495311610061609',11,2026,368,'Mastercard');
-- ------- SAMPLE 887 ----------
INSERT INTO GUEST VALUES(1887,'Antwan','Albury','AAlbury@gmail.com','1234 DaWrong Lane','Flonkerton','MD','12345','128-119-4386');
INSERT INTO RESERVATION VALUES ('20200614KJ2301833208741',1887,null,'KJ','2020-06-14','2020-06-17',null,'active');
-- ------- SAMPLE 888 ----------
INSERT INTO GUEST VALUES(1888,'Elfriede','Esslinger','EEsslinger@hotmail.com','1234 DaWrong Lane','Flonkerton','MD','12345','925-420-7745');
INSERT INTO RESERVATION VALUES ('20200519QD6044548691815',1888,null,'QD','2020-05-19','2020-05-23',null,'active');
INSERT INTO INVOICECHARGE VALUES ('20200519QD6044548691815-ch00001','20200519QD6044548691815','2020-05-19',383.81,'Base room charge');
INSERT INTO PAYMENT (payment_id,invoice_id,payment_date,payment_type,payment_amount) VALUES ('20200519QD6044548691815-p00001','20200519QD6044548691815','2020-05-21','CA',383.81);
-- ------- SAMPLE 889 ----------
INSERT INTO GUEST VALUES(1889,'Yuette','Yetman','YYetman@gmail.com','1234 DaWrong Lane','Flonkerton','MD','12345','975-710-9605');
INSERT INTO RESERVATION VALUES ('20200201QS8846373454436',1889,108,'QS','2020-02-01','2020-02-02',null,'complete');
INSERT INTO INVOICECHARGE VALUES ('20200201QS8846373454436-ch00001','20200201QS8846373454436','2020-02-01',77.4,'Base room charge');
INSERT INTO INVOICECHARGE VALUES ('20200201QS8846373454436-ch00002','20200201QS8846373454436','2020-02-01',39.87,'Cleaning fee');
INSERT INTO PAYMENT VALUES ('20200201QS8846373454436-p00001','20200201QS8846373454436','2020-02-03','CC',117.28,'Yuette Yetman','3599718435291918',1,2024,985,'Mastercard');
-- ------- SAMPLE 890 ----------
INSERT INTO GUEST VALUES(1890,'Heather','Hartin','HHartin@yahoo.com','1234 DaWrong Lane','Flonkerton','MD','12345','037-279-3484');
INSERT INTO RESERVATION VALUES ('20210323KI9748230266847',1890,null,'KI','2021-03-23','2021-03-26',null,'active');
INSERT INTO INVOICECHARGE VALUES ('20210323KI9748230266847-ch00001','20210323KI9748230266847','2021-03-23',168.87,'Base room charge');
INSERT INTO INVOICECHARGE VALUES ('20210323KI9748230266847-ch00002','20210323KI9748230266847','2021-03-23',87,'Cleaning fee');
INSERT INTO PAYMENT (payment_id,invoice_id,payment_date,payment_type,payment_amount) VALUES ('20210323KI9748230266847-p00001','20210323KI9748230266847','2021-03-25','CA',162);
-- ------- SAMPLE 891 ----------
INSERT INTO GUEST VALUES(1891,'Bell','Belizaire','BBelizaire@hotmail.com','1234 DaWrong Lane','Flonkerton','MD','12345','252-495-9113');
INSERT INTO RESERVATION VALUES ('20210111KS6480612734308',1891,null,'KS','2021-01-11','2021-01-13',null,'active');
INSERT INTO INVOICECHARGE VALUES ('20210111KS6480612734308-ch00001','20210111KS6480612734308','2021-01-11',140.73,'Base room charge');
INSERT INTO INVOICECHARGE VALUES ('20210111KS6480612734308-ch00002','20210111KS6480612734308','2021-01-11',72.5,'Room Service');
INSERT INTO PAYMENT VALUES ('20210111KS6480612734308-p00001','20210111KS6480612734308','2021-01-13','CC',213.23,'Bell Belizaire','2411843520912387',2,2024,872,'Mastercard');
-- ------- SAMPLE 892 ----------
INSERT INTO GUEST VALUES(1892,'Missy','Mcclintock','MMcclintock@gmail.com','1234 DaWrong Lane','Flonkerton','MD','12345','152-871-1537');
INSERT INTO RESERVATION VALUES ('20191205KS7881301732975',1892,102,'KS','2019-12-05','2019-12-06',null,'complete');
INSERT INTO INVOICECHARGE VALUES ('20191205KS7881301732975-ch00001','20191205KS7881301732975','2019-12-05',70.37,'Base room charge');
INSERT INTO INVOICECHARGE VALUES ('20191205KS7881301732975-ch00002','20191205KS7881301732975','2019-12-05',36.25,'Cleaning fee');
INSERT INTO PAYMENT VALUES ('20191205KS7881301732975-p00001','20191205KS7881301732975','2019-12-07','CC',106.61,'Missy Mcclintock','6048805844916015',4,2025,922,'Mastercard');
-- ------- SAMPLE 893 ----------
INSERT INTO GUEST VALUES(1893,'Demarcus','Dearborn','DDearborn@yahoo.com','1234 DaWrong Lane','Flonkerton','MD','12345','856-757-8227');
INSERT INTO RESERVATION VALUES ('20200113QD1687673523372',1893,200,'QD','2020-01-13','2020-01-17',null,'complete');
INSERT INTO INVOICECHARGE VALUES ('20200113QD1687673523372-ch00001','20200113QD1687673523372','2020-01-13',383.81,'Base room charge');
INSERT INTO PAYMENT VALUES ('20200113QD1687673523372-p00001','20200113QD1687673523372','2020-01-15','CC',383.81,'Demarcus Dearborn','2032142269189418',4,2022,132,'Mastercard');
-- ------- SAMPLE 894 ----------
INSERT INTO GUEST VALUES(1894,'Dorothea','Dipaolo','DDipaolo@hotmail.com','1234 DaWrong Lane','Flonkerton','MD','12345','743-566-8338');
INSERT INTO RESERVATION VALUES ('20200829KI9994696661340',1894,null,'KI','2020-08-29','2020-09-03',null,'active');
INSERT INTO INVOICECHARGE VALUES ('20200829KI9994696661340-ch00001','20200829KI9994696661340','2020-08-29',426.45,'Base room charge');
INSERT INTO PAYMENT VALUES ('20200829KI9994696661340-p00001','20200829KI9994696661340','2020-08-31','CC',426.45,'Dorothea Dipaolo','4281811229604515',10,2024,225,'Mastercard');
-- ------- SAMPLE 895 ----------
INSERT INTO GUEST VALUES(1895,'Kasey','Kipp','KKipp@gmail.com','1234 DaWrong Lane','Flonkerton','MD','12345','011-290-9216');
INSERT INTO RESERVATION VALUES ('20200413KS6004115833760',1895,107,'KS','2020-04-13','2020-04-16',null,'complete');
INSERT INTO INVOICECHARGE VALUES ('20200413KS6004115833760-ch00001','20200413KS6004115833760','2020-04-13',211.1,'Base room charge');
INSERT INTO INVOICECHARGE VALUES ('20200413KS6004115833760-ch00002','20200413KS6004115833760','2020-04-13',108.75,'Cleaning fee');
INSERT INTO PAYMENT (payment_id,invoice_id,payment_date,payment_type,payment_amount) VALUES ('20200413KS6004115833760-p00001','20200413KS6004115833760','2020-04-15','CA',319.84);
-- ------- SAMPLE 896 ----------
INSERT INTO GUEST VALUES(1896,'Lincoln','Lattea','LLattea@hotmail.com','1234 DaWrong Lane','Flonkerton','MD','12345','939-608-4920');
INSERT INTO RESERVATION VALUES ('20190730QS9954280502704',1896,103,'QS','2019-07-30','2019-08-01',null,'complete');
INSERT INTO INVOICECHARGE VALUES ('20190730QS9954280502704-ch00001','20190730QS9954280502704','2019-07-30',154.81,'Base room charge');
INSERT INTO INVOICECHARGE VALUES ('20190730QS9954280502704-ch00002','20190730QS9954280502704','2019-07-30',79.75,'Room Service');
INSERT INTO PAYMENT VALUES ('20190730QS9954280502704-p00001','20190730QS9954280502704','2019-08-01','CC',234.55,'Lincoln Lattea','8262248695797509',6,2023,3,'Mastercard');
-- ------- SAMPLE 897 ----------
INSERT INTO GUEST VALUES(1897,'Bessie','Buhler','BBuhler@gmail.com','1234 DaWrong Lane','Flonkerton','MD','12345','873-514-3928');
INSERT INTO RESERVATION VALUES ('20190923KJ9120916635159',1897,203,'KJ','2019-09-23','2019-09-28',null,'cancelled');
INSERT INTO INVOICECHARGE VALUES ('20190923KJ9120916635159-ch00001','20190923KJ9120916635159','2019-09-23',457.39,'Base room charge');
INSERT INTO INVOICECHARGE VALUES ('20190923KJ9120916635159-ch00002','20190923KJ9120916635159','2019-09-23',235.62,'Cleaning fee');
INSERT INTO PAYMENT (payment_id,invoice_id,payment_date,payment_type,payment_amount) VALUES ('20190923KJ9120916635159-p00001','20190923KJ9120916635159','2019-09-25','CA',693.01);
-- ------- SAMPLE 898 ----------
INSERT INTO GUEST VALUES(1898,'Theodora','Trickey','TTrickey@yahoo.com','1234 DaWrong Lane','Flonkerton','MD','12345','938-068-4410');
INSERT INTO RESERVATION VALUES ('20200214QS5895962003361',1898,118,'QS','2020-02-14','2020-02-17',null,'complete');
INSERT INTO INVOICECHARGE VALUES ('20200214QS5895962003361-ch00001','20200214QS5895962003361','2020-02-14',351.83,'Base room charge');
INSERT INTO PAYMENT VALUES ('20200214QS5895962003361-p00001','20200214QS5895962003361','2020-02-16','CC',351.83,'Theodora Trickey','4007158347205686',5,2026,339,'Mastercard');
-- ------- SAMPLE 899 ----------
INSERT INTO GUEST VALUES(1899,'Buffy','Beattie','BBeattie@hotmail.com','1234 DaWrong Lane','Flonkerton','MD','12345','118-158-7293');
INSERT INTO RESERVATION VALUES ('20191126KJ1837347582505',1899,208,'KJ','2019-11-26','2019-11-30',null,'cancelled');
INSERT INTO INVOICECHARGE VALUES ('20191126KJ1837347582505-ch00001','20191126KJ1837347582505','2019-11-26',554.41,'Base room charge');
INSERT INTO PAYMENT (payment_id,invoice_id,payment_date,payment_type,payment_amount) VALUES ('20191126KJ1837347582505-p00001','20191126KJ1837347582505','2019-11-28','CA',554.41);
-- ------- SAMPLE 900 ----------
INSERT INTO GUEST VALUES(1900,'Freida','Forbis','FForbis@hotmail.com','1234 DaWrong Lane','Flonkerton','MD','12345','897-089-3892');
INSERT INTO RESERVATION VALUES ('20190812QD2520131798168',1900,116,'QD','2019-08-12','2019-08-13',null,'complete');
INSERT INTO INVOICECHARGE VALUES ('20190812QD2520131798168-ch00001','20190812QD2520131798168','2019-08-12',95.95,'Base room charge');
INSERT INTO PAYMENT VALUES ('20190812QD2520131798168-p00001','20190812QD2520131798168','2019-08-14','CC',95.95,'Freida Forbis','5394688950451826',1,2025,830,'Mastercard');
-- ------- SAMPLE 901 ----------
INSERT INTO GUEST VALUES(1901,'Georgianne','Guadarrama','GGuadarrama@hotmail.com','1234 DaWrong Lane','Flonkerton','MD','12345','949-230-6411');
INSERT INTO RESERVATION VALUES ('20190519KJ5054272279599',1901,104,'KJ','2019-05-19','2019-05-23',null,'complete');
INSERT INTO INVOICECHARGE VALUES ('20190519KJ5054272279599-ch00001','20190519KJ5054272279599','2019-05-19',365.91,'Base room charge');
INSERT INTO INVOICECHARGE VALUES ('20190519KJ5054272279599-ch00002','20190519KJ5054272279599','2019-05-19',188.5,'Cleaning fee');
INSERT INTO PAYMENT VALUES ('20190519KJ5054272279599-p00001','20190519KJ5054272279599','2019-05-21','CC',554.41,'Georgianne Guadarrama','1547064580809435',6,2027,939,'Mastercard');
-- ------- SAMPLE 902 ----------
INSERT INTO GUEST VALUES(1902,'Deangelo','Deloera','DDeloera@yahoo.com','1234 DaWrong Lane','Flonkerton','MD','12345','793-154-2194');
INSERT INTO RESERVATION VALUES ('20200127QD2769747161364',1902,200,'QD','2020-01-27','2020-01-28',null,'complete');
INSERT INTO INVOICECHARGE VALUES ('20200127QD2769747161364-ch00001','20200127QD2769747161364','2020-01-27',95.95,'Base room charge');
INSERT INTO PAYMENT (payment_id,invoice_id,payment_date,payment_type,payment_amount) VALUES ('20200127QD2769747161364-p00001','20200127QD2769747161364','2020-01-29','CA',95.95);
-- ------- SAMPLE 903 ----------
INSERT INTO GUEST VALUES(1903,'Shae','Sansom','SSansom@gmail.com','1234 DaWrong Lane','Flonkerton','MD','12345','081-510-7064');
INSERT INTO RESERVATION VALUES ('20200307QS1527384640044',1903,202,'QS','2020-03-07','2020-03-11',null,'complete');
INSERT INTO INVOICECHARGE VALUES ('20200307QS1527384640044-ch00001','20200307QS1527384640044','2020-03-07',351.83,'Base room charge');
INSERT INTO PAYMENT VALUES ('20200307QS1527384640044-p00001','20200307QS1527384640044','2020-03-09','CC',351.83,'Shae Sansom','5749236402139361',1,2023,494,'Mastercard');
-- ------- SAMPLE 904 ----------
INSERT INTO GUEST VALUES(1904,'Demarcus','Dearborn','DDearborn@gmail.com','1234 DaWrong Lane','Flonkerton','MD','12345','891-378-4996');
INSERT INTO RESERVATION VALUES ('20210130QS9633071859551',1904,null,'QS','2021-01-30','2021-02-04',null,'active');
INSERT INTO INVOICECHARGE VALUES ('20210130QS9633071859551-ch00001','20210130QS9633071859551','2021-01-30',387.01,'Base room charge');
INSERT INTO INVOICECHARGE VALUES ('20210130QS9633071859551-ch00002','20210130QS9633071859551','2021-01-30',199.37,'Room Service');
INSERT INTO PAYMENT VALUES ('20210130QS9633071859551-p00001','20210130QS9633071859551','2021-02-01','CC',97,'Demarcus Dearborn','9676396392291397',6,2027,220,'Mastercard');
-- ------- SAMPLE 905 ----------
INSERT INTO GUEST VALUES(1905,'Hedwig','Hinz','HHinz@hotmail.com','1234 DaWrong Lane','Flonkerton','MD','12345','844-913-0914');
INSERT INTO RESERVATION VALUES ('20180910KI4700644925247',1905,204,'KI','2018-09-10','2018-09-15',null,'complete');
INSERT INTO INVOICECHARGE VALUES ('20180910KI4700644925247-ch00001','20180910KI4700644925247','2018-09-10',281.45,'Base room charge');
INSERT INTO INVOICECHARGE VALUES ('20180910KI4700644925247-ch00002','20180910KI4700644925247','2018-09-10',144.99,'Cleaning fee');
INSERT INTO PAYMENT VALUES ('20180910KI4700644925247-p00001','20180910KI4700644925247','2018-09-12','CC',426.45,'Hedwig Hinz','7272582626081735',11,2023,993,'Mastercard');
-- ------- SAMPLE 906 ----------
INSERT INTO GUEST VALUES(1906,'Shandi','Scharf','SScharf@gmail.com','1234 DaWrong Lane','Flonkerton','MD','12345','134-056-6361');
INSERT INTO RESERVATION VALUES ('20180910QD7277997935021',1906,106,'QD','2018-09-10','2018-09-11',null,'complete');
INSERT INTO INVOICECHARGE VALUES ('20180910QD7277997935021-ch00001','20180910QD7277997935021','2018-09-10',95.95,'Base room charge');
INSERT INTO PAYMENT VALUES ('20180910QD7277997935021-p00001','20180910QD7277997935021','2018-09-12','CC',95.95,'Shandi Scharf','4783440096584242',6,2026,512,'Mastercard');
-- ------- SAMPLE 907 ----------
INSERT INTO GUEST VALUES(1907,'Doyle','Dykema','DDykema@hotmail.com','1234 DaWrong Lane','Flonkerton','MD','12345','807-201-5461');
INSERT INTO RESERVATION VALUES ('20191212KS5030328040133',1907,102,'KS','2019-12-12','2019-12-16',null,'complete');
INSERT INTO INVOICECHARGE VALUES ('20191212KS5030328040133-ch00001','20191212KS5030328040133','2019-12-12',281.46,'Base room charge');
INSERT INTO INVOICECHARGE VALUES ('20191212KS5030328040133-ch00002','20191212KS5030328040133','2019-12-12',145,'Cleaning fee');
INSERT INTO PAYMENT VALUES ('20191212KS5030328040133-p00001','20191212KS5030328040133','2019-12-14','CC',426.46,'Doyle Dykema','9245604598357822',9,2021,89,'Mastercard');
-- ------- SAMPLE 908 ----------
INSERT INTO GUEST VALUES(1908,'Shena','Sandoz','SSandoz@yahoo.com','1234 DaWrong Lane','Flonkerton','MD','12345','254-996-6214');
INSERT INTO RESERVATION VALUES ('20200408QS6632865624646',1908,113,'QS','2020-04-08','2020-04-09',null,'complete');
INSERT INTO INVOICECHARGE VALUES ('20200408QS6632865624646-ch00001','20200408QS6632865624646','2020-04-08',77.4,'Base room charge');
INSERT INTO INVOICECHARGE VALUES ('20200408QS6632865624646-ch00002','20200408QS6632865624646','2020-04-08',39.87,'Room Service');
INSERT INTO PAYMENT (payment_id,invoice_id,payment_date,payment_type,payment_amount) VALUES ('20200408QS6632865624646-p00001','20200408QS6632865624646','2020-04-10','CA',117.28);
-- ------- SAMPLE 909 ----------
INSERT INTO GUEST VALUES(1909,'Shae','Sansom','SSansom@gmail.com','1234 DaWrong Lane','Flonkerton','MD','12345','556-884-6101');
INSERT INTO RESERVATION VALUES ('20201227QS9080700341697',1909,null,'QS','2020-12-27','2020-12-31',null,'active');
INSERT INTO INVOICECHARGE VALUES ('20201227QS9080700341697-ch00001','20201227QS9080700341697','2020-12-27',309.61,'Base room charge');
INSERT INTO INVOICECHARGE VALUES ('20201227QS9080700341697-ch00002','20201227QS9080700341697','2020-12-27',159.5,'Room Service');
INSERT INTO PAYMENT VALUES ('20201227QS9080700341697-p00001','20201227QS9080700341697','2020-12-29','CC',469.11,'Shae Sansom','7981603231535772',6,2026,78,'Mastercard');
-- ------- SAMPLE 910 ----------
INSERT INTO GUEST VALUES(1910,'Ella','Evanoff','EEvanoff@gmail.com','1234 DaWrong Lane','Flonkerton','MD','12345','716-775-7933');
INSERT INTO RESERVATION VALUES ('20181223QS8848500194927',1910,202,'QS','2018-12-23','2018-12-25',null,'complete');
INSERT INTO INVOICECHARGE VALUES ('20181223QS8848500194927-ch00001','20181223QS8848500194927','2018-12-23',154.81,'Base room charge');
INSERT INTO INVOICECHARGE VALUES ('20181223QS8848500194927-ch00002','20181223QS8848500194927','2018-12-23',79.75,'Cleaning fee');
INSERT INTO PAYMENT (payment_id,invoice_id,payment_date,payment_type,payment_amount) VALUES ('20181223QS8848500194927-p00001','20181223QS8848500194927','2018-12-25','CA',234.55);
-- ------- SAMPLE 911 ----------
INSERT INTO GUEST VALUES(1911,'Christine','Ciampa','CCiampa@hotmail.com','1234 DaWrong Lane','Flonkerton','MD','12345','328-167-5277');
INSERT INTO RESERVATION VALUES ('20200303KI8535324178855',1911,115,'KI','2020-03-03','2020-03-08',null,'complete');
INSERT INTO INVOICECHARGE VALUES ('20200303KI8535324178855-ch00001','20200303KI8535324178855','2020-03-03',225.16,'Base room charge');
INSERT INTO INVOICECHARGE VALUES ('20200303KI8535324178855-ch00002','20200303KI8535324178855','2020-03-03',115.99,'Room Service');
INSERT INTO PAYMENT VALUES ('20200303KI8535324178855-p00001','20200303KI8535324178855','2020-03-05','CC',341.16,'Christine Ciampa','9283646529409152',4,2027,281,'Mastercard');
-- ------- SAMPLE 912 ----------
INSERT INTO GUEST VALUES(1912,'Walter','Wellington','WWellington@gmail.com','1234 DaWrong Lane','Flonkerton','MD','12345','962-583-8985');
INSERT INTO RESERVATION VALUES ('20200211QS6324381645785',1912,207,'QS','2020-02-11','2020-02-12',null,'complete');
INSERT INTO INVOICECHARGE VALUES ('20200211QS6324381645785-ch00001','20200211QS6324381645785','2020-02-11',77.4,'Base room charge');
INSERT INTO INVOICECHARGE VALUES ('20200211QS6324381645785-ch00002','20200211QS6324381645785','2020-02-11',39.87,'Cleaning fee');
INSERT INTO PAYMENT VALUES ('20200211QS6324381645785-p00001','20200211QS6324381645785','2020-02-13','CC',117.28,'Walter Wellington','5542943054118703',10,2025,851,'Mastercard');
-- ------- SAMPLE 913 ----------
INSERT INTO GUEST VALUES(1913,'Pearlene','Priestly','PPriestly@hotmail.com','1234 DaWrong Lane','Flonkerton','MD','12345','332-607-7688');
INSERT INTO RESERVATION VALUES ('20190905QS9507134982876',1913,103,'QS','2019-09-05','2019-09-10',null,'complete');
INSERT INTO INVOICECHARGE VALUES ('20190905QS9507134982876-ch00001','20190905QS9507134982876','2019-09-05',586.38,'Base room charge');
INSERT INTO PAYMENT VALUES ('20190905QS9507134982876-p00001','20190905QS9507134982876','2019-09-07','CC',586.38,'Pearlene Priestly','6312388339743458',4,2024,571,'Mastercard');
-- ------- SAMPLE 914 ----------
INSERT INTO GUEST VALUES(1914,'Georgianne','Guadarrama','GGuadarrama@gmail.com','1234 DaWrong Lane','Flonkerton','MD','12345','637-336-3678');
INSERT INTO RESERVATION VALUES ('20201222QD8471955254858',1914,null,'QD','2020-12-22','2020-12-27',null,'active');
INSERT INTO INVOICECHARGE VALUES ('20201222QD8471955254858-ch00001','20201222QD8471955254858','2020-12-22',479.76,'Base room charge');
INSERT INTO PAYMENT (payment_id,invoice_id,payment_date,payment_type,payment_amount) VALUES ('20201222QD8471955254858-p00001','20201222QD8471955254858','2020-12-24','CA',479.76);
-- ------- SAMPLE 915 ----------
INSERT INTO GUEST VALUES(1915,'Eryn','Edenfield','EEdenfield@hotmail.com','1234 DaWrong Lane','Flonkerton','MD','12345','849-307-0342');
INSERT INTO RESERVATION VALUES ('20181224QD5951387186595',1915,101,'QD','2018-12-24','2018-12-27',null,'complete');
INSERT INTO INVOICECHARGE VALUES ('20181224QD5951387186595-ch00001','20181224QD5951387186595','2018-12-24',287.86,'Base room charge');
INSERT INTO PAYMENT (payment_id,invoice_id,payment_date,payment_type,payment_amount) VALUES ('20181224QD5951387186595-p00001','20181224QD5951387186595','2018-12-26','CA',287.86);
-- ------- SAMPLE 916 ----------
INSERT INTO GUEST VALUES(1916,'Florentino','Feth','FFeth@gmail.com','1234 DaWrong Lane','Flonkerton','MD','12345','083-211-5691');
INSERT INTO RESERVATION VALUES ('20200517KS7480404802346',1916,null,'KS','2020-05-17','2020-05-19',null,'active');
INSERT INTO INVOICECHARGE VALUES ('20200517KS7480404802346-ch00001','20200517KS7480404802346','2020-05-17',213.23,'Base room charge');
INSERT INTO PAYMENT VALUES ('20200517KS7480404802346-p00001','20200517KS7480404802346','2020-05-19','CC',213.23,'Florentino Feth','8232349765681786',5,2022,5,'Mastercard');
-- ------- SAMPLE 917 ----------
INSERT INTO GUEST VALUES(1917,'Kathlyn','Kinser','KKinser@gmail.com','1234 DaWrong Lane','Flonkerton','MD','12345','865-179-8051');
INSERT INTO RESERVATION VALUES ('20200305KI9065900649381',1917,115,'KI','2020-03-05','2020-03-08',null,'complete');
INSERT INTO INVOICECHARGE VALUES ('20200305KI9065900649381-ch00001','20200305KI9065900649381','2020-03-05',112.58,'Base room charge');
INSERT INTO INVOICECHARGE VALUES ('20200305KI9065900649381-ch00002','20200305KI9065900649381','2020-03-05',58,'Cleaning fee');
INSERT INTO PAYMENT VALUES ('20200305KI9065900649381-p00001','20200305KI9065900649381','2020-03-07','CC',170.58,'Kathlyn Kinser','7665060434509346',2,2027,826,'Mastercard');
-- ------- SAMPLE 918 ----------
INSERT INTO GUEST VALUES(1918,'Tai','Tookes','TTookes@hotmail.com','1234 DaWrong Lane','Flonkerton','MD','12345','012-466-9497');
INSERT INTO RESERVATION VALUES ('20191202QS3701995710232',1918,113,'QS','2019-12-02','2019-12-06',null,'complete');
INSERT INTO INVOICECHARGE VALUES ('20191202QS3701995710232-ch00001','20191202QS3701995710232','2019-12-02',309.61,'Base room charge');
INSERT INTO INVOICECHARGE VALUES ('20191202QS3701995710232-ch00002','20191202QS3701995710232','2019-12-02',159.5,'Room Service');
INSERT INTO PAYMENT (payment_id,invoice_id,payment_date,payment_type,payment_amount) VALUES ('20191202QS3701995710232-p00001','20191202QS3701995710232','2019-12-04','CA',469.11);
-- ------- SAMPLE 919 ----------
INSERT INTO GUEST VALUES(1919,'Dewey','Dye','DDye@gmail.com','1234 DaWrong Lane','Flonkerton','MD','12345','419-027-5909');
INSERT INTO RESERVATION VALUES ('20180819KJ4702140688844',1919,109,'KJ','2018-08-19','2018-08-20',null,'complete');
INSERT INTO INVOICECHARGE VALUES ('20180819KJ4702140688844-ch00001','20180819KJ4702140688844','2018-08-19',91.48,'Base room charge');
INSERT INTO INVOICECHARGE VALUES ('20180819KJ4702140688844-ch00002','20180819KJ4702140688844','2018-08-19',47.12,'Cleaning fee');
INSERT INTO PAYMENT VALUES ('20180819KJ4702140688844-p00001','20180819KJ4702140688844','2018-08-21','CC',138.6,'Dewey Dye','1583563042835324',11,2021,829,'Mastercard');
-- ------- SAMPLE 920 ----------
INSERT INTO GUEST VALUES(1920,'Natalia','Nowacki','NNowacki@yahoo.com','1234 DaWrong Lane','Flonkerton','MD','12345','635-425-3978');
INSERT INTO RESERVATION VALUES ('20191219QD8089430084960',1920,200,'QD','2019-12-19','2019-12-20',null,'complete');
INSERT INTO INVOICECHARGE VALUES ('20191219QD8089430084960-ch00001','20191219QD8089430084960','2019-12-19',63.33,'Base room charge');
INSERT INTO INVOICECHARGE VALUES ('20191219QD8089430084960-ch00002','20191219QD8089430084960','2019-12-19',32.62,'Cleaning fee');
INSERT INTO PAYMENT VALUES ('20191219QD8089430084960-p00001','20191219QD8089430084960','2019-12-21','CC',95.95,'Natalia Nowacki','4772056110180828',6,2024,640,'Mastercard');
-- ------- SAMPLE 921 ----------
INSERT INTO GUEST VALUES(1921,'Rick','Ritenour','RRitenour@hotmail.com','1234 DaWrong Lane','Flonkerton','MD','12345','405-352-4557');
INSERT INTO RESERVATION VALUES ('20191217QD2579828495878',1921,116,'QD','2019-12-17','2019-12-20',null,'complete');
INSERT INTO INVOICECHARGE VALUES ('20191217QD2579828495878-ch00001','20191217QD2579828495878','2019-12-17',287.86,'Base room charge');
INSERT INTO PAYMENT VALUES ('20191217QD2579828495878-p00001','20191217QD2579828495878','2019-12-19','CC',287.86,'Rick Ritenour','7324207788765455',9,2022,32,'Mastercard');
-- ------- SAMPLE 922 ----------
INSERT INTO GUEST VALUES(1922,'Edmundo','Erickson','EErickson@yahoo.com','1234 DaWrong Lane','Flonkerton','MD','12345','852-047-9421');
INSERT INTO RESERVATION VALUES ('20181217QD1397545174760',1922,106,'QD','2018-12-17','2018-12-20',null,'complete');
INSERT INTO INVOICECHARGE VALUES ('20181217QD1397545174760-ch00001','20181217QD1397545174760','2018-12-17',189.98,'Base room charge');
INSERT INTO INVOICECHARGE VALUES ('20181217QD1397545174760-ch00002','20181217QD1397545174760','2018-12-17',97.87,'Cleaning fee');
INSERT INTO PAYMENT VALUES ('20181217QD1397545174760-p00001','20181217QD1397545174760','2018-12-19','CC',287.86,'Edmundo Erickson','4845156186191442',10,2024,800,'Mastercard');
-- ------- SAMPLE 923 ----------
INSERT INTO GUEST VALUES(1923,'Selene','Staiger','SStaiger@hotmail.com','1234 DaWrong Lane','Flonkerton','MD','12345','921-569-6306');
INSERT INTO RESERVATION VALUES ('20210421KI4490185265869',1923,null,'KI','2021-04-21','2021-04-26',null,'active');
INSERT INTO INVOICECHARGE VALUES ('20210421KI4490185265869-ch00001','20210421KI4490185265869','2021-04-21',281.45,'Base room charge');
INSERT INTO INVOICECHARGE VALUES ('20210421KI4490185265869-ch00002','20210421KI4490185265869','2021-04-21',144.99,'Room Service');
INSERT INTO PAYMENT VALUES ('20210421KI4490185265869-p00001','20210421KI4490185265869','2021-04-23','CC',426.45,'Selene Staiger','9876524095002508',9,2023,65,'Mastercard');
-- ------- SAMPLE 924 ----------
INSERT INTO GUEST VALUES(1924,'Shad','Sitler','SSitler@gmail.com','1234 DaWrong Lane','Flonkerton','MD','12345','149-370-8422');
INSERT INTO RESERVATION VALUES ('20190716KJ5653948848776',1924,114,'KJ','2019-07-16','2019-07-18',null,'complete');
INSERT INTO INVOICECHARGE VALUES ('20190716KJ5653948848776-ch00001','20190716KJ5653948848776','2019-07-16',182.95,'Base room charge');
INSERT INTO INVOICECHARGE VALUES ('20190716KJ5653948848776-ch00002','20190716KJ5653948848776','2019-07-16',94.25,'Room Service');
INSERT INTO PAYMENT VALUES ('20190716KJ5653948848776-p00001','20190716KJ5653948848776','2019-07-18','CC',277.2,'Shad Sitler','5590359563611806',7,2025,118,'Mastercard');
-- ------- SAMPLE 925 ----------
INSERT INTO GUEST VALUES(1925,'Audrey','Aikens','AAikens@hotmail.com','1234 DaWrong Lane','Flonkerton','MD','12345','722-519-1259');
INSERT INTO RESERVATION VALUES ('20190206KI8353574236421',1925,110,'KI','2019-02-06','2019-02-11',null,'complete');
INSERT INTO INVOICECHARGE VALUES ('20190206KI8353574236421-ch00001','20190206KI8353574236421','2019-02-06',426.45,'Base room charge');
INSERT INTO PAYMENT VALUES ('20190206KI8353574236421-p00001','20190206KI8353574236421','2019-02-08','CC',426.45,'Audrey Aikens','4798273974184703',6,2024,552,'Mastercard');
-- ------- SAMPLE 926 ----------
INSERT INTO GUEST VALUES(1926,'Hedwig','Hinz','HHinz@hotmail.com','1234 DaWrong Lane','Flonkerton','MD','12345','327-150-6920');
INSERT INTO RESERVATION VALUES ('20180523KI3052578961390',1926,110,'KI','2018-05-23','2018-05-24',null,'cancelled');
INSERT INTO INVOICECHARGE VALUES ('20180523KI3052578961390-ch00001','20180523KI3052578961390','2018-05-23',56.29,'Base room charge');
INSERT INTO INVOICECHARGE VALUES ('20180523KI3052578961390-ch00002','20180523KI3052578961390','2018-05-23',29,'Cleaning fee');
INSERT INTO PAYMENT VALUES ('20180523KI3052578961390-p00001','20180523KI3052578961390','2018-05-25','CC',85.29,'Hedwig Hinz','2150406085449996',11,2027,562,'Mastercard');
-- ------- SAMPLE 927 ----------
INSERT INTO GUEST VALUES(1927,'Jarrett','Janelle','JJanelle@gmail.com','1234 DaWrong Lane','Flonkerton','MD','12345','806-677-5267');
INSERT INTO RESERVATION VALUES ('20190203KS9553159993232',1927,107,'KS','2019-02-03','2019-02-05',null,'complete');
INSERT INTO INVOICECHARGE VALUES ('20190203KS9553159993232-ch00001','20190203KS9553159993232','2019-02-03',140.73,'Base room charge');
INSERT INTO INVOICECHARGE VALUES ('20190203KS9553159993232-ch00002','20190203KS9553159993232','2019-02-03',72.5,'Cleaning fee');
INSERT INTO PAYMENT VALUES ('20190203KS9553159993232-p00001','20190203KS9553159993232','2019-02-05','CC',213.23,'Jarrett Janelle','3342451443603366',12,2027,470,'Mastercard');
-- ------- SAMPLE 928 ----------
INSERT INTO GUEST VALUES(1928,'Mario','Macdowell','MMacdowell@gmail.com','1234 DaWrong Lane','Flonkerton','MD','12345','635-190-3788');
INSERT INTO RESERVATION VALUES ('20181124QD7822277251374',1928,116,'QD','2018-11-24','2018-11-27',null,'cancelled');
INSERT INTO INVOICECHARGE VALUES ('20181124QD7822277251374-ch00001','20181124QD7822277251374','2018-11-24',189.98,'Base room charge');
INSERT INTO INVOICECHARGE VALUES ('20181124QD7822277251374-ch00002','20181124QD7822277251374','2018-11-24',97.87,'Room Service');
INSERT INTO PAYMENT VALUES ('20181124QD7822277251374-p00001','20181124QD7822277251374','2018-11-26','CC',287.86,'Mario Macdowell','2135883747964909',10,2027,546,'Mastercard');
-- ------- SAMPLE 929 ----------
INSERT INTO GUEST VALUES(1929,'Romelia','Rigdon','RRigdon@yahoo.com','1234 DaWrong Lane','Flonkerton','MD','12345','787-584-3140');
INSERT INTO RESERVATION VALUES ('20190821KS6156027846636',1929,102,'KS','2019-08-21','2019-08-26',null,'complete');
INSERT INTO INVOICECHARGE VALUES ('20190821KS6156027846636-ch00001','20190821KS6156027846636','2019-08-21',351.83,'Base room charge');
INSERT INTO INVOICECHARGE VALUES ('20190821KS6156027846636-ch00002','20190821KS6156027846636','2019-08-21',181.24,'Room Service');
INSERT INTO PAYMENT VALUES ('20190821KS6156027846636-p00001','20190821KS6156027846636','2019-08-23','CC',533.07,'Romelia Rigdon','8005457672223887',4,2023,108,'Mastercard');
-- ------- SAMPLE 930 ----------
INSERT INTO GUEST VALUES(1930,'Danette','Dammann','DDammann@gmail.com','1234 DaWrong Lane','Flonkerton','MD','12345','190-137-5737');
INSERT INTO RESERVATION VALUES ('20190325KS4457765809481',1930,102,'KS','2019-03-25','2019-03-28',null,'complete');
INSERT INTO INVOICECHARGE VALUES ('20190325KS4457765809481-ch00001','20190325KS4457765809481','2019-03-25',211.1,'Base room charge');
INSERT INTO INVOICECHARGE VALUES ('20190325KS4457765809481-ch00002','20190325KS4457765809481','2019-03-25',108.75,'Cleaning fee');
INSERT INTO PAYMENT VALUES ('20190325KS4457765809481-p00001','20190325KS4457765809481','2019-03-27','CC',319.84,'Danette Dammann','5307816240682440',3,2025,711,'Mastercard');
-- ------- SAMPLE 931 ----------
INSERT INTO GUEST VALUES(1931,'Ceola','Carasco','CCarasco@hotmail.com','1234 DaWrong Lane','Flonkerton','MD','12345','475-671-0015');
INSERT INTO RESERVATION VALUES ('20181029QS6637660977991',1931,118,'QS','2018-10-29','2018-11-02',null,'complete');
INSERT INTO INVOICECHARGE VALUES ('20181029QS6637660977991-ch00001','20181029QS6637660977991','2018-10-29',309.61,'Base room charge');
INSERT INTO INVOICECHARGE VALUES ('20181029QS6637660977991-ch00002','20181029QS6637660977991','2018-10-29',159.5,'Cleaning fee');
INSERT INTO PAYMENT (payment_id,invoice_id,payment_date,payment_type,payment_amount) VALUES ('20181029QS6637660977991-p00001','20181029QS6637660977991','2018-10-31','CA',469.11);
-- ------- SAMPLE 932 ----------
INSERT INTO GUEST VALUES(1932,'Len','Linquist','LLinquist@yahoo.com','1234 DaWrong Lane','Flonkerton','MD','12345','223-902-8588');
INSERT INTO RESERVATION VALUES ('20200906KS9708268190638',1932,null,'KS','2020-09-06','2020-09-08',null,'active');
-- ------- SAMPLE 933 ----------
INSERT INTO GUEST VALUES(1933,'Elfriede','Esslinger','EEsslinger@hotmail.com','1234 DaWrong Lane','Flonkerton','MD','12345','418-171-1232');
INSERT INTO RESERVATION VALUES ('20181125KI4470688280288',1933,110,'KI','2018-11-25','2018-11-30',null,'complete');
INSERT INTO INVOICECHARGE VALUES ('20181125KI4470688280288-ch00001','20181125KI4470688280288','2018-11-25',426.45,'Base room charge');
INSERT INTO PAYMENT VALUES ('20181125KI4470688280288-p00001','20181125KI4470688280288','2018-11-27','CC',426.45,'Elfriede Esslinger','6257025347244917',7,2024,828,'Mastercard');
-- ------- SAMPLE 934 ----------
INSERT INTO GUEST VALUES(1934,'Randal','Rohman','RRohman@yahoo.com','1234 DaWrong Lane','Flonkerton','MD','12345','350-935-1230');
INSERT INTO RESERVATION VALUES ('20191104QD2038397554843',1934,106,'QD','2019-11-04','2019-11-08',null,'complete');
INSERT INTO INVOICECHARGE VALUES ('20191104QD2038397554843-ch00001','20191104QD2038397554843','2019-11-04',383.81,'Base room charge');
INSERT INTO PAYMENT VALUES ('20191104QD2038397554843-p00001','20191104QD2038397554843','2019-11-06','CC',383.81,'Randal Rohman','8188322675127313',2,2022,632,'Mastercard');
-- ------- SAMPLE 935 ----------
INSERT INTO GUEST VALUES(1935,'Katerine','Kawakami','KKawakami@yahoo.com','1234 DaWrong Lane','Flonkerton','MD','12345','700-088-3756');
INSERT INTO RESERVATION VALUES ('20210321KJ8016054400039',1935,null,'KJ','2021-03-21','2021-03-22',null,'active');
INSERT INTO INVOICECHARGE VALUES ('20210321KJ8016054400039-ch00001','20210321KJ8016054400039','2021-03-21',91.48,'Base room charge');
INSERT INTO INVOICECHARGE VALUES ('20210321KJ8016054400039-ch00002','20210321KJ8016054400039','2021-03-21',47.12,'Cleaning fee');
INSERT INTO PAYMENT (payment_id,invoice_id,payment_date,payment_type,payment_amount) VALUES ('20210321KJ8016054400039-p00001','20210321KJ8016054400039','2021-03-23','CA',17);
-- ------- SAMPLE 936 ----------
INSERT INTO GUEST VALUES(1936,'Irma','Irby','IIrby@gmail.com','1234 DaWrong Lane','Flonkerton','MD','12345','365-393-7571');
INSERT INTO RESERVATION VALUES ('20201213KJ5138951708544',1936,null,'KJ','2020-12-13','2020-12-18',null,'active');
-- ------- SAMPLE 937 ----------
INSERT INTO GUEST VALUES(1937,'Yuette','Yetman','YYetman@hotmail.com','1234 DaWrong Lane','Flonkerton','MD','12345','098-666-3955');
INSERT INTO RESERVATION VALUES ('20180616KS6505435874244',1937,201,'KS','2018-06-16','2018-06-20',null,'complete');
INSERT INTO INVOICECHARGE VALUES ('20180616KS6505435874244-ch00001','20180616KS6505435874244','2018-06-16',426.46,'Base room charge');
INSERT INTO PAYMENT VALUES ('20180616KS6505435874244-p00001','20180616KS6505435874244','2018-06-18','CC',426.46,'Yuette Yetman','1418282880842617',2,2023,915,'Mastercard');
-- ------- SAMPLE 938 ----------
INSERT INTO GUEST VALUES(1938,'Lynda','Linda','LLinda@yahoo.com','1234 DaWrong Lane','Flonkerton','MD','12345','136-890-7863');
INSERT INTO RESERVATION VALUES ('20190525QS7730306707526',1938,113,'QS','2019-05-25','2019-05-30',null,'complete');
INSERT INTO INVOICECHARGE VALUES ('20190525QS7730306707526-ch00001','20190525QS7730306707526','2019-05-25',586.38,'Base room charge');
INSERT INTO PAYMENT VALUES ('20190525QS7730306707526-p00001','20190525QS7730306707526','2019-05-27','CC',586.38,'Lynda Linda','5302225106659771',6,2026,501,'Mastercard');
-- ------- SAMPLE 939 ----------
INSERT INTO GUEST VALUES(1939,'Stan','Schnell','SSchnell@gmail.com','1234 DaWrong Lane','Flonkerton','MD','12345','507-576-8272');
INSERT INTO RESERVATION VALUES ('20181229KJ5837857868939',1939,114,'KJ','2018-12-29','2018-12-31',null,'complete');
INSERT INTO INVOICECHARGE VALUES ('20181229KJ5837857868939-ch00001','20181229KJ5837857868939','2018-12-29',182.95,'Base room charge');
INSERT INTO INVOICECHARGE VALUES ('20181229KJ5837857868939-ch00002','20181229KJ5837857868939','2018-12-29',94.25,'Cleaning fee');
INSERT INTO PAYMENT (payment_id,invoice_id,payment_date,payment_type,payment_amount) VALUES ('20181229KJ5837857868939-p00001','20181229KJ5837857868939','2018-12-31','CA',277.2);
-- ------- SAMPLE 940 ----------
INSERT INTO GUEST VALUES(1940,'Natalia','Nowacki','NNowacki@hotmail.com','1234 DaWrong Lane','Flonkerton','MD','12345','382-434-1104');
INSERT INTO RESERVATION VALUES ('20190425QD4232581779268',1940,106,'QD','2019-04-25','2019-04-29',null,'complete');
INSERT INTO INVOICECHARGE VALUES ('20190425QD4232581779268-ch00001','20190425QD4232581779268','2019-04-25',253.31,'Base room charge');
INSERT INTO INVOICECHARGE VALUES ('20190425QD4232581779268-ch00002','20190425QD4232581779268','2019-04-25',130.49,'Room Service');
INSERT INTO PAYMENT VALUES ('20190425QD4232581779268-p00001','20190425QD4232581779268','2019-04-27','CC',383.81,'Natalia Nowacki','7854678494188448',11,2021,767,'Mastercard');
-- ------- SAMPLE 941 ----------
INSERT INTO GUEST VALUES(1941,'Serafina','Singh','SSingh@hotmail.com','1234 DaWrong Lane','Flonkerton','MD','12345','476-540-3222');
INSERT INTO RESERVATION VALUES ('20190409QD1503859099753',1941,200,'QD','2019-04-09','2019-04-12',null,'complete');
INSERT INTO INVOICECHARGE VALUES ('20190409QD1503859099753-ch00001','20190409QD1503859099753','2019-04-09',287.86,'Base room charge');
INSERT INTO PAYMENT VALUES ('20190409QD1503859099753-p00001','20190409QD1503859099753','2019-04-11','CC',287.86,'Serafina Singh','8563592881117087',5,2023,759,'Mastercard');
-- ------- SAMPLE 942 ----------
INSERT INTO GUEST VALUES(1942,'Ella','Evanoff','EEvanoff@gmail.com','1234 DaWrong Lane','Flonkerton','MD','12345','959-330-7409');
INSERT INTO RESERVATION VALUES ('20210205KS6259494744226',1942,null,'KS','2021-02-05','2021-02-10',null,'active');
INSERT INTO INVOICECHARGE VALUES ('20210205KS6259494744226-ch00001','20210205KS6259494744226','2021-02-05',351.83,'Base room charge');
INSERT INTO INVOICECHARGE VALUES ('20210205KS6259494744226-ch00002','20210205KS6259494744226','2021-02-05',181.24,'Cleaning fee');
INSERT INTO PAYMENT VALUES ('20210205KS6259494744226-p00001','20210205KS6259494744226','2021-02-07','CC',533.07,'Ella Evanoff','7070428491799255',8,2021,234,'Mastercard');
-- ------- SAMPLE 943 ----------
INSERT INTO GUEST VALUES(1943,'Melaine','Miskell','MMiskell@gmail.com','1234 DaWrong Lane','Flonkerton','MD','12345','323-353-7954');
INSERT INTO RESERVATION VALUES ('20210220QS4429882383974',1943,null,'QS','2021-02-20','2021-02-23',null,'active');
INSERT INTO INVOICECHARGE VALUES ('20210220QS4429882383974-ch00001','20210220QS4429882383974','2021-02-20',232.21,'Base room charge');
INSERT INTO INVOICECHARGE VALUES ('20210220QS4429882383974-ch00002','20210220QS4429882383974','2021-02-20',119.62,'Room Service');
INSERT INTO PAYMENT VALUES ('20210220QS4429882383974-p00001','20210220QS4429882383974','2021-02-22','CC',351.83,'Melaine Miskell','2649451632497894',1,2023,877,'Mastercard');
-- ------- SAMPLE 944 ----------
INSERT INTO GUEST VALUES(1944,'Len','Linquist','LLinquist@yahoo.com','1234 DaWrong Lane','Flonkerton','MD','12345','621-199-1907');
INSERT INTO RESERVATION VALUES ('20191027QS8452410192093',1944,202,'QS','2019-10-27','2019-10-28',null,'complete');
INSERT INTO INVOICECHARGE VALUES ('20191027QS8452410192093-ch00001','20191027QS8452410192093','2019-10-27',77.4,'Base room charge');
INSERT INTO INVOICECHARGE VALUES ('20191027QS8452410192093-ch00002','20191027QS8452410192093','2019-10-27',39.87,'Room Service');
INSERT INTO PAYMENT (payment_id,invoice_id,payment_date,payment_type,payment_amount) VALUES ('20191027QS8452410192093-p00001','20191027QS8452410192093','2019-10-29','CA',117.28);
-- ------- SAMPLE 945 ----------
INSERT INTO GUEST VALUES(1945,'Walker','Weatherhead','WWeatherhead@yahoo.com','1234 DaWrong Lane','Flonkerton','MD','12345','533-883-6093');
INSERT INTO RESERVATION VALUES ('20181018QD9533665474783',1945,116,'QD','2018-10-18','2018-10-23',null,'complete');
INSERT INTO INVOICECHARGE VALUES ('20181018QD9533665474783-ch00001','20181018QD9533665474783','2018-10-18',316.64,'Base room charge');
INSERT INTO INVOICECHARGE VALUES ('20181018QD9533665474783-ch00002','20181018QD9533665474783','2018-10-18',163.12,'Room Service');
INSERT INTO PAYMENT (payment_id,invoice_id,payment_date,payment_type,payment_amount) VALUES ('20181018QD9533665474783-p00001','20181018QD9533665474783','2018-10-20','CA',479.76);
-- ------- SAMPLE 946 ----------
INSERT INTO GUEST VALUES(1946,'Tomika','Teran','TTeran@hotmail.com','1234 DaWrong Lane','Flonkerton','MD','12345','029-807-0619');
INSERT INTO RESERVATION VALUES ('20180520KS3457204182893',1946,201,'KS','2018-05-20','2018-05-23',null,'complete');
INSERT INTO INVOICECHARGE VALUES ('20180520KS3457204182893-ch00001','20180520KS3457204182893','2018-05-20',319.84,'Base room charge');
INSERT INTO PAYMENT VALUES ('20180520KS3457204182893-p00001','20180520KS3457204182893','2018-05-22','CC',319.84,'Tomika Teran','2545977879967097',9,2025,733,'Mastercard');
-- ------- SAMPLE 947 ----------
INSERT INTO GUEST VALUES(1947,'Abel','Alire','AAlire@yahoo.com','1234 DaWrong Lane','Flonkerton','MD','12345','397-882-4185');
INSERT INTO RESERVATION VALUES ('20200925KS6575084902638',1947,null,'KS','2020-09-25','2020-09-26',null,'active');
INSERT INTO INVOICECHARGE VALUES ('20200925KS6575084902638-ch00001','20200925KS6575084902638','2020-09-25',70.37,'Base room charge');
INSERT INTO INVOICECHARGE VALUES ('20200925KS6575084902638-ch00002','20200925KS6575084902638','2020-09-25',36.25,'Cleaning fee');
INSERT INTO PAYMENT VALUES ('20200925KS6575084902638-p00001','20200925KS6575084902638','2020-09-27','CC',106.61,'Abel Alire','6072948366842870',9,2023,113,'Mastercard');
-- ------- SAMPLE 948 ----------
INSERT INTO GUEST VALUES(1948,'Missy','Mcclintock','MMcclintock@yahoo.com','1234 DaWrong Lane','Flonkerton','MD','12345','117-362-3240');
INSERT INTO RESERVATION VALUES ('20210304KI4057435860796',1948,null,'KI','2021-03-04','2021-03-09',null,'cancelled');
INSERT INTO INVOICECHARGE VALUES ('20210304KI4057435860796-ch00001','20210304KI4057435860796','2021-03-04',281.45,'Base room charge');
INSERT INTO INVOICECHARGE VALUES ('20210304KI4057435860796-ch00002','20210304KI4057435860796','2021-03-04',144.99,'Room Service');
INSERT INTO PAYMENT VALUES ('20210304KI4057435860796-p00001','20210304KI4057435860796','2021-03-06','CC',53,'Missy Mcclintock','5717590797497797',8,2022,383,'Mastercard');
-- ------- SAMPLE 949 ----------
INSERT INTO GUEST VALUES(1949,'Leonore','Losh','LLosh@hotmail.com','1234 DaWrong Lane','Flonkerton','MD','12345','862-334-4817');
INSERT INTO RESERVATION VALUES ('20200910KI1580867017884',1949,null,'KI','2020-09-10','2020-09-13',null,'cancelled');
-- ------- SAMPLE 950 ----------
INSERT INTO GUEST VALUES(1950,'Ella','Evanoff','EEvanoff@gmail.com','1234 DaWrong Lane','Flonkerton','MD','12345','109-242-3587');
INSERT INTO RESERVATION VALUES ('20210223KS5594086921271',1950,null,'KS','2021-02-23','2021-02-24',null,'active');
INSERT INTO INVOICECHARGE VALUES ('20210223KS5594086921271-ch00001','20210223KS5594086921271','2021-02-23',106.61,'Base room charge');
INSERT INTO PAYMENT VALUES ('20210223KS5594086921271-p00001','20210223KS5594086921271','2021-02-25','CC',106.61,'Ella Evanoff','6999458414862878',4,2025,10,'Mastercard');
-- ------- SAMPLE 951 ----------
INSERT INTO GUEST VALUES(1951,'Abram','Adolph','AAdolph@gmail.com','1234 DaWrong Lane','Flonkerton','MD','12345','725-403-3803');
INSERT INTO RESERVATION VALUES ('20210103KI2794679722673',1951,null,'KI','2021-01-03','2021-01-04',null,'active');
INSERT INTO INVOICECHARGE VALUES ('20210103KI2794679722673-ch00001','20210103KI2794679722673','2021-01-03',56.29,'Base room charge');
INSERT INTO INVOICECHARGE VALUES ('20210103KI2794679722673-ch00002','20210103KI2794679722673','2021-01-03',29,'Room Service');
INSERT INTO PAYMENT (payment_id,invoice_id,payment_date,payment_type,payment_amount) VALUES ('20210103KI2794679722673-p00001','20210103KI2794679722673','2021-01-05','CA',85.29);
-- ------- SAMPLE 952 ----------
INSERT INTO GUEST VALUES(1952,'Cherry','Chiarello','CChiarello@hotmail.com','1234 DaWrong Lane','Flonkerton','MD','12345','344-779-2879');
INSERT INTO RESERVATION VALUES ('20200615KI1657823067336',1952,null,'KI','2020-06-15','2020-06-17',null,'active');
INSERT INTO INVOICECHARGE VALUES ('20200615KI1657823067336-ch00001','20200615KI1657823067336','2020-06-15',112.58,'Base room charge');
INSERT INTO INVOICECHARGE VALUES ('20200615KI1657823067336-ch00002','20200615KI1657823067336','2020-06-15',58,'Room Service');
INSERT INTO PAYMENT VALUES ('20200615KI1657823067336-p00001','20200615KI1657823067336','2020-06-17','CC',93,'Cherry Chiarello','2938355270277582',5,2022,630,'Mastercard');
-- ------- SAMPLE 953 ----------
INSERT INTO GUEST VALUES(1953,'Floy','Feinstein','FFeinstein@gmail.com','1234 DaWrong Lane','Flonkerton','MD','12345','810-943-3655');
INSERT INTO RESERVATION VALUES ('20190602QS6051249883312',1953,103,'QS','2019-06-02','2019-06-07',null,'complete');
INSERT INTO INVOICECHARGE VALUES ('20190602QS6051249883312-ch00001','20190602QS6051249883312','2019-06-02',387.01,'Base room charge');
INSERT INTO INVOICECHARGE VALUES ('20190602QS6051249883312-ch00002','20190602QS6051249883312','2019-06-02',199.37,'Room Service');
INSERT INTO PAYMENT VALUES ('20190602QS6051249883312-p00001','20190602QS6051249883312','2019-06-04','CC',586.38,'Floy Feinstein','4882264302396682',5,2026,121,'Mastercard');
-- ------- SAMPLE 954 ----------
INSERT INTO GUEST VALUES(1954,'Nena','Nunez','NNunez@gmail.com','1234 DaWrong Lane','Flonkerton','MD','12345','226-603-6648');
INSERT INTO RESERVATION VALUES ('20190913QS6465886618848',1954,207,'QS','2019-09-13','2019-09-16',null,'complete');
INSERT INTO INVOICECHARGE VALUES ('20190913QS6465886618848-ch00001','20190913QS6465886618848','2019-09-13',351.83,'Base room charge');
INSERT INTO PAYMENT VALUES ('20190913QS6465886618848-p00001','20190913QS6465886618848','2019-09-15','CC',351.83,'Nena Nunez','8217513778173421',4,2026,632,'Mastercard');
-- ------- SAMPLE 955 ----------
INSERT INTO GUEST VALUES(1955,'Margorie','Mcnish','MMcnish@gmail.com','1234 DaWrong Lane','Flonkerton','MD','12345','701-895-2894');
INSERT INTO RESERVATION VALUES ('20200410QS8207555203962',1955,108,'QS','2020-04-10','2020-04-13',null,'complete');
INSERT INTO INVOICECHARGE VALUES ('20200410QS8207555203962-ch00001','20200410QS8207555203962','2020-04-10',351.83,'Base room charge');
INSERT INTO PAYMENT VALUES ('20200410QS8207555203962-p00001','20200410QS8207555203962','2020-04-12','CC',351.83,'Margorie Mcnish','2373813535442143',12,2021,65,'Mastercard');
-- ------- SAMPLE 956 ----------
INSERT INTO GUEST VALUES(1956,'Luella','Lundstrom','LLundstrom@yahoo.com','1234 DaWrong Lane','Flonkerton','MD','12345','472-530-5126');
INSERT INTO RESERVATION VALUES ('20210323KS3223487402357',1956,null,'KS','2021-03-23','2021-03-27',null,'active');
INSERT INTO INVOICECHARGE VALUES ('20210323KS3223487402357-ch00001','20210323KS3223487402357','2021-03-23',426.46,'Base room charge');
INSERT INTO PAYMENT (payment_id,invoice_id,payment_date,payment_type,payment_amount) VALUES ('20210323KS3223487402357-p00001','20210323KS3223487402357','2021-03-25','CA',130);
-- ------- SAMPLE 957 ----------
INSERT INTO GUEST VALUES(1957,'Sherrie','Stultz','SStultz@yahoo.com','1234 DaWrong Lane','Flonkerton','MD','12345','882-029-8773');
INSERT INTO RESERVATION VALUES ('20190630KS5102440520746',1957,112,'KS','2019-06-30','2019-07-01',null,'cancelled');
INSERT INTO INVOICECHARGE VALUES ('20190630KS5102440520746-ch00001','20190630KS5102440520746','2019-06-30',106.61,'Base room charge');
INSERT INTO PAYMENT VALUES ('20190630KS5102440520746-p00001','20190630KS5102440520746','2019-07-02','CC',106.61,'Sherrie Stultz','5458717357426835',5,2023,839,'Mastercard');
-- ------- SAMPLE 958 ----------
INSERT INTO GUEST VALUES(1958,'Corene','Carmody','CCarmody@hotmail.com','1234 DaWrong Lane','Flonkerton','MD','12345','245-435-7368');
INSERT INTO RESERVATION VALUES ('20180906KS2570872991367',1958,102,'KS','2018-09-06','2018-09-09',null,'complete');
INSERT INTO INVOICECHARGE VALUES ('20180906KS2570872991367-ch00001','20180906KS2570872991367','2018-09-06',211.1,'Base room charge');
INSERT INTO INVOICECHARGE VALUES ('20180906KS2570872991367-ch00002','20180906KS2570872991367','2018-09-06',108.75,'Room Service');
INSERT INTO PAYMENT (payment_id,invoice_id,payment_date,payment_type,payment_amount) VALUES ('20180906KS2570872991367-p00001','20180906KS2570872991367','2018-09-08','CA',319.84);
-- ------- SAMPLE 959 ----------
INSERT INTO GUEST VALUES(1959,'Kathern','Korn','KKorn@hotmail.com','1234 DaWrong Lane','Flonkerton','MD','12345','607-500-0137');
INSERT INTO RESERVATION VALUES ('20180901KS7312139215166',1959,102,'KS','2018-09-01','2018-09-05',null,'complete');
INSERT INTO INVOICECHARGE VALUES ('20180901KS7312139215166-ch00001','20180901KS7312139215166','2018-09-01',426.46,'Base room charge');
INSERT INTO PAYMENT VALUES ('20180901KS7312139215166-p00001','20180901KS7312139215166','2018-09-03','CC',426.46,'Kathern Korn','8454075255892617',6,2023,793,'Mastercard');
-- ------- SAMPLE 960 ----------
INSERT INTO GUEST VALUES(1960,'Bessie','Buhler','BBuhler@gmail.com','1234 DaWrong Lane','Flonkerton','MD','12345','513-993-4187');
INSERT INTO RESERVATION VALUES ('20210126KI7535627453461',1960,null,'KI','2021-01-26','2021-01-29',null,'active');
-- ------- SAMPLE 961 ----------
INSERT INTO GUEST VALUES(1961,'Bradley','Bently','BBently@hotmail.com','1234 DaWrong Lane','Flonkerton','MD','12345','195-041-7795');
INSERT INTO RESERVATION VALUES ('20210410KJ5264865491200',1961,null,'KJ','2021-04-10','2021-04-13',null,'active');
INSERT INTO INVOICECHARGE VALUES ('20210410KJ5264865491200-ch00001','20210410KJ5264865491200','2021-04-10',415.81,'Base room charge');
INSERT INTO PAYMENT VALUES ('20210410KJ5264865491200-p00001','20210410KJ5264865491200','2021-04-12','CC',415.81,'Bradley Bently','9897107789401846',9,2025,930,'Mastercard');
-- ------- SAMPLE 962 ----------
INSERT INTO GUEST VALUES(1962,'Shad','Sitler','SSitler@hotmail.com','1234 DaWrong Lane','Flonkerton','MD','12345','753-802-3507');
INSERT INTO RESERVATION VALUES ('20200901KI5008399907227',1962,null,'KI','2020-09-01','2020-09-06',null,'cancelled');
INSERT INTO INVOICECHARGE VALUES ('20200901KI5008399907227-ch00001','20200901KI5008399907227','2020-09-01',426.45,'Base room charge');
INSERT INTO PAYMENT VALUES ('20200901KI5008399907227-p00001','20200901KI5008399907227','2020-09-03','CC',426.45,'Shad Sitler','8146228207545818',3,2027,413,'Mastercard');
-- ------- SAMPLE 963 ----------
INSERT INTO GUEST VALUES(1963,'Christine','Ciampa','CCiampa@hotmail.com','1234 DaWrong Lane','Flonkerton','MD','12345','199-156-1139');
INSERT INTO RESERVATION VALUES ('20200705QD2493000382319',1963,null,'QD','2020-07-05','2020-07-06',null,'active');
INSERT INTO INVOICECHARGE VALUES ('20200705QD2493000382319-ch00001','20200705QD2493000382319','2020-07-05',95.95,'Base room charge');
INSERT INTO PAYMENT VALUES ('20200705QD2493000382319-p00001','20200705QD2493000382319','2020-07-07','CC',2,'Christine Ciampa','8655091137195206',5,2022,782,'Mastercard');
-- ------- SAMPLE 964 ----------
INSERT INTO GUEST VALUES(1964,'Natalya','Neathery','NNeathery@yahoo.com','1234 DaWrong Lane','Flonkerton','MD','12345','348-887-2062');
INSERT INTO RESERVATION VALUES ('20200318QD2600001808093',1964,106,'QD','2020-03-18','2020-03-22',null,'complete');
INSERT INTO INVOICECHARGE VALUES ('20200318QD2600001808093-ch00001','20200318QD2600001808093','2020-03-18',253.31,'Base room charge');
INSERT INTO INVOICECHARGE VALUES ('20200318QD2600001808093-ch00002','20200318QD2600001808093','2020-03-18',130.49,'Room Service');
INSERT INTO PAYMENT VALUES ('20200318QD2600001808093-p00001','20200318QD2600001808093','2020-03-20','CC',383.81,'Natalya Neathery','2676426581169381',1,2023,282,'Mastercard');
-- ------- SAMPLE 965 ----------
INSERT INTO GUEST VALUES(1965,'Louisa','Laroque','LLaroque@hotmail.com','1234 DaWrong Lane','Flonkerton','MD','12345','686-708-8983');
INSERT INTO RESERVATION VALUES ('20190503KS8169558816781',1965,201,'KS','2019-05-03','2019-05-07',null,'complete');
INSERT INTO INVOICECHARGE VALUES ('20190503KS8169558816781-ch00001','20190503KS8169558816781','2019-05-03',281.46,'Base room charge');
INSERT INTO INVOICECHARGE VALUES ('20190503KS8169558816781-ch00002','20190503KS8169558816781','2019-05-03',145,'Cleaning fee');
INSERT INTO PAYMENT VALUES ('20190503KS8169558816781-p00001','20190503KS8169558816781','2019-05-05','CC',426.46,'Louisa Laroque','7886154507844931',5,2026,728,'Mastercard');
-- ------- SAMPLE 966 ----------
INSERT INTO GUEST VALUES(1966,'Buford','Biddy','BBiddy@hotmail.com','1234 DaWrong Lane','Flonkerton','MD','12345','650-713-3798');
INSERT INTO RESERVATION VALUES ('20191124KJ7540722354178',1966,109,'KJ','2019-11-24','2019-11-29',null,'complete');
INSERT INTO INVOICECHARGE VALUES ('20191124KJ7540722354178-ch00001','20191124KJ7540722354178','2019-11-24',693.01,'Base room charge');
INSERT INTO PAYMENT (payment_id,invoice_id,payment_date,payment_type,payment_amount) VALUES ('20191124KJ7540722354178-p00001','20191124KJ7540722354178','2019-11-26','CA',693.01);
-- ------- SAMPLE 967 ----------
INSERT INTO GUEST VALUES(1967,'Vicky','Vanderhoff','VVanderhoff@yahoo.com','1234 DaWrong Lane','Flonkerton','MD','12345','749-590-3458');
INSERT INTO RESERVATION VALUES ('20200408QS4241983670654',1967,118,'QS','2020-04-08','2020-04-09',null,'complete');
INSERT INTO INVOICECHARGE VALUES ('20200408QS4241983670654-ch00001','20200408QS4241983670654','2020-04-08',77.4,'Base room charge');
INSERT INTO INVOICECHARGE VALUES ('20200408QS4241983670654-ch00002','20200408QS4241983670654','2020-04-08',39.87,'Room Service');
INSERT INTO PAYMENT VALUES ('20200408QS4241983670654-p00001','20200408QS4241983670654','2020-04-10','CC',117.28,'Vicky Vanderhoff','8377345607933088',11,2022,123,'Mastercard');
-- ------- SAMPLE 968 ----------
INSERT INTO GUEST VALUES(1968,'Delsie','Dunstan','DDunstan@yahoo.com','1234 DaWrong Lane','Flonkerton','MD','12345','509-901-9852');
INSERT INTO RESERVATION VALUES ('20180701KJ5016997683716',1968,119,'KJ','2018-07-01','2018-07-05',null,'complete');
INSERT INTO INVOICECHARGE VALUES ('20180701KJ5016997683716-ch00001','20180701KJ5016997683716','2018-07-01',365.91,'Base room charge');
INSERT INTO INVOICECHARGE VALUES ('20180701KJ5016997683716-ch00002','20180701KJ5016997683716','2018-07-01',188.5,'Cleaning fee');
INSERT INTO PAYMENT VALUES ('20180701KJ5016997683716-p00001','20180701KJ5016997683716','2018-07-03','CC',554.41,'Delsie Dunstan','9539419219784204',11,2023,339,'Mastercard');
-- ------- SAMPLE 969 ----------
INSERT INTO GUEST VALUES(1969,'Deangelo','Deloera','DDeloera@hotmail.com','1234 DaWrong Lane','Flonkerton','MD','12345','157-623-2006');
INSERT INTO RESERVATION VALUES ('20190617QS7278054378802',1969,108,'QS','2019-06-17','2019-06-19',null,'complete');
INSERT INTO INVOICECHARGE VALUES ('20190617QS7278054378802-ch00001','20190617QS7278054378802','2019-06-17',154.81,'Base room charge');
INSERT INTO INVOICECHARGE VALUES ('20190617QS7278054378802-ch00002','20190617QS7278054378802','2019-06-17',79.75,'Room Service');
INSERT INTO PAYMENT VALUES ('20190617QS7278054378802-p00001','20190617QS7278054378802','2019-06-19','CC',234.55,'Deangelo Deloera','4911580002685788',10,2027,17,'Mastercard');
-- ------- SAMPLE 970 ----------
INSERT INTO GUEST VALUES(1970,'Deandre','Defore','DDefore@hotmail.com','1234 DaWrong Lane','Flonkerton','MD','12345','865-912-4383');
INSERT INTO RESERVATION VALUES ('20200104KI8695198208893',1970,204,'KI','2020-01-04','2020-01-05',null,'complete');
INSERT INTO INVOICECHARGE VALUES ('20200104KI8695198208893-ch00001','20200104KI8695198208893','2020-01-04',56.29,'Base room charge');
INSERT INTO INVOICECHARGE VALUES ('20200104KI8695198208893-ch00002','20200104KI8695198208893','2020-01-04',29,'Cleaning fee');
INSERT INTO PAYMENT VALUES ('20200104KI8695198208893-p00001','20200104KI8695198208893','2020-01-06','CC',85.29,'Deandre Defore','1985950245552930',12,2027,216,'Mastercard');
-- ------- SAMPLE 971 ----------
INSERT INTO GUEST VALUES(1971,'Shae','Sansom','SSansom@gmail.com','1234 DaWrong Lane','Flonkerton','MD','12345','246-684-0861');
INSERT INTO RESERVATION VALUES ('20201029KS4091561510031',1971,null,'KS','2020-10-29','2020-10-30',null,'active');
-- ------- SAMPLE 972 ----------
INSERT INTO GUEST VALUES(1972,'Gwyneth','Gamber','GGamber@yahoo.com','1234 DaWrong Lane','Flonkerton','MD','12345','293-140-6533');
INSERT INTO RESERVATION VALUES ('20190205QS5552713175286',1972,202,'QS','2019-02-05','2019-02-08',null,'cancelled');
INSERT INTO INVOICECHARGE VALUES ('20190205QS5552713175286-ch00001','20190205QS5552713175286','2019-02-05',232.21,'Base room charge');
INSERT INTO INVOICECHARGE VALUES ('20190205QS5552713175286-ch00002','20190205QS5552713175286','2019-02-05',119.62,'Room Service');
INSERT INTO PAYMENT VALUES ('20190205QS5552713175286-p00001','20190205QS5552713175286','2019-02-07','CC',351.83,'Gwyneth Gamber','4760810395111832',10,2026,819,'Mastercard');
-- ------- SAMPLE 973 ----------
INSERT INTO GUEST VALUES(1973,'Piedad','Proctor','PProctor@hotmail.com','1234 DaWrong Lane','Flonkerton','MD','12345','636-129-8569');
INSERT INTO RESERVATION VALUES ('20200709QD3950115448929',1973,null,'QD','2020-07-09','2020-07-10',null,'active');
INSERT INTO INVOICECHARGE VALUES ('20200709QD3950115448929-ch00001','20200709QD3950115448929','2020-07-09',95.95,'Base room charge');
INSERT INTO PAYMENT VALUES ('20200709QD3950115448929-p00001','20200709QD3950115448929','2020-07-11','CC',95.95,'Piedad Proctor','4203872665810467',9,2027,241,'Mastercard');
-- ------- SAMPLE 974 ----------
INSERT INTO GUEST VALUES(1974,'Kerstin','Khalaf','KKhalaf@gmail.com','1234 DaWrong Lane','Flonkerton','MD','12345','552-841-5039');
INSERT INTO RESERVATION VALUES ('20180625QD3475587826395',1974,101,'QD','2018-06-25','2018-06-28',null,'complete');
INSERT INTO INVOICECHARGE VALUES ('20180625QD3475587826395-ch00001','20180625QD3475587826395','2018-06-25',189.98,'Base room charge');
INSERT INTO INVOICECHARGE VALUES ('20180625QD3475587826395-ch00002','20180625QD3475587826395','2018-06-25',97.87,'Cleaning fee');
INSERT INTO PAYMENT VALUES ('20180625QD3475587826395-p00001','20180625QD3475587826395','2018-06-27','CC',287.86,'Kerstin Khalaf','3659957901733924',7,2022,748,'Mastercard');
-- ------- SAMPLE 975 ----------
INSERT INTO GUEST VALUES(1975,'Shonda','Schult','SSchult@hotmail.com','1234 DaWrong Lane','Flonkerton','MD','12345','212-366-9401');
INSERT INTO RESERVATION VALUES ('20200916QS7639616323498',1975,null,'QS','2020-09-16','2020-09-21',null,'active');
INSERT INTO INVOICECHARGE VALUES ('20200916QS7639616323498-ch00001','20200916QS7639616323498','2020-09-16',586.38,'Base room charge');
INSERT INTO PAYMENT VALUES ('20200916QS7639616323498-p00001','20200916QS7639616323498','2020-09-18','CC',586.38,'Shonda Schult','5666394008380117',6,2027,641,'Mastercard');
-- ------- SAMPLE 976 ----------
INSERT INTO GUEST VALUES(1976,'Bell','Belizaire','BBelizaire@hotmail.com','1234 DaWrong Lane','Flonkerton','MD','12345','783-652-7542');
INSERT INTO RESERVATION VALUES ('20190820QD9399102234577',1976,116,'QD','2019-08-20','2019-08-25',null,'cancelled');
INSERT INTO INVOICECHARGE VALUES ('20190820QD9399102234577-ch00001','20190820QD9399102234577','2019-08-20',316.64,'Base room charge');
INSERT INTO INVOICECHARGE VALUES ('20190820QD9399102234577-ch00002','20190820QD9399102234577','2019-08-20',163.12,'Room Service');
INSERT INTO PAYMENT VALUES ('20190820QD9399102234577-p00001','20190820QD9399102234577','2019-08-22','CC',479.76,'Bell Belizaire','3273341125204006',10,2026,917,'Mastercard');
-- ------- SAMPLE 977 ----------
INSERT INTO GUEST VALUES(1977,'Shonda','Schult','SSchult@yahoo.com','1234 DaWrong Lane','Flonkerton','MD','12345','044-051-2069');
INSERT INTO RESERVATION VALUES ('20200423QD2673159603788',1977,101,'QD','2020-04-23','2020-04-27',null,'complete');
INSERT INTO INVOICECHARGE VALUES ('20200423QD2673159603788-ch00001','20200423QD2673159603788','2020-04-23',253.31,'Base room charge');
INSERT INTO INVOICECHARGE VALUES ('20200423QD2673159603788-ch00002','20200423QD2673159603788','2020-04-23',130.49,'Cleaning fee');
INSERT INTO PAYMENT VALUES ('20200423QD2673159603788-p00001','20200423QD2673159603788','2020-04-25','CC',383.81,'Shonda Schult','5719999237121764',3,2021,785,'Mastercard');
-- ------- SAMPLE 978 ----------
INSERT INTO GUEST VALUES(1978,'Heather','Hartin','HHartin@hotmail.com','1234 DaWrong Lane','Flonkerton','MD','12345','379-434-6722');
INSERT INTO RESERVATION VALUES ('20210129QD3879597101544',1978,null,'QD','2021-01-29','2021-02-03',null,'active');
INSERT INTO INVOICECHARGE VALUES ('20210129QD3879597101544-ch00001','20210129QD3879597101544','2021-01-29',479.76,'Base room charge');
INSERT INTO PAYMENT (payment_id,invoice_id,payment_date,payment_type,payment_amount) VALUES ('20210129QD3879597101544-p00001','20210129QD3879597101544','2021-01-31','CA',479.76);
-- ------- SAMPLE 979 ----------
INSERT INTO GUEST VALUES(1979,'Willian','Wiest','WWiest@yahoo.com','1234 DaWrong Lane','Flonkerton','MD','12345','848-485-9342');
INSERT INTO RESERVATION VALUES ('20210325KI1554261984901',1979,null,'KI','2021-03-25','2021-03-28',null,'active');
INSERT INTO INVOICECHARGE VALUES ('20210325KI1554261984901-ch00001','20210325KI1554261984901','2021-03-25',255.87,'Base room charge');
INSERT INTO PAYMENT VALUES ('20210325KI1554261984901-p00001','20210325KI1554261984901','2021-03-27','CC',255.87,'Willian Wiest','9139982454823213',1,2023,903,'Mastercard');
-- ------- SAMPLE 980 ----------
INSERT INTO GUEST VALUES(1980,'Freida','Forbis','FForbis@gmail.com','1234 DaWrong Lane','Flonkerton','MD','12345','293-797-8367');
INSERT INTO RESERVATION VALUES ('20190810KS7313384568999',1980,102,'KS','2019-08-10','2019-08-11',null,'complete');
INSERT INTO INVOICECHARGE VALUES ('20190810KS7313384568999-ch00001','20190810KS7313384568999','2019-08-10',70.37,'Base room charge');
INSERT INTO INVOICECHARGE VALUES ('20190810KS7313384568999-ch00002','20190810KS7313384568999','2019-08-10',36.25,'Room Service');
INSERT INTO PAYMENT (payment_id,invoice_id,payment_date,payment_type,payment_amount) VALUES ('20190810KS7313384568999-p00001','20190810KS7313384568999','2019-08-12','CA',106.61);
-- ------- SAMPLE 981 ----------
INSERT INTO GUEST VALUES(1981,'Yuette','Yetman','YYetman@yahoo.com','1234 DaWrong Lane','Flonkerton','MD','12345','689-398-2753');
INSERT INTO RESERVATION VALUES ('20180624KS1337453035283',1981,107,'KS','2018-06-24','2018-06-27',null,'cancelled');
INSERT INTO INVOICECHARGE VALUES ('20180624KS1337453035283-ch00001','20180624KS1337453035283','2018-06-24',211.1,'Base room charge');
INSERT INTO INVOICECHARGE VALUES ('20180624KS1337453035283-ch00002','20180624KS1337453035283','2018-06-24',108.75,'Room Service');
INSERT INTO PAYMENT VALUES ('20180624KS1337453035283-p00001','20180624KS1337453035283','2018-06-26','CC',319.84,'Yuette Yetman','5990441846855734',12,2027,37,'Mastercard');
-- ------- SAMPLE 982 ----------
INSERT INTO GUEST VALUES(1982,'Asa','Allan','AAllan@gmail.com','1234 DaWrong Lane','Flonkerton','MD','12345','452-206-2647');
INSERT INTO RESERVATION VALUES ('20180907KJ1060146109790',1982,119,'KJ','2018-09-07','2018-09-08',null,'complete');
INSERT INTO INVOICECHARGE VALUES ('20180907KJ1060146109790-ch00001','20180907KJ1060146109790','2018-09-07',91.48,'Base room charge');
INSERT INTO INVOICECHARGE VALUES ('20180907KJ1060146109790-ch00002','20180907KJ1060146109790','2018-09-07',47.12,'Room Service');
INSERT INTO PAYMENT VALUES ('20180907KJ1060146109790-p00001','20180907KJ1060146109790','2018-09-09','CC',138.6,'Asa Allan','1266216679204619',8,2025,499,'Mastercard');
-- ------- SAMPLE 983 ----------
INSERT INTO GUEST VALUES(1983,'Katerine','Kawakami','KKawakami@gmail.com','1234 DaWrong Lane','Flonkerton','MD','12345','798-560-6259');
INSERT INTO RESERVATION VALUES ('20200525QD4237135211700',1983,null,'QD','2020-05-25','2020-05-27',null,'active');
INSERT INTO INVOICECHARGE VALUES ('20200525QD4237135211700-ch00001','20200525QD4237135211700','2020-05-25',126.66,'Base room charge');
INSERT INTO INVOICECHARGE VALUES ('20200525QD4237135211700-ch00002','20200525QD4237135211700','2020-05-25',65.25,'Room Service');
INSERT INTO PAYMENT (payment_id,invoice_id,payment_date,payment_type,payment_amount) VALUES ('20200525QD4237135211700-p00001','20200525QD4237135211700','2020-05-27','CA',191.9);
-- ------- SAMPLE 984 ----------
INSERT INTO GUEST VALUES(1984,'Abram','Adolph','AAdolph@gmail.com','1234 DaWrong Lane','Flonkerton','MD','12345','995-552-2717');
INSERT INTO RESERVATION VALUES ('20201020KS1009173334377',1984,null,'KS','2020-10-20','2020-10-21',null,'active');
INSERT INTO INVOICECHARGE VALUES ('20201020KS1009173334377-ch00001','20201020KS1009173334377','2020-10-20',70.37,'Base room charge');
INSERT INTO INVOICECHARGE VALUES ('20201020KS1009173334377-ch00002','20201020KS1009173334377','2020-10-20',36.25,'Room Service');
INSERT INTO PAYMENT VALUES ('20201020KS1009173334377-p00001','20201020KS1009173334377','2020-10-22','CC',106.61,'Abram Adolph','5987695929414172',3,2027,789,'Mastercard');
-- ------- SAMPLE 985 ----------
INSERT INTO GUEST VALUES(1985,'Louisa','Laroque','LLaroque@gmail.com','1234 DaWrong Lane','Flonkerton','MD','12345','788-498-5587');
INSERT INTO RESERVATION VALUES ('20181103QS6909143845064',1985,207,'QS','2018-11-03','2018-11-05',null,'complete');
INSERT INTO INVOICECHARGE VALUES ('20181103QS6909143845064-ch00001','20181103QS6909143845064','2018-11-03',234.55,'Base room charge');
INSERT INTO PAYMENT VALUES ('20181103QS6909143845064-p00001','20181103QS6909143845064','2018-11-05','CC',234.55,'Louisa Laroque','6773574088866371',5,2025,151,'Mastercard');
-- ------- SAMPLE 986 ----------
INSERT INTO GUEST VALUES(1986,'Ngan','Nalley','NNalley@yahoo.com','1234 DaWrong Lane','Flonkerton','MD','12345','702-099-4478');
INSERT INTO RESERVATION VALUES ('20210329KI3590885362019',1986,null,'KI','2021-03-29','2021-03-30',null,'cancelled');
INSERT INTO INVOICECHARGE VALUES ('20210329KI3590885362019-ch00001','20210329KI3590885362019','2021-03-29',85.29,'Base room charge');
INSERT INTO PAYMENT VALUES ('20210329KI3590885362019-p00001','20210329KI3590885362019','2021-03-31','CC',53,'Ngan Nalley','1785133101560133',10,2024,949,'Mastercard');
-- ------- SAMPLE 987 ----------
INSERT INTO GUEST VALUES(1987,'Edmundo','Erickson','EErickson@gmail.com','1234 DaWrong Lane','Flonkerton','MD','12345','215-665-3516');
INSERT INTO RESERVATION VALUES ('20200618QD3598449472595',1987,null,'QD','2020-06-18','2020-06-20',null,'active');
-- ------- SAMPLE 988 ----------
INSERT INTO GUEST VALUES(1988,'Shae','Sansom','SSansom@hotmail.com','1234 DaWrong Lane','Flonkerton','MD','12345','114-262-2031');
INSERT INTO RESERVATION VALUES ('20200124QD4519890396246',1988,106,'QD','2020-01-24','2020-01-27',null,'complete');
INSERT INTO INVOICECHARGE VALUES ('20200124QD4519890396246-ch00001','20200124QD4519890396246','2020-01-24',287.86,'Base room charge');
INSERT INTO PAYMENT VALUES ('20200124QD4519890396246-p00001','20200124QD4519890396246','2020-01-26','CC',287.86,'Shae Sansom','6952230646386224',5,2022,499,'Mastercard');
-- ------- SAMPLE 989 ----------
INSERT INTO GUEST VALUES(1989,'Ginger','Gordillo','GGordillo@yahoo.com','1234 DaWrong Lane','Flonkerton','MD','12345','241-712-6674');
INSERT INTO RESERVATION VALUES ('20191004QS5691260806890',1989,113,'QS','2019-10-04','2019-10-05',null,'complete');
INSERT INTO INVOICECHARGE VALUES ('20191004QS5691260806890-ch00001','20191004QS5691260806890','2019-10-04',117.28,'Base room charge');
INSERT INTO PAYMENT VALUES ('20191004QS5691260806890-p00001','20191004QS5691260806890','2019-10-06','CC',117.28,'Ginger Gordillo','1979366759599413',2,2023,780,'Mastercard');
-- ------- SAMPLE 990 ----------
INSERT INTO GUEST VALUES(1990,'James','Janey','JJaney@hotmail.com','1234 DaWrong Lane','Flonkerton','MD','12345','626-036-1427');
INSERT INTO RESERVATION VALUES ('20201105KI2997006081242',1990,null,'KI','2020-11-05','2020-11-08',null,'active');
-- ------- SAMPLE 991 ----------
INSERT INTO GUEST VALUES(1991,'Piedad','Proctor','PProctor@gmail.com','1234 DaWrong Lane','Flonkerton','MD','12345','511-400-9794');
INSERT INTO RESERVATION VALUES ('20191201QD1599360449494',1991,200,'QD','2019-12-01','2019-12-04',null,'complete');
INSERT INTO INVOICECHARGE VALUES ('20191201QD1599360449494-ch00001','20191201QD1599360449494','2019-12-01',287.86,'Base room charge');
INSERT INTO PAYMENT VALUES ('20191201QD1599360449494-p00001','20191201QD1599360449494','2019-12-03','CC',287.86,'Piedad Proctor','9575123820814267',2,2021,19,'Mastercard');
-- ------- SAMPLE 992 ----------
INSERT INTO GUEST VALUES(1992,'Melony','Mcmartin','MMcmartin@gmail.com','1234 DaWrong Lane','Flonkerton','MD','12345','942-408-1764');
INSERT INTO RESERVATION VALUES ('20201124KJ6488616019748',1992,null,'KJ','2020-11-24','2020-11-25',null,'active');
INSERT INTO INVOICECHARGE VALUES ('20201124KJ6488616019748-ch00001','20201124KJ6488616019748','2020-11-24',138.6,'Base room charge');
INSERT INTO PAYMENT VALUES ('20201124KJ6488616019748-p00001','20201124KJ6488616019748','2020-11-26','CC',138.6,'Melony Mcmartin','8210348198223622',6,2025,87,'Mastercard');
-- ------- SAMPLE 993 ----------
INSERT INTO GUEST VALUES(1993,'Christine','Ciampa','CCiampa@hotmail.com','1234 DaWrong Lane','Flonkerton','MD','12345','937-463-2548');
INSERT INTO RESERVATION VALUES ('20191007KI3238777288891',1993,209,'KI','2019-10-07','2019-10-11',null,'complete');
INSERT INTO INVOICECHARGE VALUES ('20191007KI3238777288891-ch00001','20191007KI3238777288891','2019-10-07',341.16,'Base room charge');
INSERT INTO PAYMENT VALUES ('20191007KI3238777288891-p00001','20191007KI3238777288891','2019-10-09','CC',341.16,'Christine Ciampa','9646307107088299',6,2023,831,'Mastercard');
-- ------- SAMPLE 994 ----------
INSERT INTO GUEST VALUES(1994,'Julene','Jahn','JJahn@gmail.com','1234 DaWrong Lane','Flonkerton','MD','12345','963-112-3687');
INSERT INTO RESERVATION VALUES ('20200506KI1883030382164',1994,null,'KI','2020-05-06','2020-05-10',null,'active');
INSERT INTO INVOICECHARGE VALUES ('20200506KI1883030382164-ch00001','20200506KI1883030382164','2020-05-06',225.16,'Base room charge');
INSERT INTO INVOICECHARGE VALUES ('20200506KI1883030382164-ch00002','20200506KI1883030382164','2020-05-06',115.99,'Cleaning fee');
INSERT INTO PAYMENT VALUES ('20200506KI1883030382164-p00001','20200506KI1883030382164','2020-05-08','CC',341.16,'Julene Jahn','5622151613425138',2,2025,195,'Mastercard');
-- ------- SAMPLE 995 ----------
INSERT INTO GUEST VALUES(1995,'Heather','Hartin','HHartin@hotmail.com','1234 DaWrong Lane','Flonkerton','MD','12345','809-869-4330');
INSERT INTO RESERVATION VALUES ('20200614QS4507907974192',1995,null,'QS','2020-06-14','2020-06-16',null,'active');
INSERT INTO INVOICECHARGE VALUES ('20200614QS4507907974192-ch00001','20200614QS4507907974192','2020-06-14',234.55,'Base room charge');
INSERT INTO PAYMENT VALUES ('20200614QS4507907974192-p00001','20200614QS4507907974192','2020-06-16','CC',36,'Heather Hartin','8599666631450878',1,2027,367,'Mastercard');
-- ------- SAMPLE 996 ----------
INSERT INTO GUEST VALUES(1996,'Dorian','Delbosque','DDelbosque@yahoo.com','1234 DaWrong Lane','Flonkerton','MD','12345','040-444-9115');
INSERT INTO RESERVATION VALUES ('20181008KJ5152005712442',1996,208,'KJ','2018-10-08','2018-10-11',null,'complete');
INSERT INTO INVOICECHARGE VALUES ('20181008KJ5152005712442-ch00001','20181008KJ5152005712442','2018-10-08',415.81,'Base room charge');
INSERT INTO PAYMENT VALUES ('20181008KJ5152005712442-p00001','20181008KJ5152005712442','2018-10-10','CC',415.81,'Dorian Delbosque','1896565142339566',6,2023,62,'Mastercard');
-- ------- SAMPLE 997 ----------
INSERT INTO GUEST VALUES(1997,'Audrey','Aikens','AAikens@hotmail.com','1234 DaWrong Lane','Flonkerton','MD','12345','384-690-8928');
INSERT INTO RESERVATION VALUES ('20190222QD3225885782838',1997,200,'QD','2019-02-22','2019-02-23',null,'complete');
INSERT INTO INVOICECHARGE VALUES ('20190222QD3225885782838-ch00001','20190222QD3225885782838','2019-02-22',95.95,'Base room charge');
INSERT INTO PAYMENT VALUES ('20190222QD3225885782838-p00001','20190222QD3225885782838','2019-02-24','CC',95.95,'Audrey Aikens','9472698897265061',9,2021,774,'Mastercard');
-- ------- SAMPLE 998 ----------
INSERT INTO GUEST VALUES(1998,'Selene','Staiger','SStaiger@hotmail.com','1234 DaWrong Lane','Flonkerton','MD','12345','908-359-4247');
INSERT INTO RESERVATION VALUES ('20190825KJ6483905557845',1998,109,'KJ','2019-08-25','2019-08-29',null,'complete');
INSERT INTO INVOICECHARGE VALUES ('20190825KJ6483905557845-ch00001','20190825KJ6483905557845','2019-08-25',365.91,'Base room charge');
INSERT INTO INVOICECHARGE VALUES ('20190825KJ6483905557845-ch00002','20190825KJ6483905557845','2019-08-25',188.5,'Room Service');
INSERT INTO PAYMENT (payment_id,invoice_id,payment_date,payment_type,payment_amount) VALUES ('20190825KJ6483905557845-p00001','20190825KJ6483905557845','2019-08-27','CA',554.41);
-- ------- SAMPLE 999 ----------
INSERT INTO GUEST VALUES(1999,'Bradley','Bently','BBently@gmail.com','1234 DaWrong Lane','Flonkerton','MD','12345','293-009-4699');
INSERT INTO RESERVATION VALUES ('20190728QS8380332053533',1999,118,'QS','2019-07-28','2019-08-01',null,'cancelled');
INSERT INTO INVOICECHARGE VALUES ('20190728QS8380332053533-ch00001','20190728QS8380332053533','2019-07-28',309.61,'Base room charge');
INSERT INTO INVOICECHARGE VALUES ('20190728QS8380332053533-ch00002','20190728QS8380332053533','2019-07-28',159.5,'Room Service');
INSERT INTO PAYMENT VALUES ('20190728QS8380332053533-p00001','20190728QS8380332053533','2019-07-30','CC',469.11,'Bradley Bently','9460737372197421',12,2024,173,'Mastercard');
-- ------- SAMPLE 1000 ----------
INSERT INTO GUEST VALUES(2000,'Lynda','Linda','LLinda@gmail.com','1234 DaWrong Lane','Flonkerton','MD','12345','227-149-9472');
INSERT INTO RESERVATION VALUES ('20191121KJ2455213813668',2000,119,'KJ','2019-11-21','2019-11-23',null,'complete');
INSERT INTO INVOICECHARGE VALUES ('20191121KJ2455213813668-ch00001','20191121KJ2455213813668','2019-11-21',182.95,'Base room charge');
INSERT INTO INVOICECHARGE VALUES ('20191121KJ2455213813668-ch00002','20191121KJ2455213813668','2019-11-21',94.25,'Room Service');
INSERT INTO PAYMENT VALUES ('20191121KJ2455213813668-p00001','20191121KJ2455213813668','2019-11-23','CC',277.2,'Lynda Linda','8114790330859606',12,2022,838,'Mastercard');
-- ------- SAMPLE 1001 ----------
INSERT INTO GUEST VALUES(2001,'Raisa','Romito','RRomito@yahoo.com','1234 DaWrong Lane','Flonkerton','MD','12345','951-736-9116');
INSERT INTO RESERVATION VALUES ('20200429KJ7294932120715',2001,109,'KJ','2020-04-29','2020-04-30',null,'complete');
INSERT INTO INVOICECHARGE VALUES ('20200429KJ7294932120715-ch00001','20200429KJ7294932120715','2020-04-29',138.6,'Base room charge');
INSERT INTO PAYMENT VALUES ('20200429KJ7294932120715-p00001','20200429KJ7294932120715','2020-05-01','CC',138.6,'Raisa Romito','7684085101366103',11,2027,259,'Mastercard');
-- ------- SAMPLE 1002 ----------
INSERT INTO GUEST VALUES(2002,'Kathey','Kingston','KKingston@gmail.com','1234 DaWrong Lane','Flonkerton','MD','12345','672-043-7202');
INSERT INTO RESERVATION VALUES ('20200204KJ8240152724536',2002,109,'KJ','2020-02-04','2020-02-07',null,'complete');
INSERT INTO INVOICECHARGE VALUES ('20200204KJ8240152724536-ch00001','20200204KJ8240152724536','2020-02-04',274.43,'Base room charge');
INSERT INTO INVOICECHARGE VALUES ('20200204KJ8240152724536-ch00002','20200204KJ8240152724536','2020-02-04',141.37,'Room Service');
INSERT INTO PAYMENT VALUES ('20200204KJ8240152724536-p00001','20200204KJ8240152724536','2020-02-06','CC',415.81,'Kathey Kingston','6309054597374151',1,2023,688,'Mastercard');
-- ------- SAMPLE 1003 ----------
INSERT INTO GUEST VALUES(2003,'Shawn','Stefanski','SStefanski@hotmail.com','1234 DaWrong Lane','Flonkerton','MD','12345','160-621-5276');
INSERT INTO RESERVATION VALUES ('20180518KS9713976527187',2003,102,'KS','2018-05-18','2018-05-19',null,'complete');
INSERT INTO INVOICECHARGE VALUES ('20180518KS9713976527187-ch00001','20180518KS9713976527187','2018-05-18',70.37,'Base room charge');
INSERT INTO INVOICECHARGE VALUES ('20180518KS9713976527187-ch00002','20180518KS9713976527187','2018-05-18',36.25,'Room Service');
INSERT INTO PAYMENT VALUES ('20180518KS9713976527187-p00001','20180518KS9713976527187','2018-05-20','CC',106.61,'Shawn Stefanski','9006551438449342',2,2027,192,'Mastercard');
-- ------- SAMPLE 1004 ----------
INSERT INTO GUEST VALUES(2004,'Eryn','Edenfield','EEdenfield@hotmail.com','1234 DaWrong Lane','Flonkerton','MD','12345','458-938-6308');
INSERT INTO RESERVATION VALUES ('20200107QS3542577285973',2004,108,'QS','2020-01-07','2020-01-11',null,'complete');
INSERT INTO INVOICECHARGE VALUES ('20200107QS3542577285973-ch00001','20200107QS3542577285973','2020-01-07',469.11,'Base room charge');
INSERT INTO PAYMENT VALUES ('20200107QS3542577285973-p00001','20200107QS3542577285973','2020-01-09','CC',469.11,'Eryn Edenfield','1157217520523181',11,2023,20,'Mastercard');
-- ------- SAMPLE 1005 ----------
INSERT INTO GUEST VALUES(2005,'Liliana','Lueck','LLueck@hotmail.com','1234 DaWrong Lane','Flonkerton','MD','12345','282-842-8175');
INSERT INTO RESERVATION VALUES ('20210430KJ9906308342158',2005,null,'KJ','2021-04-30','2021-05-04',null,'active');
INSERT INTO INVOICECHARGE VALUES ('20210430KJ9906308342158-ch00001','20210430KJ9906308342158','2021-04-30',365.91,'Base room charge');
INSERT INTO INVOICECHARGE VALUES ('20210430KJ9906308342158-ch00002','20210430KJ9906308342158','2021-04-30',188.5,'Cleaning fee');
INSERT INTO PAYMENT VALUES ('20210430KJ9906308342158-p00001','20210430KJ9906308342158','2021-05-02','CC',554.41,'Liliana Lueck','7414667055852937',8,2023,860,'Mastercard');
-- ------- SAMPLE 1006 ----------
INSERT INTO GUEST VALUES(2006,'Romaine','Reck','RReck@gmail.com','1234 DaWrong Lane','Flonkerton','MD','12345','712-164-3719');
INSERT INTO RESERVATION VALUES ('20200106KS8427093593678',2006,201,'KS','2020-01-06','2020-01-11',null,'complete');
INSERT INTO INVOICECHARGE VALUES ('20200106KS8427093593678-ch00001','20200106KS8427093593678','2020-01-06',351.83,'Base room charge');
INSERT INTO INVOICECHARGE VALUES ('20200106KS8427093593678-ch00002','20200106KS8427093593678','2020-01-06',181.24,'Room Service');
INSERT INTO PAYMENT VALUES ('20200106KS8427093593678-p00001','20200106KS8427093593678','2020-01-08','CC',533.07,'Romaine Reck','2267524368201726',1,2023,515,'Mastercard');
-- ------- SAMPLE 1007 ----------
INSERT INTO GUEST VALUES(2007,'Nena','Nunez','NNunez@gmail.com','1234 DaWrong Lane','Flonkerton','MD','12345','323-025-3699');
INSERT INTO RESERVATION VALUES ('20200809QS1291755936649',2007,null,'QS','2020-08-09','2020-08-10',null,'cancelled');
-- ------- SAMPLE 1008 ----------
INSERT INTO GUEST VALUES(2008,'Natalia','Nowacki','NNowacki@yahoo.com','1234 DaWrong Lane','Flonkerton','MD','12345','503-141-1845');
INSERT INTO RESERVATION VALUES ('20210417KJ6168658870973',2008,null,'KJ','2021-04-17','2021-04-21',null,'active');
INSERT INTO INVOICECHARGE VALUES ('20210417KJ6168658870973-ch00001','20210417KJ6168658870973','2021-04-17',554.41,'Base room charge');
INSERT INTO PAYMENT VALUES ('20210417KJ6168658870973-p00001','20210417KJ6168658870973','2021-04-19','CC',520,'Natalia Nowacki','1490351358139447',6,2025,413,'Mastercard');
-- ------- SAMPLE 1009 ----------
INSERT INTO GUEST VALUES(2009,'Annie','Albrecht','AAlbrecht@yahoo.com','1234 DaWrong Lane','Flonkerton','MD','12345','050-575-0688');
INSERT INTO RESERVATION VALUES ('20210108KS6101987131096',2009,null,'KS','2021-01-08','2021-01-11',null,'active');
INSERT INTO INVOICECHARGE VALUES ('20210108KS6101987131096-ch00001','20210108KS6101987131096','2021-01-08',211.1,'Base room charge');
INSERT INTO INVOICECHARGE VALUES ('20210108KS6101987131096-ch00002','20210108KS6101987131096','2021-01-08',108.75,'Cleaning fee');
INSERT INTO PAYMENT VALUES ('20210108KS6101987131096-p00001','20210108KS6101987131096','2021-01-10','CC',319.84,'Annie Albrecht','4731064425446642',2,2025,877,'Mastercard');
-- ------- SAMPLE 1010 ----------
INSERT INTO GUEST VALUES(2010,'Marylynn','Musson','MMusson@gmail.com','1234 DaWrong Lane','Flonkerton','MD','12345','728-250-9091');
INSERT INTO RESERVATION VALUES ('20190515KS5653412835186',2010,107,'KS','2019-05-15','2019-05-17',null,'complete');
INSERT INTO INVOICECHARGE VALUES ('20190515KS5653412835186-ch00001','20190515KS5653412835186','2019-05-15',213.23,'Base room charge');
INSERT INTO PAYMENT (payment_id,invoice_id,payment_date,payment_type,payment_amount) VALUES ('20190515KS5653412835186-p00001','20190515KS5653412835186','2019-05-17','CA',213.23);
-- ------- SAMPLE 1011 ----------
INSERT INTO GUEST VALUES(2011,'Keturah','Kagawa','KKagawa@hotmail.com','1234 DaWrong Lane','Flonkerton','MD','12345','473-629-7463');
INSERT INTO RESERVATION VALUES ('20200402KI4623174185909',2011,115,'KI','2020-04-02','2020-04-06',null,'complete');
INSERT INTO INVOICECHARGE VALUES ('20200402KI4623174185909-ch00001','20200402KI4623174185909','2020-04-02',225.16,'Base room charge');
INSERT INTO INVOICECHARGE VALUES ('20200402KI4623174185909-ch00002','20200402KI4623174185909','2020-04-02',115.99,'Cleaning fee');
INSERT INTO PAYMENT (payment_id,invoice_id,payment_date,payment_type,payment_amount) VALUES ('20200402KI4623174185909-p00001','20200402KI4623174185909','2020-04-04','CA',341.16);
-- ------- SAMPLE 1012 ----------
INSERT INTO GUEST VALUES(2012,'Bell','Belizaire','BBelizaire@hotmail.com','1234 DaWrong Lane','Flonkerton','MD','12345','036-317-7633');
INSERT INTO RESERVATION VALUES ('20201221QS6075455239461',2012,null,'QS','2020-12-21','2020-12-26',null,'active');
INSERT INTO INVOICECHARGE VALUES ('20201221QS6075455239461-ch00001','20201221QS6075455239461','2020-12-21',387.01,'Base room charge');
INSERT INTO INVOICECHARGE VALUES ('20201221QS6075455239461-ch00002','20201221QS6075455239461','2020-12-21',199.37,'Cleaning fee');
INSERT INTO PAYMENT VALUES ('20201221QS6075455239461-p00001','20201221QS6075455239461','2020-12-23','CC',399,'Bell Belizaire','2344721412294453',8,2023,592,'Mastercard');
-- ------- SAMPLE 1013 ----------
INSERT INTO GUEST VALUES(2013,'Melaine','Miskell','MMiskell@hotmail.com','1234 DaWrong Lane','Flonkerton','MD','12345','251-738-4516');
INSERT INTO RESERVATION VALUES ('20190729QD7699208380476',2013,205,'QD','2019-07-29','2019-08-01',null,'complete');
INSERT INTO INVOICECHARGE VALUES ('20190729QD7699208380476-ch00001','20190729QD7699208380476','2019-07-29',189.98,'Base room charge');
INSERT INTO INVOICECHARGE VALUES ('20190729QD7699208380476-ch00002','20190729QD7699208380476','2019-07-29',97.87,'Cleaning fee');
INSERT INTO PAYMENT (payment_id,invoice_id,payment_date,payment_type,payment_amount) VALUES ('20190729QD7699208380476-p00001','20190729QD7699208380476','2019-07-31','CA',287.86);
-- ------- SAMPLE 1014 ----------
INSERT INTO GUEST VALUES(2014,'Clara','Crimmins','CCrimmins@yahoo.com','1234 DaWrong Lane','Flonkerton','MD','12345','562-358-7670');
INSERT INTO RESERVATION VALUES ('20200322KS8652684947755',2014,107,'KS','2020-03-22','2020-03-26',null,'complete');
INSERT INTO INVOICECHARGE VALUES ('20200322KS8652684947755-ch00001','20200322KS8652684947755','2020-03-22',281.46,'Base room charge');
INSERT INTO INVOICECHARGE VALUES ('20200322KS8652684947755-ch00002','20200322KS8652684947755','2020-03-22',145,'Room Service');
INSERT INTO PAYMENT VALUES ('20200322KS8652684947755-p00001','20200322KS8652684947755','2020-03-24','CC',426.46,'Clara Crimmins','5324646733321768',3,2026,692,'Mastercard');
-- ------- SAMPLE 1015 ----------
INSERT INTO GUEST VALUES(2015,'Irma','Irby','IIrby@yahoo.com','1234 DaWrong Lane','Flonkerton','MD','12345','548-930-6813');
INSERT INTO RESERVATION VALUES ('20210328KI2520575306296',2015,null,'KI','2021-03-28','2021-04-02',null,'active');
INSERT INTO INVOICECHARGE VALUES ('20210328KI2520575306296-ch00001','20210328KI2520575306296','2021-03-28',281.45,'Base room charge');
INSERT INTO INVOICECHARGE VALUES ('20210328KI2520575306296-ch00002','20210328KI2520575306296','2021-03-28',144.99,'Room Service');
INSERT INTO PAYMENT VALUES ('20210328KI2520575306296-p00001','20210328KI2520575306296','2021-03-30','CC',426.45,'Irma Irby','8291309125292370',4,2021,923,'Mastercard');
-- ------- SAMPLE 1016 ----------
INSERT INTO GUEST VALUES(2016,'Claribel','Catanzaro','CCatanzaro@yahoo.com','1234 DaWrong Lane','Flonkerton','MD','12345','917-795-8790');
INSERT INTO RESERVATION VALUES ('20181223QS1056305113171',2016,202,'QS','2018-12-23','2018-12-26',null,'complete');
INSERT INTO INVOICECHARGE VALUES ('20181223QS1056305113171-ch00001','20181223QS1056305113171','2018-12-23',351.83,'Base room charge');
INSERT INTO PAYMENT (payment_id,invoice_id,payment_date,payment_type,payment_amount) VALUES ('20181223QS1056305113171-p00001','20181223QS1056305113171','2018-12-25','CA',351.83);
-- ------- SAMPLE 1017 ----------
INSERT INTO GUEST VALUES(2017,'Theodora','Trickey','TTrickey@gmail.com','1234 DaWrong Lane','Flonkerton','MD','12345','806-225-8994');
INSERT INTO RESERVATION VALUES ('20191011QD2969970919388',2017,205,'QD','2019-10-11','2019-10-12',null,'complete');
INSERT INTO INVOICECHARGE VALUES ('20191011QD2969970919388-ch00001','20191011QD2969970919388','2019-10-11',95.95,'Base room charge');
INSERT INTO PAYMENT VALUES ('20191011QD2969970919388-p00001','20191011QD2969970919388','2019-10-13','CC',95.95,'Theodora Trickey','4310242923502006',4,2023,668,'Mastercard');
-- ------- SAMPLE 1018 ----------
INSERT INTO GUEST VALUES(2018,'Rossana','Running','RRunning@gmail.com','1234 DaWrong Lane','Flonkerton','MD','12345','816-592-6318');
INSERT INTO RESERVATION VALUES ('20210411QS4715073639668',2018,null,'QS','2021-04-11','2021-04-14',null,'active');
INSERT INTO INVOICECHARGE VALUES ('20210411QS4715073639668-ch00001','20210411QS4715073639668','2021-04-11',351.83,'Base room charge');
INSERT INTO PAYMENT VALUES ('20210411QS4715073639668-p00001','20210411QS4715073639668','2021-04-13','CC',351.83,'Rossana Running','2702699116790661',4,2025,753,'Mastercard');
-- ------- SAMPLE 1019 ----------
INSERT INTO GUEST VALUES(2019,'Marylynn','Musson','MMusson@hotmail.com','1234 DaWrong Lane','Flonkerton','MD','12345','768-760-2365');
INSERT INTO RESERVATION VALUES ('20201116QS5283212428340',2019,null,'QS','2020-11-16','2020-11-18',null,'active');
INSERT INTO INVOICECHARGE VALUES ('20201116QS5283212428340-ch00001','20201116QS5283212428340','2020-11-16',234.55,'Base room charge');
INSERT INTO PAYMENT VALUES ('20201116QS5283212428340-p00001','20201116QS5283212428340','2020-11-18','CC',234.55,'Marylynn Musson','3697707202938989',4,2023,602,'Mastercard');
-- ------- SAMPLE 1020 ----------
INSERT INTO GUEST VALUES(2020,'Lillia','Linen','LLinen@hotmail.com','1234 DaWrong Lane','Flonkerton','MD','12345','667-047-5684');
INSERT INTO RESERVATION VALUES ('20190619KJ5353504552336',2020,203,'KJ','2019-06-19','2019-06-20',null,'complete');
INSERT INTO INVOICECHARGE VALUES ('20190619KJ5353504552336-ch00001','20190619KJ5353504552336','2019-06-19',91.48,'Base room charge');
INSERT INTO INVOICECHARGE VALUES ('20190619KJ5353504552336-ch00002','20190619KJ5353504552336','2019-06-19',47.12,'Room Service');
INSERT INTO PAYMENT VALUES ('20190619KJ5353504552336-p00001','20190619KJ5353504552336','2019-06-21','CC',138.6,'Lillia Linen','8683152427074136',6,2022,428,'Mastercard');
-- ------- SAMPLE 1021 ----------
INSERT INTO GUEST VALUES(2021,'Kathern','Korn','KKorn@hotmail.com','1234 DaWrong Lane','Flonkerton','MD','12345','014-967-4065');
INSERT INTO RESERVATION VALUES ('20190508QS1235235876551',2021,103,'QS','2019-05-08','2019-05-12',null,'complete');
INSERT INTO INVOICECHARGE VALUES ('20190508QS1235235876551-ch00001','20190508QS1235235876551','2019-05-08',309.61,'Base room charge');
INSERT INTO INVOICECHARGE VALUES ('20190508QS1235235876551-ch00002','20190508QS1235235876551','2019-05-08',159.5,'Cleaning fee');
INSERT INTO PAYMENT VALUES ('20190508QS1235235876551-p00001','20190508QS1235235876551','2019-05-10','CC',469.11,'Kathern Korn','3753393303073539',3,2021,539,'Mastercard');
-- ------- SAMPLE 1022 ----------
INSERT INTO GUEST VALUES(2022,'Shad','Sitler','SSitler@gmail.com','1234 DaWrong Lane','Flonkerton','MD','12345','325-410-4185');
INSERT INTO RESERVATION VALUES ('20190723KS3277718458360',2022,102,'KS','2019-07-23','2019-07-28',null,'complete');
INSERT INTO INVOICECHARGE VALUES ('20190723KS3277718458360-ch00001','20190723KS3277718458360','2019-07-23',533.07,'Base room charge');
INSERT INTO PAYMENT VALUES ('20190723KS3277718458360-p00001','20190723KS3277718458360','2019-07-25','CC',533.07,'Shad Sitler','8502360508086781',5,2025,413,'Mastercard');
-- ------- SAMPLE 1023 ----------
INSERT INTO GUEST VALUES(2023,'Lorean','Loden','LLoden@hotmail.com','1234 DaWrong Lane','Flonkerton','MD','12345','374-776-2045');
INSERT INTO RESERVATION VALUES ('20180619KI1192321244247',2023,204,'KI','2018-06-19','2018-06-23',null,'complete');
INSERT INTO INVOICECHARGE VALUES ('20180619KI1192321244247-ch00001','20180619KI1192321244247','2018-06-19',225.16,'Base room charge');
INSERT INTO INVOICECHARGE VALUES ('20180619KI1192321244247-ch00002','20180619KI1192321244247','2018-06-19',115.99,'Room Service');
INSERT INTO PAYMENT (payment_id,invoice_id,payment_date,payment_type,payment_amount) VALUES ('20180619KI1192321244247-p00001','20180619KI1192321244247','2018-06-21','CA',341.16);
-- ------- SAMPLE 1024 ----------
INSERT INTO GUEST VALUES(2024,'Stacie','Schupp','SSchupp@gmail.com','1234 DaWrong Lane','Flonkerton','MD','12345','073-603-0264');
INSERT INTO RESERVATION VALUES ('20200715QS7461854295662',2024,null,'QS','2020-07-15','2020-07-16',null,'active');
INSERT INTO INVOICECHARGE VALUES ('20200715QS7461854295662-ch00001','20200715QS7461854295662','2020-07-15',77.4,'Base room charge');
INSERT INTO INVOICECHARGE VALUES ('20200715QS7461854295662-ch00002','20200715QS7461854295662','2020-07-15',39.87,'Cleaning fee');
INSERT INTO PAYMENT VALUES ('20200715QS7461854295662-p00001','20200715QS7461854295662','2020-07-17','CC',117.28,'Stacie Schupp','5146085716618988',9,2027,827,'Mastercard');
-- ------- SAMPLE 1025 ----------
INSERT INTO GUEST VALUES(2025,'Anita','Amezcua','AAmezcua@yahoo.com','1234 DaWrong Lane','Flonkerton','MD','12345','990-818-9416');
INSERT INTO RESERVATION VALUES ('20191107KJ5573722180653',2025,104,'KJ','2019-11-07','2019-11-09',null,'complete');
INSERT INTO INVOICECHARGE VALUES ('20191107KJ5573722180653-ch00001','20191107KJ5573722180653','2019-11-07',182.95,'Base room charge');
INSERT INTO INVOICECHARGE VALUES ('20191107KJ5573722180653-ch00002','20191107KJ5573722180653','2019-11-07',94.25,'Room Service');
INSERT INTO PAYMENT VALUES ('20191107KJ5573722180653-p00001','20191107KJ5573722180653','2019-11-09','CC',277.2,'Anita Amezcua','5492245261482633',6,2027,559,'Mastercard');
-- ------- SAMPLE 1026 ----------
INSERT INTO GUEST VALUES(2026,'Randal','Rohman','RRohman@yahoo.com','1234 DaWrong Lane','Flonkerton','MD','12345','051-506-4678');
INSERT INTO RESERVATION VALUES ('20190319KS5237808444983',2026,102,'KS','2019-03-19','2019-03-21',null,'complete');
INSERT INTO INVOICECHARGE VALUES ('20190319KS5237808444983-ch00001','20190319KS5237808444983','2019-03-19',213.23,'Base room charge');
INSERT INTO PAYMENT (payment_id,invoice_id,payment_date,payment_type,payment_amount) VALUES ('20190319KS5237808444983-p00001','20190319KS5237808444983','2019-03-21','CA',213.23);
-- ------- SAMPLE 1027 ----------
INSERT INTO GUEST VALUES(2027,'Jammie','Jo','JJo@gmail.com','1234 DaWrong Lane','Flonkerton','MD','12345','393-163-4771');
INSERT INTO RESERVATION VALUES ('20201214KJ6868474057670',2027,null,'KJ','2020-12-14','2020-12-17',null,'active');
INSERT INTO INVOICECHARGE VALUES ('20201214KJ6868474057670-ch00001','20201214KJ6868474057670','2020-12-14',274.43,'Base room charge');
INSERT INTO INVOICECHARGE VALUES ('20201214KJ6868474057670-ch00002','20201214KJ6868474057670','2020-12-14',141.37,'Cleaning fee');
INSERT INTO PAYMENT VALUES ('20201214KJ6868474057670-p00001','20201214KJ6868474057670','2020-12-16','CC',415.81,'Jammie Jo','9872575751407046',3,2026,556,'Mastercard');
-- ------- SAMPLE 1028 ----------
INSERT INTO GUEST VALUES(2028,'Leighann','Leith','LLeith@yahoo.com','1234 DaWrong Lane','Flonkerton','MD','12345','130-462-1842');
INSERT INTO RESERVATION VALUES ('20180901QS7211902711233',2028,202,'QS','2018-09-01','2018-09-05',null,'complete');
INSERT INTO INVOICECHARGE VALUES ('20180901QS7211902711233-ch00001','20180901QS7211902711233','2018-09-01',309.61,'Base room charge');
INSERT INTO INVOICECHARGE VALUES ('20180901QS7211902711233-ch00002','20180901QS7211902711233','2018-09-01',159.5,'Cleaning fee');
INSERT INTO PAYMENT (payment_id,invoice_id,payment_date,payment_type,payment_amount) VALUES ('20180901QS7211902711233-p00001','20180901QS7211902711233','2018-09-03','CA',469.11);
-- ------- SAMPLE 1029 ----------
INSERT INTO GUEST VALUES(2029,'Bessie','Buhler','BBuhler@gmail.com','1234 DaWrong Lane','Flonkerton','MD','12345','961-500-3708');
INSERT INTO RESERVATION VALUES ('20190111KJ2333877931550',2029,104,'KJ','2019-01-11','2019-01-12',null,'complete');
INSERT INTO INVOICECHARGE VALUES ('20190111KJ2333877931550-ch00001','20190111KJ2333877931550','2019-01-11',91.48,'Base room charge');
INSERT INTO INVOICECHARGE VALUES ('20190111KJ2333877931550-ch00002','20190111KJ2333877931550','2019-01-11',47.12,'Cleaning fee');
INSERT INTO PAYMENT VALUES ('20190111KJ2333877931550-p00001','20190111KJ2333877931550','2019-01-13','CC',138.6,'Bessie Buhler','3635910155861613',5,2027,632,'Mastercard');
-- ------- SAMPLE 1030 ----------
INSERT INTO GUEST VALUES(2030,'Elfriede','Esslinger','EEsslinger@yahoo.com','1234 DaWrong Lane','Flonkerton','MD','12345','909-658-8547');
INSERT INTO RESERVATION VALUES ('20200614QS1081125532916',2030,null,'QS','2020-06-14','2020-06-18',null,'cancelled');
INSERT INTO INVOICECHARGE VALUES ('20200614QS1081125532916-ch00001','20200614QS1081125532916','2020-06-14',309.61,'Base room charge');
INSERT INTO INVOICECHARGE VALUES ('20200614QS1081125532916-ch00002','20200614QS1081125532916','2020-06-14',159.5,'Cleaning fee');
INSERT INTO PAYMENT (payment_id,invoice_id,payment_date,payment_type,payment_amount) VALUES ('20200614QS1081125532916-p00001','20200614QS1081125532916','2020-06-16','CA',469.11);
-- ------- SAMPLE 1031 ----------
INSERT INTO GUEST VALUES(2031,'Boris','Berner','BBerner@hotmail.com','1234 DaWrong Lane','Flonkerton','MD','12345','275-977-6231');
INSERT INTO RESERVATION VALUES ('20181122KS7760395651950',2031,206,'KS','2018-11-22','2018-11-23',null,'complete');
INSERT INTO INVOICECHARGE VALUES ('20181122KS7760395651950-ch00001','20181122KS7760395651950','2018-11-22',70.37,'Base room charge');
INSERT INTO INVOICECHARGE VALUES ('20181122KS7760395651950-ch00002','20181122KS7760395651950','2018-11-22',36.25,'Room Service');
INSERT INTO PAYMENT (payment_id,invoice_id,payment_date,payment_type,payment_amount) VALUES ('20181122KS7760395651950-p00001','20181122KS7760395651950','2018-11-24','CA',106.61);
-- ------- SAMPLE 1032 ----------
INSERT INTO GUEST VALUES(2032,'James','Janey','JJaney@yahoo.com','1234 DaWrong Lane','Flonkerton','MD','12345','440-906-5935');
INSERT INTO RESERVATION VALUES ('20200504KI8002953155522',2032,209,'KI','2020-05-04','2020-05-07',null,'complete');
-- ------- SAMPLE 1033 ----------
INSERT INTO GUEST VALUES(2033,'Hedwig','Hinz','HHinz@gmail.com','1234 DaWrong Lane','Flonkerton','MD','12345','224-902-8693');
INSERT INTO RESERVATION VALUES ('20180626QD7192578548219',2033,200,'QD','2018-06-26','2018-06-27',null,'complete');
INSERT INTO INVOICECHARGE VALUES ('20180626QD7192578548219-ch00001','20180626QD7192578548219','2018-06-26',95.95,'Base room charge');
INSERT INTO PAYMENT VALUES ('20180626QD7192578548219-p00001','20180626QD7192578548219','2018-06-28','CC',95.95,'Hedwig Hinz','1200651246004509',6,2021,96,'Mastercard');
-- ------- SAMPLE 1034 ----------
INSERT INTO GUEST VALUES(2034,'Fiona','Figgs','FFiggs@yahoo.com','1234 DaWrong Lane','Flonkerton','MD','12345','302-547-9312');
INSERT INTO RESERVATION VALUES ('20201221QS7952839341781',2034,null,'QS','2020-12-21','2020-12-26',null,'active');
INSERT INTO INVOICECHARGE VALUES ('20201221QS7952839341781-ch00001','20201221QS7952839341781','2020-12-21',387.01,'Base room charge');
INSERT INTO INVOICECHARGE VALUES ('20201221QS7952839341781-ch00002','20201221QS7952839341781','2020-12-21',199.37,'Room Service');
INSERT INTO PAYMENT VALUES ('20201221QS7952839341781-p00001','20201221QS7952839341781','2020-12-23','CC',586.38,'Fiona Figgs','5591870555425773',11,2026,505,'Mastercard');
-- ------- SAMPLE 1035 ----------
INSERT INTO GUEST VALUES(2035,'Mario','Macdowell','MMacdowell@gmail.com','1234 DaWrong Lane','Flonkerton','MD','12345','432-930-7998');
INSERT INTO RESERVATION VALUES ('20200117KI2704506158047',2035,115,'KI','2020-01-17','2020-01-20',null,'cancelled');
INSERT INTO INVOICECHARGE VALUES ('20200117KI2704506158047-ch00001','20200117KI2704506158047','2020-01-17',168.87,'Base room charge');
INSERT INTO INVOICECHARGE VALUES ('20200117KI2704506158047-ch00002','20200117KI2704506158047','2020-01-17',87,'Cleaning fee');
INSERT INTO PAYMENT (payment_id,invoice_id,payment_date,payment_type,payment_amount) VALUES ('20200117KI2704506158047-p00001','20200117KI2704506158047','2020-01-19','CA',255.87);
-- ------- SAMPLE 1036 ----------
INSERT INTO GUEST VALUES(2036,'Kathern','Korn','KKorn@yahoo.com','1234 DaWrong Lane','Flonkerton','MD','12345','933-653-5374');
INSERT INTO RESERVATION VALUES ('20210202KI5779831430013',2036,null,'KI','2021-02-02','2021-02-06',null,'active');
INSERT INTO INVOICECHARGE VALUES ('20210202KI5779831430013-ch00001','20210202KI5779831430013','2021-02-02',341.16,'Base room charge');
INSERT INTO PAYMENT (payment_id,invoice_id,payment_date,payment_type,payment_amount) VALUES ('20210202KI5779831430013-p00001','20210202KI5779831430013','2021-02-04','CA',341.16);
-- ------- SAMPLE 1037 ----------
INSERT INTO GUEST VALUES(2037,'Fredericka','Farney','FFarney@hotmail.com','1234 DaWrong Lane','Flonkerton','MD','12345','222-375-8920');
INSERT INTO RESERVATION VALUES ('20200903KJ6492286190815',2037,null,'KJ','2020-09-03','2020-09-07',null,'active');
-- ------- SAMPLE 1038 ----------
INSERT INTO GUEST VALUES(2038,'Kasey','Kipp','KKipp@yahoo.com','1234 DaWrong Lane','Flonkerton','MD','12345','543-660-8122');
INSERT INTO RESERVATION VALUES ('20210310KI6711608089318',2038,null,'KI','2021-03-10','2021-03-12',null,'active');
INSERT INTO INVOICECHARGE VALUES ('20210310KI6711608089318-ch00001','20210310KI6711608089318','2021-03-10',170.58,'Base room charge');
INSERT INTO PAYMENT VALUES ('20210310KI6711608089318-p00001','20210310KI6711608089318','2021-03-12','CC',170.58,'Kasey Kipp','1384082522768082',12,2021,759,'Mastercard');
-- ------- SAMPLE 1039 ----------
INSERT INTO GUEST VALUES(2039,'Missy','Mcclintock','MMcclintock@yahoo.com','1234 DaWrong Lane','Flonkerton','MD','12345','633-015-6239');
INSERT INTO RESERVATION VALUES ('20200118QD7891277623055',2039,101,'QD','2020-01-18','2020-01-20',null,'complete');
INSERT INTO INVOICECHARGE VALUES ('20200118QD7891277623055-ch00001','20200118QD7891277623055','2020-01-18',191.9,'Base room charge');
INSERT INTO PAYMENT VALUES ('20200118QD7891277623055-p00001','20200118QD7891277623055','2020-01-20','CC',191.9,'Missy Mcclintock','3691911514739616',9,2022,669,'Mastercard');
-- ------- SAMPLE 1040 ----------
INSERT INTO GUEST VALUES(2040,'Daron','Dycus','DDycus@yahoo.com','1234 DaWrong Lane','Flonkerton','MD','12345','845-962-9246');
INSERT INTO RESERVATION VALUES ('20190517KS2400071265613',2040,206,'KS','2019-05-17','2019-05-22',null,'complete');
INSERT INTO INVOICECHARGE VALUES ('20190517KS2400071265613-ch00001','20190517KS2400071265613','2019-05-17',351.83,'Base room charge');
INSERT INTO INVOICECHARGE VALUES ('20190517KS2400071265613-ch00002','20190517KS2400071265613','2019-05-17',181.24,'Cleaning fee');
INSERT INTO PAYMENT VALUES ('20190517KS2400071265613-p00001','20190517KS2400071265613','2019-05-19','CC',533.07,'Daron Dycus','5339784145331618',6,2026,550,'Mastercard');
-- ------- SAMPLE 1041 ----------
INSERT INTO GUEST VALUES(2041,'Bessie','Buhler','BBuhler@yahoo.com','1234 DaWrong Lane','Flonkerton','MD','12345','414-656-8381');
INSERT INTO RESERVATION VALUES ('20200911KI8979867691471',2041,null,'KI','2020-09-11','2020-09-14',null,'cancelled');
-- ------- SAMPLE 1042 ----------
INSERT INTO GUEST VALUES(2042,'Dane','Dumond','DDumond@hotmail.com','1234 DaWrong Lane','Flonkerton','MD','12345','172-991-2175');
INSERT INTO RESERVATION VALUES ('20180527QD3392089887078',2042,205,'QD','2018-05-27','2018-05-28',null,'complete');
INSERT INTO INVOICECHARGE VALUES ('20180527QD3392089887078-ch00001','20180527QD3392089887078','2018-05-27',95.95,'Base room charge');
INSERT INTO PAYMENT (payment_id,invoice_id,payment_date,payment_type,payment_amount) VALUES ('20180527QD3392089887078-p00001','20180527QD3392089887078','2018-05-29','CA',95.95);
-- ------- SAMPLE 1043 ----------
INSERT INTO GUEST VALUES(2043,'Rossana','Running','RRunning@gmail.com','1234 DaWrong Lane','Flonkerton','MD','12345','185-737-5649');
INSERT INTO RESERVATION VALUES ('20200921KJ8519061644731',2043,null,'KJ','2020-09-21','2020-09-26',null,'active');
INSERT INTO INVOICECHARGE VALUES ('20200921KJ8519061644731-ch00001','20200921KJ8519061644731','2020-09-21',693.01,'Base room charge');
INSERT INTO PAYMENT VALUES ('20200921KJ8519061644731-p00001','20200921KJ8519061644731','2020-09-23','CC',693.01,'Rossana Running','7898569810187224',5,2026,819,'Mastercard');
-- ------- SAMPLE 1044 ----------
INSERT INTO GUEST VALUES(2044,'Fonda','Foreman','FForeman@yahoo.com','1234 DaWrong Lane','Flonkerton','MD','12345','929-881-6093');
INSERT INTO RESERVATION VALUES ('20210330KS5482212036183',2044,null,'KS','2021-03-30','2021-03-31',null,'cancelled');
INSERT INTO INVOICECHARGE VALUES ('20210330KS5482212036183-ch00001','20210330KS5482212036183','2021-03-30',70.37,'Base room charge');
INSERT INTO INVOICECHARGE VALUES ('20210330KS5482212036183-ch00002','20210330KS5482212036183','2021-03-30',36.25,'Cleaning fee');
INSERT INTO PAYMENT VALUES ('20210330KS5482212036183-p00001','20210330KS5482212036183','2021-04-01','CC',106.61,'Fonda Foreman','1073277225266339',12,2023,298,'Mastercard');
-- ------- SAMPLE 1045 ----------
INSERT INTO GUEST VALUES(2045,'Jeanene','Jacobo','JJacobo@hotmail.com','1234 DaWrong Lane','Flonkerton','MD','12345','811-602-3785');
INSERT INTO RESERVATION VALUES ('20181201KI6754026214748',2045,120,'KI','2018-12-01','2018-12-06',null,'complete');
INSERT INTO INVOICECHARGE VALUES ('20181201KI6754026214748-ch00001','20181201KI6754026214748','2018-12-01',426.45,'Base room charge');
INSERT INTO PAYMENT VALUES ('20181201KI6754026214748-p00001','20181201KI6754026214748','2018-12-03','CC',426.45,'Jeanene Jacobo','7848800404846169',10,2025,581,'Mastercard');
-- ------- SAMPLE 1046 ----------
INSERT INTO GUEST VALUES(2046,'Melony','Mcmartin','MMcmartin@hotmail.com','1234 DaWrong Lane','Flonkerton','MD','12345','982-275-2527');
INSERT INTO RESERVATION VALUES ('20200618KI8060607005731',2046,null,'KI','2020-06-18','2020-06-20',null,'active');
-- ------- SAMPLE 1047 ----------
INSERT INTO GUEST VALUES(2047,'Natalya','Neathery','NNeathery@yahoo.com','1234 DaWrong Lane','Flonkerton','MD','12345','490-751-8698');
INSERT INTO RESERVATION VALUES ('20190602KJ5163418012193',2047,109,'KJ','2019-06-02','2019-06-05',null,'complete');
INSERT INTO INVOICECHARGE VALUES ('20190602KJ5163418012193-ch00001','20190602KJ5163418012193','2019-06-02',415.81,'Base room charge');
INSERT INTO PAYMENT VALUES ('20190602KJ5163418012193-p00001','20190602KJ5163418012193','2019-06-04','CC',415.81,'Natalya Neathery','7855671580916418',7,2022,646,'Mastercard');
-- ------- SAMPLE 1048 ----------
INSERT INTO GUEST VALUES(2048,'Shae','Sansom','SSansom@yahoo.com','1234 DaWrong Lane','Flonkerton','MD','12345','549-098-8650');
INSERT INTO RESERVATION VALUES ('20200409KS7878581396710',2048,201,'KS','2020-04-09','2020-04-12',null,'complete');
INSERT INTO INVOICECHARGE VALUES ('20200409KS7878581396710-ch00001','20200409KS7878581396710','2020-04-09',319.84,'Base room charge');
INSERT INTO PAYMENT VALUES ('20200409KS7878581396710-p00001','20200409KS7878581396710','2020-04-11','CC',319.84,'Shae Sansom','5903424945914982',3,2021,52,'Mastercard');
-- ------- SAMPLE 1049 ----------
INSERT INTO GUEST VALUES(2049,'Julene','Jahn','JJahn@gmail.com','1234 DaWrong Lane','Flonkerton','MD','12345','926-677-5876');
INSERT INTO RESERVATION VALUES ('20201111KJ8740856849541',2049,null,'KJ','2020-11-11','2020-11-16',null,'active');
INSERT INTO INVOICECHARGE VALUES ('20201111KJ8740856849541-ch00001','20201111KJ8740856849541','2020-11-11',457.39,'Base room charge');
INSERT INTO INVOICECHARGE VALUES ('20201111KJ8740856849541-ch00002','20201111KJ8740856849541','2020-11-11',235.62,'Cleaning fee');
INSERT INTO PAYMENT VALUES ('20201111KJ8740856849541-p00001','20201111KJ8740856849541','2020-11-13','CC',693.01,'Julene Jahn','4929086953637937',4,2021,324,'Mastercard');
-- ------- SAMPLE 1050 ----------
INSERT INTO GUEST VALUES(2050,'Fonda','Foreman','FForeman@hotmail.com','1234 DaWrong Lane','Flonkerton','MD','12345','657-442-2201');
INSERT INTO RESERVATION VALUES ('20190422KI2527442822055',2050,115,'KI','2019-04-22','2019-04-25',null,'complete');
INSERT INTO INVOICECHARGE VALUES ('20190422KI2527442822055-ch00001','20190422KI2527442822055','2019-04-22',168.87,'Base room charge');
INSERT INTO INVOICECHARGE VALUES ('20190422KI2527442822055-ch00002','20190422KI2527442822055','2019-04-22',87,'Cleaning fee');
INSERT INTO PAYMENT VALUES ('20190422KI2527442822055-p00001','20190422KI2527442822055','2019-04-24','CC',255.87,'Fonda Foreman','6908897389596558',1,2026,673,'Mastercard');
-- ------- SAMPLE 1051 ----------
INSERT INTO GUEST VALUES(2051,'Lakenya','Langston','LLangston@hotmail.com','1234 DaWrong Lane','Flonkerton','MD','12345','135-971-5648');
INSERT INTO RESERVATION VALUES ('20190520QD7268220239235',2051,106,'QD','2019-05-20','2019-05-23',null,'complete');
INSERT INTO INVOICECHARGE VALUES ('20190520QD7268220239235-ch00001','20190520QD7268220239235','2019-05-20',189.98,'Base room charge');
INSERT INTO INVOICECHARGE VALUES ('20190520QD7268220239235-ch00002','20190520QD7268220239235','2019-05-20',97.87,'Cleaning fee');
INSERT INTO PAYMENT VALUES ('20190520QD7268220239235-p00001','20190520QD7268220239235','2019-05-22','CC',287.86,'Lakenya Langston','1686699769399524',8,2026,801,'Mastercard');
-- ------- SAMPLE 1052 ----------
INSERT INTO GUEST VALUES(2052,'Hanna','Hastie','HHastie@hotmail.com','1234 DaWrong Lane','Flonkerton','MD','12345','994-093-9555');
INSERT INTO RESERVATION VALUES ('20210319KI9995808381489',2052,null,'KI','2021-03-19','2021-03-24',null,'active');
INSERT INTO INVOICECHARGE VALUES ('20210319KI9995808381489-ch00001','20210319KI9995808381489','2021-03-19',426.45,'Base room charge');
INSERT INTO PAYMENT VALUES ('20210319KI9995808381489-p00001','20210319KI9995808381489','2021-03-21','CC',426.45,'Hanna Hastie','8854777505115986',3,2027,751,'Mastercard');
-- ------- SAMPLE 1053 ----------
INSERT INTO GUEST VALUES(2053,'Kenisha','Kane','KKane@gmail.com','1234 DaWrong Lane','Flonkerton','MD','12345','226-394-3955');
INSERT INTO RESERVATION VALUES ('20200213KS7190374212790',2053,206,'KS','2020-02-13','2020-02-17',null,'complete');
INSERT INTO INVOICECHARGE VALUES ('20200213KS7190374212790-ch00001','20200213KS7190374212790','2020-02-13',426.46,'Base room charge');
INSERT INTO PAYMENT VALUES ('20200213KS7190374212790-p00001','20200213KS7190374212790','2020-02-15','CC',426.46,'Kenisha Kane','2435359612172195',4,2024,1,'Mastercard');
-- ------- SAMPLE 1054 ----------
INSERT INTO GUEST VALUES(2054,'Alverta','Arce','AArce@gmail.com','1234 DaWrong Lane','Flonkerton','MD','12345','303-068-2825');
INSERT INTO RESERVATION VALUES ('20180924KJ1767192098555',2054,104,'KJ','2018-09-24','2018-09-25',null,'cancelled');
INSERT INTO INVOICECHARGE VALUES ('20180924KJ1767192098555-ch00001','20180924KJ1767192098555','2018-09-24',91.48,'Base room charge');
INSERT INTO INVOICECHARGE VALUES ('20180924KJ1767192098555-ch00002','20180924KJ1767192098555','2018-09-24',47.12,'Cleaning fee');
INSERT INTO PAYMENT (payment_id,invoice_id,payment_date,payment_type,payment_amount) VALUES ('20180924KJ1767192098555-p00001','20180924KJ1767192098555','2018-09-26','CA',138.6);
-- ------- SAMPLE 1055 ----------
INSERT INTO GUEST VALUES(2055,'Malia','Molden','MMolden@hotmail.com','1234 DaWrong Lane','Flonkerton','MD','12345','067-421-2778');
INSERT INTO RESERVATION VALUES ('20210422KJ9431656585391',2055,null,'KJ','2021-04-22','2021-04-27',null,'active');
INSERT INTO INVOICECHARGE VALUES ('20210422KJ9431656585391-ch00001','20210422KJ9431656585391','2021-04-22',693.01,'Base room charge');
INSERT INTO PAYMENT (payment_id,invoice_id,payment_date,payment_type,payment_amount) VALUES ('20210422KJ9431656585391-p00001','20210422KJ9431656585391','2021-04-24','CA',385);
-- ------- SAMPLE 1056 ----------
INSERT INTO GUEST VALUES(2056,'Louisa','Laroque','LLaroque@hotmail.com','1234 DaWrong Lane','Flonkerton','MD','12345','755-979-0406');
INSERT INTO RESERVATION VALUES ('20190711QD2233505788432',2056,111,'QD','2019-07-11','2019-07-14',null,'complete');
INSERT INTO INVOICECHARGE VALUES ('20190711QD2233505788432-ch00001','20190711QD2233505788432','2019-07-11',287.86,'Base room charge');
INSERT INTO PAYMENT VALUES ('20190711QD2233505788432-p00001','20190711QD2233505788432','2019-07-13','CC',287.86,'Louisa Laroque','8367029697809346',3,2026,951,'Mastercard');
-- ------- SAMPLE 1057 ----------
INSERT INTO GUEST VALUES(2057,'Rick','Ritenour','RRitenour@yahoo.com','1234 DaWrong Lane','Flonkerton','MD','12345','258-209-5774');
INSERT INTO RESERVATION VALUES ('20200213QD2757720929805',2057,116,'QD','2020-02-13','2020-02-17',null,'complete');
INSERT INTO INVOICECHARGE VALUES ('20200213QD2757720929805-ch00001','20200213QD2757720929805','2020-02-13',253.31,'Base room charge');
INSERT INTO INVOICECHARGE VALUES ('20200213QD2757720929805-ch00002','20200213QD2757720929805','2020-02-13',130.49,'Room Service');
INSERT INTO PAYMENT VALUES ('20200213QD2757720929805-p00001','20200213QD2757720929805','2020-02-15','CC',383.81,'Rick Ritenour','8399059205422759',6,2023,988,'Mastercard');
-- ------- SAMPLE 1058 ----------
INSERT INTO GUEST VALUES(2058,'Pearlene','Priestly','PPriestly@hotmail.com','1234 DaWrong Lane','Flonkerton','MD','12345','706-793-0783');
INSERT INTO RESERVATION VALUES ('20191226KJ9625891503704',2058,203,'KJ','2019-12-26','2019-12-30',null,'complete');
INSERT INTO INVOICECHARGE VALUES ('20191226KJ9625891503704-ch00001','20191226KJ9625891503704','2019-12-26',554.41,'Base room charge');
INSERT INTO PAYMENT VALUES ('20191226KJ9625891503704-p00001','20191226KJ9625891503704','2019-12-28','CC',554.41,'Pearlene Priestly','9466971866582740',3,2024,634,'Mastercard');
-- ------- SAMPLE 1059 ----------
INSERT INTO GUEST VALUES(2059,'Raisa','Romito','RRomito@yahoo.com','1234 DaWrong Lane','Flonkerton','MD','12345','696-766-6223');
INSERT INTO RESERVATION VALUES ('20181231QD9556478187593',2059,101,'QD','2018-12-31','2019-01-05',null,'complete');
INSERT INTO INVOICECHARGE VALUES ('20181231QD9556478187593-ch00001','20181231QD9556478187593','2018-12-31',479.76,'Base room charge');
INSERT INTO PAYMENT VALUES ('20181231QD9556478187593-p00001','20181231QD9556478187593','2019-01-02','CC',479.76,'Raisa Romito','3856515431392112',11,2024,163,'Mastercard');
-- ------- SAMPLE 1060 ----------
INSERT INTO GUEST VALUES(2060,'Lucius','Liles','LLiles@yahoo.com','1234 DaWrong Lane','Flonkerton','MD','12345','538-069-3923');
INSERT INTO RESERVATION VALUES ('20210103KI1669981798310',2060,null,'KI','2021-01-03','2021-01-08',null,'active');
INSERT INTO INVOICECHARGE VALUES ('20210103KI1669981798310-ch00001','20210103KI1669981798310','2021-01-03',281.45,'Base room charge');
INSERT INTO INVOICECHARGE VALUES ('20210103KI1669981798310-ch00002','20210103KI1669981798310','2021-01-03',144.99,'Cleaning fee');
INSERT INTO PAYMENT (payment_id,invoice_id,payment_date,payment_type,payment_amount) VALUES ('20210103KI1669981798310-p00001','20210103KI1669981798310','2021-01-05','CA',365);
-- ------- SAMPLE 1061 ----------
INSERT INTO GUEST VALUES(2061,'Leonore','Losh','LLosh@gmail.com','1234 DaWrong Lane','Flonkerton','MD','12345','768-451-5450');
INSERT INTO RESERVATION VALUES ('20200216QS9003757531582',2061,118,'QS','2020-02-16','2020-02-17',null,'complete');
INSERT INTO INVOICECHARGE VALUES ('20200216QS9003757531582-ch00001','20200216QS9003757531582','2020-02-16',117.28,'Base room charge');
INSERT INTO PAYMENT VALUES ('20200216QS9003757531582-p00001','20200216QS9003757531582','2020-02-18','CC',117.28,'Leonore Losh','4301480960938156',8,2021,369,'Mastercard');
-- ------- SAMPLE 1062 ----------
INSERT INTO GUEST VALUES(2062,'Leighann','Leith','LLeith@yahoo.com','1234 DaWrong Lane','Flonkerton','MD','12345','917-985-7754');
INSERT INTO RESERVATION VALUES ('20180610KS8920599999370',2062,201,'KS','2018-06-10','2018-06-12',null,'complete');
INSERT INTO INVOICECHARGE VALUES ('20180610KS8920599999370-ch00001','20180610KS8920599999370','2018-06-10',213.23,'Base room charge');
INSERT INTO PAYMENT VALUES ('20180610KS8920599999370-p00001','20180610KS8920599999370','2018-06-12','CC',213.23,'Leighann Leith','7968432916411534',10,2023,296,'Mastercard');
-- ------- SAMPLE 1063 ----------
INSERT INTO GUEST VALUES(2063,'Anita','Amezcua','AAmezcua@gmail.com','1234 DaWrong Lane','Flonkerton','MD','12345','608-749-0437');
INSERT INTO RESERVATION VALUES ('20190210QD2928125136933',2063,200,'QD','2019-02-10','2019-02-13',null,'complete');
INSERT INTO INVOICECHARGE VALUES ('20190210QD2928125136933-ch00001','20190210QD2928125136933','2019-02-10',287.86,'Base room charge');
INSERT INTO PAYMENT VALUES ('20190210QD2928125136933-p00001','20190210QD2928125136933','2019-02-12','CC',287.86,'Anita Amezcua','2567629356980707',2,2023,642,'Mastercard');
-- ------- SAMPLE 1064 ----------
INSERT INTO GUEST VALUES(2064,'Abel','Alire','AAlire@hotmail.com','1234 DaWrong Lane','Flonkerton','MD','12345','867-451-0439');
INSERT INTO RESERVATION VALUES ('20180524QD4578231993778',2064,111,'QD','2018-05-24','2018-05-29',null,'complete');
INSERT INTO INVOICECHARGE VALUES ('20180524QD4578231993778-ch00001','20180524QD4578231993778','2018-05-24',479.76,'Base room charge');
INSERT INTO PAYMENT (payment_id,invoice_id,payment_date,payment_type,payment_amount) VALUES ('20180524QD4578231993778-p00001','20180524QD4578231993778','2018-05-26','CA',479.76);
-- ------- SAMPLE 1065 ----------
INSERT INTO GUEST VALUES(2065,'Rose','Royall','RRoyall@hotmail.com','1234 DaWrong Lane','Flonkerton','MD','12345','511-296-4207');
INSERT INTO RESERVATION VALUES ('20210215KI1734595065462',2065,null,'KI','2021-02-15','2021-02-18',null,'cancelled');
INSERT INTO INVOICECHARGE VALUES ('20210215KI1734595065462-ch00001','20210215KI1734595065462','2021-02-15',168.87,'Base room charge');
INSERT INTO INVOICECHARGE VALUES ('20210215KI1734595065462-ch00002','20210215KI1734595065462','2021-02-15',87,'Room Service');
INSERT INTO PAYMENT VALUES ('20210215KI1734595065462-p00001','20210215KI1734595065462','2021-02-17','CC',255.87,'Rose Royall','9442248061440140',5,2024,189,'Mastercard');
-- ------- SAMPLE 1066 ----------
INSERT INTO GUEST VALUES(2066,'Audrey','Aikens','AAikens@yahoo.com','1234 DaWrong Lane','Flonkerton','MD','12345','266-359-7944');
INSERT INTO RESERVATION VALUES ('20190813QS6436627471082',2066,103,'QS','2019-08-13','2019-08-17',null,'complete');
INSERT INTO INVOICECHARGE VALUES ('20190813QS6436627471082-ch00001','20190813QS6436627471082','2019-08-13',309.61,'Base room charge');
INSERT INTO INVOICECHARGE VALUES ('20190813QS6436627471082-ch00002','20190813QS6436627471082','2019-08-13',159.5,'Cleaning fee');
INSERT INTO PAYMENT VALUES ('20190813QS6436627471082-p00001','20190813QS6436627471082','2019-08-15','CC',469.11,'Audrey Aikens','5856304694937412',5,2023,795,'Mastercard');
-- ------- SAMPLE 1067 ----------
INSERT INTO GUEST VALUES(2067,'Bradley','Bently','BBently@gmail.com','1234 DaWrong Lane','Flonkerton','MD','12345','494-996-2403');
INSERT INTO RESERVATION VALUES ('20200712QS8669390428347',2067,null,'QS','2020-07-12','2020-07-17',null,'cancelled');
INSERT INTO INVOICECHARGE VALUES ('20200712QS8669390428347-ch00001','20200712QS8669390428347','2020-07-12',387.01,'Base room charge');
INSERT INTO INVOICECHARGE VALUES ('20200712QS8669390428347-ch00002','20200712QS8669390428347','2020-07-12',199.37,'Room Service');
INSERT INTO PAYMENT VALUES ('20200712QS8669390428347-p00001','20200712QS8669390428347','2020-07-14','CC',586.38,'Bradley Bently','8368382640686155',1,2023,850,'Mastercard');
-- ------- SAMPLE 1068 ----------
INSERT INTO GUEST VALUES(2068,'Shena','Sandoz','SSandoz@gmail.com','1234 DaWrong Lane','Flonkerton','MD','12345','383-325-9506');
INSERT INTO RESERVATION VALUES ('20190316KS5192945481096',2068,107,'KS','2019-03-16','2019-03-17',null,'complete');
INSERT INTO INVOICECHARGE VALUES ('20190316KS5192945481096-ch00001','20190316KS5192945481096','2019-03-16',106.61,'Base room charge');
INSERT INTO PAYMENT VALUES ('20190316KS5192945481096-p00001','20190316KS5192945481096','2019-03-18','CC',106.61,'Shena Sandoz','7778734116163348',7,2026,504,'Mastercard');
-- ------- SAMPLE 1069 ----------
INSERT INTO GUEST VALUES(2069,'Kaley','Kilmon','KKilmon@yahoo.com','1234 DaWrong Lane','Flonkerton','MD','12345','321-081-1939');
INSERT INTO RESERVATION VALUES ('20191202QD1360021705253',2069,116,'QD','2019-12-02','2019-12-04',null,'complete');
INSERT INTO INVOICECHARGE VALUES ('20191202QD1360021705253-ch00001','20191202QD1360021705253','2019-12-02',191.9,'Base room charge');
INSERT INTO PAYMENT VALUES ('20191202QD1360021705253-p00001','20191202QD1360021705253','2019-12-04','CC',191.9,'Kaley Kilmon','7206955555211716',5,2024,735,'Mastercard');
-- ------- SAMPLE 1070 ----------
INSERT INTO GUEST VALUES(2070,'Len','Linquist','LLinquist@yahoo.com','1234 DaWrong Lane','Flonkerton','MD','12345','116-296-4519');
INSERT INTO RESERVATION VALUES ('20210315KS6701206146933',2070,null,'KS','2021-03-15','2021-03-20',null,'active');
INSERT INTO INVOICECHARGE VALUES ('20210315KS6701206146933-ch00001','20210315KS6701206146933','2021-03-15',351.83,'Base room charge');
INSERT INTO INVOICECHARGE VALUES ('20210315KS6701206146933-ch00002','20210315KS6701206146933','2021-03-15',181.24,'Room Service');
INSERT INTO PAYMENT VALUES ('20210315KS6701206146933-p00001','20210315KS6701206146933','2021-03-17','CC',533.07,'Len Linquist','3727594525066085',2,2023,950,'Mastercard');
-- ------- SAMPLE 1071 ----------
INSERT INTO GUEST VALUES(2071,'Theodora','Trickey','TTrickey@gmail.com','1234 DaWrong Lane','Flonkerton','MD','12345','445-995-7134');
INSERT INTO RESERVATION VALUES ('20180909QD4721136835725',2071,116,'QD','2018-09-09','2018-09-14',null,'complete');
INSERT INTO INVOICECHARGE VALUES ('20180909QD4721136835725-ch00001','20180909QD4721136835725','2018-09-09',479.76,'Base room charge');
INSERT INTO PAYMENT VALUES ('20180909QD4721136835725-p00001','20180909QD4721136835725','2018-09-11','CC',479.76,'Theodora Trickey','4626032574627028',6,2027,13,'Mastercard');
-- ------- SAMPLE 1072 ----------
INSERT INTO GUEST VALUES(2072,'Tifany','Temple','TTemple@gmail.com','1234 DaWrong Lane','Flonkerton','MD','12345','258-781-6945');
INSERT INTO RESERVATION VALUES ('20200420KJ7445516256210',2072,119,'KJ','2020-04-20','2020-04-21',null,'complete');
INSERT INTO INVOICECHARGE VALUES ('20200420KJ7445516256210-ch00001','20200420KJ7445516256210','2020-04-20',91.48,'Base room charge');
INSERT INTO INVOICECHARGE VALUES ('20200420KJ7445516256210-ch00002','20200420KJ7445516256210','2020-04-20',47.12,'Room Service');
INSERT INTO PAYMENT VALUES ('20200420KJ7445516256210-p00001','20200420KJ7445516256210','2020-04-22','CC',138.6,'Tifany Temple','6503340434029725',4,2027,83,'Mastercard');
-- ------- SAMPLE 1073 ----------
INSERT INTO GUEST VALUES(2073,'Jenna','Jesse','JJesse@yahoo.com','1234 DaWrong Lane','Flonkerton','MD','12345','529-974-6348');
INSERT INTO RESERVATION VALUES ('20200402QD1923171131860',2073,200,'QD','2020-04-02','2020-04-06',null,'complete');
INSERT INTO INVOICECHARGE VALUES ('20200402QD1923171131860-ch00001','20200402QD1923171131860','2020-04-02',253.31,'Base room charge');
INSERT INTO INVOICECHARGE VALUES ('20200402QD1923171131860-ch00002','20200402QD1923171131860','2020-04-02',130.49,'Cleaning fee');
INSERT INTO PAYMENT VALUES ('20200402QD1923171131860-p00001','20200402QD1923171131860','2020-04-04','CC',383.81,'Jenna Jesse','3196646235423659',4,2023,302,'Mastercard');
-- ------- SAMPLE 1074 ----------
INSERT INTO GUEST VALUES(2074,'Louisa','Laroque','LLaroque@hotmail.com','1234 DaWrong Lane','Flonkerton','MD','12345','125-312-5702');
INSERT INTO RESERVATION VALUES ('20191001KI1927605282092',2074,120,'KI','2019-10-01','2019-10-03',null,'complete');
INSERT INTO INVOICECHARGE VALUES ('20191001KI1927605282092-ch00001','20191001KI1927605282092','2019-10-01',170.58,'Base room charge');
INSERT INTO PAYMENT VALUES ('20191001KI1927605282092-p00001','20191001KI1927605282092','2019-10-03','CC',170.58,'Louisa Laroque','4019649059347877',1,2024,201,'Mastercard');
-- ------- SAMPLE 1075 ----------
INSERT INTO GUEST VALUES(2075,'Fiona','Figgs','FFiggs@gmail.com','1234 DaWrong Lane','Flonkerton','MD','12345','327-130-8110');
INSERT INTO RESERVATION VALUES ('20200121KS3545939857208',2075,112,'KS','2020-01-21','2020-01-25',null,'complete');
INSERT INTO INVOICECHARGE VALUES ('20200121KS3545939857208-ch00001','20200121KS3545939857208','2020-01-21',281.46,'Base room charge');
INSERT INTO INVOICECHARGE VALUES ('20200121KS3545939857208-ch00002','20200121KS3545939857208','2020-01-21',145,'Room Service');
INSERT INTO PAYMENT VALUES ('20200121KS3545939857208-p00001','20200121KS3545939857208','2020-01-23','CC',426.46,'Fiona Figgs','8202541365647559',9,2025,675,'Mastercard');
-- ------- SAMPLE 1076 ----------
INSERT INTO GUEST VALUES(2076,'Vicky','Vanderhoff','VVanderhoff@yahoo.com','1234 DaWrong Lane','Flonkerton','MD','12345','277-882-0772');
INSERT INTO RESERVATION VALUES ('20180828KS1226474715913',2076,102,'KS','2018-08-28','2018-09-02',null,'complete');
INSERT INTO INVOICECHARGE VALUES ('20180828KS1226474715913-ch00001','20180828KS1226474715913','2018-08-28',351.83,'Base room charge');
INSERT INTO INVOICECHARGE VALUES ('20180828KS1226474715913-ch00002','20180828KS1226474715913','2018-08-28',181.24,'Room Service');
INSERT INTO PAYMENT VALUES ('20180828KS1226474715913-p00001','20180828KS1226474715913','2018-08-30','CC',533.07,'Vicky Vanderhoff','1361844049780203',2,2026,504,'Mastercard');
-- ------- SAMPLE 1077 ----------
INSERT INTO GUEST VALUES(2077,'Elfriede','Esslinger','EEsslinger@hotmail.com','1234 DaWrong Lane','Flonkerton','MD','12345','137-567-7729');
INSERT INTO RESERVATION VALUES ('20210127KS8323009628997',2077,null,'KS','2021-01-27','2021-01-31',null,'active');
INSERT INTO INVOICECHARGE VALUES ('20210127KS8323009628997-ch00001','20210127KS8323009628997','2021-01-27',281.46,'Base room charge');
INSERT INTO INVOICECHARGE VALUES ('20210127KS8323009628997-ch00002','20210127KS8323009628997','2021-01-27',145,'Room Service');
INSERT INTO PAYMENT VALUES ('20210127KS8323009628997-p00001','20210127KS8323009628997','2021-01-29','CC',426.46,'Elfriede Esslinger','3218966615749624',12,2023,136,'Mastercard');
-- ------- SAMPLE 1078 ----------
INSERT INTO GUEST VALUES(2078,'Mario','Macdowell','MMacdowell@yahoo.com','1234 DaWrong Lane','Flonkerton','MD','12345','953-381-0147');
INSERT INTO RESERVATION VALUES ('20200719KI5416154477935',2078,null,'KI','2020-07-19','2020-07-21',null,'active');
INSERT INTO INVOICECHARGE VALUES ('20200719KI5416154477935-ch00001','20200719KI5416154477935','2020-07-19',112.58,'Base room charge');
INSERT INTO INVOICECHARGE VALUES ('20200719KI5416154477935-ch00002','20200719KI5416154477935','2020-07-19',58,'Cleaning fee');
INSERT INTO PAYMENT VALUES ('20200719KI5416154477935-p00001','20200719KI5416154477935','2020-07-21','CC',85,'Mario Macdowell','6301492901383292',7,2021,319,'Mastercard');
-- ------- SAMPLE 1079 ----------
INSERT INTO GUEST VALUES(2079,'Shandi','Scharf','SScharf@gmail.com','1234 DaWrong Lane','Flonkerton','MD','12345','526-114-7305');
INSERT INTO RESERVATION VALUES ('20210222KJ4986874764565',2079,null,'KJ','2021-02-22','2021-02-27',null,'active');
INSERT INTO INVOICECHARGE VALUES ('20210222KJ4986874764565-ch00001','20210222KJ4986874764565','2021-02-22',693.01,'Base room charge');
INSERT INTO PAYMENT VALUES ('20210222KJ4986874764565-p00001','20210222KJ4986874764565','2021-02-24','CC',693.01,'Shandi Scharf','2184194759502825',12,2022,801,'Mastercard');
-- ------- SAMPLE 1080 ----------
INSERT INTO GUEST VALUES(2080,'Lakenya','Langston','LLangston@yahoo.com','1234 DaWrong Lane','Flonkerton','MD','12345','299-109-7336');
INSERT INTO RESERVATION VALUES ('20200218KI6087297076020',2080,115,'KI','2020-02-18','2020-02-21',null,'complete');
INSERT INTO INVOICECHARGE VALUES ('20200218KI6087297076020-ch00001','20200218KI6087297076020','2020-02-18',168.87,'Base room charge');
INSERT INTO INVOICECHARGE VALUES ('20200218KI6087297076020-ch00002','20200218KI6087297076020','2020-02-18',87,'Cleaning fee');
INSERT INTO PAYMENT VALUES ('20200218KI6087297076020-p00001','20200218KI6087297076020','2020-02-20','CC',255.87,'Lakenya Langston','9622811122444184',11,2027,880,'Mastercard');
-- ------- SAMPLE 1081 ----------
INSERT INTO GUEST VALUES(2081,'Daron','Dycus','DDycus@gmail.com','1234 DaWrong Lane','Flonkerton','MD','12345','364-030-1352');
INSERT INTO RESERVATION VALUES ('20200119KS9783444961757',2081,102,'KS','2020-01-19','2020-01-20',null,'complete');
INSERT INTO INVOICECHARGE VALUES ('20200119KS9783444961757-ch00001','20200119KS9783444961757','2020-01-19',70.37,'Base room charge');
INSERT INTO INVOICECHARGE VALUES ('20200119KS9783444961757-ch00002','20200119KS9783444961757','2020-01-19',36.25,'Room Service');
INSERT INTO PAYMENT VALUES ('20200119KS9783444961757-p00001','20200119KS9783444961757','2020-01-21','CC',106.61,'Daron Dycus','8524640390797255',2,2024,564,'Mastercard');
-- ------- SAMPLE 1082 ----------
INSERT INTO GUEST VALUES(2082,'Erminia','Eckard','EEckard@yahoo.com','1234 DaWrong Lane','Flonkerton','MD','12345','536-584-6718');
INSERT INTO RESERVATION VALUES ('20201224QS3973060691212',2082,null,'QS','2020-12-24','2020-12-25',null,'active');
-- ------- SAMPLE 1083 ----------
INSERT INTO GUEST VALUES(2083,'Major','Meng','MMeng@gmail.com','1234 DaWrong Lane','Flonkerton','MD','12345','765-859-8646');
INSERT INTO RESERVATION VALUES ('20180527QS4982716131231',2083,207,'QS','2018-05-27','2018-06-01',null,'complete');
INSERT INTO INVOICECHARGE VALUES ('20180527QS4982716131231-ch00001','20180527QS4982716131231','2018-05-27',586.38,'Base room charge');
INSERT INTO PAYMENT VALUES ('20180527QS4982716131231-p00001','20180527QS4982716131231','2018-05-29','CC',586.38,'Major Meng','9299926514760888',8,2023,170,'Mastercard');
-- ------- SAMPLE 1084 ----------
INSERT INTO GUEST VALUES(2084,'Marylynn','Musson','MMusson@yahoo.com','1234 DaWrong Lane','Flonkerton','MD','12345','903-607-6444');
INSERT INTO RESERVATION VALUES ('20201023QS6745008757317',2084,null,'QS','2020-10-23','2020-10-24',null,'active');
INSERT INTO INVOICECHARGE VALUES ('20201023QS6745008757317-ch00001','20201023QS6745008757317','2020-10-23',77.4,'Base room charge');
INSERT INTO INVOICECHARGE VALUES ('20201023QS6745008757317-ch00002','20201023QS6745008757317','2020-10-23',39.87,'Cleaning fee');
INSERT INTO PAYMENT (payment_id,invoice_id,payment_date,payment_type,payment_amount) VALUES ('20201023QS6745008757317-p00001','20201023QS6745008757317','2020-10-25','CA',117.28);
-- ------- SAMPLE 1085 ----------
INSERT INTO GUEST VALUES(2085,'Sherrie','Stultz','SStultz@gmail.com','1234 DaWrong Lane','Flonkerton','MD','12345','908-891-9367');
INSERT INTO RESERVATION VALUES ('20190525QD7174028575510',2085,111,'QD','2019-05-25','2019-05-28',null,'complete');
INSERT INTO INVOICECHARGE VALUES ('20190525QD7174028575510-ch00001','20190525QD7174028575510','2019-05-25',189.98,'Base room charge');
INSERT INTO INVOICECHARGE VALUES ('20190525QD7174028575510-ch00002','20190525QD7174028575510','2019-05-25',97.87,'Room Service');
INSERT INTO PAYMENT VALUES ('20190525QD7174028575510-p00001','20190525QD7174028575510','2019-05-27','CC',287.86,'Sherrie Stultz','7770489523699608',2,2027,665,'Mastercard');
-- ------- SAMPLE 1086 ----------
INSERT INTO GUEST VALUES(2086,'Stacie','Schupp','SSchupp@hotmail.com','1234 DaWrong Lane','Flonkerton','MD','12345','591-794-7396');
INSERT INTO RESERVATION VALUES ('20190605KS6150432338831',2086,112,'KS','2019-06-05','2019-06-06',null,'complete');
INSERT INTO INVOICECHARGE VALUES ('20190605KS6150432338831-ch00001','20190605KS6150432338831','2019-06-05',106.61,'Base room charge');
INSERT INTO PAYMENT VALUES ('20190605KS6150432338831-p00001','20190605KS6150432338831','2019-06-07','CC',106.61,'Stacie Schupp','1445197005560454',7,2021,854,'Mastercard');
-- ------- SAMPLE 1087 ----------
INSERT INTO GUEST VALUES(2087,'Bessie','Buhler','BBuhler@yahoo.com','1234 DaWrong Lane','Flonkerton','MD','12345','567-263-6538');
INSERT INTO RESERVATION VALUES ('20200726QD8849183293825',2087,null,'QD','2020-07-26','2020-07-28',null,'active');
INSERT INTO INVOICECHARGE VALUES ('20200726QD8849183293825-ch00001','20200726QD8849183293825','2020-07-26',126.66,'Base room charge');
INSERT INTO INVOICECHARGE VALUES ('20200726QD8849183293825-ch00002','20200726QD8849183293825','2020-07-26',65.25,'Cleaning fee');
INSERT INTO PAYMENT (payment_id,invoice_id,payment_date,payment_type,payment_amount) VALUES ('20200726QD8849183293825-p00001','20200726QD8849183293825','2020-07-28','CA',54);
-- ------- SAMPLE 1088 ----------
INSERT INTO GUEST VALUES(2088,'Missy','Mcclintock','MMcclintock@hotmail.com','1234 DaWrong Lane','Flonkerton','MD','12345','907-679-1471');
INSERT INTO RESERVATION VALUES ('20190821QD3216527734658',2088,106,'QD','2019-08-21','2019-08-22',null,'cancelled');
INSERT INTO INVOICECHARGE VALUES ('20190821QD3216527734658-ch00001','20190821QD3216527734658','2019-08-21',63.33,'Base room charge');
INSERT INTO INVOICECHARGE VALUES ('20190821QD3216527734658-ch00002','20190821QD3216527734658','2019-08-21',32.62,'Room Service');
INSERT INTO PAYMENT VALUES ('20190821QD3216527734658-p00001','20190821QD3216527734658','2019-08-23','CC',95.95,'Missy Mcclintock','1554040094887436',1,2023,555,'Mastercard');
-- ------- SAMPLE 1089 ----------
INSERT INTO GUEST VALUES(2089,'Shena','Sandoz','SSandoz@yahoo.com','1234 DaWrong Lane','Flonkerton','MD','12345','716-917-6823');
INSERT INTO RESERVATION VALUES ('20200109QD1670571205350',2089,106,'QD','2020-01-09','2020-01-13',null,'complete');
INSERT INTO INVOICECHARGE VALUES ('20200109QD1670571205350-ch00001','20200109QD1670571205350','2020-01-09',253.31,'Base room charge');
INSERT INTO INVOICECHARGE VALUES ('20200109QD1670571205350-ch00002','20200109QD1670571205350','2020-01-09',130.49,'Cleaning fee');
INSERT INTO PAYMENT VALUES ('20200109QD1670571205350-p00001','20200109QD1670571205350','2020-01-11','CC',383.81,'Shena Sandoz','5606273123649601',6,2024,431,'Mastercard');
-- ------- SAMPLE 1090 ----------
INSERT INTO GUEST VALUES(2090,'Freida','Forbis','FForbis@hotmail.com','1234 DaWrong Lane','Flonkerton','MD','12345','799-956-9203');
INSERT INTO RESERVATION VALUES ('20190510KJ4801070241480',2090,203,'KJ','2019-05-10','2019-05-12',null,'cancelled');
INSERT INTO INVOICECHARGE VALUES ('20190510KJ4801070241480-ch00001','20190510KJ4801070241480','2019-05-10',277.2,'Base room charge');
INSERT INTO PAYMENT (payment_id,invoice_id,payment_date,payment_type,payment_amount) VALUES ('20190510KJ4801070241480-p00001','20190510KJ4801070241480','2019-05-12','CA',277.2);
-- ------- SAMPLE 1091 ----------
INSERT INTO GUEST VALUES(2091,'Lakenya','Langston','LLangston@yahoo.com','1234 DaWrong Lane','Flonkerton','MD','12345','021-877-0782');
INSERT INTO RESERVATION VALUES ('20210505QD7835812846831',2091,null,'QD','2021-05-05','2021-05-08',null,'active');
-- ------- SAMPLE 1092 ----------
INSERT INTO GUEST VALUES(2092,'Abdul','Ashe','AAshe@gmail.com','1234 DaWrong Lane','Flonkerton','MD','12345','297-960-5855');
INSERT INTO RESERVATION VALUES ('20190127KJ2337975953944',2092,114,'KJ','2019-01-27','2019-01-31',null,'complete');
INSERT INTO INVOICECHARGE VALUES ('20190127KJ2337975953944-ch00001','20190127KJ2337975953944','2019-01-27',554.41,'Base room charge');
INSERT INTO PAYMENT (payment_id,invoice_id,payment_date,payment_type,payment_amount) VALUES ('20190127KJ2337975953944-p00001','20190127KJ2337975953944','2019-01-29','CA',554.41);
-- ------- SAMPLE 1093 ----------
INSERT INTO GUEST VALUES(2093,'Hanna','Hastie','HHastie@hotmail.com','1234 DaWrong Lane','Flonkerton','MD','12345','670-527-7419');
INSERT INTO RESERVATION VALUES ('20190203KJ4450506835436',2093,203,'KJ','2019-02-03','2019-02-08',null,'complete');
INSERT INTO INVOICECHARGE VALUES ('20190203KJ4450506835436-ch00001','20190203KJ4450506835436','2019-02-03',457.39,'Base room charge');
INSERT INTO INVOICECHARGE VALUES ('20190203KJ4450506835436-ch00002','20190203KJ4450506835436','2019-02-03',235.62,'Cleaning fee');
INSERT INTO PAYMENT VALUES ('20190203KJ4450506835436-p00001','20190203KJ4450506835436','2019-02-05','CC',693.01,'Hanna Hastie','8469431157132707',2,2027,782,'Mastercard');
-- ------- SAMPLE 1094 ----------
INSERT INTO GUEST VALUES(2094,'Fiona','Figgs','FFiggs@hotmail.com','1234 DaWrong Lane','Flonkerton','MD','12345','643-357-1355');
INSERT INTO RESERVATION VALUES ('20190601KI9542624003911',2094,204,'KI','2019-06-01','2019-06-06',null,'complete');
INSERT INTO INVOICECHARGE VALUES ('20190601KI9542624003911-ch00001','20190601KI9542624003911','2019-06-01',281.45,'Base room charge');
INSERT INTO INVOICECHARGE VALUES ('20190601KI9542624003911-ch00002','20190601KI9542624003911','2019-06-01',144.99,'Cleaning fee');
INSERT INTO PAYMENT VALUES ('20190601KI9542624003911-p00001','20190601KI9542624003911','2019-06-03','CC',426.45,'Fiona Figgs','4191531809154656',2,2026,88,'Mastercard');
-- ------- SAMPLE 1095 ----------
INSERT INTO GUEST VALUES(2095,'Collin','Chaparro','CChaparro@yahoo.com','1234 DaWrong Lane','Flonkerton','MD','12345','427-006-1334');
INSERT INTO RESERVATION VALUES ('20180526KJ3035166517327',2095,119,'KJ','2018-05-26','2018-05-31',null,'complete');
INSERT INTO INVOICECHARGE VALUES ('20180526KJ3035166517327-ch00001','20180526KJ3035166517327','2018-05-26',457.39,'Base room charge');
INSERT INTO INVOICECHARGE VALUES ('20180526KJ3035166517327-ch00002','20180526KJ3035166517327','2018-05-26',235.62,'Room Service');
INSERT INTO PAYMENT VALUES ('20180526KJ3035166517327-p00001','20180526KJ3035166517327','2018-05-28','CC',693.01,'Collin Chaparro','8194148891063494',9,2022,306,'Mastercard');
-- ------- SAMPLE 1096 ----------
INSERT INTO GUEST VALUES(2096,'Melaine','Miskell','MMiskell@gmail.com','1234 DaWrong Lane','Flonkerton','MD','12345','885-312-1115');
INSERT INTO RESERVATION VALUES ('20210317KS2412488049707',2096,null,'KS','2021-03-17','2021-03-21',null,'active');
INSERT INTO INVOICECHARGE VALUES ('20210317KS2412488049707-ch00001','20210317KS2412488049707','2021-03-17',281.46,'Base room charge');
INSERT INTO INVOICECHARGE VALUES ('20210317KS2412488049707-ch00002','20210317KS2412488049707','2021-03-17',145,'Cleaning fee');
INSERT INTO PAYMENT (payment_id,invoice_id,payment_date,payment_type,payment_amount) VALUES ('20210317KS2412488049707-p00001','20210317KS2412488049707','2021-03-19','CA',116);
-- ------- SAMPLE 1097 ----------
INSERT INTO GUEST VALUES(2097,'Jarrett','Janelle','JJanelle@hotmail.com','1234 DaWrong Lane','Flonkerton','MD','12345','453-119-8957');
INSERT INTO RESERVATION VALUES ('20201113QD7343449455540',2097,null,'QD','2020-11-13','2020-11-14',null,'active');
-- ------- SAMPLE 1098 ----------
INSERT INTO GUEST VALUES(2098,'Hedwig','Hinz','HHinz@hotmail.com','1234 DaWrong Lane','Flonkerton','MD','12345','813-543-2506');
INSERT INTO RESERVATION VALUES ('20201105KJ1929688366322',2098,null,'KJ','2020-11-05','2020-11-08',null,'active');
-- ------- SAMPLE 1099 ----------
INSERT INTO GUEST VALUES(2099,'Ceola','Carasco','CCarasco@yahoo.com','1234 DaWrong Lane','Flonkerton','MD','12345','819-378-0410');
INSERT INTO RESERVATION VALUES ('20190430KI7727454600100',2099,115,'KI','2019-04-30','2019-05-04',null,'complete');
INSERT INTO INVOICECHARGE VALUES ('20190430KI7727454600100-ch00001','20190430KI7727454600100','2019-04-30',225.16,'Base room charge');
INSERT INTO INVOICECHARGE VALUES ('20190430KI7727454600100-ch00002','20190430KI7727454600100','2019-04-30',115.99,'Cleaning fee');
INSERT INTO PAYMENT VALUES ('20190430KI7727454600100-p00001','20190430KI7727454600100','2019-05-02','CC',341.16,'Ceola Carasco','2277182336390148',3,2022,738,'Mastercard');
-- ------- SAMPLE 1100 ----------
INSERT INTO GUEST VALUES(2100,'Hanna','Hastie','HHastie@yahoo.com','1234 DaWrong Lane','Flonkerton','MD','12345','752-017-4193');
INSERT INTO RESERVATION VALUES ('20200807KI5938651422802',2100,null,'KI','2020-08-07','2020-08-11',null,'active');
INSERT INTO INVOICECHARGE VALUES ('20200807KI5938651422802-ch00001','20200807KI5938651422802','2020-08-07',341.16,'Base room charge');
INSERT INTO PAYMENT (payment_id,invoice_id,payment_date,payment_type,payment_amount) VALUES ('20200807KI5938651422802-p00001','20200807KI5938651422802','2020-08-09','CA',341.16);
-- ------- SAMPLE 1101 ----------
INSERT INTO GUEST VALUES(2101,'Shawn','Stefanski','SStefanski@yahoo.com','1234 DaWrong Lane','Flonkerton','MD','12345','051-895-6849');
INSERT INTO RESERVATION VALUES ('20200104QS4678921911947',2101,103,'QS','2020-01-04','2020-01-05',null,'complete');
INSERT INTO INVOICECHARGE VALUES ('20200104QS4678921911947-ch00001','20200104QS4678921911947','2020-01-04',77.4,'Base room charge');
INSERT INTO INVOICECHARGE VALUES ('20200104QS4678921911947-ch00002','20200104QS4678921911947','2020-01-04',39.87,'Cleaning fee');
INSERT INTO PAYMENT VALUES ('20200104QS4678921911947-p00001','20200104QS4678921911947','2020-01-06','CC',117.28,'Shawn Stefanski','7208939396199172',8,2023,855,'Mastercard');
-- ------- SAMPLE 1102 ----------
INSERT INTO GUEST VALUES(2102,'Abram','Adolph','AAdolph@gmail.com','1234 DaWrong Lane','Flonkerton','MD','12345','680-273-8719');
INSERT INTO RESERVATION VALUES ('20200722KS1261948470838',2102,null,'KS','2020-07-22','2020-07-25',null,'active');
-- ------- SAMPLE 1103 ----------
INSERT INTO GUEST VALUES(2103,'Natalia','Nowacki','NNowacki@yahoo.com','1234 DaWrong Lane','Flonkerton','MD','12345','944-866-9215');
INSERT INTO RESERVATION VALUES ('20181211QS7691786444120',2103,103,'QS','2018-12-11','2018-12-15',null,'complete');
INSERT INTO INVOICECHARGE VALUES ('20181211QS7691786444120-ch00001','20181211QS7691786444120','2018-12-11',469.11,'Base room charge');
INSERT INTO PAYMENT VALUES ('20181211QS7691786444120-p00001','20181211QS7691786444120','2018-12-13','CC',469.11,'Natalia Nowacki','5338416162361951',6,2024,495,'Mastercard');
-- ------- SAMPLE 1104 ----------
INSERT INTO GUEST VALUES(2104,'Annie','Albrecht','AAlbrecht@yahoo.com','1234 DaWrong Lane','Flonkerton','MD','12345','949-843-1903');
INSERT INTO RESERVATION VALUES ('20190612KS8811722442007',2104,117,'KS','2019-06-12','2019-06-14',null,'complete');
INSERT INTO INVOICECHARGE VALUES ('20190612KS8811722442007-ch00001','20190612KS8811722442007','2019-06-12',140.73,'Base room charge');
INSERT INTO INVOICECHARGE VALUES ('20190612KS8811722442007-ch00002','20190612KS8811722442007','2019-06-12',72.5,'Room Service');
INSERT INTO PAYMENT (payment_id,invoice_id,payment_date,payment_type,payment_amount) VALUES ('20190612KS8811722442007-p00001','20190612KS8811722442007','2019-06-14','CA',213.23);
-- ------- SAMPLE 1105 ----------
INSERT INTO GUEST VALUES(2105,'Corene','Carmody','CCarmody@gmail.com','1234 DaWrong Lane','Flonkerton','MD','12345','754-728-3966');
INSERT INTO RESERVATION VALUES ('20201231KJ8249234910912',2105,null,'KJ','2020-12-31','2021-01-05',null,'active');
INSERT INTO INVOICECHARGE VALUES ('20201231KJ8249234910912-ch00001','20201231KJ8249234910912','2020-12-31',457.39,'Base room charge');
INSERT INTO INVOICECHARGE VALUES ('20201231KJ8249234910912-ch00002','20201231KJ8249234910912','2020-12-31',235.62,'Room Service');
INSERT INTO PAYMENT VALUES ('20201231KJ8249234910912-p00001','20201231KJ8249234910912','2021-01-02','CC',338,'Corene Carmody','8376417604237792',3,2022,31,'Mastercard');
-- ------- SAMPLE 1106 ----------
INSERT INTO GUEST VALUES(2106,'Rickie','Redfern','RRedfern@yahoo.com','1234 DaWrong Lane','Flonkerton','MD','12345','646-005-1799');
INSERT INTO RESERVATION VALUES ('20200207KI3084511615613',2106,120,'KI','2020-02-07','2020-02-09',null,'complete');
INSERT INTO INVOICECHARGE VALUES ('20200207KI3084511615613-ch00001','20200207KI3084511615613','2020-02-07',170.58,'Base room charge');
INSERT INTO PAYMENT VALUES ('20200207KI3084511615613-p00001','20200207KI3084511615613','2020-02-09','CC',170.58,'Rickie Redfern','3221085267729501',7,2022,537,'Mastercard');
-- ------- SAMPLE 1107 ----------
INSERT INTO GUEST VALUES(2107,'Katerine','Kawakami','KKawakami@yahoo.com','1234 DaWrong Lane','Flonkerton','MD','12345','171-767-4974');
INSERT INTO RESERVATION VALUES ('20200920KJ1074905381456',2107,null,'KJ','2020-09-20','2020-09-23',null,'cancelled');
INSERT INTO INVOICECHARGE VALUES ('20200920KJ1074905381456-ch00001','20200920KJ1074905381456','2020-09-20',415.81,'Base room charge');
INSERT INTO PAYMENT VALUES ('20200920KJ1074905381456-p00001','20200920KJ1074905381456','2020-09-22','CC',415.81,'Katerine Kawakami','9614820934163185',2,2022,121,'Mastercard');
-- ------- SAMPLE 1108 ----------
INSERT INTO GUEST VALUES(2108,'Margorie','Mcnish','MMcnish@yahoo.com','1234 DaWrong Lane','Flonkerton','MD','12345','479-007-4005');
INSERT INTO RESERVATION VALUES ('20180611KS8414117631338',2108,117,'KS','2018-06-11','2018-06-15',null,'cancelled');
INSERT INTO INVOICECHARGE VALUES ('20180611KS8414117631338-ch00001','20180611KS8414117631338','2018-06-11',426.46,'Base room charge');
INSERT INTO PAYMENT VALUES ('20180611KS8414117631338-p00001','20180611KS8414117631338','2018-06-13','CC',426.46,'Margorie Mcnish','9228967868001819',3,2023,55,'Mastercard');
-- ------- SAMPLE 1109 ----------
INSERT INTO GUEST VALUES(2109,'Abram','Adolph','AAdolph@yahoo.com','1234 DaWrong Lane','Flonkerton','MD','12345','406-817-3115');
INSERT INTO RESERVATION VALUES ('20180801KI9148356854512',2109,115,'KI','2018-08-01','2018-08-03',null,'complete');
INSERT INTO INVOICECHARGE VALUES ('20180801KI9148356854512-ch00001','20180801KI9148356854512','2018-08-01',170.58,'Base room charge');
INSERT INTO PAYMENT (payment_id,invoice_id,payment_date,payment_type,payment_amount) VALUES ('20180801KI9148356854512-p00001','20180801KI9148356854512','2018-08-03','CA',170.58);
-- ------- SAMPLE 1110 ----------
INSERT INTO GUEST VALUES(2110,'Theodora','Trickey','TTrickey@yahoo.com','1234 DaWrong Lane','Flonkerton','MD','12345','322-347-2210');
INSERT INTO RESERVATION VALUES ('20181226KJ9416605856291',2110,109,'KJ','2018-12-26','2018-12-28',null,'complete');
INSERT INTO INVOICECHARGE VALUES ('20181226KJ9416605856291-ch00001','20181226KJ9416605856291','2018-12-26',182.95,'Base room charge');
INSERT INTO INVOICECHARGE VALUES ('20181226KJ9416605856291-ch00002','20181226KJ9416605856291','2018-12-26',94.25,'Cleaning fee');
INSERT INTO PAYMENT (payment_id,invoice_id,payment_date,payment_type,payment_amount) VALUES ('20181226KJ9416605856291-p00001','20181226KJ9416605856291','2018-12-28','CA',277.2);
-- ------- SAMPLE 1111 ----------
INSERT INTO GUEST VALUES(2111,'Fredericka','Farney','FFarney@yahoo.com','1234 DaWrong Lane','Flonkerton','MD','12345','152-641-3595');
INSERT INTO RESERVATION VALUES ('20210301KS3579736839979',2111,null,'KS','2021-03-01','2021-03-05',null,'active');
-- ------- SAMPLE 1112 ----------
INSERT INTO GUEST VALUES(2112,'Melony','Mcmartin','MMcmartin@gmail.com','1234 DaWrong Lane','Flonkerton','MD','12345','032-341-4368');
INSERT INTO RESERVATION VALUES ('20200503KI8504372696702',2112,110,'KI','2020-05-03','2020-05-06',null,'complete');
INSERT INTO INVOICECHARGE VALUES ('20200503KI8504372696702-ch00001','20200503KI8504372696702','2020-05-03',168.87,'Base room charge');
INSERT INTO INVOICECHARGE VALUES ('20200503KI8504372696702-ch00002','20200503KI8504372696702','2020-05-03',87,'Room Service');
INSERT INTO PAYMENT VALUES ('20200503KI8504372696702-p00001','20200503KI8504372696702','2020-05-05','CC',255.87,'Melony Mcmartin','1823006131082696',9,2025,2,'Mastercard');
-- ------- SAMPLE 1113 ----------
INSERT INTO GUEST VALUES(2113,'Malia','Molden','MMolden@yahoo.com','1234 DaWrong Lane','Flonkerton','MD','12345','577-531-3422');
INSERT INTO RESERVATION VALUES ('20191017KS7425329173538',2113,117,'KS','2019-10-17','2019-10-19',null,'complete');
INSERT INTO INVOICECHARGE VALUES ('20191017KS7425329173538-ch00001','20191017KS7425329173538','2019-10-17',213.23,'Base room charge');
INSERT INTO PAYMENT VALUES ('20191017KS7425329173538-p00001','20191017KS7425329173538','2019-10-19','CC',213.23,'Malia Molden','1685456379172656',7,2022,939,'Mastercard');
-- ------- SAMPLE 1114 ----------
INSERT INTO GUEST VALUES(2114,'Edmundo','Erickson','EErickson@hotmail.com','1234 DaWrong Lane','Flonkerton','MD','12345','718-691-7901');
INSERT INTO RESERVATION VALUES ('20200308QS6933414668555',2114,118,'QS','2020-03-08','2020-03-09',null,'cancelled');
INSERT INTO INVOICECHARGE VALUES ('20200308QS6933414668555-ch00001','20200308QS6933414668555','2020-03-08',117.28,'Base room charge');
INSERT INTO PAYMENT VALUES ('20200308QS6933414668555-p00001','20200308QS6933414668555','2020-03-10','CC',117.28,'Edmundo Erickson','6528261221845883',10,2025,473,'Mastercard');
-- ------- SAMPLE 1115 ----------
INSERT INTO GUEST VALUES(2115,'Yuette','Yetman','YYetman@gmail.com','1234 DaWrong Lane','Flonkerton','MD','12345','569-624-9118');
INSERT INTO RESERVATION VALUES ('20200809KI2184338763646',2115,null,'KI','2020-08-09','2020-08-13',null,'active');
INSERT INTO INVOICECHARGE VALUES ('20200809KI2184338763646-ch00001','20200809KI2184338763646','2020-08-09',225.16,'Base room charge');
INSERT INTO INVOICECHARGE VALUES ('20200809KI2184338763646-ch00002','20200809KI2184338763646','2020-08-09',115.99,'Room Service');
INSERT INTO PAYMENT VALUES ('20200809KI2184338763646-p00001','20200809KI2184338763646','2020-08-11','CC',341.16,'Yuette Yetman','3761237530676648',6,2024,371,'Mastercard');
-- ------- SAMPLE 1116 ----------
INSERT INTO GUEST VALUES(2116,'Heather','Hartin','HHartin@gmail.com','1234 DaWrong Lane','Flonkerton','MD','12345','115-605-9248');
INSERT INTO RESERVATION VALUES ('20190827QD9868268446069',2116,205,'QD','2019-08-27','2019-08-31',null,'complete');
INSERT INTO INVOICECHARGE VALUES ('20190827QD9868268446069-ch00001','20190827QD9868268446069','2019-08-27',383.81,'Base room charge');
INSERT INTO PAYMENT VALUES ('20190827QD9868268446069-p00001','20190827QD9868268446069','2019-08-29','CC',383.81,'Heather Hartin','4521407221023402',9,2025,724,'Mastercard');
-- ------- SAMPLE 1117 ----------
INSERT INTO GUEST VALUES(2117,'Dorian','Delbosque','DDelbosque@hotmail.com','1234 DaWrong Lane','Flonkerton','MD','12345','541-335-6750');
INSERT INTO RESERVATION VALUES ('20191223KS9511773234457',2117,117,'KS','2019-12-23','2019-12-26',null,'complete');
INSERT INTO INVOICECHARGE VALUES ('20191223KS9511773234457-ch00001','20191223KS9511773234457','2019-12-23',211.1,'Base room charge');
INSERT INTO INVOICECHARGE VALUES ('20191223KS9511773234457-ch00002','20191223KS9511773234457','2019-12-23',108.75,'Cleaning fee');
INSERT INTO PAYMENT VALUES ('20191223KS9511773234457-p00001','20191223KS9511773234457','2019-12-25','CC',319.84,'Dorian Delbosque','7545369018735814',9,2024,124,'Mastercard');
-- ------- SAMPLE 1118 ----------
INSERT INTO GUEST VALUES(2118,'James','Janey','JJaney@gmail.com','1234 DaWrong Lane','Flonkerton','MD','12345','966-806-1449');
INSERT INTO RESERVATION VALUES ('20201107KS2112008648745',2118,null,'KS','2020-11-07','2020-11-10',null,'active');
INSERT INTO INVOICECHARGE VALUES ('20201107KS2112008648745-ch00001','20201107KS2112008648745','2020-11-07',319.84,'Base room charge');
INSERT INTO PAYMENT VALUES ('20201107KS2112008648745-p00001','20201107KS2112008648745','2020-11-09','CC',319.84,'James Janey','3041787193005697',5,2026,121,'Mastercard');
-- ------- SAMPLE 1119 ----------
INSERT INTO GUEST VALUES(2119,'Jamey','Jen','JJen@gmail.com','1234 DaWrong Lane','Flonkerton','MD','12345','153-645-1821');
INSERT INTO RESERVATION VALUES ('20180724QD3169817338832',2119,200,'QD','2018-07-24','2018-07-25',null,'complete');
INSERT INTO INVOICECHARGE VALUES ('20180724QD3169817338832-ch00001','20180724QD3169817338832','2018-07-24',95.95,'Base room charge');
INSERT INTO PAYMENT VALUES ('20180724QD3169817338832-p00001','20180724QD3169817338832','2018-07-26','CC',95.95,'Jamey Jen','6643245883745906',12,2027,753,'Mastercard');
-- ------- SAMPLE 1120 ----------
INSERT INTO GUEST VALUES(2120,'Alverta','Arce','AArce@hotmail.com','1234 DaWrong Lane','Flonkerton','MD','12345','785-160-9234');
INSERT INTO RESERVATION VALUES ('20201221QS9952893041718',2120,null,'QS','2020-12-21','2020-12-23',null,'active');
INSERT INTO INVOICECHARGE VALUES ('20201221QS9952893041718-ch00001','20201221QS9952893041718','2020-12-21',234.55,'Base room charge');
INSERT INTO PAYMENT (payment_id,invoice_id,payment_date,payment_type,payment_amount) VALUES ('20201221QS9952893041718-p00001','20201221QS9952893041718','2020-12-23','CA',202);
-- ------- SAMPLE 1121 ----------
INSERT INTO GUEST VALUES(2121,'Aretha','Acy','AAcy@yahoo.com','1234 DaWrong Lane','Flonkerton','MD','12345','909-085-9938');
INSERT INTO RESERVATION VALUES ('20181016KJ4328114206738',2121,109,'KJ','2018-10-16','2018-10-21',null,'complete');
INSERT INTO INVOICECHARGE VALUES ('20181016KJ4328114206738-ch00001','20181016KJ4328114206738','2018-10-16',693.01,'Base room charge');
INSERT INTO PAYMENT VALUES ('20181016KJ4328114206738-p00001','20181016KJ4328114206738','2018-10-18','CC',693.01,'Aretha Acy','5873209584886924',10,2021,950,'Mastercard');
-- ------- SAMPLE 1122 ----------
INSERT INTO GUEST VALUES(2122,'Willian','Wiest','WWiest@gmail.com','1234 DaWrong Lane','Flonkerton','MD','12345','002-724-5266');
INSERT INTO RESERVATION VALUES ('20190423KJ9993977929638',2122,208,'KJ','2019-04-23','2019-04-27',null,'complete');
INSERT INTO INVOICECHARGE VALUES ('20190423KJ9993977929638-ch00001','20190423KJ9993977929638','2019-04-23',554.41,'Base room charge');
INSERT INTO PAYMENT VALUES ('20190423KJ9993977929638-p00001','20190423KJ9993977929638','2019-04-25','CC',554.41,'Willian Wiest','9403118856377213',6,2027,649,'Mastercard');
-- ------- SAMPLE 1123 ----------
INSERT INTO GUEST VALUES(2123,'Yuette','Yetman','YYetman@hotmail.com','1234 DaWrong Lane','Flonkerton','MD','12345','025-152-8638');
INSERT INTO RESERVATION VALUES ('20190215KI7731149293847',2123,209,'KI','2019-02-15','2019-02-17',null,'complete');
INSERT INTO INVOICECHARGE VALUES ('20190215KI7731149293847-ch00001','20190215KI7731149293847','2019-02-15',112.58,'Base room charge');
INSERT INTO INVOICECHARGE VALUES ('20190215KI7731149293847-ch00002','20190215KI7731149293847','2019-02-15',58,'Cleaning fee');
INSERT INTO PAYMENT (payment_id,invoice_id,payment_date,payment_type,payment_amount) VALUES ('20190215KI7731149293847-p00001','20190215KI7731149293847','2019-02-17','CA',170.58);
-- ------- SAMPLE 1124 ----------
INSERT INTO GUEST VALUES(2124,'Rachell','Riser','RRiser@yahoo.com','1234 DaWrong Lane','Flonkerton','MD','12345','167-151-3830');
INSERT INTO RESERVATION VALUES ('20191106KI5232873325123',2124,209,'KI','2019-11-06','2019-11-11',null,'complete');
INSERT INTO INVOICECHARGE VALUES ('20191106KI5232873325123-ch00001','20191106KI5232873325123','2019-11-06',426.45,'Base room charge');
INSERT INTO PAYMENT VALUES ('20191106KI5232873325123-p00001','20191106KI5232873325123','2019-11-08','CC',426.45,'Rachell Riser','4188025039189511',8,2025,946,'Mastercard');
-- ------- SAMPLE 1125 ----------
INSERT INTO GUEST VALUES(2125,'Linwood','Layden','LLayden@yahoo.com','1234 DaWrong Lane','Flonkerton','MD','12345','722-310-2831');
INSERT INTO RESERVATION VALUES ('20181128QD8860393930399',2125,200,'QD','2018-11-28','2018-12-02',null,'complete');
INSERT INTO INVOICECHARGE VALUES ('20181128QD8860393930399-ch00001','20181128QD8860393930399','2018-11-28',383.81,'Base room charge');
INSERT INTO PAYMENT (payment_id,invoice_id,payment_date,payment_type,payment_amount) VALUES ('20181128QD8860393930399-p00001','20181128QD8860393930399','2018-11-30','CA',383.81);
-- ------- SAMPLE 1126 ----------
INSERT INTO GUEST VALUES(2126,'Deangelo','Deloera','DDeloera@gmail.com','1234 DaWrong Lane','Flonkerton','MD','12345','031-462-6151');
INSERT INTO RESERVATION VALUES ('20200819QS5520351655365',2126,null,'QS','2020-08-19','2020-08-21',null,'active');
INSERT INTO INVOICECHARGE VALUES ('20200819QS5520351655365-ch00001','20200819QS5520351655365','2020-08-19',154.81,'Base room charge');
INSERT INTO INVOICECHARGE VALUES ('20200819QS5520351655365-ch00002','20200819QS5520351655365','2020-08-19',79.75,'Cleaning fee');
INSERT INTO PAYMENT VALUES ('20200819QS5520351655365-p00001','20200819QS5520351655365','2020-08-21','CC',234.55,'Deangelo Deloera','5038128443253120',1,2023,349,'Mastercard');
-- ------- SAMPLE 1127 ----------
INSERT INTO GUEST VALUES(2127,'Raisa','Romito','RRomito@yahoo.com','1234 DaWrong Lane','Flonkerton','MD','12345','477-131-7033');
INSERT INTO RESERVATION VALUES ('20200126KS8111642708380',2127,102,'KS','2020-01-26','2020-01-31',null,'complete');
INSERT INTO INVOICECHARGE VALUES ('20200126KS8111642708380-ch00001','20200126KS8111642708380','2020-01-26',533.07,'Base room charge');
INSERT INTO PAYMENT VALUES ('20200126KS8111642708380-p00001','20200126KS8111642708380','2020-01-28','CC',533.07,'Raisa Romito','2458388192112818',4,2023,897,'Mastercard');
-- ------- SAMPLE 1128 ----------
INSERT INTO GUEST VALUES(2128,'Rachell','Riser','RRiser@gmail.com','1234 DaWrong Lane','Flonkerton','MD','12345','605-314-0009');
INSERT INTO RESERVATION VALUES ('20200703QD2805112322697',2128,null,'QD','2020-07-03','2020-07-04',null,'active');
INSERT INTO INVOICECHARGE VALUES ('20200703QD2805112322697-ch00001','20200703QD2805112322697','2020-07-03',95.95,'Base room charge');
INSERT INTO PAYMENT VALUES ('20200703QD2805112322697-p00001','20200703QD2805112322697','2020-07-05','CC',1,'Rachell Riser','1090809518526843',11,2025,502,'Mastercard');
-- ------- SAMPLE 1129 ----------
INSERT INTO GUEST VALUES(2129,'Liliana','Lueck','LLueck@yahoo.com','1234 DaWrong Lane','Flonkerton','MD','12345','529-282-9468');
INSERT INTO RESERVATION VALUES ('20181219QD4284334224296',2129,116,'QD','2018-12-19','2018-12-23',null,'complete');
INSERT INTO INVOICECHARGE VALUES ('20181219QD4284334224296-ch00001','20181219QD4284334224296','2018-12-19',253.31,'Base room charge');
INSERT INTO INVOICECHARGE VALUES ('20181219QD4284334224296-ch00002','20181219QD4284334224296','2018-12-19',130.49,'Cleaning fee');
INSERT INTO PAYMENT VALUES ('20181219QD4284334224296-p00001','20181219QD4284334224296','2018-12-21','CC',383.81,'Liliana Lueck','2678583471611405',9,2023,794,'Mastercard');
-- ------- SAMPLE 1130 ----------
INSERT INTO GUEST VALUES(2130,'Anita','Amezcua','AAmezcua@gmail.com','1234 DaWrong Lane','Flonkerton','MD','12345','598-564-2519');
INSERT INTO RESERVATION VALUES ('20190108QD1051478937545',2130,101,'QD','2019-01-08','2019-01-13',null,'complete');
INSERT INTO INVOICECHARGE VALUES ('20190108QD1051478937545-ch00001','20190108QD1051478937545','2019-01-08',316.64,'Base room charge');
INSERT INTO INVOICECHARGE VALUES ('20190108QD1051478937545-ch00002','20190108QD1051478937545','2019-01-08',163.12,'Room Service');
INSERT INTO PAYMENT VALUES ('20190108QD1051478937545-p00001','20190108QD1051478937545','2019-01-10','CC',479.76,'Anita Amezcua','1725393957793719',9,2025,607,'Mastercard');
-- ------- SAMPLE 1131 ----------
INSERT INTO GUEST VALUES(2131,'Shandi','Scharf','SScharf@yahoo.com','1234 DaWrong Lane','Flonkerton','MD','12345','119-261-6707');
INSERT INTO RESERVATION VALUES ('20190321QS3424963729601',2131,108,'QS','2019-03-21','2019-03-23',null,'cancelled');
INSERT INTO INVOICECHARGE VALUES ('20190321QS3424963729601-ch00001','20190321QS3424963729601','2019-03-21',154.81,'Base room charge');
INSERT INTO INVOICECHARGE VALUES ('20190321QS3424963729601-ch00002','20190321QS3424963729601','2019-03-21',79.75,'Room Service');
INSERT INTO PAYMENT VALUES ('20190321QS3424963729601-p00001','20190321QS3424963729601','2019-03-23','CC',234.55,'Shandi Scharf','7758623592045311',11,2022,509,'Mastercard');
-- ------- SAMPLE 1132 ----------
INSERT INTO GUEST VALUES(2132,'Delsie','Dunstan','DDunstan@gmail.com','1234 DaWrong Lane','Flonkerton','MD','12345','823-738-7162');
INSERT INTO RESERVATION VALUES ('20190611KI5788731984821',2132,120,'KI','2019-06-11','2019-06-16',null,'complete');
INSERT INTO INVOICECHARGE VALUES ('20190611KI5788731984821-ch00001','20190611KI5788731984821','2019-06-11',281.45,'Base room charge');
INSERT INTO INVOICECHARGE VALUES ('20190611KI5788731984821-ch00002','20190611KI5788731984821','2019-06-11',144.99,'Cleaning fee');
INSERT INTO PAYMENT VALUES ('20190611KI5788731984821-p00001','20190611KI5788731984821','2019-06-13','CC',426.45,'Delsie Dunstan','8071426232124863',5,2022,445,'Mastercard');
-- ------- SAMPLE 1133 ----------
INSERT INTO GUEST VALUES(2133,'Tish','Tusing','TTusing@hotmail.com','1234 DaWrong Lane','Flonkerton','MD','12345','227-490-2577');
INSERT INTO RESERVATION VALUES ('20200729QS7539711479946',2133,null,'QS','2020-07-29','2020-08-03',null,'active');
INSERT INTO INVOICECHARGE VALUES ('20200729QS7539711479946-ch00001','20200729QS7539711479946','2020-07-29',387.01,'Base room charge');
INSERT INTO INVOICECHARGE VALUES ('20200729QS7539711479946-ch00002','20200729QS7539711479946','2020-07-29',199.37,'Room Service');
INSERT INTO PAYMENT VALUES ('20200729QS7539711479946-p00001','20200729QS7539711479946','2020-07-31','CC',586.38,'Tish Tusing','3949203025549033',11,2023,96,'Mastercard');
-- ------- SAMPLE 1134 ----------
INSERT INTO GUEST VALUES(2134,'Bell','Belizaire','BBelizaire@hotmail.com','1234 DaWrong Lane','Flonkerton','MD','12345','738-127-0353');
INSERT INTO RESERVATION VALUES ('20200717KS6103666755783',2134,null,'KS','2020-07-17','2020-07-18',null,'active');
INSERT INTO INVOICECHARGE VALUES ('20200717KS6103666755783-ch00001','20200717KS6103666755783','2020-07-17',70.37,'Base room charge');
INSERT INTO INVOICECHARGE VALUES ('20200717KS6103666755783-ch00002','20200717KS6103666755783','2020-07-17',36.25,'Room Service');
INSERT INTO PAYMENT (payment_id,invoice_id,payment_date,payment_type,payment_amount) VALUES ('20200717KS6103666755783-p00001','20200717KS6103666755783','2020-07-19','CA',34);
-- ------- SAMPLE 1135 ----------
INSERT INTO GUEST VALUES(2135,'Gwyneth','Gamber','GGamber@yahoo.com','1234 DaWrong Lane','Flonkerton','MD','12345','041-582-5907');
INSERT INTO RESERVATION VALUES ('20200118KS2572827649769',2135,102,'KS','2020-01-18','2020-01-19',null,'complete');
INSERT INTO INVOICECHARGE VALUES ('20200118KS2572827649769-ch00001','20200118KS2572827649769','2020-01-18',106.61,'Base room charge');
INSERT INTO PAYMENT VALUES ('20200118KS2572827649769-p00001','20200118KS2572827649769','2020-01-20','CC',106.61,'Gwyneth Gamber','6353136041114628',12,2025,348,'Mastercard');
-- ------- SAMPLE 1136 ----------
INSERT INTO GUEST VALUES(2136,'Hanna','Hastie','HHastie@hotmail.com','1234 DaWrong Lane','Flonkerton','MD','12345','743-383-5256');
INSERT INTO RESERVATION VALUES ('20190424QD4757132911945',2136,111,'QD','2019-04-24','2019-04-25',null,'cancelled');
INSERT INTO INVOICECHARGE VALUES ('20190424QD4757132911945-ch00001','20190424QD4757132911945','2019-04-24',95.95,'Base room charge');
INSERT INTO PAYMENT VALUES ('20190424QD4757132911945-p00001','20190424QD4757132911945','2019-04-26','CC',95.95,'Hanna Hastie','6419666976605310',10,2023,898,'Mastercard');
-- ------- SAMPLE 1137 ----------
INSERT INTO GUEST VALUES(2137,'Tomika','Teran','TTeran@gmail.com','1234 DaWrong Lane','Flonkerton','MD','12345','618-678-9490');
INSERT INTO RESERVATION VALUES ('20180723QS6689653653050',2137,108,'QS','2018-07-23','2018-07-27',null,'complete');
INSERT INTO INVOICECHARGE VALUES ('20180723QS6689653653050-ch00001','20180723QS6689653653050','2018-07-23',309.61,'Base room charge');
INSERT INTO INVOICECHARGE VALUES ('20180723QS6689653653050-ch00002','20180723QS6689653653050','2018-07-23',159.5,'Room Service');
INSERT INTO PAYMENT VALUES ('20180723QS6689653653050-p00001','20180723QS6689653653050','2018-07-25','CC',469.11,'Tomika Teran','5631337386569797',11,2023,49,'Mastercard');
-- ------- SAMPLE 1138 ----------
INSERT INTO GUEST VALUES(2138,'Deandra','Dimauro','DDimauro@hotmail.com','1234 DaWrong Lane','Flonkerton','MD','12345','453-511-7395');
INSERT INTO RESERVATION VALUES ('20190105KI5523014477845',2138,120,'KI','2019-01-05','2019-01-06',null,'complete');
INSERT INTO INVOICECHARGE VALUES ('20190105KI5523014477845-ch00001','20190105KI5523014477845','2019-01-05',85.29,'Base room charge');
INSERT INTO PAYMENT VALUES ('20190105KI5523014477845-p00001','20190105KI5523014477845','2019-01-07','CC',85.29,'Deandra Dimauro','2480431592450339',7,2023,691,'Mastercard');
-- ------- SAMPLE 1139 ----------
INSERT INTO GUEST VALUES(2139,'Claribel','Catanzaro','CCatanzaro@hotmail.com','1234 DaWrong Lane','Flonkerton','MD','12345','767-937-1232');
INSERT INTO RESERVATION VALUES ('20191129KI8580833833159',2139,105,'KI','2019-11-29','2019-12-02',null,'complete');
INSERT INTO INVOICECHARGE VALUES ('20191129KI8580833833159-ch00001','20191129KI8580833833159','2019-11-29',168.87,'Base room charge');
INSERT INTO INVOICECHARGE VALUES ('20191129KI8580833833159-ch00002','20191129KI8580833833159','2019-11-29',87,'Room Service');
INSERT INTO PAYMENT VALUES ('20191129KI8580833833159-p00001','20191129KI8580833833159','2019-12-01','CC',255.87,'Claribel Catanzaro','6025972367759130',11,2025,62,'Mastercard');
-- ------- SAMPLE 1140 ----------
INSERT INTO GUEST VALUES(2140,'Abdul','Ashe','AAshe@hotmail.com','1234 DaWrong Lane','Flonkerton','MD','12345','648-697-3265');
INSERT INTO RESERVATION VALUES ('20190208KS9893432245470',2140,206,'KS','2019-02-08','2019-02-09',null,'complete');
INSERT INTO INVOICECHARGE VALUES ('20190208KS9893432245470-ch00001','20190208KS9893432245470','2019-02-08',70.37,'Base room charge');
INSERT INTO INVOICECHARGE VALUES ('20190208KS9893432245470-ch00002','20190208KS9893432245470','2019-02-08',36.25,'Cleaning fee');
INSERT INTO PAYMENT VALUES ('20190208KS9893432245470-p00001','20190208KS9893432245470','2019-02-10','CC',106.61,'Abdul Ashe','7839449648868035',12,2022,168,'Mastercard');
-- ------- SAMPLE 1141 ----------
INSERT INTO GUEST VALUES(2141,'Fiona','Figgs','FFiggs@hotmail.com','1234 DaWrong Lane','Flonkerton','MD','12345','586-535-1608');
INSERT INTO RESERVATION VALUES ('20200210KI2663579311407',2141,209,'KI','2020-02-10','2020-02-11',null,'complete');
INSERT INTO INVOICECHARGE VALUES ('20200210KI2663579311407-ch00001','20200210KI2663579311407','2020-02-10',56.29,'Base room charge');
INSERT INTO INVOICECHARGE VALUES ('20200210KI2663579311407-ch00002','20200210KI2663579311407','2020-02-10',29,'Room Service');
INSERT INTO PAYMENT VALUES ('20200210KI2663579311407-p00001','20200210KI2663579311407','2020-02-12','CC',85.29,'Fiona Figgs','8370157152885562',6,2023,133,'Mastercard');
-- ------- SAMPLE 1142 ----------
INSERT INTO GUEST VALUES(2142,'Stacie','Schupp','SSchupp@hotmail.com','1234 DaWrong Lane','Flonkerton','MD','12345','922-717-9915');
INSERT INTO RESERVATION VALUES ('20181118KJ7842871941358',2142,109,'KJ','2018-11-18','2018-11-22',null,'complete');
INSERT INTO INVOICECHARGE VALUES ('20181118KJ7842871941358-ch00001','20181118KJ7842871941358','2018-11-18',365.91,'Base room charge');
INSERT INTO INVOICECHARGE VALUES ('20181118KJ7842871941358-ch00002','20181118KJ7842871941358','2018-11-18',188.5,'Cleaning fee');
INSERT INTO PAYMENT (payment_id,invoice_id,payment_date,payment_type,payment_amount) VALUES ('20181118KJ7842871941358-p00001','20181118KJ7842871941358','2018-11-20','CA',554.41);
-- ------- SAMPLE 1143 ----------
INSERT INTO GUEST VALUES(2143,'Fonda','Foreman','FForeman@yahoo.com','1234 DaWrong Lane','Flonkerton','MD','12345','601-588-8447');
INSERT INTO RESERVATION VALUES ('20191201KS8564941440582',2143,201,'KS','2019-12-01','2019-12-05',null,'complete');
INSERT INTO INVOICECHARGE VALUES ('20191201KS8564941440582-ch00001','20191201KS8564941440582','2019-12-01',281.46,'Base room charge');
INSERT INTO INVOICECHARGE VALUES ('20191201KS8564941440582-ch00002','20191201KS8564941440582','2019-12-01',145,'Cleaning fee');
INSERT INTO PAYMENT VALUES ('20191201KS8564941440582-p00001','20191201KS8564941440582','2019-12-03','CC',426.46,'Fonda Foreman','9499895404197135',12,2025,652,'Mastercard');
-- ------- SAMPLE 1144 ----------
INSERT INTO GUEST VALUES(2144,'Georgianne','Guadarrama','GGuadarrama@gmail.com','1234 DaWrong Lane','Flonkerton','MD','12345','924-849-4515');
INSERT INTO RESERVATION VALUES ('20190430KI3319316063917',2144,204,'KI','2019-04-30','2019-05-02',null,'complete');
INSERT INTO INVOICECHARGE VALUES ('20190430KI3319316063917-ch00001','20190430KI3319316063917','2019-04-30',170.58,'Base room charge');
INSERT INTO PAYMENT VALUES ('20190430KI3319316063917-p00001','20190430KI3319316063917','2019-05-02','CC',170.58,'Georgianne Guadarrama','1405147916753904',3,2024,283,'Mastercard');
-- ------- SAMPLE 1145 ----------
INSERT INTO GUEST VALUES(2145,'James','Janey','JJaney@gmail.com','1234 DaWrong Lane','Flonkerton','MD','12345','868-725-7319');
INSERT INTO RESERVATION VALUES ('20200205KS1670985757031',2145,201,'KS','2020-02-05','2020-02-07',null,'complete');
INSERT INTO INVOICECHARGE VALUES ('20200205KS1670985757031-ch00001','20200205KS1670985757031','2020-02-05',213.23,'Base room charge');
INSERT INTO PAYMENT VALUES ('20200205KS1670985757031-p00001','20200205KS1670985757031','2020-02-07','CC',213.23,'James Janey','3631314463598085',11,2025,515,'Mastercard');
-- ------- SAMPLE 1146 ----------
INSERT INTO GUEST VALUES(2146,'Edmundo','Erickson','EErickson@hotmail.com','1234 DaWrong Lane','Flonkerton','MD','12345','331-442-4216');
INSERT INTO RESERVATION VALUES ('20180712KJ6752018735293',2146,119,'KJ','2018-07-12','2018-07-13',null,'complete');
INSERT INTO INVOICECHARGE VALUES ('20180712KJ6752018735293-ch00001','20180712KJ6752018735293','2018-07-12',91.48,'Base room charge');
INSERT INTO INVOICECHARGE VALUES ('20180712KJ6752018735293-ch00002','20180712KJ6752018735293','2018-07-12',47.12,'Room Service');
INSERT INTO PAYMENT VALUES ('20180712KJ6752018735293-p00001','20180712KJ6752018735293','2018-07-14','CC',138.6,'Edmundo Erickson','9186434517217318',3,2027,712,'Mastercard');
-- ------- SAMPLE 1147 ----------
INSERT INTO GUEST VALUES(2147,'Collin','Chaparro','CChaparro@yahoo.com','1234 DaWrong Lane','Flonkerton','MD','12345','420-313-8009');
INSERT INTO RESERVATION VALUES ('20180513KS6276428258219',2147,117,'KS','2018-05-13','2018-05-15',null,'complete');
INSERT INTO INVOICECHARGE VALUES ('20180513KS6276428258219-ch00001','20180513KS6276428258219','2018-05-13',140.73,'Base room charge');
INSERT INTO INVOICECHARGE VALUES ('20180513KS6276428258219-ch00002','20180513KS6276428258219','2018-05-13',72.5,'Cleaning fee');
INSERT INTO PAYMENT VALUES ('20180513KS6276428258219-p00001','20180513KS6276428258219','2018-05-15','CC',213.23,'Collin Chaparro','9815672698722138',10,2023,406,'Mastercard');
-- ------- SAMPLE 1148 ----------
INSERT INTO GUEST VALUES(2148,'Leanora','Locke','LLocke@hotmail.com','1234 DaWrong Lane','Flonkerton','MD','12345','525-424-5246');
INSERT INTO RESERVATION VALUES ('20190106QD6899891319891',2148,116,'QD','2019-01-06','2019-01-08',null,'complete');
INSERT INTO INVOICECHARGE VALUES ('20190106QD6899891319891-ch00001','20190106QD6899891319891','2019-01-06',191.9,'Base room charge');
INSERT INTO PAYMENT (payment_id,invoice_id,payment_date,payment_type,payment_amount) VALUES ('20190106QD6899891319891-p00001','20190106QD6899891319891','2019-01-08','CA',191.9);
-- ------- SAMPLE 1149 ----------
INSERT INTO GUEST VALUES(2149,'Major','Meng','MMeng@gmail.com','1234 DaWrong Lane','Flonkerton','MD','12345','604-928-0328');
INSERT INTO RESERVATION VALUES ('20201215KI3605508433305',2149,null,'KI','2020-12-15','2020-12-16',null,'active');
INSERT INTO INVOICECHARGE VALUES ('20201215KI3605508433305-ch00001','20201215KI3605508433305','2020-12-15',56.29,'Base room charge');
INSERT INTO INVOICECHARGE VALUES ('20201215KI3605508433305-ch00002','20201215KI3605508433305','2020-12-15',29,'Room Service');
INSERT INTO PAYMENT (payment_id,invoice_id,payment_date,payment_type,payment_amount) VALUES ('20201215KI3605508433305-p00001','20201215KI3605508433305','2020-12-17','CA',36);
-- ------- SAMPLE 1150 ----------
INSERT INTO GUEST VALUES(2150,'Leonore','Losh','LLosh@gmail.com','1234 DaWrong Lane','Flonkerton','MD','12345','563-261-7272');
INSERT INTO RESERVATION VALUES ('20200209QD1375067052481',2150,106,'QD','2020-02-09','2020-02-12',null,'complete');
INSERT INTO INVOICECHARGE VALUES ('20200209QD1375067052481-ch00001','20200209QD1375067052481','2020-02-09',287.86,'Base room charge');
INSERT INTO PAYMENT VALUES ('20200209QD1375067052481-p00001','20200209QD1375067052481','2020-02-11','CC',287.86,'Leonore Losh','8146321526907756',9,2021,346,'Mastercard');
-- ------- SAMPLE 1151 ----------
INSERT INTO GUEST VALUES(2151,'James','Janey','JJaney@yahoo.com','1234 DaWrong Lane','Flonkerton','MD','12345','201-479-7186');
INSERT INTO RESERVATION VALUES ('20200305KS3752281992907',2151,206,'KS','2020-03-05','2020-03-07',null,'complete');
INSERT INTO INVOICECHARGE VALUES ('20200305KS3752281992907-ch00001','20200305KS3752281992907','2020-03-05',213.23,'Base room charge');
INSERT INTO PAYMENT VALUES ('20200305KS3752281992907-p00001','20200305KS3752281992907','2020-03-07','CC',213.23,'James Janey','8686467888682314',9,2021,909,'Mastercard');
-- ------- SAMPLE 1152 ----------
INSERT INTO GUEST VALUES(2152,'Christine','Ciampa','CCiampa@hotmail.com','1234 DaWrong Lane','Flonkerton','MD','12345','359-406-2144');
INSERT INTO RESERVATION VALUES ('20201029KI5773408102538',2152,null,'KI','2020-10-29','2020-11-03',null,'active');
-- ------- SAMPLE 1153 ----------
INSERT INTO GUEST VALUES(2153,'Piedad','Proctor','PProctor@yahoo.com','1234 DaWrong Lane','Flonkerton','MD','12345','148-058-7135');
INSERT INTO RESERVATION VALUES ('20190120QS1861943769630',2153,108,'QS','2019-01-20','2019-01-24',null,'complete');
INSERT INTO INVOICECHARGE VALUES ('20190120QS1861943769630-ch00001','20190120QS1861943769630','2019-01-20',469.11,'Base room charge');
INSERT INTO PAYMENT VALUES ('20190120QS1861943769630-p00001','20190120QS1861943769630','2019-01-22','CC',469.11,'Piedad Proctor','3185175492491975',10,2023,202,'Mastercard');
-- ------- SAMPLE 1154 ----------
INSERT INTO GUEST VALUES(2154,'Willian','Wiest','WWiest@gmail.com','1234 DaWrong Lane','Flonkerton','MD','12345','165-728-2250');
INSERT INTO RESERVATION VALUES ('20200818QD6314105560357',2154,null,'QD','2020-08-18','2020-08-21',null,'active');
-- ------- SAMPLE 1155 ----------
INSERT INTO GUEST VALUES(2155,'Stacie','Schupp','SSchupp@gmail.com','1234 DaWrong Lane','Flonkerton','MD','12345','156-096-8786');
INSERT INTO RESERVATION VALUES ('20190105KI5705969582873',2155,209,'KI','2019-01-05','2019-01-06',null,'complete');
INSERT INTO INVOICECHARGE VALUES ('20190105KI5705969582873-ch00001','20190105KI5705969582873','2019-01-05',56.29,'Base room charge');
INSERT INTO INVOICECHARGE VALUES ('20190105KI5705969582873-ch00002','20190105KI5705969582873','2019-01-05',29,'Room Service');
INSERT INTO PAYMENT VALUES ('20190105KI5705969582873-p00001','20190105KI5705969582873','2019-01-07','CC',85.29,'Stacie Schupp','9434764659333469',7,2027,606,'Mastercard');
-- ------- SAMPLE 1156 ----------
INSERT INTO GUEST VALUES(2156,'Jamey','Jen','JJen@hotmail.com','1234 DaWrong Lane','Flonkerton','MD','12345','659-251-4967');
INSERT INTO RESERVATION VALUES ('20190128QS8307914815817',2156,103,'QS','2019-01-28','2019-01-29',null,'complete');
INSERT INTO INVOICECHARGE VALUES ('20190128QS8307914815817-ch00001','20190128QS8307914815817','2019-01-28',77.4,'Base room charge');
INSERT INTO INVOICECHARGE VALUES ('20190128QS8307914815817-ch00002','20190128QS8307914815817','2019-01-28',39.87,'Cleaning fee');
INSERT INTO PAYMENT (payment_id,invoice_id,payment_date,payment_type,payment_amount) VALUES ('20190128QS8307914815817-p00001','20190128QS8307914815817','2019-01-30','CA',117.28);
-- ------- SAMPLE 1157 ----------
INSERT INTO GUEST VALUES(2157,'Delsie','Delong','DDelong@yahoo.com','1234 DaWrong Lane','Flonkerton','MD','12345','429-083-5557');
INSERT INTO RESERVATION VALUES ('20180710QD6857066689171',2157,205,'QD','2018-07-10','2018-07-15',null,'complete');
INSERT INTO INVOICECHARGE VALUES ('20180710QD6857066689171-ch00001','20180710QD6857066689171','2018-07-10',479.76,'Base room charge');
INSERT INTO PAYMENT VALUES ('20180710QD6857066689171-p00001','20180710QD6857066689171','2018-07-12','CC',479.76,'Delsie Delong','5894760699723065',7,2024,702,'Mastercard');
-- ------- SAMPLE 1158 ----------
INSERT INTO GUEST VALUES(2158,'Demarcus','Dearborn','DDearborn@yahoo.com','1234 DaWrong Lane','Flonkerton','MD','12345','410-354-8781');
INSERT INTO RESERVATION VALUES ('20181226QS9532400771883',2158,207,'QS','2018-12-26','2018-12-27',null,'complete');
INSERT INTO INVOICECHARGE VALUES ('20181226QS9532400771883-ch00001','20181226QS9532400771883','2018-12-26',77.4,'Base room charge');
INSERT INTO INVOICECHARGE VALUES ('20181226QS9532400771883-ch00002','20181226QS9532400771883','2018-12-26',39.87,'Cleaning fee');
INSERT INTO PAYMENT VALUES ('20181226QS9532400771883-p00001','20181226QS9532400771883','2018-12-28','CC',117.28,'Demarcus Dearborn','5890371545986268',11,2021,180,'Mastercard');
-- ------- SAMPLE 1159 ----------
INSERT INTO GUEST VALUES(2159,'Marcelino','Meisner','MMeisner@gmail.com','1234 DaWrong Lane','Flonkerton','MD','12345','309-252-9503');
INSERT INTO RESERVATION VALUES ('20180622KS7751794778100',2159,107,'KS','2018-06-22','2018-06-23',null,'complete');
INSERT INTO INVOICECHARGE VALUES ('20180622KS7751794778100-ch00001','20180622KS7751794778100','2018-06-22',106.61,'Base room charge');
INSERT INTO PAYMENT VALUES ('20180622KS7751794778100-p00001','20180622KS7751794778100','2018-06-24','CC',106.61,'Marcelino Meisner','1327780192356809',1,2026,366,'Mastercard');
-- ------- SAMPLE 1160 ----------
INSERT INTO GUEST VALUES(2160,'Ella','Evanoff','EEvanoff@hotmail.com','1234 DaWrong Lane','Flonkerton','MD','12345','436-849-6561');
INSERT INTO RESERVATION VALUES ('20190127QD8228813842711',2160,101,'QD','2019-01-27','2019-01-29',null,'complete');
INSERT INTO INVOICECHARGE VALUES ('20190127QD8228813842711-ch00001','20190127QD8228813842711','2019-01-27',126.66,'Base room charge');
INSERT INTO INVOICECHARGE VALUES ('20190127QD8228813842711-ch00002','20190127QD8228813842711','2019-01-27',65.25,'Cleaning fee');
INSERT INTO PAYMENT (payment_id,invoice_id,payment_date,payment_type,payment_amount) VALUES ('20190127QD8228813842711-p00001','20190127QD8228813842711','2019-01-29','CA',191.9);
-- ------- SAMPLE 1161 ----------
INSERT INTO GUEST VALUES(2161,'Aretha','Acy','AAcy@gmail.com','1234 DaWrong Lane','Flonkerton','MD','12345','260-042-6207');
INSERT INTO RESERVATION VALUES ('20190411QD6173627177848',2161,101,'QD','2019-04-11','2019-04-16',null,'complete');
INSERT INTO INVOICECHARGE VALUES ('20190411QD6173627177848-ch00001','20190411QD6173627177848','2019-04-11',479.76,'Base room charge');
INSERT INTO PAYMENT (payment_id,invoice_id,payment_date,payment_type,payment_amount) VALUES ('20190411QD6173627177848-p00001','20190411QD6173627177848','2019-04-13','CA',479.76);
-- ------- SAMPLE 1162 ----------
INSERT INTO GUEST VALUES(2162,'Rick','Ritenour','RRitenour@hotmail.com','1234 DaWrong Lane','Flonkerton','MD','12345','302-389-7439');
INSERT INTO RESERVATION VALUES ('20190717KJ9864545896778',2162,104,'KJ','2019-07-17','2019-07-21',null,'complete');
INSERT INTO INVOICECHARGE VALUES ('20190717KJ9864545896778-ch00001','20190717KJ9864545896778','2019-07-17',554.41,'Base room charge');
INSERT INTO PAYMENT VALUES ('20190717KJ9864545896778-p00001','20190717KJ9864545896778','2019-07-19','CC',554.41,'Rick Ritenour','8238962635795575',8,2025,589,'Mastercard');
-- ------- SAMPLE 1163 ----------
INSERT INTO GUEST VALUES(2163,'Tai','Tookes','TTookes@yahoo.com','1234 DaWrong Lane','Flonkerton','MD','12345','489-380-8639');
INSERT INTO RESERVATION VALUES ('20180923KS8383507683479',2163,206,'KS','2018-09-23','2018-09-26',null,'complete');
INSERT INTO INVOICECHARGE VALUES ('20180923KS8383507683479-ch00001','20180923KS8383507683479','2018-09-23',319.84,'Base room charge');
INSERT INTO PAYMENT (payment_id,invoice_id,payment_date,payment_type,payment_amount) VALUES ('20180923KS8383507683479-p00001','20180923KS8383507683479','2018-09-25','CA',319.84);
-- ------- SAMPLE 1164 ----------
INSERT INTO GUEST VALUES(2164,'Gwyneth','Gamber','GGamber@gmail.com','1234 DaWrong Lane','Flonkerton','MD','12345','357-895-9021');
INSERT INTO RESERVATION VALUES ('20181210KJ7990562734359',2164,104,'KJ','2018-12-10','2018-12-15',null,'complete');
INSERT INTO INVOICECHARGE VALUES ('20181210KJ7990562734359-ch00001','20181210KJ7990562734359','2018-12-10',693.01,'Base room charge');
INSERT INTO PAYMENT VALUES ('20181210KJ7990562734359-p00001','20181210KJ7990562734359','2018-12-12','CC',693.01,'Gwyneth Gamber','7467773373689479',8,2023,170,'Mastercard');
-- ------- SAMPLE 1165 ----------
INSERT INTO GUEST VALUES(2165,'Katerine','Kawakami','KKawakami@yahoo.com','1234 DaWrong Lane','Flonkerton','MD','12345','913-146-6995');
INSERT INTO RESERVATION VALUES ('20190319QD8855855048740',2165,101,'QD','2019-03-19','2019-03-20',null,'complete');
INSERT INTO INVOICECHARGE VALUES ('20190319QD8855855048740-ch00001','20190319QD8855855048740','2019-03-19',63.33,'Base room charge');
INSERT INTO INVOICECHARGE VALUES ('20190319QD8855855048740-ch00002','20190319QD8855855048740','2019-03-19',32.62,'Room Service');
INSERT INTO PAYMENT VALUES ('20190319QD8855855048740-p00001','20190319QD8855855048740','2019-03-21','CC',95.95,'Katerine Kawakami','6750371146796320',5,2026,767,'Mastercard');
-- ------- SAMPLE 1166 ----------
INSERT INTO GUEST VALUES(2166,'Edmundo','Erickson','EErickson@yahoo.com','1234 DaWrong Lane','Flonkerton','MD','12345','370-001-9998');
INSERT INTO RESERVATION VALUES ('20200515KS1117255709207',2166,null,'KS','2020-05-15','2020-05-20',null,'active');
INSERT INTO INVOICECHARGE VALUES ('20200515KS1117255709207-ch00001','20200515KS1117255709207','2020-05-15',533.07,'Base room charge');
INSERT INTO PAYMENT VALUES ('20200515KS1117255709207-p00001','20200515KS1117255709207','2020-05-17','CC',533.07,'Edmundo Erickson','5516342796006501',2,2022,533,'Mastercard');
-- ------- SAMPLE 1167 ----------
INSERT INTO GUEST VALUES(2167,'Walker','Weatherhead','WWeatherhead@yahoo.com','1234 DaWrong Lane','Flonkerton','MD','12345','761-071-0169');
INSERT INTO RESERVATION VALUES ('20191129KS7370334195471',2167,107,'KS','2019-11-29','2019-12-02',null,'cancelled');
INSERT INTO INVOICECHARGE VALUES ('20191129KS7370334195471-ch00001','20191129KS7370334195471','2019-11-29',319.84,'Base room charge');
INSERT INTO PAYMENT VALUES ('20191129KS7370334195471-p00001','20191129KS7370334195471','2019-12-01','CC',319.84,'Walker Weatherhead','4266557281977773',8,2022,174,'Mastercard');
-- ------- SAMPLE 1168 ----------
INSERT INTO GUEST VALUES(2168,'Romelia','Rigdon','RRigdon@yahoo.com','1234 DaWrong Lane','Flonkerton','MD','12345','568-646-2011');
INSERT INTO RESERVATION VALUES ('20181211KI8587154485333',2168,209,'KI','2018-12-11','2018-12-16',null,'cancelled');
INSERT INTO INVOICECHARGE VALUES ('20181211KI8587154485333-ch00001','20181211KI8587154485333','2018-12-11',426.45,'Base room charge');
INSERT INTO PAYMENT VALUES ('20181211KI8587154485333-p00001','20181211KI8587154485333','2018-12-13','CC',426.45,'Romelia Rigdon','8727503845064174',6,2025,860,'Mastercard');
-- ------- SAMPLE 1169 ----------
INSERT INTO GUEST VALUES(2169,'Walker','Weatherhead','WWeatherhead@yahoo.com','1234 DaWrong Lane','Flonkerton','MD','12345','960-481-8873');
INSERT INTO RESERVATION VALUES ('20191022KS5777603798336',2169,112,'KS','2019-10-22','2019-10-25',null,'complete');
INSERT INTO INVOICECHARGE VALUES ('20191022KS5777603798336-ch00001','20191022KS5777603798336','2019-10-22',319.84,'Base room charge');
INSERT INTO PAYMENT VALUES ('20191022KS5777603798336-p00001','20191022KS5777603798336','2019-10-24','CC',319.84,'Walker Weatherhead','2702570957669238',10,2022,839,'Mastercard');
-- ------- SAMPLE 1170 ----------
INSERT INTO GUEST VALUES(2170,'Fiona','Figgs','FFiggs@yahoo.com','1234 DaWrong Lane','Flonkerton','MD','12345','898-782-1337');
INSERT INTO RESERVATION VALUES ('20200812KS6728240025955',2170,null,'KS','2020-08-12','2020-08-13',null,'active');
-- ------- SAMPLE 1171 ----------
INSERT INTO GUEST VALUES(2171,'Mandi','Mcwain','MMcwain@yahoo.com','1234 DaWrong Lane','Flonkerton','MD','12345','376-647-7316');
INSERT INTO RESERVATION VALUES ('20190713KS8365285375510',2171,102,'KS','2019-07-13','2019-07-14',null,'complete');
INSERT INTO INVOICECHARGE VALUES ('20190713KS8365285375510-ch00001','20190713KS8365285375510','2019-07-13',70.37,'Base room charge');
INSERT INTO INVOICECHARGE VALUES ('20190713KS8365285375510-ch00002','20190713KS8365285375510','2019-07-13',36.25,'Cleaning fee');
INSERT INTO PAYMENT VALUES ('20190713KS8365285375510-p00001','20190713KS8365285375510','2019-07-15','CC',106.61,'Mandi Mcwain','4697361806602415',4,2025,862,'Mastercard');
-- ------- SAMPLE 1172 ----------
INSERT INTO GUEST VALUES(2172,'Julene','Jahn','JJahn@yahoo.com','1234 DaWrong Lane','Flonkerton','MD','12345','335-415-2743');
INSERT INTO RESERVATION VALUES ('20201112KI3330747249111',2172,null,'KI','2020-11-12','2020-11-15',null,'cancelled');
INSERT INTO INVOICECHARGE VALUES ('20201112KI3330747249111-ch00001','20201112KI3330747249111','2020-11-12',255.87,'Base room charge');
INSERT INTO PAYMENT VALUES ('20201112KI3330747249111-p00001','20201112KI3330747249111','2020-11-14','CC',193,'Julene Jahn','7824965412375395',6,2025,762,'Mastercard');
-- ------- SAMPLE 1173 ----------
INSERT INTO GUEST VALUES(2173,'Raven','Rybicki','RRybicki@gmail.com','1234 DaWrong Lane','Flonkerton','MD','12345','988-297-7639');
INSERT INTO RESERVATION VALUES ('20201002QD2810230734801',2173,null,'QD','2020-10-02','2020-10-07',null,'active');
INSERT INTO INVOICECHARGE VALUES ('20201002QD2810230734801-ch00001','20201002QD2810230734801','2020-10-02',479.76,'Base room charge');
INSERT INTO PAYMENT VALUES ('20201002QD2810230734801-p00001','20201002QD2810230734801','2020-10-04','CC',472,'Raven Rybicki','9210828223190730',1,2021,414,'Mastercard');
-- ------- SAMPLE 1174 ----------
INSERT INTO GUEST VALUES(2174,'Leanora','Locke','LLocke@gmail.com','1234 DaWrong Lane','Flonkerton','MD','12345','240-772-0030');
INSERT INTO RESERVATION VALUES ('20191218KS3033181908051',2174,206,'KS','2019-12-18','2019-12-21',null,'complete');
INSERT INTO INVOICECHARGE VALUES ('20191218KS3033181908051-ch00001','20191218KS3033181908051','2019-12-18',319.84,'Base room charge');
INSERT INTO PAYMENT (payment_id,invoice_id,payment_date,payment_type,payment_amount) VALUES ('20191218KS3033181908051-p00001','20191218KS3033181908051','2019-12-20','CA',319.84);
-- ------- SAMPLE 1175 ----------
INSERT INTO GUEST VALUES(2175,'Rick','Ritenour','RRitenour@hotmail.com','1234 DaWrong Lane','Flonkerton','MD','12345','985-420-1478');
INSERT INTO RESERVATION VALUES ('20180606KI2906293498583',2175,110,'KI','2018-06-06','2018-06-07',null,'cancelled');
INSERT INTO INVOICECHARGE VALUES ('20180606KI2906293498583-ch00001','20180606KI2906293498583','2018-06-06',85.29,'Base room charge');
INSERT INTO PAYMENT VALUES ('20180606KI2906293498583-p00001','20180606KI2906293498583','2018-06-08','CC',85.29,'Rick Ritenour','9184562517004312',1,2022,351,'Mastercard');
-- ------- SAMPLE 1176 ----------
INSERT INTO GUEST VALUES(2176,'Danette','Dammann','DDammann@gmail.com','1234 DaWrong Lane','Flonkerton','MD','12345','838-282-1137');
INSERT INTO RESERVATION VALUES ('20201128KJ6861361867119',2176,null,'KJ','2020-11-28','2020-12-01',null,'active');
INSERT INTO INVOICECHARGE VALUES ('20201128KJ6861361867119-ch00001','20201128KJ6861361867119','2020-11-28',415.81,'Base room charge');
INSERT INTO PAYMENT VALUES ('20201128KJ6861361867119-p00001','20201128KJ6861361867119','2020-11-30','CC',415.81,'Danette Dammann','5478134842462357',2,2026,83,'Mastercard');
-- ------- SAMPLE 1177 ----------
INSERT INTO GUEST VALUES(2177,'Eda','Elmendorf','EElmendorf@gmail.com','1234 DaWrong Lane','Flonkerton','MD','12345','422-307-7971');
INSERT INTO RESERVATION VALUES ('20200306KI3170996120789',2177,204,'KI','2020-03-06','2020-03-09',null,'complete');
INSERT INTO INVOICECHARGE VALUES ('20200306KI3170996120789-ch00001','20200306KI3170996120789','2020-03-06',112.58,'Base room charge');
INSERT INTO INVOICECHARGE VALUES ('20200306KI3170996120789-ch00002','20200306KI3170996120789','2020-03-06',58,'Cleaning fee');
INSERT INTO PAYMENT VALUES ('20200306KI3170996120789-p00001','20200306KI3170996120789','2020-03-08','CC',170.58,'Eda Elmendorf','6643622307637468',9,2021,32,'Mastercard');
-- ------- SAMPLE 1178 ----------
INSERT INTO GUEST VALUES(2178,'Keturah','Kagawa','KKagawa@hotmail.com','1234 DaWrong Lane','Flonkerton','MD','12345','390-630-8972');
INSERT INTO RESERVATION VALUES ('20180708KS3371245676250',2178,102,'KS','2018-07-08','2018-07-12',null,'complete');
INSERT INTO INVOICECHARGE VALUES ('20180708KS3371245676250-ch00001','20180708KS3371245676250','2018-07-08',426.46,'Base room charge');
INSERT INTO PAYMENT VALUES ('20180708KS3371245676250-p00001','20180708KS3371245676250','2018-07-10','CC',426.46,'Keturah Kagawa','3981236690747795',6,2026,793,'Mastercard');
-- ------- SAMPLE 1179 ----------
INSERT INTO GUEST VALUES(2179,'Leighann','Leith','LLeith@hotmail.com','1234 DaWrong Lane','Flonkerton','MD','12345','294-638-1910');
INSERT INTO RESERVATION VALUES ('20200712QD9912073858410',2179,null,'QD','2020-07-12','2020-07-14',null,'active');
INSERT INTO INVOICECHARGE VALUES ('20200712QD9912073858410-ch00001','20200712QD9912073858410','2020-07-12',191.9,'Base room charge');
INSERT INTO PAYMENT VALUES ('20200712QD9912073858410-p00001','20200712QD9912073858410','2020-07-14','CC',94,'Leighann Leith','3168881798017638',6,2025,642,'Mastercard');
-- ------- SAMPLE 1180 ----------
INSERT INTO GUEST VALUES(2180,'Abel','Alire','AAlire@hotmail.com','1234 DaWrong Lane','Flonkerton','MD','12345','342-343-0391');
INSERT INTO RESERVATION VALUES ('20200628QS4833057847780',2180,null,'QS','2020-06-28','2020-06-29',null,'active');
-- ------- SAMPLE 1181 ----------
INSERT INTO GUEST VALUES(2181,'Malia','Molden','MMolden@hotmail.com','1234 DaWrong Lane','Flonkerton','MD','12345','962-286-4563');
INSERT INTO RESERVATION VALUES ('20181026QD7615325626293',2181,116,'QD','2018-10-26','2018-10-28',null,'cancelled');
INSERT INTO INVOICECHARGE VALUES ('20181026QD7615325626293-ch00001','20181026QD7615325626293','2018-10-26',126.66,'Base room charge');
INSERT INTO INVOICECHARGE VALUES ('20181026QD7615325626293-ch00002','20181026QD7615325626293','2018-10-26',65.25,'Room Service');
INSERT INTO PAYMENT (payment_id,invoice_id,payment_date,payment_type,payment_amount) VALUES ('20181026QD7615325626293-p00001','20181026QD7615325626293','2018-10-28','CA',191.9);
-- ------- SAMPLE 1182 ----------
INSERT INTO GUEST VALUES(2182,'Linwood','Layden','LLayden@yahoo.com','1234 DaWrong Lane','Flonkerton','MD','12345','607-241-8418');
INSERT INTO RESERVATION VALUES ('20180520KJ3279899032366',2182,208,'KJ','2018-05-20','2018-05-21',null,'complete');
INSERT INTO INVOICECHARGE VALUES ('20180520KJ3279899032366-ch00001','20180520KJ3279899032366','2018-05-20',91.48,'Base room charge');
INSERT INTO INVOICECHARGE VALUES ('20180520KJ3279899032366-ch00002','20180520KJ3279899032366','2018-05-20',47.12,'Room Service');
INSERT INTO PAYMENT VALUES ('20180520KJ3279899032366-p00001','20180520KJ3279899032366','2018-05-22','CC',138.6,'Linwood Layden','7732345030871549',11,2027,642,'Mastercard');
-- ------- SAMPLE 1183 ----------
INSERT INTO GUEST VALUES(2183,'Rachell','Riser','RRiser@hotmail.com','1234 DaWrong Lane','Flonkerton','MD','12345','329-822-8313');
INSERT INTO RESERVATION VALUES ('20201217KS5230994081348',2183,null,'KS','2020-12-17','2020-12-22',null,'active');
INSERT INTO INVOICECHARGE VALUES ('20201217KS5230994081348-ch00001','20201217KS5230994081348','2020-12-17',351.83,'Base room charge');
INSERT INTO INVOICECHARGE VALUES ('20201217KS5230994081348-ch00002','20201217KS5230994081348','2020-12-17',181.24,'Room Service');
INSERT INTO PAYMENT (payment_id,invoice_id,payment_date,payment_type,payment_amount) VALUES ('20201217KS5230994081348-p00001','20201217KS5230994081348','2020-12-19','CA',533.07);
-- ------- SAMPLE 1184 ----------
INSERT INTO GUEST VALUES(2184,'Julene','Jahn','JJahn@gmail.com','1234 DaWrong Lane','Flonkerton','MD','12345','274-088-4664');
INSERT INTO RESERVATION VALUES ('20190211KJ8033798675562',2184,119,'KJ','2019-02-11','2019-02-16',null,'cancelled');
INSERT INTO INVOICECHARGE VALUES ('20190211KJ8033798675562-ch00001','20190211KJ8033798675562','2019-02-11',693.01,'Base room charge');
INSERT INTO PAYMENT VALUES ('20190211KJ8033798675562-p00001','20190211KJ8033798675562','2019-02-13','CC',693.01,'Julene Jahn','4441771744541310',8,2021,238,'Mastercard');
-- ------- SAMPLE 1185 ----------
INSERT INTO GUEST VALUES(2185,'Stan','Schnell','SSchnell@hotmail.com','1234 DaWrong Lane','Flonkerton','MD','12345','249-475-2128');
INSERT INTO RESERVATION VALUES ('20200908QD9101956321686',2185,null,'QD','2020-09-08','2020-09-13',null,'active');
INSERT INTO INVOICECHARGE VALUES ('20200908QD9101956321686-ch00001','20200908QD9101956321686','2020-09-08',479.76,'Base room charge');
INSERT INTO PAYMENT VALUES ('20200908QD9101956321686-p00001','20200908QD9101956321686','2020-09-10','CC',458,'Stan Schnell','1493385723295591',3,2027,561,'Mastercard');
-- ------- SAMPLE 1186 ----------
INSERT INTO GUEST VALUES(2186,'Anita','Amezcua','AAmezcua@gmail.com','1234 DaWrong Lane','Flonkerton','MD','12345','221-073-8382');
INSERT INTO RESERVATION VALUES ('20201230KI1500810783326',2186,null,'KI','2020-12-30','2021-01-04',null,'cancelled');
-- ------- SAMPLE 1187 ----------
INSERT INTO GUEST VALUES(2187,'Len','Linquist','LLinquist@gmail.com','1234 DaWrong Lane','Flonkerton','MD','12345','205-749-8776');
INSERT INTO RESERVATION VALUES ('20190204QD8062104610021',2187,101,'QD','2019-02-04','2019-02-09',null,'complete');
INSERT INTO INVOICECHARGE VALUES ('20190204QD8062104610021-ch00001','20190204QD8062104610021','2019-02-04',316.64,'Base room charge');
INSERT INTO INVOICECHARGE VALUES ('20190204QD8062104610021-ch00002','20190204QD8062104610021','2019-02-04',163.12,'Cleaning fee');
INSERT INTO PAYMENT (payment_id,invoice_id,payment_date,payment_type,payment_amount) VALUES ('20190204QD8062104610021-p00001','20190204QD8062104610021','2019-02-06','CA',479.76);
-- ------- SAMPLE 1188 ----------
INSERT INTO GUEST VALUES(2188,'Melony','Mcmartin','MMcmartin@gmail.com','1234 DaWrong Lane','Flonkerton','MD','12345','301-324-4306');
INSERT INTO RESERVATION VALUES ('20191227KI1768057295931',2188,115,'KI','2019-12-27','2019-12-31',null,'complete');
INSERT INTO INVOICECHARGE VALUES ('20191227KI1768057295931-ch00001','20191227KI1768057295931','2019-12-27',341.16,'Base room charge');
INSERT INTO PAYMENT (payment_id,invoice_id,payment_date,payment_type,payment_amount) VALUES ('20191227KI1768057295931-p00001','20191227KI1768057295931','2019-12-29','CA',341.16);
-- ------- SAMPLE 1189 ----------
INSERT INTO GUEST VALUES(2189,'Francie','Fairbank','FFairbank@yahoo.com','1234 DaWrong Lane','Flonkerton','MD','12345','887-211-9885');
INSERT INTO RESERVATION VALUES ('20201116KI2245377181558',2189,null,'KI','2020-11-16','2020-11-17',null,'active');
-- ------- SAMPLE 1190 ----------
INSERT INTO GUEST VALUES(2190,'Lincoln','Lattea','LLattea@hotmail.com','1234 DaWrong Lane','Flonkerton','MD','12345','627-084-6366');
INSERT INTO RESERVATION VALUES ('20201122QD5374983773339',2190,null,'QD','2020-11-22','2020-11-25',null,'active');
INSERT INTO INVOICECHARGE VALUES ('20201122QD5374983773339-ch00001','20201122QD5374983773339','2020-11-22',189.98,'Base room charge');
INSERT INTO INVOICECHARGE VALUES ('20201122QD5374983773339-ch00002','20201122QD5374983773339','2020-11-22',97.87,'Cleaning fee');
INSERT INTO PAYMENT VALUES ('20201122QD5374983773339-p00001','20201122QD5374983773339','2020-11-24','CC',92,'Lincoln Lattea','2264535824706380',6,2023,592,'Mastercard');
-- ------- SAMPLE 1191 ----------
INSERT INTO GUEST VALUES(2191,'Joann','Joplin','JJoplin@yahoo.com','1234 DaWrong Lane','Flonkerton','MD','12345','484-338-2567');
INSERT INTO RESERVATION VALUES ('20200311KS8128578574707',2191,206,'KS','2020-03-11','2020-03-13',null,'cancelled');
INSERT INTO INVOICECHARGE VALUES ('20200311KS8128578574707-ch00001','20200311KS8128578574707','2020-03-11',140.73,'Base room charge');
INSERT INTO INVOICECHARGE VALUES ('20200311KS8128578574707-ch00002','20200311KS8128578574707','2020-03-11',72.5,'Cleaning fee');
INSERT INTO PAYMENT (payment_id,invoice_id,payment_date,payment_type,payment_amount) VALUES ('20200311KS8128578574707-p00001','20200311KS8128578574707','2020-03-13','CA',213.23);
-- ------- SAMPLE 1192 ----------
INSERT INTO GUEST VALUES(2192,'Leighann','Leith','LLeith@yahoo.com','1234 DaWrong Lane','Flonkerton','MD','12345','217-740-0948');
INSERT INTO RESERVATION VALUES ('20190503QD1656881837574',2192,111,'QD','2019-05-03','2019-05-05',null,'complete');
INSERT INTO INVOICECHARGE VALUES ('20190503QD1656881837574-ch00001','20190503QD1656881837574','2019-05-03',191.9,'Base room charge');
INSERT INTO PAYMENT VALUES ('20190503QD1656881837574-p00001','20190503QD1656881837574','2019-05-05','CC',191.9,'Leighann Leith','3803647029420617',10,2021,27,'Mastercard');
-- ------- SAMPLE 1193 ----------
INSERT INTO GUEST VALUES(2193,'Lynda','Linda','LLinda@gmail.com','1234 DaWrong Lane','Flonkerton','MD','12345','645-503-2387');
INSERT INTO RESERVATION VALUES ('20180925QD2751424126994',2193,116,'QD','2018-09-25','2018-09-27',null,'complete');
INSERT INTO INVOICECHARGE VALUES ('20180925QD2751424126994-ch00001','20180925QD2751424126994','2018-09-25',126.66,'Base room charge');
INSERT INTO INVOICECHARGE VALUES ('20180925QD2751424126994-ch00002','20180925QD2751424126994','2018-09-25',65.25,'Cleaning fee');
INSERT INTO PAYMENT VALUES ('20180925QD2751424126994-p00001','20180925QD2751424126994','2018-09-27','CC',191.9,'Lynda Linda','6068420392212494',9,2022,833,'Mastercard');
-- ------- SAMPLE 1194 ----------
INSERT INTO GUEST VALUES(2194,'Heather','Hartin','HHartin@hotmail.com','1234 DaWrong Lane','Flonkerton','MD','12345','708-763-3649');
INSERT INTO RESERVATION VALUES ('20180814KJ9844820523195',2194,119,'KJ','2018-08-14','2018-08-19',null,'complete');
INSERT INTO INVOICECHARGE VALUES ('20180814KJ9844820523195-ch00001','20180814KJ9844820523195','2018-08-14',693.01,'Base room charge');
INSERT INTO PAYMENT (payment_id,invoice_id,payment_date,payment_type,payment_amount) VALUES ('20180814KJ9844820523195-p00001','20180814KJ9844820523195','2018-08-16','CA',693.01);
-- ------- SAMPLE 1195 ----------
INSERT INTO GUEST VALUES(2195,'Dorian','Delbosque','DDelbosque@yahoo.com','1234 DaWrong Lane','Flonkerton','MD','12345','850-119-6781');
INSERT INTO RESERVATION VALUES ('20200213QD1096293878656',2195,106,'QD','2020-02-13','2020-02-18',null,'complete');
INSERT INTO INVOICECHARGE VALUES ('20200213QD1096293878656-ch00001','20200213QD1096293878656','2020-02-13',316.64,'Base room charge');
INSERT INTO INVOICECHARGE VALUES ('20200213QD1096293878656-ch00002','20200213QD1096293878656','2020-02-13',163.12,'Room Service');
INSERT INTO PAYMENT VALUES ('20200213QD1096293878656-p00001','20200213QD1096293878656','2020-02-15','CC',479.76,'Dorian Delbosque','3265137055778826',2,2022,171,'Mastercard');
-- ------- SAMPLE 1196 ----------
INSERT INTO GUEST VALUES(2196,'Rickie','Redfern','RRedfern@yahoo.com','1234 DaWrong Lane','Flonkerton','MD','12345','945-977-3084');
INSERT INTO RESERVATION VALUES ('20210124KI1303295049508',2196,null,'KI','2021-01-24','2021-01-29',null,'active');
INSERT INTO INVOICECHARGE VALUES ('20210124KI1303295049508-ch00001','20210124KI1303295049508','2021-01-24',426.45,'Base room charge');
INSERT INTO PAYMENT VALUES ('20210124KI1303295049508-p00001','20210124KI1303295049508','2021-01-26','CC',426.45,'Rickie Redfern','7248110365628980',4,2024,858,'Mastercard');
-- ------- SAMPLE 1197 ----------
INSERT INTO GUEST VALUES(2197,'Shena','Sandoz','SSandoz@hotmail.com','1234 DaWrong Lane','Flonkerton','MD','12345','806-606-2216');
INSERT INTO RESERVATION VALUES ('20190818KJ7313305649736',2197,208,'KJ','2019-08-18','2019-08-21',null,'complete');
INSERT INTO INVOICECHARGE VALUES ('20190818KJ7313305649736-ch00001','20190818KJ7313305649736','2019-08-18',274.43,'Base room charge');
INSERT INTO INVOICECHARGE VALUES ('20190818KJ7313305649736-ch00002','20190818KJ7313305649736','2019-08-18',141.37,'Room Service');
INSERT INTO PAYMENT VALUES ('20190818KJ7313305649736-p00001','20190818KJ7313305649736','2019-08-20','CC',415.81,'Shena Sandoz','5033399109988533',1,2022,577,'Mastercard');
-- ------- SAMPLE 1198 ----------
INSERT INTO GUEST VALUES(2198,'Mandi','Mcwain','MMcwain@hotmail.com','1234 DaWrong Lane','Flonkerton','MD','12345','497-455-2517');
INSERT INTO RESERVATION VALUES ('20180911QD4783443649200',2198,101,'QD','2018-09-11','2018-09-12',null,'complete');
INSERT INTO INVOICECHARGE VALUES ('20180911QD4783443649200-ch00001','20180911QD4783443649200','2018-09-11',95.95,'Base room charge');
INSERT INTO PAYMENT (payment_id,invoice_id,payment_date,payment_type,payment_amount) VALUES ('20180911QD4783443649200-p00001','20180911QD4783443649200','2018-09-13','CA',95.95);
-- ------- SAMPLE 1199 ----------
INSERT INTO GUEST VALUES(2199,'Bell','Belizaire','BBelizaire@hotmail.com','1234 DaWrong Lane','Flonkerton','MD','12345','552-628-6018');
INSERT INTO RESERVATION VALUES ('20200611QS2758103464705',2199,null,'QS','2020-06-11','2020-06-13',null,'active');
INSERT INTO INVOICECHARGE VALUES ('20200611QS2758103464705-ch00001','20200611QS2758103464705','2020-06-11',234.55,'Base room charge');
INSERT INTO PAYMENT (payment_id,invoice_id,payment_date,payment_type,payment_amount) VALUES ('20200611QS2758103464705-p00001','20200611QS2758103464705','2020-06-13','CA',234.55);
-- ------- SAMPLE 1200 ----------
INSERT INTO GUEST VALUES(2200,'Daron','Dycus','DDycus@yahoo.com','1234 DaWrong Lane','Flonkerton','MD','12345','311-595-6280');
INSERT INTO RESERVATION VALUES ('20180627KS6377849362560',2200,107,'KS','2018-06-27','2018-06-30',null,'cancelled');
INSERT INTO INVOICECHARGE VALUES ('20180627KS6377849362560-ch00001','20180627KS6377849362560','2018-06-27',211.1,'Base room charge');
INSERT INTO INVOICECHARGE VALUES ('20180627KS6377849362560-ch00002','20180627KS6377849362560','2018-06-27',108.75,'Cleaning fee');
INSERT INTO PAYMENT VALUES ('20180627KS6377849362560-p00001','20180627KS6377849362560','2018-06-29','CC',319.84,'Daron Dycus','9829364622276492',7,2024,711,'Mastercard');
-- ------- SAMPLE 1201 ----------
INSERT INTO GUEST VALUES(2201,'Erminia','Eckard','EEckard@yahoo.com','1234 DaWrong Lane','Flonkerton','MD','12345','077-025-1059');
INSERT INTO RESERVATION VALUES ('20200718QD7285152537405',2201,null,'QD','2020-07-18','2020-07-20',null,'active');
INSERT INTO INVOICECHARGE VALUES ('20200718QD7285152537405-ch00001','20200718QD7285152537405','2020-07-18',126.66,'Base room charge');
INSERT INTO INVOICECHARGE VALUES ('20200718QD7285152537405-ch00002','20200718QD7285152537405','2020-07-18',65.25,'Room Service');
INSERT INTO PAYMENT (payment_id,invoice_id,payment_date,payment_type,payment_amount) VALUES ('20200718QD7285152537405-p00001','20200718QD7285152537405','2020-07-20','CA',191.9);
-- ------- SAMPLE 1202 ----------
INSERT INTO GUEST VALUES(2202,'Deandre','Defore','DDefore@yahoo.com','1234 DaWrong Lane','Flonkerton','MD','12345','286-849-8681');
INSERT INTO RESERVATION VALUES ('20201114KS2515817503452',2202,null,'KS','2020-11-14','2020-11-17',null,'active');
-- ------- SAMPLE 1203 ----------
INSERT INTO GUEST VALUES(2203,'Rose','Royall','RRoyall@hotmail.com','1234 DaWrong Lane','Flonkerton','MD','12345','681-554-5339');
INSERT INTO RESERVATION VALUES ('20201206KS6692251743392',2203,null,'KS','2020-12-06','2020-12-08',null,'active');
INSERT INTO INVOICECHARGE VALUES ('20201206KS6692251743392-ch00001','20201206KS6692251743392','2020-12-06',213.23,'Base room charge');
INSERT INTO PAYMENT VALUES ('20201206KS6692251743392-p00001','20201206KS6692251743392','2020-12-08','CC',53,'Rose Royall','1266248222463314',5,2026,117,'Mastercard');
-- ------- SAMPLE 1204 ----------
INSERT INTO GUEST VALUES(2204,'Cherry','Chiarello','CChiarello@gmail.com','1234 DaWrong Lane','Flonkerton','MD','12345','445-514-1288');
INSERT INTO RESERVATION VALUES ('20181002QD6343091464810',2204,101,'QD','2018-10-02','2018-10-03',null,'complete');
INSERT INTO INVOICECHARGE VALUES ('20181002QD6343091464810-ch00001','20181002QD6343091464810','2018-10-02',63.33,'Base room charge');
INSERT INTO INVOICECHARGE VALUES ('20181002QD6343091464810-ch00002','20181002QD6343091464810','2018-10-02',32.62,'Room Service');
INSERT INTO PAYMENT VALUES ('20181002QD6343091464810-p00001','20181002QD6343091464810','2018-10-04','CC',95.95,'Cherry Chiarello','6623267548910406',4,2022,90,'Mastercard');
-- ------- SAMPLE 1205 ----------
INSERT INTO GUEST VALUES(2205,'Pearlene','Priestly','PPriestly@hotmail.com','1234 DaWrong Lane','Flonkerton','MD','12345','061-409-7352');
INSERT INTO RESERVATION VALUES ('20191024QS1496613907105',2205,113,'QS','2019-10-24','2019-10-29',null,'complete');
INSERT INTO INVOICECHARGE VALUES ('20191024QS1496613907105-ch00001','20191024QS1496613907105','2019-10-24',586.38,'Base room charge');
INSERT INTO PAYMENT (payment_id,invoice_id,payment_date,payment_type,payment_amount) VALUES ('20191024QS1496613907105-p00001','20191024QS1496613907105','2019-10-26','CA',586.38);
-- ------- SAMPLE 1206 ----------
INSERT INTO GUEST VALUES(2206,'Yuette','Yetman','YYetman@hotmail.com','1234 DaWrong Lane','Flonkerton','MD','12345','388-632-2956');
INSERT INTO RESERVATION VALUES ('20190530KJ4361651683813',2206,208,'KJ','2019-05-30','2019-06-01',null,'complete');
INSERT INTO INVOICECHARGE VALUES ('20190530KJ4361651683813-ch00001','20190530KJ4361651683813','2019-05-30',182.95,'Base room charge');
INSERT INTO INVOICECHARGE VALUES ('20190530KJ4361651683813-ch00002','20190530KJ4361651683813','2019-05-30',94.25,'Cleaning fee');
INSERT INTO PAYMENT (payment_id,invoice_id,payment_date,payment_type,payment_amount) VALUES ('20190530KJ4361651683813-p00001','20190530KJ4361651683813','2019-06-01','CA',277.2);
-- ------- SAMPLE 1207 ----------
INSERT INTO GUEST VALUES(2207,'Dane','Dumond','DDumond@hotmail.com','1234 DaWrong Lane','Flonkerton','MD','12345','791-960-9040');
INSERT INTO RESERVATION VALUES ('20181117KS1930251908952',2207,107,'KS','2018-11-17','2018-11-20',null,'complete');
INSERT INTO INVOICECHARGE VALUES ('20181117KS1930251908952-ch00001','20181117KS1930251908952','2018-11-17',211.1,'Base room charge');
INSERT INTO INVOICECHARGE VALUES ('20181117KS1930251908952-ch00002','20181117KS1930251908952','2018-11-17',108.75,'Cleaning fee');
INSERT INTO PAYMENT VALUES ('20181117KS1930251908952-p00001','20181117KS1930251908952','2018-11-19','CC',319.84,'Dane Dumond','4086395949461595',12,2023,177,'Mastercard');
-- ------- SAMPLE 1208 ----------
INSERT INTO GUEST VALUES(2208,'Mandi','Mcwain','MMcwain@hotmail.com','1234 DaWrong Lane','Flonkerton','MD','12345','998-799-5065');
INSERT INTO RESERVATION VALUES ('20200107KS9264367291762',2208,102,'KS','2020-01-07','2020-01-10',null,'complete');
INSERT INTO INVOICECHARGE VALUES ('20200107KS9264367291762-ch00001','20200107KS9264367291762','2020-01-07',319.84,'Base room charge');
INSERT INTO PAYMENT VALUES ('20200107KS9264367291762-p00001','20200107KS9264367291762','2020-01-09','CC',319.84,'Mandi Mcwain','3188496142202042',11,2022,420,'Mastercard');
-- ------- SAMPLE 1209 ----------
INSERT INTO GUEST VALUES(2209,'Shenna','Salmi','SSalmi@yahoo.com','1234 DaWrong Lane','Flonkerton','MD','12345','855-406-8001');
INSERT INTO RESERVATION VALUES ('20180913KI6176616296665',2209,105,'KI','2018-09-13','2018-09-16',null,'complete');
INSERT INTO INVOICECHARGE VALUES ('20180913KI6176616296665-ch00001','20180913KI6176616296665','2018-09-13',168.87,'Base room charge');
INSERT INTO INVOICECHARGE VALUES ('20180913KI6176616296665-ch00002','20180913KI6176616296665','2018-09-13',87,'Cleaning fee');
INSERT INTO PAYMENT VALUES ('20180913KI6176616296665-p00001','20180913KI6176616296665','2018-09-15','CC',255.87,'Shenna Salmi','4727017351727162',11,2023,590,'Mastercard');
-- ------- SAMPLE 1210 ----------
INSERT INTO GUEST VALUES(2210,'Len','Linquist','LLinquist@yahoo.com','1234 DaWrong Lane','Flonkerton','MD','12345','119-726-6380');
INSERT INTO RESERVATION VALUES ('20181117KS8203363105875',2210,206,'KS','2018-11-17','2018-11-18',null,'complete');
INSERT INTO INVOICECHARGE VALUES ('20181117KS8203363105875-ch00001','20181117KS8203363105875','2018-11-17',106.61,'Base room charge');
INSERT INTO PAYMENT (payment_id,invoice_id,payment_date,payment_type,payment_amount) VALUES ('20181117KS8203363105875-p00001','20181117KS8203363105875','2018-11-19','CA',106.61);
-- ------- SAMPLE 1211 ----------
INSERT INTO GUEST VALUES(2211,'Freida','Forbis','FForbis@yahoo.com','1234 DaWrong Lane','Flonkerton','MD','12345','821-888-7414');
INSERT INTO RESERVATION VALUES ('20200701KI8512929370905',2211,null,'KI','2020-07-01','2020-07-05',null,'active');
-- ------- SAMPLE 1212 ----------
INSERT INTO GUEST VALUES(2212,'Collin','Chaparro','CChaparro@yahoo.com','1234 DaWrong Lane','Flonkerton','MD','12345','589-339-5483');
INSERT INTO RESERVATION VALUES ('20200517KS2401030716095',2212,null,'KS','2020-05-17','2020-05-21',null,'cancelled');
-- ------- SAMPLE 1213 ----------
INSERT INTO GUEST VALUES(2213,'Lillia','Linen','LLinen@hotmail.com','1234 DaWrong Lane','Flonkerton','MD','12345','174-072-4866');
INSERT INTO RESERVATION VALUES ('20200611KI1928805067562',2213,null,'KI','2020-06-11','2020-06-13',null,'active');
-- ------- SAMPLE 1214 ----------
INSERT INTO GUEST VALUES(2214,'Alverta','Arce','AArce@gmail.com','1234 DaWrong Lane','Flonkerton','MD','12345','673-146-6695');
INSERT INTO RESERVATION VALUES ('20190327KJ7039858928068',2214,109,'KJ','2019-03-27','2019-03-31',null,'complete');
INSERT INTO INVOICECHARGE VALUES ('20190327KJ7039858928068-ch00001','20190327KJ7039858928068','2019-03-27',554.41,'Base room charge');
INSERT INTO PAYMENT VALUES ('20190327KJ7039858928068-p00001','20190327KJ7039858928068','2019-03-29','CC',554.41,'Alverta Arce','6135087791083836',11,2024,233,'Mastercard');
-- ------- SAMPLE 1215 ----------
INSERT INTO GUEST VALUES(2215,'Annie','Albrecht','AAlbrecht@gmail.com','1234 DaWrong Lane','Flonkerton','MD','12345','942-322-1411');
INSERT INTO RESERVATION VALUES ('20200309KS8141773110264',2215,107,'KS','2020-03-09','2020-03-12',null,'complete');
INSERT INTO INVOICECHARGE VALUES ('20200309KS8141773110264-ch00001','20200309KS8141773110264','2020-03-09',211.1,'Base room charge');
INSERT INTO INVOICECHARGE VALUES ('20200309KS8141773110264-ch00002','20200309KS8141773110264','2020-03-09',108.75,'Room Service');
INSERT INTO PAYMENT VALUES ('20200309KS8141773110264-p00001','20200309KS8141773110264','2020-03-11','CC',319.84,'Annie Albrecht','3981726095033722',7,2022,782,'Mastercard');
-- ------- SAMPLE 1216 ----------
INSERT INTO GUEST VALUES(2216,'Kenisha','Kane','KKane@yahoo.com','1234 DaWrong Lane','Flonkerton','MD','12345','181-430-4395');
INSERT INTO RESERVATION VALUES ('20190522QS5301830622108',2216,207,'QS','2019-05-22','2019-05-27',null,'complete');
INSERT INTO INVOICECHARGE VALUES ('20190522QS5301830622108-ch00001','20190522QS5301830622108','2019-05-22',387.01,'Base room charge');
INSERT INTO INVOICECHARGE VALUES ('20190522QS5301830622108-ch00002','20190522QS5301830622108','2019-05-22',199.37,'Room Service');
INSERT INTO PAYMENT (payment_id,invoice_id,payment_date,payment_type,payment_amount) VALUES ('20190522QS5301830622108-p00001','20190522QS5301830622108','2019-05-24','CA',586.38);
-- ------- SAMPLE 1217 ----------
INSERT INTO GUEST VALUES(2217,'Leanora','Locke','LLocke@hotmail.com','1234 DaWrong Lane','Flonkerton','MD','12345','437-553-4674');
INSERT INTO RESERVATION VALUES ('20210217QD2516494536265',2217,null,'QD','2021-02-17','2021-02-19',null,'active');
INSERT INTO INVOICECHARGE VALUES ('20210217QD2516494536265-ch00001','20210217QD2516494536265','2021-02-17',126.66,'Base room charge');
INSERT INTO INVOICECHARGE VALUES ('20210217QD2516494536265-ch00002','20210217QD2516494536265','2021-02-17',65.25,'Cleaning fee');
INSERT INTO PAYMENT VALUES ('20210217QD2516494536265-p00001','20210217QD2516494536265','2021-02-19','CC',191.9,'Leanora Locke','1156270495492899',12,2024,295,'Mastercard');
-- ------- SAMPLE 1218 ----------
INSERT INTO GUEST VALUES(2218,'Ginger','Gordillo','GGordillo@yahoo.com','1234 DaWrong Lane','Flonkerton','MD','12345','924-790-5708');
INSERT INTO RESERVATION VALUES ('20200720QS5339644870882',2218,null,'QS','2020-07-20','2020-07-25',null,'cancelled');
INSERT INTO INVOICECHARGE VALUES ('20200720QS5339644870882-ch00001','20200720QS5339644870882','2020-07-20',387.01,'Base room charge');
INSERT INTO INVOICECHARGE VALUES ('20200720QS5339644870882-ch00002','20200720QS5339644870882','2020-07-20',199.37,'Room Service');
INSERT INTO PAYMENT VALUES ('20200720QS5339644870882-p00001','20200720QS5339644870882','2020-07-22','CC',541,'Ginger Gordillo','6929254155154632',6,2024,387,'Mastercard');
-- ------- SAMPLE 1219 ----------
INSERT INTO GUEST VALUES(2219,'Danette','Dammann','DDammann@yahoo.com','1234 DaWrong Lane','Flonkerton','MD','12345','452-726-1776');
INSERT INTO RESERVATION VALUES ('20181223QD5760443680670',2219,101,'QD','2018-12-23','2018-12-25',null,'complete');
INSERT INTO INVOICECHARGE VALUES ('20181223QD5760443680670-ch00001','20181223QD5760443680670','2018-12-23',126.66,'Base room charge');
INSERT INTO INVOICECHARGE VALUES ('20181223QD5760443680670-ch00002','20181223QD5760443680670','2018-12-23',65.25,'Room Service');
INSERT INTO PAYMENT VALUES ('20181223QD5760443680670-p00001','20181223QD5760443680670','2018-12-25','CC',191.9,'Danette Dammann','7432945558075759',12,2024,418,'Mastercard');
-- ------- SAMPLE 1220 ----------
INSERT INTO GUEST VALUES(2220,'Maryann','Mccutcheon','MMccutcheon@hotmail.com','1234 DaWrong Lane','Flonkerton','MD','12345','718-345-5576');
INSERT INTO RESERVATION VALUES ('20191127KS2029844853255',2220,107,'KS','2019-11-27','2019-12-01',null,'complete');
INSERT INTO INVOICECHARGE VALUES ('20191127KS2029844853255-ch00001','20191127KS2029844853255','2019-11-27',281.46,'Base room charge');
INSERT INTO INVOICECHARGE VALUES ('20191127KS2029844853255-ch00002','20191127KS2029844853255','2019-11-27',145,'Room Service');
INSERT INTO PAYMENT (payment_id,invoice_id,payment_date,payment_type,payment_amount) VALUES ('20191127KS2029844853255-p00001','20191127KS2029844853255','2019-11-29','CA',426.46);
-- ------- SAMPLE 1221 ----------
INSERT INTO GUEST VALUES(2221,'Tifany','Temple','TTemple@gmail.com','1234 DaWrong Lane','Flonkerton','MD','12345','870-433-4872');
INSERT INTO RESERVATION VALUES ('20200721QD5876746355174',2221,null,'QD','2020-07-21','2020-07-25',null,'active');
INSERT INTO INVOICECHARGE VALUES ('20200721QD5876746355174-ch00001','20200721QD5876746355174','2020-07-21',383.81,'Base room charge');
INSERT INTO PAYMENT VALUES ('20200721QD5876746355174-p00001','20200721QD5876746355174','2020-07-23','CC',383.81,'Tifany Temple','3263747077770945',2,2027,222,'Mastercard');
-- ------- SAMPLE 1222 ----------
INSERT INTO GUEST VALUES(2222,'Abram','Adolph','AAdolph@yahoo.com','1234 DaWrong Lane','Flonkerton','MD','12345','963-258-6329');
INSERT INTO RESERVATION VALUES ('20180519QS1114544482964',2222,113,'QS','2018-05-19','2018-05-23',null,'complete');
INSERT INTO INVOICECHARGE VALUES ('20180519QS1114544482964-ch00001','20180519QS1114544482964','2018-05-19',309.61,'Base room charge');
INSERT INTO INVOICECHARGE VALUES ('20180519QS1114544482964-ch00002','20180519QS1114544482964','2018-05-19',159.5,'Cleaning fee');
INSERT INTO PAYMENT VALUES ('20180519QS1114544482964-p00001','20180519QS1114544482964','2018-05-21','CC',469.11,'Abram Adolph','1078436329816975',1,2022,260,'Mastercard');
-- ------- SAMPLE 1223 ----------
INSERT INTO GUEST VALUES(2223,'Collin','Chaparro','CChaparro@hotmail.com','1234 DaWrong Lane','Flonkerton','MD','12345','009-125-4369');
INSERT INTO RESERVATION VALUES ('20210504KJ5385925539730',2223,null,'KJ','2021-05-04','2021-05-08',null,'cancelled');
INSERT INTO INVOICECHARGE VALUES ('20210504KJ5385925539730-ch00001','20210504KJ5385925539730','2021-05-04',554.41,'Base room charge');
INSERT INTO PAYMENT (payment_id,invoice_id,payment_date,payment_type,payment_amount) VALUES ('20210504KJ5385925539730-p00001','20210504KJ5385925539730','2021-05-06','CA',554.41);
-- ------- SAMPLE 1224 ----------
INSERT INTO GUEST VALUES(2224,'Lucius','Liles','LLiles@yahoo.com','1234 DaWrong Lane','Flonkerton','MD','12345','373-404-4849');
INSERT INTO RESERVATION VALUES ('20201117QS4968633552716',2224,null,'QS','2020-11-17','2020-11-19',null,'active');
INSERT INTO INVOICECHARGE VALUES ('20201117QS4968633552716-ch00001','20201117QS4968633552716','2020-11-17',154.81,'Base room charge');
INSERT INTO INVOICECHARGE VALUES ('20201117QS4968633552716-ch00002','20201117QS4968633552716','2020-11-17',79.75,'Cleaning fee');
INSERT INTO PAYMENT VALUES ('20201117QS4968633552716-p00001','20201117QS4968633552716','2020-11-19','CC',234.55,'Lucius Liles','6502002667036862',2,2021,511,'Mastercard');
-- ------- SAMPLE 1225 ----------
INSERT INTO GUEST VALUES(2225,'Rosemarie','Roeser','RRoeser@gmail.com','1234 DaWrong Lane','Flonkerton','MD','12345','364-488-5627');
INSERT INTO RESERVATION VALUES ('20190308QD8072028951188',2225,200,'QD','2019-03-08','2019-03-12',null,'complete');
INSERT INTO INVOICECHARGE VALUES ('20190308QD8072028951188-ch00001','20190308QD8072028951188','2019-03-08',189.98,'Base room charge');
INSERT INTO INVOICECHARGE VALUES ('20190308QD8072028951188-ch00002','20190308QD8072028951188','2019-03-08',97.87,'Room Service');
INSERT INTO PAYMENT VALUES ('20190308QD8072028951188-p00001','20190308QD8072028951188','2019-03-10','CC',287.86,'Rosemarie Roeser','9742303306114587',8,2023,166,'Mastercard');
-- ------- SAMPLE 1226 ----------
INSERT INTO GUEST VALUES(2226,'Shad','Sitler','SSitler@hotmail.com','1234 DaWrong Lane','Flonkerton','MD','12345','208-717-6989');
INSERT INTO RESERVATION VALUES ('20191124KI9447685979870',2226,204,'KI','2019-11-24','2019-11-25',null,'complete');
INSERT INTO INVOICECHARGE VALUES ('20191124KI9447685979870-ch00001','20191124KI9447685979870','2019-11-24',85.29,'Base room charge');
INSERT INTO PAYMENT VALUES ('20191124KI9447685979870-p00001','20191124KI9447685979870','2019-11-26','CC',85.29,'Shad Sitler','7120813252514324',6,2021,850,'Mastercard');
-- ------- SAMPLE 1227 ----------
INSERT INTO GUEST VALUES(2227,'Shawn','Stefanski','SStefanski@hotmail.com','1234 DaWrong Lane','Flonkerton','MD','12345','849-200-0238');
INSERT INTO RESERVATION VALUES ('20190120KS3344640974278',2227,112,'KS','2019-01-20','2019-01-22',null,'complete');
INSERT INTO INVOICECHARGE VALUES ('20190120KS3344640974278-ch00001','20190120KS3344640974278','2019-01-20',140.73,'Base room charge');
INSERT INTO INVOICECHARGE VALUES ('20190120KS3344640974278-ch00002','20190120KS3344640974278','2019-01-20',72.5,'Room Service');
INSERT INTO PAYMENT VALUES ('20190120KS3344640974278-p00001','20190120KS3344640974278','2019-01-22','CC',213.23,'Shawn Stefanski','6907871183138229',1,2023,160,'Mastercard');
-- ------- SAMPLE 1228 ----------
INSERT INTO GUEST VALUES(2228,'Kerstin','Khalaf','KKhalaf@hotmail.com','1234 DaWrong Lane','Flonkerton','MD','12345','740-191-6004');
INSERT INTO RESERVATION VALUES ('20181028KS4721455851229',2228,107,'KS','2018-10-28','2018-10-31',null,'complete');
INSERT INTO INVOICECHARGE VALUES ('20181028KS4721455851229-ch00001','20181028KS4721455851229','2018-10-28',319.84,'Base room charge');
INSERT INTO PAYMENT VALUES ('20181028KS4721455851229-p00001','20181028KS4721455851229','2018-10-30','CC',319.84,'Kerstin Khalaf','3440771015672060',6,2022,237,'Mastercard');
-- ------- SAMPLE 1229 ----------
INSERT INTO GUEST VALUES(2229,'Demarcus','Dearborn','DDearborn@hotmail.com','1234 DaWrong Lane','Flonkerton','MD','12345','490-654-5296');
INSERT INTO RESERVATION VALUES ('20181015QS7686811843507',2229,202,'QS','2018-10-15','2018-10-16',null,'complete');
INSERT INTO INVOICECHARGE VALUES ('20181015QS7686811843507-ch00001','20181015QS7686811843507','2018-10-15',77.4,'Base room charge');
INSERT INTO INVOICECHARGE VALUES ('20181015QS7686811843507-ch00002','20181015QS7686811843507','2018-10-15',39.87,'Room Service');
INSERT INTO PAYMENT (payment_id,invoice_id,payment_date,payment_type,payment_amount) VALUES ('20181015QS7686811843507-p00001','20181015QS7686811843507','2018-10-17','CA',117.28);
-- ------- SAMPLE 1230 ----------
INSERT INTO GUEST VALUES(2230,'Hedwig','Hinz','HHinz@hotmail.com','1234 DaWrong Lane','Flonkerton','MD','12345','255-386-5943');
INSERT INTO RESERVATION VALUES ('20201223QS8173348327064',2230,null,'QS','2020-12-23','2020-12-25',null,'active');
INSERT INTO INVOICECHARGE VALUES ('20201223QS8173348327064-ch00001','20201223QS8173348327064','2020-12-23',234.55,'Base room charge');
INSERT INTO PAYMENT VALUES ('20201223QS8173348327064-p00001','20201223QS8173348327064','2020-12-25','CC',234.55,'Hedwig Hinz','4399761218212600',7,2027,908,'Mastercard');
-- ------- SAMPLE 1231 ----------
INSERT INTO GUEST VALUES(2231,'Rose','Royall','RRoyall@yahoo.com','1234 DaWrong Lane','Flonkerton','MD','12345','316-662-3821');
INSERT INTO RESERVATION VALUES ('20181202KS6031921169534',2231,201,'KS','2018-12-02','2018-12-05',null,'complete');
INSERT INTO INVOICECHARGE VALUES ('20181202KS6031921169534-ch00001','20181202KS6031921169534','2018-12-02',211.1,'Base room charge');
INSERT INTO INVOICECHARGE VALUES ('20181202KS6031921169534-ch00002','20181202KS6031921169534','2018-12-02',108.75,'Room Service');
INSERT INTO PAYMENT VALUES ('20181202KS6031921169534-p00001','20181202KS6031921169534','2018-12-04','CC',319.84,'Rose Royall','4708149326405567',2,2022,955,'Mastercard');
-- ------- SAMPLE 1232 ----------
INSERT INTO GUEST VALUES(2232,'Fiona','Figgs','FFiggs@hotmail.com','1234 DaWrong Lane','Flonkerton','MD','12345','196-283-8400');
INSERT INTO RESERVATION VALUES ('20190420QD8624396487341',2232,205,'QD','2019-04-20','2019-04-23',null,'complete');
INSERT INTO INVOICECHARGE VALUES ('20190420QD8624396487341-ch00001','20190420QD8624396487341','2019-04-20',189.98,'Base room charge');
INSERT INTO INVOICECHARGE VALUES ('20190420QD8624396487341-ch00002','20190420QD8624396487341','2019-04-20',97.87,'Room Service');
INSERT INTO PAYMENT (payment_id,invoice_id,payment_date,payment_type,payment_amount) VALUES ('20190420QD8624396487341-p00001','20190420QD8624396487341','2019-04-22','CA',287.86);
-- ------- SAMPLE 1233 ----------
INSERT INTO GUEST VALUES(2233,'Julene','Jahn','JJahn@gmail.com','1234 DaWrong Lane','Flonkerton','MD','12345','569-229-5854');
INSERT INTO RESERVATION VALUES ('20190205QD4142118172450',2233,116,'QD','2019-02-05','2019-02-10',null,'complete');
INSERT INTO INVOICECHARGE VALUES ('20190205QD4142118172450-ch00001','20190205QD4142118172450','2019-02-05',479.76,'Base room charge');
INSERT INTO PAYMENT VALUES ('20190205QD4142118172450-p00001','20190205QD4142118172450','2019-02-07','CC',479.76,'Julene Jahn','2099507316505798',10,2023,142,'Mastercard');
-- ------- SAMPLE 1234 ----------
INSERT INTO GUEST VALUES(2234,'Melony','Mcmartin','MMcmartin@hotmail.com','1234 DaWrong Lane','Flonkerton','MD','12345','544-280-5924');
INSERT INTO RESERVATION VALUES ('20200110KJ2197004114482',2234,114,'KJ','2020-01-10','2020-01-14',null,'complete');
INSERT INTO INVOICECHARGE VALUES ('20200110KJ2197004114482-ch00001','20200110KJ2197004114482','2020-01-10',554.41,'Base room charge');
INSERT INTO PAYMENT VALUES ('20200110KJ2197004114482-p00001','20200110KJ2197004114482','2020-01-12','CC',554.41,'Melony Mcmartin','4545232157832446',4,2024,72,'Mastercard');
-- ------- SAMPLE 1235 ----------
INSERT INTO GUEST VALUES(2235,'Jarrett','Janelle','JJanelle@hotmail.com','1234 DaWrong Lane','Flonkerton','MD','12345','623-817-6965');
INSERT INTO RESERVATION VALUES ('20190610KI6015383069421',2235,110,'KI','2019-06-10','2019-06-13',null,'complete');
INSERT INTO INVOICECHARGE VALUES ('20190610KI6015383069421-ch00001','20190610KI6015383069421','2019-06-10',255.87,'Base room charge');
INSERT INTO PAYMENT VALUES ('20190610KI6015383069421-p00001','20190610KI6015383069421','2019-06-12','CC',255.87,'Jarrett Janelle','7147764258081536',8,2022,794,'Mastercard');
-- ------- SAMPLE 1236 ----------
INSERT INTO GUEST VALUES(2236,'Cherry','Chiarello','CChiarello@gmail.com','1234 DaWrong Lane','Flonkerton','MD','12345','905-689-3987');
INSERT INTO RESERVATION VALUES ('20200803QD7991905743543',2236,null,'QD','2020-08-03','2020-08-07',null,'active');
INSERT INTO INVOICECHARGE VALUES ('20200803QD7991905743543-ch00001','20200803QD7991905743543','2020-08-03',383.81,'Base room charge');
INSERT INTO PAYMENT VALUES ('20200803QD7991905743543-p00001','20200803QD7991905743543','2020-08-05','CC',383.81,'Cherry Chiarello','2613082127021597',10,2026,384,'Mastercard');
-- ------- SAMPLE 1237 ----------
INSERT INTO GUEST VALUES(2237,'Deandra','Dimauro','DDimauro@hotmail.com','1234 DaWrong Lane','Flonkerton','MD','12345','588-884-3773');
INSERT INTO RESERVATION VALUES ('20210308QD1567503310736',2237,null,'QD','2021-03-08','2021-03-12',null,'active');
INSERT INTO INVOICECHARGE VALUES ('20210308QD1567503310736-ch00001','20210308QD1567503310736','2021-03-08',253.31,'Base room charge');
INSERT INTO INVOICECHARGE VALUES ('20210308QD1567503310736-ch00002','20210308QD1567503310736','2021-03-08',130.49,'Room Service');
INSERT INTO PAYMENT VALUES ('20210308QD1567503310736-p00001','20210308QD1567503310736','2021-03-10','CC',383.81,'Deandra Dimauro','4419431622058954',2,2022,648,'Mastercard');
-- ------- SAMPLE 1238 ----------
INSERT INTO GUEST VALUES(2238,'Georgianne','Guadarrama','GGuadarrama@yahoo.com','1234 DaWrong Lane','Flonkerton','MD','12345','072-288-7828');
INSERT INTO RESERVATION VALUES ('20200502KS2631162915987',2238,117,'KS','2020-05-02','2020-05-07',null,'complete');
INSERT INTO INVOICECHARGE VALUES ('20200502KS2631162915987-ch00001','20200502KS2631162915987','2020-05-02',351.83,'Base room charge');
INSERT INTO INVOICECHARGE VALUES ('20200502KS2631162915987-ch00002','20200502KS2631162915987','2020-05-02',181.24,'Cleaning fee');
INSERT INTO PAYMENT (payment_id,invoice_id,payment_date,payment_type,payment_amount) VALUES ('20200502KS2631162915987-p00001','20200502KS2631162915987','2020-05-04','CA',13);
-- ------- SAMPLE 1239 ----------
INSERT INTO GUEST VALUES(2239,'Danette','Dammann','DDammann@yahoo.com','1234 DaWrong Lane','Flonkerton','MD','12345','435-025-3980');
INSERT INTO RESERVATION VALUES ('20200422KI6781243733173',2239,110,'KI','2020-04-22','2020-04-24',null,'complete');
INSERT INTO INVOICECHARGE VALUES ('20200422KI6781243733173-ch00001','20200422KI6781243733173','2020-04-22',170.58,'Base room charge');
INSERT INTO PAYMENT VALUES ('20200422KI6781243733173-p00001','20200422KI6781243733173','2020-04-24','CC',170.58,'Danette Dammann','4005657296497935',5,2024,120,'Mastercard');
-- ------- SAMPLE 1240 ----------
INSERT INTO GUEST VALUES(2240,'Bradley','Bently','BBently@hotmail.com','1234 DaWrong Lane','Flonkerton','MD','12345','957-641-7132');
INSERT INTO RESERVATION VALUES ('20180713KJ9387166896547',2240,203,'KJ','2018-07-13','2018-07-18',null,'complete');
INSERT INTO INVOICECHARGE VALUES ('20180713KJ9387166896547-ch00001','20180713KJ9387166896547','2018-07-13',457.39,'Base room charge');
INSERT INTO INVOICECHARGE VALUES ('20180713KJ9387166896547-ch00002','20180713KJ9387166896547','2018-07-13',235.62,'Room Service');
INSERT INTO PAYMENT VALUES ('20180713KJ9387166896547-p00001','20180713KJ9387166896547','2018-07-15','CC',693.01,'Bradley Bently','6200137274298133',11,2024,516,'Mastercard');
-- ------- SAMPLE 1241 ----------
INSERT INTO GUEST VALUES(2241,'Audrey','Aikens','AAikens@yahoo.com','1234 DaWrong Lane','Flonkerton','MD','12345','710-269-9249');
INSERT INTO RESERVATION VALUES ('20201013KS8821508141777',2241,null,'KS','2020-10-13','2020-10-14',null,'active');
INSERT INTO INVOICECHARGE VALUES ('20201013KS8821508141777-ch00001','20201013KS8821508141777','2020-10-13',70.37,'Base room charge');
INSERT INTO INVOICECHARGE VALUES ('20201013KS8821508141777-ch00002','20201013KS8821508141777','2020-10-13',36.25,'Room Service');
INSERT INTO PAYMENT VALUES ('20201013KS8821508141777-p00001','20201013KS8821508141777','2020-10-15','CC',89,'Audrey Aikens','5449042285576146',7,2021,991,'Mastercard');
-- ------- SAMPLE 1242 ----------
INSERT INTO GUEST VALUES(2242,'Kathern','Korn','KKorn@hotmail.com','1234 DaWrong Lane','Flonkerton','MD','12345','919-746-4069');
INSERT INTO RESERVATION VALUES ('20190120QD9636016155490',2242,101,'QD','2019-01-20','2019-01-23',null,'complete');
INSERT INTO INVOICECHARGE VALUES ('20190120QD9636016155490-ch00001','20190120QD9636016155490','2019-01-20',189.98,'Base room charge');
INSERT INTO INVOICECHARGE VALUES ('20190120QD9636016155490-ch00002','20190120QD9636016155490','2019-01-20',97.87,'Room Service');
INSERT INTO PAYMENT VALUES ('20190120QD9636016155490-p00001','20190120QD9636016155490','2019-01-22','CC',287.86,'Kathern Korn','3172133936229031',3,2021,646,'Mastercard');
-- ------- SAMPLE 1243 ----------
INSERT INTO GUEST VALUES(2243,'Shenna','Salmi','SSalmi@yahoo.com','1234 DaWrong Lane','Flonkerton','MD','12345','676-798-9928');
INSERT INTO RESERVATION VALUES ('20210103QD4338019329170',2243,null,'QD','2021-01-03','2021-01-06',null,'active');
INSERT INTO INVOICECHARGE VALUES ('20210103QD4338019329170-ch00001','20210103QD4338019329170','2021-01-03',287.86,'Base room charge');
INSERT INTO PAYMENT VALUES ('20210103QD4338019329170-p00001','20210103QD4338019329170','2021-01-05','CC',287.86,'Shenna Salmi','6244001320552363',1,2027,699,'Mastercard');
-- ------- SAMPLE 1244 ----------
INSERT INTO GUEST VALUES(2244,'Abram','Adolph','AAdolph@gmail.com','1234 DaWrong Lane','Flonkerton','MD','12345','539-004-4104');
INSERT INTO RESERVATION VALUES ('20180706QS2353661958001',2244,202,'QS','2018-07-06','2018-07-08',null,'complete');
INSERT INTO INVOICECHARGE VALUES ('20180706QS2353661958001-ch00001','20180706QS2353661958001','2018-07-06',234.55,'Base room charge');
INSERT INTO PAYMENT VALUES ('20180706QS2353661958001-p00001','20180706QS2353661958001','2018-07-08','CC',234.55,'Abram Adolph','4073905192182012',11,2023,430,'Mastercard');
-- ------- SAMPLE 1245 ----------
INSERT INTO GUEST VALUES(2245,'Erminia','Eckard','EEckard@gmail.com','1234 DaWrong Lane','Flonkerton','MD','12345','825-391-3699');
INSERT INTO RESERVATION VALUES ('20190415KI1043494412387',2245,115,'KI','2019-04-15','2019-04-16',null,'complete');
INSERT INTO INVOICECHARGE VALUES ('20190415KI1043494412387-ch00001','20190415KI1043494412387','2019-04-15',85.29,'Base room charge');
INSERT INTO PAYMENT VALUES ('20190415KI1043494412387-p00001','20190415KI1043494412387','2019-04-17','CC',85.29,'Erminia Eckard','1879993561099463',1,2023,349,'Mastercard');
-- ------- SAMPLE 1246 ----------
INSERT INTO GUEST VALUES(2246,'Collin','Chaparro','CChaparro@yahoo.com','1234 DaWrong Lane','Flonkerton','MD','12345','010-615-8342');
INSERT INTO RESERVATION VALUES ('20190521QS2222058944622',2246,118,'QS','2019-05-21','2019-05-26',null,'complete');
INSERT INTO INVOICECHARGE VALUES ('20190521QS2222058944622-ch00001','20190521QS2222058944622','2019-05-21',387.01,'Base room charge');
INSERT INTO INVOICECHARGE VALUES ('20190521QS2222058944622-ch00002','20190521QS2222058944622','2019-05-21',199.37,'Room Service');
INSERT INTO PAYMENT VALUES ('20190521QS2222058944622-p00001','20190521QS2222058944622','2019-05-23','CC',586.38,'Collin Chaparro','8447537038531463',7,2021,892,'Mastercard');
-- ------- SAMPLE 1247 ----------
INSERT INTO GUEST VALUES(2247,'Jarrett','Janelle','JJanelle@yahoo.com','1234 DaWrong Lane','Flonkerton','MD','12345','682-258-2976');
INSERT INTO RESERVATION VALUES ('20180922QS1314908163670',2247,113,'QS','2018-09-22','2018-09-27',null,'complete');
INSERT INTO INVOICECHARGE VALUES ('20180922QS1314908163670-ch00001','20180922QS1314908163670','2018-09-22',387.01,'Base room charge');
INSERT INTO INVOICECHARGE VALUES ('20180922QS1314908163670-ch00002','20180922QS1314908163670','2018-09-22',199.37,'Cleaning fee');
INSERT INTO PAYMENT VALUES ('20180922QS1314908163670-p00001','20180922QS1314908163670','2018-09-24','CC',586.38,'Jarrett Janelle','3259592427575235',12,2021,593,'Mastercard');
-- ------- SAMPLE 1248 ----------
INSERT INTO GUEST VALUES(2248,'Fleta','Fickel','FFickel@hotmail.com','1234 DaWrong Lane','Flonkerton','MD','12345','397-073-2712');
INSERT INTO RESERVATION VALUES ('20181125QS4084343635068',2248,207,'QS','2018-11-25','2018-11-27',null,'complete');
INSERT INTO INVOICECHARGE VALUES ('20181125QS4084343635068-ch00001','20181125QS4084343635068','2018-11-25',234.55,'Base room charge');
INSERT INTO PAYMENT VALUES ('20181125QS4084343635068-p00001','20181125QS4084343635068','2018-11-27','CC',234.55,'Fleta Fickel','1986683416559083',6,2022,662,'Mastercard');
-- ------- SAMPLE 1249 ----------
INSERT INTO GUEST VALUES(2249,'Clara','Crimmins','CCrimmins@gmail.com','1234 DaWrong Lane','Flonkerton','MD','12345','136-179-5751');
INSERT INTO RESERVATION VALUES ('20191223KI1839490854017',2249,110,'KI','2019-12-23','2019-12-28',null,'complete');
INSERT INTO INVOICECHARGE VALUES ('20191223KI1839490854017-ch00001','20191223KI1839490854017','2019-12-23',281.45,'Base room charge');
INSERT INTO INVOICECHARGE VALUES ('20191223KI1839490854017-ch00002','20191223KI1839490854017','2019-12-23',144.99,'Cleaning fee');
INSERT INTO PAYMENT VALUES ('20191223KI1839490854017-p00001','20191223KI1839490854017','2019-12-25','CC',426.45,'Clara Crimmins','5671058238994603',10,2023,658,'Mastercard');
-- ------- SAMPLE 1250 ----------
INSERT INTO GUEST VALUES(2250,'Ngan','Nalley','NNalley@gmail.com','1234 DaWrong Lane','Flonkerton','MD','12345','106-816-8980');
INSERT INTO RESERVATION VALUES ('20190807QD4233774043600',2250,205,'QD','2019-08-07','2019-08-11',null,'complete');
INSERT INTO INVOICECHARGE VALUES ('20190807QD4233774043600-ch00001','20190807QD4233774043600','2019-08-07',383.81,'Base room charge');
INSERT INTO PAYMENT VALUES ('20190807QD4233774043600-p00001','20190807QD4233774043600','2019-08-09','CC',383.81,'Ngan Nalley','3806848548951512',12,2027,824,'Mastercard');
-- ------- SAMPLE 1251 ----------
INSERT INTO GUEST VALUES(2251,'Leanora','Locke','LLocke@yahoo.com','1234 DaWrong Lane','Flonkerton','MD','12345','162-259-9035');
INSERT INTO RESERVATION VALUES ('20180802KI9458755136683',2251,115,'KI','2018-08-02','2018-08-03',null,'complete');
INSERT INTO INVOICECHARGE VALUES ('20180802KI9458755136683-ch00001','20180802KI9458755136683','2018-08-02',85.29,'Base room charge');
INSERT INTO PAYMENT (payment_id,invoice_id,payment_date,payment_type,payment_amount) VALUES ('20180802KI9458755136683-p00001','20180802KI9458755136683','2018-08-04','CA',85.29);
-- ------- SAMPLE 1252 ----------
INSERT INTO GUEST VALUES(2252,'Buford','Biddy','BBiddy@yahoo.com','1234 DaWrong Lane','Flonkerton','MD','12345','542-827-0889');
INSERT INTO RESERVATION VALUES ('20201212KI7638615227709',2252,null,'KI','2020-12-12','2020-12-15',null,'cancelled');
INSERT INTO INVOICECHARGE VALUES ('20201212KI7638615227709-ch00001','20201212KI7638615227709','2020-12-12',255.87,'Base room charge');
INSERT INTO PAYMENT VALUES ('20201212KI7638615227709-p00001','20201212KI7638615227709','2020-12-14','CC',255.87,'Buford Biddy','4115684912789975',12,2024,720,'Mastercard');
-- ------- SAMPLE 1253 ----------
INSERT INTO GUEST VALUES(2253,'Lakenya','Langston','LLangston@hotmail.com','1234 DaWrong Lane','Flonkerton','MD','12345','093-947-3158');
INSERT INTO RESERVATION VALUES ('20191006KJ5268157794125',2253,203,'KJ','2019-10-06','2019-10-11',null,'complete');
INSERT INTO INVOICECHARGE VALUES ('20191006KJ5268157794125-ch00001','20191006KJ5268157794125','2019-10-06',457.39,'Base room charge');
INSERT INTO INVOICECHARGE VALUES ('20191006KJ5268157794125-ch00002','20191006KJ5268157794125','2019-10-06',235.62,'Cleaning fee');
INSERT INTO PAYMENT VALUES ('20191006KJ5268157794125-p00001','20191006KJ5268157794125','2019-10-08','CC',693.01,'Lakenya Langston','5706355186473973',1,2025,964,'Mastercard');
-- ------- SAMPLE 1254 ----------
INSERT INTO GUEST VALUES(2254,'Piedad','Proctor','PProctor@yahoo.com','1234 DaWrong Lane','Flonkerton','MD','12345','802-444-3391');
INSERT INTO RESERVATION VALUES ('20200228QS9289127473379',2254,103,'QS','2020-02-28','2020-03-03',null,'complete');
INSERT INTO INVOICECHARGE VALUES ('20200228QS9289127473379-ch00001','20200228QS9289127473379','2020-02-28',309.61,'Base room charge');
INSERT INTO INVOICECHARGE VALUES ('20200228QS9289127473379-ch00002','20200228QS9289127473379','2020-02-28',159.5,'Room Service');
INSERT INTO PAYMENT (payment_id,invoice_id,payment_date,payment_type,payment_amount) VALUES ('20200228QS9289127473379-p00001','20200228QS9289127473379','2020-03-01','CA',469.11);
-- ------- SAMPLE 1255 ----------
INSERT INTO GUEST VALUES(2255,'Ginger','Gordillo','GGordillo@yahoo.com','1234 DaWrong Lane','Flonkerton','MD','12345','485-916-0782');
INSERT INTO RESERVATION VALUES ('20200409QD3543853367632',2255,101,'QD','2020-04-09','2020-04-12',null,'complete');
INSERT INTO INVOICECHARGE VALUES ('20200409QD3543853367632-ch00001','20200409QD3543853367632','2020-04-09',189.98,'Base room charge');
INSERT INTO INVOICECHARGE VALUES ('20200409QD3543853367632-ch00002','20200409QD3543853367632','2020-04-09',97.87,'Room Service');
INSERT INTO PAYMENT VALUES ('20200409QD3543853367632-p00001','20200409QD3543853367632','2020-04-11','CC',287.86,'Ginger Gordillo','6445541212261343',5,2025,515,'Mastercard');
-- ------- SAMPLE 1256 ----------
INSERT INTO GUEST VALUES(2256,'Alverta','Arce','AArce@hotmail.com','1234 DaWrong Lane','Flonkerton','MD','12345','047-064-3849');
INSERT INTO RESERVATION VALUES ('20190829KS6544855044348',2256,107,'KS','2019-08-29','2019-08-31',null,'complete');
INSERT INTO INVOICECHARGE VALUES ('20190829KS6544855044348-ch00001','20190829KS6544855044348','2019-08-29',213.23,'Base room charge');
INSERT INTO PAYMENT VALUES ('20190829KS6544855044348-p00001','20190829KS6544855044348','2019-08-31','CC',213.23,'Alverta Arce','5352985647923382',6,2022,226,'Mastercard');
-- ------- SAMPLE 1257 ----------
INSERT INTO GUEST VALUES(2257,'Tanner','Tomasello','TTomasello@yahoo.com','1234 DaWrong Lane','Flonkerton','MD','12345','923-693-0404');
INSERT INTO RESERVATION VALUES ('20200425KS3200204152617',2257,206,'KS','2020-04-25','2020-04-28',null,'complete');
INSERT INTO INVOICECHARGE VALUES ('20200425KS3200204152617-ch00001','20200425KS3200204152617','2020-04-25',319.84,'Base room charge');
INSERT INTO PAYMENT VALUES ('20200425KS3200204152617-p00001','20200425KS3200204152617','2020-04-27','CC',319.84,'Tanner Tomasello','3703655008303135',12,2027,755,'Mastercard');
-- ------- SAMPLE 1258 ----------
INSERT INTO GUEST VALUES(2258,'Shawn','Stefanski','SStefanski@gmail.com','1234 DaWrong Lane','Flonkerton','MD','12345','644-084-4340');
INSERT INTO RESERVATION VALUES ('20200715KS6599038204145',2258,null,'KS','2020-07-15','2020-07-19',null,'active');
INSERT INTO INVOICECHARGE VALUES ('20200715KS6599038204145-ch00001','20200715KS6599038204145','2020-07-15',426.46,'Base room charge');
INSERT INTO PAYMENT VALUES ('20200715KS6599038204145-p00001','20200715KS6599038204145','2020-07-17','CC',426.46,'Shawn Stefanski','5420745702533766',3,2022,501,'Mastercard');
-- ------- SAMPLE 1259 ----------
INSERT INTO GUEST VALUES(2259,'Corene','Carmody','CCarmody@yahoo.com','1234 DaWrong Lane','Flonkerton','MD','12345','950-660-2754');
INSERT INTO RESERVATION VALUES ('20180908QS4662933433893',2259,113,'QS','2018-09-08','2018-09-12',null,'complete');
INSERT INTO INVOICECHARGE VALUES ('20180908QS4662933433893-ch00001','20180908QS4662933433893','2018-09-08',469.11,'Base room charge');
INSERT INTO PAYMENT VALUES ('20180908QS4662933433893-p00001','20180908QS4662933433893','2018-09-10','CC',469.11,'Corene Carmody','8557751521279661',3,2023,132,'Mastercard');
-- ------- SAMPLE 1260 ----------
INSERT INTO GUEST VALUES(2260,'Maryann','Mccutcheon','MMccutcheon@gmail.com','1234 DaWrong Lane','Flonkerton','MD','12345','421-258-3015');
INSERT INTO RESERVATION VALUES ('20190323KI5947512746225',2260,209,'KI','2019-03-23','2019-03-27',null,'complete');
INSERT INTO INVOICECHARGE VALUES ('20190323KI5947512746225-ch00001','20190323KI5947512746225','2019-03-23',341.16,'Base room charge');
INSERT INTO PAYMENT (payment_id,invoice_id,payment_date,payment_type,payment_amount) VALUES ('20190323KI5947512746225-p00001','20190323KI5947512746225','2019-03-25','CA',341.16);
-- ------- SAMPLE 1261 ----------
INSERT INTO GUEST VALUES(2261,'Len','Linquist','LLinquist@gmail.com','1234 DaWrong Lane','Flonkerton','MD','12345','932-211-3402');
INSERT INTO RESERVATION VALUES ('20181205KJ8375566317580',2261,104,'KJ','2018-12-05','2018-12-10',null,'complete');
INSERT INTO INVOICECHARGE VALUES ('20181205KJ8375566317580-ch00001','20181205KJ8375566317580','2018-12-05',693.01,'Base room charge');
INSERT INTO PAYMENT (payment_id,invoice_id,payment_date,payment_type,payment_amount) VALUES ('20181205KJ8375566317580-p00001','20181205KJ8375566317580','2018-12-07','CA',693.01);
-- ------- SAMPLE 1262 ----------
INSERT INTO GUEST VALUES(2262,'Walker','Weatherhead','WWeatherhead@yahoo.com','1234 DaWrong Lane','Flonkerton','MD','12345','963-186-6707');
INSERT INTO RESERVATION VALUES ('20190228KS6334152066085',2262,107,'KS','2019-02-28','2019-03-02',null,'complete');
INSERT INTO INVOICECHARGE VALUES ('20190228KS6334152066085-ch00001','20190228KS6334152066085','2019-02-28',213.23,'Base room charge');
INSERT INTO PAYMENT VALUES ('20190228KS6334152066085-p00001','20190228KS6334152066085','2019-03-02','CC',213.23,'Walker Weatherhead','2382219436920828',10,2023,346,'Mastercard');
-- ------- SAMPLE 1263 ----------
INSERT INTO GUEST VALUES(2263,'Dane','Dumond','DDumond@gmail.com','1234 DaWrong Lane','Flonkerton','MD','12345','264-028-9115');
INSERT INTO RESERVATION VALUES ('20180512KS2665545855775',2263,112,'KS','2018-05-12','2018-05-14',null,'complete');
INSERT INTO INVOICECHARGE VALUES ('20180512KS2665545855775-ch00001','20180512KS2665545855775','2018-05-12',140.73,'Base room charge');
INSERT INTO INVOICECHARGE VALUES ('20180512KS2665545855775-ch00002','20180512KS2665545855775','2018-05-12',72.5,'Room Service');
INSERT INTO PAYMENT VALUES ('20180512KS2665545855775-p00001','20180512KS2665545855775','2018-05-14','CC',213.23,'Dane Dumond','3231565363079379',4,2021,169,'Mastercard');
-- ------- SAMPLE 1264 ----------
INSERT INTO GUEST VALUES(2264,'Kathey','Kingston','KKingston@gmail.com','1234 DaWrong Lane','Flonkerton','MD','12345','456-856-3683');
INSERT INTO RESERVATION VALUES ('20200419KI3872843508208',2264,105,'KI','2020-04-19','2020-04-22',null,'complete');
INSERT INTO INVOICECHARGE VALUES ('20200419KI3872843508208-ch00001','20200419KI3872843508208','2020-04-19',168.87,'Base room charge');
INSERT INTO INVOICECHARGE VALUES ('20200419KI3872843508208-ch00002','20200419KI3872843508208','2020-04-19',87,'Room Service');
INSERT INTO PAYMENT VALUES ('20200419KI3872843508208-p00001','20200419KI3872843508208','2020-04-21','CC',255.87,'Kathey Kingston','8909450704671906',11,2021,932,'Mastercard');
-- ------- SAMPLE 1265 ----------
INSERT INTO GUEST VALUES(2265,'Shena','Sandoz','SSandoz@yahoo.com','1234 DaWrong Lane','Flonkerton','MD','12345','130-621-9229');
INSERT INTO RESERVATION VALUES ('20210123QD7577387308781',2265,null,'QD','2021-01-23','2021-01-28',null,'active');
INSERT INTO INVOICECHARGE VALUES ('20210123QD7577387308781-ch00001','20210123QD7577387308781','2021-01-23',316.64,'Base room charge');
INSERT INTO INVOICECHARGE VALUES ('20210123QD7577387308781-ch00002','20210123QD7577387308781','2021-01-23',163.12,'Cleaning fee');
INSERT INTO PAYMENT VALUES ('20210123QD7577387308781-p00001','20210123QD7577387308781','2021-01-25','CC',479.76,'Shena Sandoz','2565924784145425',6,2025,686,'Mastercard');
-- ------- SAMPLE 1266 ----------
INSERT INTO GUEST VALUES(2266,'Pearlene','Priestly','PPriestly@hotmail.com','1234 DaWrong Lane','Flonkerton','MD','12345','841-804-8938');
INSERT INTO RESERVATION VALUES ('20200305QS5543160905299',2266,118,'QS','2020-03-05','2020-03-07',null,'complete');
INSERT INTO INVOICECHARGE VALUES ('20200305QS5543160905299-ch00001','20200305QS5543160905299','2020-03-05',154.81,'Base room charge');
INSERT INTO INVOICECHARGE VALUES ('20200305QS5543160905299-ch00002','20200305QS5543160905299','2020-03-05',79.75,'Cleaning fee');
INSERT INTO PAYMENT VALUES ('20200305QS5543160905299-p00001','20200305QS5543160905299','2020-03-07','CC',234.55,'Pearlene Priestly','2737976423519283',7,2027,45,'Mastercard');
-- ------- SAMPLE 1267 ----------
INSERT INTO GUEST VALUES(2267,'Natalia','Nowacki','NNowacki@hotmail.com','1234 DaWrong Lane','Flonkerton','MD','12345','444-973-1409');
INSERT INTO RESERVATION VALUES ('20190115QD4151643121466',2267,116,'QD','2019-01-15','2019-01-19',null,'cancelled');
INSERT INTO INVOICECHARGE VALUES ('20190115QD4151643121466-ch00001','20190115QD4151643121466','2019-01-15',253.31,'Base room charge');
INSERT INTO INVOICECHARGE VALUES ('20190115QD4151643121466-ch00002','20190115QD4151643121466','2019-01-15',130.49,'Cleaning fee');
INSERT INTO PAYMENT (payment_id,invoice_id,payment_date,payment_type,payment_amount) VALUES ('20190115QD4151643121466-p00001','20190115QD4151643121466','2019-01-17','CA',383.81);
-- ------- SAMPLE 1268 ----------
INSERT INTO GUEST VALUES(2268,'Eryn','Edenfield','EEdenfield@gmail.com','1234 DaWrong Lane','Flonkerton','MD','12345','396-957-4697');
INSERT INTO RESERVATION VALUES ('20180601QD2696135497018',2268,200,'QD','2018-06-01','2018-06-02',null,'complete');
INSERT INTO INVOICECHARGE VALUES ('20180601QD2696135497018-ch00001','20180601QD2696135497018','2018-06-01',95.95,'Base room charge');
INSERT INTO PAYMENT VALUES ('20180601QD2696135497018-p00001','20180601QD2696135497018','2018-06-03','CC',95.95,'Eryn Edenfield','6414086656910403',6,2023,667,'Mastercard');
-- ------- SAMPLE 1269 ----------
INSERT INTO GUEST VALUES(2269,'Major','Meng','MMeng@gmail.com','1234 DaWrong Lane','Flonkerton','MD','12345','481-956-1155');
INSERT INTO RESERVATION VALUES ('20180922KJ8780307613125',2269,203,'KJ','2018-09-22','2018-09-25',null,'complete');
INSERT INTO INVOICECHARGE VALUES ('20180922KJ8780307613125-ch00001','20180922KJ8780307613125','2018-09-22',415.81,'Base room charge');
INSERT INTO PAYMENT VALUES ('20180922KJ8780307613125-p00001','20180922KJ8780307613125','2018-09-24','CC',415.81,'Major Meng','3667438506715829',1,2024,22,'Mastercard');
-- ------- SAMPLE 1270 ----------
INSERT INTO GUEST VALUES(2270,'Danette','Dammann','DDammann@gmail.com','1234 DaWrong Lane','Flonkerton','MD','12345','257-949-0583');
INSERT INTO RESERVATION VALUES ('20200531KS2557572769739',2270,null,'KS','2020-05-31','2020-06-05',null,'active');
-- ------- SAMPLE 1271 ----------
INSERT INTO GUEST VALUES(2271,'Delora','Delph','DDelph@yahoo.com','1234 DaWrong Lane','Flonkerton','MD','12345','590-110-8106');
INSERT INTO RESERVATION VALUES ('20210426KJ6787089560796',2271,null,'KJ','2021-04-26','2021-04-28',null,'active');
-- ------- SAMPLE 1272 ----------
INSERT INTO GUEST VALUES(2272,'Floy','Feinstein','FFeinstein@yahoo.com','1234 DaWrong Lane','Flonkerton','MD','12345','563-935-8809');
INSERT INTO RESERVATION VALUES ('20190524KS7829388542910',2272,112,'KS','2019-05-24','2019-05-27',null,'complete');
INSERT INTO INVOICECHARGE VALUES ('20190524KS7829388542910-ch00001','20190524KS7829388542910','2019-05-24',211.1,'Base room charge');
INSERT INTO INVOICECHARGE VALUES ('20190524KS7829388542910-ch00002','20190524KS7829388542910','2019-05-24',108.75,'Room Service');
INSERT INTO PAYMENT VALUES ('20190524KS7829388542910-p00001','20190524KS7829388542910','2019-05-26','CC',319.84,'Floy Feinstein','7913519039482872',7,2022,889,'Mastercard');
-- ------- SAMPLE 1273 ----------
INSERT INTO GUEST VALUES(2273,'Delora','Delph','DDelph@hotmail.com','1234 DaWrong Lane','Flonkerton','MD','12345','899-008-5364');
INSERT INTO RESERVATION VALUES ('20190917QD9964454243276',2273,111,'QD','2019-09-17','2019-09-20',null,'complete');
INSERT INTO INVOICECHARGE VALUES ('20190917QD9964454243276-ch00001','20190917QD9964454243276','2019-09-17',189.98,'Base room charge');
INSERT INTO INVOICECHARGE VALUES ('20190917QD9964454243276-ch00002','20190917QD9964454243276','2019-09-17',97.87,'Cleaning fee');
INSERT INTO PAYMENT VALUES ('20190917QD9964454243276-p00001','20190917QD9964454243276','2019-09-19','CC',287.86,'Delora Delph','1495825039286288',4,2026,875,'Mastercard');
-- ------- SAMPLE 1274 ----------
INSERT INTO GUEST VALUES(2274,'Vicky','Vanderhoff','VVanderhoff@gmail.com','1234 DaWrong Lane','Flonkerton','MD','12345','742-171-1978');
INSERT INTO RESERVATION VALUES ('20200515KJ7965953922796',2274,null,'KJ','2020-05-15','2020-05-16',null,'active');
-- ------- SAMPLE 1275 ----------
INSERT INTO GUEST VALUES(2275,'Vicky','Vanderhoff','VVanderhoff@hotmail.com','1234 DaWrong Lane','Flonkerton','MD','12345','824-353-8972');
INSERT INTO RESERVATION VALUES ('20201018KI4912810060855',2275,null,'KI','2020-10-18','2020-10-20',null,'active');
-- ------- SAMPLE 1276 ----------
INSERT INTO GUEST VALUES(2276,'Doyle','Dykema','DDykema@hotmail.com','1234 DaWrong Lane','Flonkerton','MD','12345','272-113-5153');
INSERT INTO RESERVATION VALUES ('20180709KJ2173050401917',2276,109,'KJ','2018-07-09','2018-07-10',null,'cancelled');
INSERT INTO INVOICECHARGE VALUES ('20180709KJ2173050401917-ch00001','20180709KJ2173050401917','2018-07-09',138.6,'Base room charge');
INSERT INTO PAYMENT VALUES ('20180709KJ2173050401917-p00001','20180709KJ2173050401917','2018-07-11','CC',138.6,'Doyle Dykema','8279452350780432',3,2027,85,'Mastercard');
-- ------- SAMPLE 1277 ----------
INSERT INTO GUEST VALUES(2277,'Marylynn','Musson','MMusson@gmail.com','1234 DaWrong Lane','Flonkerton','MD','12345','130-826-4934');
INSERT INTO RESERVATION VALUES ('20201029KJ6902841555018',2277,null,'KJ','2020-10-29','2020-11-01',null,'active');
INSERT INTO INVOICECHARGE VALUES ('20201029KJ6902841555018-ch00001','20201029KJ6902841555018','2020-10-29',274.43,'Base room charge');
INSERT INTO INVOICECHARGE VALUES ('20201029KJ6902841555018-ch00002','20201029KJ6902841555018','2020-10-29',141.37,'Cleaning fee');
INSERT INTO PAYMENT (payment_id,invoice_id,payment_date,payment_type,payment_amount) VALUES ('20201029KJ6902841555018-p00001','20201029KJ6902841555018','2020-10-31','CA',230);
-- ------- SAMPLE 1278 ----------
INSERT INTO GUEST VALUES(2278,'Audrey','Aikens','AAikens@yahoo.com','1234 DaWrong Lane','Flonkerton','MD','12345','265-393-9263');
INSERT INTO RESERVATION VALUES ('20190528KS5937321507181',2278,117,'KS','2019-05-28','2019-06-01',null,'complete');
INSERT INTO INVOICECHARGE VALUES ('20190528KS5937321507181-ch00001','20190528KS5937321507181','2019-05-28',426.46,'Base room charge');
INSERT INTO PAYMENT (payment_id,invoice_id,payment_date,payment_type,payment_amount) VALUES ('20190528KS5937321507181-p00001','20190528KS5937321507181','2019-05-30','CA',426.46);
-- ------- SAMPLE 1279 ----------
INSERT INTO GUEST VALUES(2279,'Fleta','Fickel','FFickel@hotmail.com','1234 DaWrong Lane','Flonkerton','MD','12345','213-118-3199');
INSERT INTO RESERVATION VALUES ('20181220QD6935310643057',2279,205,'QD','2018-12-20','2018-12-25',null,'complete');
INSERT INTO INVOICECHARGE VALUES ('20181220QD6935310643057-ch00001','20181220QD6935310643057','2018-12-20',479.76,'Base room charge');
INSERT INTO PAYMENT VALUES ('20181220QD6935310643057-p00001','20181220QD6935310643057','2018-12-22','CC',479.76,'Fleta Fickel','1343504156579385',9,2025,811,'Mastercard');
-- ------- SAMPLE 1280 ----------
INSERT INTO GUEST VALUES(2280,'Floy','Feinstein','FFeinstein@gmail.com','1234 DaWrong Lane','Flonkerton','MD','12345','532-345-6352');
INSERT INTO RESERVATION VALUES ('20200415KS5050243132671',2280,102,'KS','2020-04-15','2020-04-18',null,'complete');
INSERT INTO INVOICECHARGE VALUES ('20200415KS5050243132671-ch00001','20200415KS5050243132671','2020-04-15',319.84,'Base room charge');
INSERT INTO PAYMENT (payment_id,invoice_id,payment_date,payment_type,payment_amount) VALUES ('20200415KS5050243132671-p00001','20200415KS5050243132671','2020-04-17','CA',319.84);
-- ------- SAMPLE 1281 ----------
INSERT INTO GUEST VALUES(2281,'Shera','Shorter','SShorter@gmail.com','1234 DaWrong Lane','Flonkerton','MD','12345','113-250-2847');
INSERT INTO RESERVATION VALUES ('20191003KI9763037857468',2281,105,'KI','2019-10-03','2019-10-05',null,'complete');
INSERT INTO INVOICECHARGE VALUES ('20191003KI9763037857468-ch00001','20191003KI9763037857468','2019-10-03',170.58,'Base room charge');
INSERT INTO PAYMENT VALUES ('20191003KI9763037857468-p00001','20191003KI9763037857468','2019-10-05','CC',170.58,'Shera Shorter','1265705118252085',11,2021,416,'Mastercard');
-- ------- SAMPLE 1282 ----------
INSERT INTO GUEST VALUES(2282,'Lynda','Linda','LLinda@yahoo.com','1234 DaWrong Lane','Flonkerton','MD','12345','054-446-9943');
INSERT INTO RESERVATION VALUES ('20191215KI2862166054317',2282,204,'KI','2019-12-15','2019-12-20',null,'complete');
INSERT INTO INVOICECHARGE VALUES ('20191215KI2862166054317-ch00001','20191215KI2862166054317','2019-12-15',281.45,'Base room charge');
INSERT INTO INVOICECHARGE VALUES ('20191215KI2862166054317-ch00002','20191215KI2862166054317','2019-12-15',144.99,'Room Service');
INSERT INTO PAYMENT VALUES ('20191215KI2862166054317-p00001','20191215KI2862166054317','2019-12-17','CC',426.45,'Lynda Linda','5180867132801645',4,2026,202,'Mastercard');
-- ------- SAMPLE 1283 ----------
INSERT INTO GUEST VALUES(2283,'Kasey','Kipp','KKipp@yahoo.com','1234 DaWrong Lane','Flonkerton','MD','12345','374-829-5176');
INSERT INTO RESERVATION VALUES ('20191013KJ7540854041456',2283,208,'KJ','2019-10-13','2019-10-17',null,'complete');
INSERT INTO INVOICECHARGE VALUES ('20191013KJ7540854041456-ch00001','20191013KJ7540854041456','2019-10-13',365.91,'Base room charge');
INSERT INTO INVOICECHARGE VALUES ('20191013KJ7540854041456-ch00002','20191013KJ7540854041456','2019-10-13',188.5,'Cleaning fee');
INSERT INTO PAYMENT VALUES ('20191013KJ7540854041456-p00001','20191013KJ7540854041456','2019-10-15','CC',554.41,'Kasey Kipp','3983648210653860',11,2024,73,'Mastercard');
-- ------- SAMPLE 1284 ----------
INSERT INTO GUEST VALUES(2284,'Irma','Irby','IIrby@hotmail.com','1234 DaWrong Lane','Flonkerton','MD','12345','732-625-6916');
INSERT INTO RESERVATION VALUES ('20181230QS9361422858056',2284,108,'QS','2018-12-30','2019-01-01',null,'complete');
INSERT INTO INVOICECHARGE VALUES ('20181230QS9361422858056-ch00001','20181230QS9361422858056','2018-12-30',154.81,'Base room charge');
INSERT INTO INVOICECHARGE VALUES ('20181230QS9361422858056-ch00002','20181230QS9361422858056','2018-12-30',79.75,'Room Service');
INSERT INTO PAYMENT VALUES ('20181230QS9361422858056-p00001','20181230QS9361422858056','2019-01-01','CC',234.55,'Irma Irby','7527955137830136',10,2022,727,'Mastercard');
-- ------- SAMPLE 1285 ----------
INSERT INTO GUEST VALUES(2285,'Bradley','Bently','BBently@yahoo.com','1234 DaWrong Lane','Flonkerton','MD','12345','938-457-8022');
INSERT INTO RESERVATION VALUES ('20210406KI1302007148337',2285,null,'KI','2021-04-06','2021-04-09',null,'active');
INSERT INTO INVOICECHARGE VALUES ('20210406KI1302007148337-ch00001','20210406KI1302007148337','2021-04-06',255.87,'Base room charge');
INSERT INTO PAYMENT VALUES ('20210406KI1302007148337-p00001','20210406KI1302007148337','2021-04-08','CC',255.87,'Bradley Bently','9921165384755577',10,2023,111,'Mastercard');
-- ------- SAMPLE 1286 ----------
INSERT INTO GUEST VALUES(2286,'Edmundo','Erickson','EErickson@hotmail.com','1234 DaWrong Lane','Flonkerton','MD','12345','655-851-2095');
INSERT INTO RESERVATION VALUES ('20181127QD3426883354481',2286,200,'QD','2018-11-27','2018-12-02',null,'complete');
INSERT INTO INVOICECHARGE VALUES ('20181127QD3426883354481-ch00001','20181127QD3426883354481','2018-11-27',479.76,'Base room charge');
INSERT INTO PAYMENT (payment_id,invoice_id,payment_date,payment_type,payment_amount) VALUES ('20181127QD3426883354481-p00001','20181127QD3426883354481','2018-11-29','CA',479.76);
-- ------- SAMPLE 1287 ----------
INSERT INTO GUEST VALUES(2287,'Raisa','Romito','RRomito@hotmail.com','1234 DaWrong Lane','Flonkerton','MD','12345','951-864-9758');
INSERT INTO RESERVATION VALUES ('20180607QS1923496628772',2287,103,'QS','2018-06-07','2018-06-11',null,'complete');
INSERT INTO INVOICECHARGE VALUES ('20180607QS1923496628772-ch00001','20180607QS1923496628772','2018-06-07',469.11,'Base room charge');
INSERT INTO PAYMENT VALUES ('20180607QS1923496628772-p00001','20180607QS1923496628772','2018-06-09','CC',469.11,'Raisa Romito','4715749532003852',6,2027,321,'Mastercard');
-- ------- SAMPLE 1288 ----------
INSERT INTO GUEST VALUES(2288,'Floy','Feinstein','FFeinstein@gmail.com','1234 DaWrong Lane','Flonkerton','MD','12345','664-320-8203');
INSERT INTO RESERVATION VALUES ('20180531KJ2512242608936',2288,208,'KJ','2018-05-31','2018-06-04',null,'complete');
INSERT INTO INVOICECHARGE VALUES ('20180531KJ2512242608936-ch00001','20180531KJ2512242608936','2018-05-31',365.91,'Base room charge');
INSERT INTO INVOICECHARGE VALUES ('20180531KJ2512242608936-ch00002','20180531KJ2512242608936','2018-05-31',188.5,'Cleaning fee');
INSERT INTO PAYMENT VALUES ('20180531KJ2512242608936-p00001','20180531KJ2512242608936','2018-06-02','CC',554.41,'Floy Feinstein','3352126497808885',7,2021,372,'Mastercard');
-- ------- SAMPLE 1289 ----------
INSERT INTO GUEST VALUES(2289,'Darrin','Drum','DDrum@yahoo.com','1234 DaWrong Lane','Flonkerton','MD','12345','791-319-1473');
INSERT INTO RESERVATION VALUES ('20191005KJ5225201046980',2289,208,'KJ','2019-10-05','2019-10-07',null,'complete');
INSERT INTO INVOICECHARGE VALUES ('20191005KJ5225201046980-ch00001','20191005KJ5225201046980','2019-10-05',277.2,'Base room charge');
INSERT INTO PAYMENT VALUES ('20191005KJ5225201046980-p00001','20191005KJ5225201046980','2019-10-07','CC',277.2,'Darrin Drum','1538632112802941',2,2023,522,'Mastercard');
-- ------- SAMPLE 1290 ----------
INSERT INTO GUEST VALUES(2290,'Ngan','Nalley','NNalley@yahoo.com','1234 DaWrong Lane','Flonkerton','MD','12345','157-360-2502');
INSERT INTO RESERVATION VALUES ('20180812QD9864840050218',2290,116,'QD','2018-08-12','2018-08-15',null,'complete');
INSERT INTO INVOICECHARGE VALUES ('20180812QD9864840050218-ch00001','20180812QD9864840050218','2018-08-12',287.86,'Base room charge');
INSERT INTO PAYMENT (payment_id,invoice_id,payment_date,payment_type,payment_amount) VALUES ('20180812QD9864840050218-p00001','20180812QD9864840050218','2018-08-14','CA',287.86);
-- ------- SAMPLE 1291 ----------
INSERT INTO GUEST VALUES(2291,'Kaley','Kilmon','KKilmon@yahoo.com','1234 DaWrong Lane','Flonkerton','MD','12345','282-309-9768');
INSERT INTO RESERVATION VALUES ('20181230QS2092095130324',2291,103,'QS','2018-12-30','2018-12-31',null,'complete');
INSERT INTO INVOICECHARGE VALUES ('20181230QS2092095130324-ch00001','20181230QS2092095130324','2018-12-30',117.28,'Base room charge');
INSERT INTO PAYMENT VALUES ('20181230QS2092095130324-p00001','20181230QS2092095130324','2019-01-01','CC',117.28,'Kaley Kilmon','9788430346887462',10,2022,743,'Mastercard');
-- ------- SAMPLE 1292 ----------
INSERT INTO GUEST VALUES(2292,'Shae','Sansom','SSansom@gmail.com','1234 DaWrong Lane','Flonkerton','MD','12345','516-345-3157');
INSERT INTO RESERVATION VALUES ('20181018QD9791752049317',2292,116,'QD','2018-10-18','2018-10-22',null,'complete');
INSERT INTO INVOICECHARGE VALUES ('20181018QD9791752049317-ch00001','20181018QD9791752049317','2018-10-18',253.31,'Base room charge');
INSERT INTO INVOICECHARGE VALUES ('20181018QD9791752049317-ch00002','20181018QD9791752049317','2018-10-18',130.49,'Room Service');
INSERT INTO PAYMENT VALUES ('20181018QD9791752049317-p00001','20181018QD9791752049317','2018-10-20','CC',383.81,'Shae Sansom','9599308355666313',9,2024,253,'Mastercard');
-- ------- SAMPLE 1293 ----------
INSERT INTO GUEST VALUES(2293,'Demarcus','Dearborn','DDearborn@yahoo.com','1234 DaWrong Lane','Flonkerton','MD','12345','516-372-4519');
INSERT INTO RESERVATION VALUES ('20200408KI7865784342442',2293,120,'KI','2020-04-08','2020-04-13',null,'complete');
INSERT INTO INVOICECHARGE VALUES ('20200408KI7865784342442-ch00001','20200408KI7865784342442','2020-04-08',426.45,'Base room charge');
INSERT INTO PAYMENT VALUES ('20200408KI7865784342442-p00001','20200408KI7865784342442','2020-04-10','CC',426.45,'Demarcus Dearborn','7861010781618600',9,2023,248,'Mastercard');
-- ------- SAMPLE 1294 ----------
INSERT INTO GUEST VALUES(2294,'Delsie','Delong','DDelong@gmail.com','1234 DaWrong Lane','Flonkerton','MD','12345','445-254-8522');
INSERT INTO RESERVATION VALUES ('20180806QS3401409828940',2294,113,'QS','2018-08-06','2018-08-08',null,'complete');
INSERT INTO INVOICECHARGE VALUES ('20180806QS3401409828940-ch00001','20180806QS3401409828940','2018-08-06',234.55,'Base room charge');
INSERT INTO PAYMENT (payment_id,invoice_id,payment_date,payment_type,payment_amount) VALUES ('20180806QS3401409828940-p00001','20180806QS3401409828940','2018-08-08','CA',234.55);
-- ------- SAMPLE 1295 ----------
INSERT INTO GUEST VALUES(2295,'Erminia','Eckard','EEckard@gmail.com','1234 DaWrong Lane','Flonkerton','MD','12345','106-719-3307');
INSERT INTO RESERVATION VALUES ('20200505QD7944645122521',2295,200,'QD','2020-05-05','2020-05-09',null,'complete');
INSERT INTO INVOICECHARGE VALUES ('20200505QD7944645122521-ch00001','20200505QD7944645122521','2020-05-05',383.81,'Base room charge');
INSERT INTO PAYMENT VALUES ('20200505QD7944645122521-p00001','20200505QD7944645122521','2020-05-07','CC',383.81,'Erminia Eckard','1697830484044258',2,2025,519,'Mastercard');
-- ------- SAMPLE 1296 ----------
INSERT INTO GUEST VALUES(2296,'Kandra','Kelty','KKelty@hotmail.com','1234 DaWrong Lane','Flonkerton','MD','12345','298-282-3183');
INSERT INTO RESERVATION VALUES ('20190607QS8686640445663',2296,202,'QS','2019-06-07','2019-06-08',null,'complete');
INSERT INTO INVOICECHARGE VALUES ('20190607QS8686640445663-ch00001','20190607QS8686640445663','2019-06-07',117.28,'Base room charge');
INSERT INTO PAYMENT (payment_id,invoice_id,payment_date,payment_type,payment_amount) VALUES ('20190607QS8686640445663-p00001','20190607QS8686640445663','2019-06-09','CA',117.28);
-- ------- SAMPLE 1297 ----------
INSERT INTO GUEST VALUES(2297,'Irma','Irby','IIrby@hotmail.com','1234 DaWrong Lane','Flonkerton','MD','12345','051-490-5774');
INSERT INTO RESERVATION VALUES ('20201030KS4444827360947',2297,null,'KS','2020-10-30','2020-11-03',null,'active');
INSERT INTO INVOICECHARGE VALUES ('20201030KS4444827360947-ch00001','20201030KS4444827360947','2020-10-30',426.46,'Base room charge');
INSERT INTO PAYMENT VALUES ('20201030KS4444827360947-p00001','20201030KS4444827360947','2020-11-01','CC',426.46,'Irma Irby','9873878802465957',11,2024,217,'Mastercard');
-- ------- SAMPLE 1298 ----------
INSERT INTO GUEST VALUES(2298,'Dane','Dumond','DDumond@hotmail.com','1234 DaWrong Lane','Flonkerton','MD','12345','312-765-2794');
INSERT INTO RESERVATION VALUES ('20191108QS6588324473791',2298,113,'QS','2019-11-08','2019-11-09',null,'complete');
INSERT INTO INVOICECHARGE VALUES ('20191108QS6588324473791-ch00001','20191108QS6588324473791','2019-11-08',117.28,'Base room charge');
INSERT INTO PAYMENT VALUES ('20191108QS6588324473791-p00001','20191108QS6588324473791','2019-11-10','CC',117.28,'Dane Dumond','7606695016138888',5,2026,315,'Mastercard');
-- ------- SAMPLE 1299 ----------
INSERT INTO GUEST VALUES(2299,'Antwan','Albury','AAlbury@gmail.com','1234 DaWrong Lane','Flonkerton','MD','12345','344-085-5200');
INSERT INTO RESERVATION VALUES ('20190803QS3212914279434',2299,207,'QS','2019-08-03','2019-08-06',null,'complete');
INSERT INTO INVOICECHARGE VALUES ('20190803QS3212914279434-ch00001','20190803QS3212914279434','2019-08-03',232.21,'Base room charge');
INSERT INTO INVOICECHARGE VALUES ('20190803QS3212914279434-ch00002','20190803QS3212914279434','2019-08-03',119.62,'Room Service');
INSERT INTO PAYMENT VALUES ('20190803QS3212914279434-p00001','20190803QS3212914279434','2019-08-05','CC',351.83,'Antwan Albury','8699214926861551',10,2021,521,'Mastercard');
-- ------- SAMPLE 1300 ----------
INSERT INTO GUEST VALUES(2300,'Lakenya','Langston','LLangston@hotmail.com','1234 DaWrong Lane','Flonkerton','MD','12345','909-405-7625');
INSERT INTO RESERVATION VALUES ('20181202KJ3648134702651',2300,109,'KJ','2018-12-02','2018-12-06',null,'cancelled');
INSERT INTO INVOICECHARGE VALUES ('20181202KJ3648134702651-ch00001','20181202KJ3648134702651','2018-12-02',554.41,'Base room charge');
INSERT INTO PAYMENT (payment_id,invoice_id,payment_date,payment_type,payment_amount) VALUES ('20181202KJ3648134702651-p00001','20181202KJ3648134702651','2018-12-04','CA',554.41);
-- ------- SAMPLE 1301 ----------
INSERT INTO GUEST VALUES(2301,'Mario','Macdowell','MMacdowell@gmail.com','1234 DaWrong Lane','Flonkerton','MD','12345','573-297-3805');
INSERT INTO RESERVATION VALUES ('20210424KI9422693369233',2301,null,'KI','2021-04-24','2021-04-28',null,'active');
INSERT INTO INVOICECHARGE VALUES ('20210424KI9422693369233-ch00001','20210424KI9422693369233','2021-04-24',225.16,'Base room charge');
INSERT INTO INVOICECHARGE VALUES ('20210424KI9422693369233-ch00002','20210424KI9422693369233','2021-04-24',115.99,'Room Service');
INSERT INTO PAYMENT VALUES ('20210424KI9422693369233-p00001','20210424KI9422693369233','2021-04-26','CC',173,'Mario Macdowell','7316549360589759',8,2024,534,'Mastercard');
-- ------- SAMPLE 1302 ----------
INSERT INTO GUEST VALUES(2302,'Antwan','Albury','AAlbury@yahoo.com','1234 DaWrong Lane','Flonkerton','MD','12345','849-366-7301');
INSERT INTO RESERVATION VALUES ('20180511KI4181300762434',2302,105,'KI','2018-05-11','2018-05-15',null,'complete');
INSERT INTO INVOICECHARGE VALUES ('20180511KI4181300762434-ch00001','20180511KI4181300762434','2018-05-11',341.16,'Base room charge');
INSERT INTO PAYMENT VALUES ('20180511KI4181300762434-p00001','20180511KI4181300762434','2018-05-13','CC',341.16,'Antwan Albury','5747268826019725',1,2022,849,'Mastercard');
-- ------- SAMPLE 1303 ----------
INSERT INTO GUEST VALUES(2303,'Malia','Molden','MMolden@gmail.com','1234 DaWrong Lane','Flonkerton','MD','12345','200-488-3835');
INSERT INTO RESERVATION VALUES ('20180602KS1332667855069',2303,201,'KS','2018-06-02','2018-06-03',null,'complete');
INSERT INTO INVOICECHARGE VALUES ('20180602KS1332667855069-ch00001','20180602KS1332667855069','2018-06-02',70.37,'Base room charge');
INSERT INTO INVOICECHARGE VALUES ('20180602KS1332667855069-ch00002','20180602KS1332667855069','2018-06-02',36.25,'Room Service');
INSERT INTO PAYMENT VALUES ('20180602KS1332667855069-p00001','20180602KS1332667855069','2018-06-04','CC',106.61,'Malia Molden','8019846069329965',12,2024,312,'Mastercard');
-- ------- SAMPLE 1304 ----------
INSERT INTO GUEST VALUES(2304,'Tai','Tookes','TTookes@yahoo.com','1234 DaWrong Lane','Flonkerton','MD','12345','983-266-7440');
INSERT INTO RESERVATION VALUES ('20190112KS6280145475597',2304,102,'KS','2019-01-12','2019-01-16',null,'complete');
INSERT INTO INVOICECHARGE VALUES ('20190112KS6280145475597-ch00001','20190112KS6280145475597','2019-01-12',281.46,'Base room charge');
INSERT INTO INVOICECHARGE VALUES ('20190112KS6280145475597-ch00002','20190112KS6280145475597','2019-01-12',145,'Room Service');
INSERT INTO PAYMENT VALUES ('20190112KS6280145475597-p00001','20190112KS6280145475597','2019-01-14','CC',426.46,'Tai Tookes','7692873892144443',10,2021,362,'Mastercard');
-- ------- SAMPLE 1305 ----------
INSERT INTO GUEST VALUES(2305,'Luella','Lundstrom','LLundstrom@hotmail.com','1234 DaWrong Lane','Flonkerton','MD','12345','903-936-9674');
INSERT INTO RESERVATION VALUES ('20210503KI6598940329093',2305,null,'KI','2021-05-03','2021-05-08',null,'active');
INSERT INTO INVOICECHARGE VALUES ('20210503KI6598940329093-ch00001','20210503KI6598940329093','2021-05-03',426.45,'Base room charge');
INSERT INTO PAYMENT VALUES ('20210503KI6598940329093-p00001','20210503KI6598940329093','2021-05-05','CC',286,'Luella Lundstrom','5980870011621117',4,2023,658,'Mastercard');
-- ------- SAMPLE 1306 ----------
INSERT INTO GUEST VALUES(2306,'Doyle','Dykema','DDykema@yahoo.com','1234 DaWrong Lane','Flonkerton','MD','12345','355-697-3928');
INSERT INTO RESERVATION VALUES ('20190928KI4897214669906',2306,120,'KI','2019-09-28','2019-10-02',null,'complete');
INSERT INTO INVOICECHARGE VALUES ('20190928KI4897214669906-ch00001','20190928KI4897214669906','2019-09-28',225.16,'Base room charge');
INSERT INTO INVOICECHARGE VALUES ('20190928KI4897214669906-ch00002','20190928KI4897214669906','2019-09-28',115.99,'Cleaning fee');
INSERT INTO PAYMENT (payment_id,invoice_id,payment_date,payment_type,payment_amount) VALUES ('20190928KI4897214669906-p00001','20190928KI4897214669906','2019-09-30','CA',341.16);
-- ------- SAMPLE 1307 ----------
INSERT INTO GUEST VALUES(2307,'Hanna','Hastie','HHastie@hotmail.com','1234 DaWrong Lane','Flonkerton','MD','12345','268-417-9700');
INSERT INTO RESERVATION VALUES ('20190918KI9323073224567',2307,115,'KI','2019-09-18','2019-09-20',null,'complete');
INSERT INTO INVOICECHARGE VALUES ('20190918KI9323073224567-ch00001','20190918KI9323073224567','2019-09-18',112.58,'Base room charge');
INSERT INTO INVOICECHARGE VALUES ('20190918KI9323073224567-ch00002','20190918KI9323073224567','2019-09-18',58,'Room Service');
INSERT INTO PAYMENT VALUES ('20190918KI9323073224567-p00001','20190918KI9323073224567','2019-09-20','CC',170.58,'Hanna Hastie','5534199677559397',6,2023,199,'Mastercard');
-- ------- SAMPLE 1308 ----------
INSERT INTO GUEST VALUES(2308,'Fiona','Figgs','FFiggs@hotmail.com','1234 DaWrong Lane','Flonkerton','MD','12345','755-082-9828');
INSERT INTO RESERVATION VALUES ('20180805KS2301052213972',2308,102,'KS','2018-08-05','2018-08-08',null,'complete');
INSERT INTO INVOICECHARGE VALUES ('20180805KS2301052213972-ch00001','20180805KS2301052213972','2018-08-05',211.1,'Base room charge');
INSERT INTO INVOICECHARGE VALUES ('20180805KS2301052213972-ch00002','20180805KS2301052213972','2018-08-05',108.75,'Cleaning fee');
INSERT INTO PAYMENT (payment_id,invoice_id,payment_date,payment_type,payment_amount) VALUES ('20180805KS2301052213972-p00001','20180805KS2301052213972','2018-08-07','CA',319.84);
-- ------- SAMPLE 1309 ----------
INSERT INTO GUEST VALUES(2309,'Lucius','Liles','LLiles@yahoo.com','1234 DaWrong Lane','Flonkerton','MD','12345','322-482-6316');
INSERT INTO RESERVATION VALUES ('20190213QS6931529344437',2309,207,'QS','2019-02-13','2019-02-18',null,'complete');
INSERT INTO INVOICECHARGE VALUES ('20190213QS6931529344437-ch00001','20190213QS6931529344437','2019-02-13',387.01,'Base room charge');
INSERT INTO INVOICECHARGE VALUES ('20190213QS6931529344437-ch00002','20190213QS6931529344437','2019-02-13',199.37,'Room Service');
INSERT INTO PAYMENT VALUES ('20190213QS6931529344437-p00001','20190213QS6931529344437','2019-02-15','CC',586.38,'Lucius Liles','3965574464114446',3,2022,640,'Mastercard');
-- ------- SAMPLE 1310 ----------
INSERT INTO GUEST VALUES(2310,'Boyce','Bate','BBate@yahoo.com','1234 DaWrong Lane','Flonkerton','MD','12345','047-247-5667');
INSERT INTO RESERVATION VALUES ('20180727QD8192761423906',2310,106,'QD','2018-07-27','2018-07-29',null,'complete');
INSERT INTO INVOICECHARGE VALUES ('20180727QD8192761423906-ch00001','20180727QD8192761423906','2018-07-27',191.9,'Base room charge');
INSERT INTO PAYMENT VALUES ('20180727QD8192761423906-p00001','20180727QD8192761423906','2018-07-29','CC',191.9,'Boyce Bate','7520937315290368',1,2027,647,'Mastercard');
-- ------- SAMPLE 1311 ----------
INSERT INTO GUEST VALUES(2311,'Malia','Molden','MMolden@yahoo.com','1234 DaWrong Lane','Flonkerton','MD','12345','478-807-6672');
INSERT INTO RESERVATION VALUES ('20200603KJ3119222656505',2311,null,'KJ','2020-06-03','2020-06-08',null,'active');
INSERT INTO INVOICECHARGE VALUES ('20200603KJ3119222656505-ch00001','20200603KJ3119222656505','2020-06-03',457.39,'Base room charge');
INSERT INTO INVOICECHARGE VALUES ('20200603KJ3119222656505-ch00002','20200603KJ3119222656505','2020-06-03',235.62,'Room Service');
INSERT INTO PAYMENT (payment_id,invoice_id,payment_date,payment_type,payment_amount) VALUES ('20200603KJ3119222656505-p00001','20200603KJ3119222656505','2020-06-05','CA',693.01);
-- ------- SAMPLE 1312 ----------
INSERT INTO GUEST VALUES(2312,'Heather','Hartin','HHartin@hotmail.com','1234 DaWrong Lane','Flonkerton','MD','12345','210-309-9938');
INSERT INTO RESERVATION VALUES ('20180811KJ2109048329106',2312,203,'KJ','2018-08-11','2018-08-14',null,'complete');
INSERT INTO INVOICECHARGE VALUES ('20180811KJ2109048329106-ch00001','20180811KJ2109048329106','2018-08-11',415.81,'Base room charge');
INSERT INTO PAYMENT VALUES ('20180811KJ2109048329106-p00001','20180811KJ2109048329106','2018-08-13','CC',415.81,'Heather Hartin','2536216258020428',10,2023,253,'Mastercard');
-- ------- SAMPLE 1313 ----------
INSERT INTO GUEST VALUES(2313,'Theodora','Trickey','TTrickey@gmail.com','1234 DaWrong Lane','Flonkerton','MD','12345','328-061-7833');
INSERT INTO RESERVATION VALUES ('20200519QD3703362908923',2313,null,'QD','2020-05-19','2020-05-24',null,'active');
INSERT INTO INVOICECHARGE VALUES ('20200519QD3703362908923-ch00001','20200519QD3703362908923','2020-05-19',479.76,'Base room charge');
INSERT INTO PAYMENT VALUES ('20200519QD3703362908923-p00001','20200519QD3703362908923','2020-05-21','CC',479.76,'Theodora Trickey','8562790496905703',8,2027,985,'Mastercard');
-- ------- SAMPLE 1314 ----------
INSERT INTO GUEST VALUES(2314,'Corene','Carmody','CCarmody@yahoo.com','1234 DaWrong Lane','Flonkerton','MD','12345','129-553-2564');
INSERT INTO RESERVATION VALUES ('20200204KJ2605952354946',2314,109,'KJ','2020-02-04','2020-02-09',null,'complete');
INSERT INTO INVOICECHARGE VALUES ('20200204KJ2605952354946-ch00001','20200204KJ2605952354946','2020-02-04',457.39,'Base room charge');
INSERT INTO INVOICECHARGE VALUES ('20200204KJ2605952354946-ch00002','20200204KJ2605952354946','2020-02-04',235.62,'Cleaning fee');
INSERT INTO PAYMENT VALUES ('20200204KJ2605952354946-p00001','20200204KJ2605952354946','2020-02-06','CC',693.01,'Corene Carmody','6871232560516966',4,2023,847,'Mastercard');
-- ------- SAMPLE 1315 ----------
INSERT INTO GUEST VALUES(2315,'Sherryl','Shurtleff','SShurtleff@gmail.com','1234 DaWrong Lane','Flonkerton','MD','12345','049-316-3368');
INSERT INTO RESERVATION VALUES ('20200328QD9005814391545',2315,200,'QD','2020-03-28','2020-04-01',null,'complete');
INSERT INTO INVOICECHARGE VALUES ('20200328QD9005814391545-ch00001','20200328QD9005814391545','2020-03-28',383.81,'Base room charge');
INSERT INTO PAYMENT VALUES ('20200328QD9005814391545-p00001','20200328QD9005814391545','2020-03-30','CC',383.81,'Sherryl Shurtleff','1880323279090337',3,2025,825,'Mastercard');
-- ------- SAMPLE 1316 ----------
INSERT INTO GUEST VALUES(2316,'Malia','Molden','MMolden@gmail.com','1234 DaWrong Lane','Flonkerton','MD','12345','656-803-2825');
INSERT INTO RESERVATION VALUES ('20200425QD2352265112698',2316,111,'QD','2020-04-25','2020-04-30',null,'complete');
INSERT INTO INVOICECHARGE VALUES ('20200425QD2352265112698-ch00001','20200425QD2352265112698','2020-04-25',316.64,'Base room charge');
INSERT INTO INVOICECHARGE VALUES ('20200425QD2352265112698-ch00002','20200425QD2352265112698','2020-04-25',163.12,'Room Service');
INSERT INTO PAYMENT VALUES ('20200425QD2352265112698-p00001','20200425QD2352265112698','2020-04-27','CC',479.76,'Malia Molden','8733634653893352',9,2026,426,'Mastercard');
-- ------- SAMPLE 1317 ----------
INSERT INTO GUEST VALUES(2317,'Melony','Mcmartin','MMcmartin@hotmail.com','1234 DaWrong Lane','Flonkerton','MD','12345','013-804-1384');
INSERT INTO RESERVATION VALUES ('20190325KI6665149817370',2317,209,'KI','2019-03-25','2019-03-29',null,'complete');
INSERT INTO INVOICECHARGE VALUES ('20190325KI6665149817370-ch00001','20190325KI6665149817370','2019-03-25',225.16,'Base room charge');
INSERT INTO INVOICECHARGE VALUES ('20190325KI6665149817370-ch00002','20190325KI6665149817370','2019-03-25',115.99,'Room Service');
INSERT INTO PAYMENT (payment_id,invoice_id,payment_date,payment_type,payment_amount) VALUES ('20190325KI6665149817370-p00001','20190325KI6665149817370','2019-03-27','CA',341.16);
-- ------- SAMPLE 1318 ----------
INSERT INTO GUEST VALUES(2318,'Romelia','Rigdon','RRigdon@yahoo.com','1234 DaWrong Lane','Flonkerton','MD','12345','722-726-5689');
INSERT INTO RESERVATION VALUES ('20191106KI6194962946612',2318,110,'KI','2019-11-06','2019-11-11',null,'cancelled');
INSERT INTO INVOICECHARGE VALUES ('20191106KI6194962946612-ch00001','20191106KI6194962946612','2019-11-06',281.45,'Base room charge');
INSERT INTO INVOICECHARGE VALUES ('20191106KI6194962946612-ch00002','20191106KI6194962946612','2019-11-06',144.99,'Cleaning fee');
INSERT INTO PAYMENT VALUES ('20191106KI6194962946612-p00001','20191106KI6194962946612','2019-11-08','CC',426.45,'Romelia Rigdon','9993421488299231',12,2027,515,'Mastercard');
-- ------- SAMPLE 1319 ----------
INSERT INTO GUEST VALUES(2319,'Raisa','Romito','RRomito@hotmail.com','1234 DaWrong Lane','Flonkerton','MD','12345','736-064-0144');
INSERT INTO RESERVATION VALUES ('20180622KJ9847887058449',2319,119,'KJ','2018-06-22','2018-06-27',null,'complete');
INSERT INTO INVOICECHARGE VALUES ('20180622KJ9847887058449-ch00001','20180622KJ9847887058449','2018-06-22',457.39,'Base room charge');
INSERT INTO INVOICECHARGE VALUES ('20180622KJ9847887058449-ch00002','20180622KJ9847887058449','2018-06-22',235.62,'Room Service');
INSERT INTO PAYMENT VALUES ('20180622KJ9847887058449-p00001','20180622KJ9847887058449','2018-06-24','CC',693.01,'Raisa Romito','8315070247345938',3,2027,236,'Mastercard');
-- ------- SAMPLE 1320 ----------
INSERT INTO GUEST VALUES(2320,'Cherry','Chiarello','CChiarello@gmail.com','1234 DaWrong Lane','Flonkerton','MD','12345','304-957-6184');
INSERT INTO RESERVATION VALUES ('20200217QD4569925776990',2320,106,'QD','2020-02-17','2020-02-19',null,'cancelled');
INSERT INTO INVOICECHARGE VALUES ('20200217QD4569925776990-ch00001','20200217QD4569925776990','2020-02-17',126.66,'Base room charge');
INSERT INTO INVOICECHARGE VALUES ('20200217QD4569925776990-ch00002','20200217QD4569925776990','2020-02-17',65.25,'Room Service');
INSERT INTO PAYMENT VALUES ('20200217QD4569925776990-p00001','20200217QD4569925776990','2020-02-19','CC',191.9,'Cherry Chiarello','2657050834822856',7,2023,234,'Mastercard');
-- ------- SAMPLE 1321 ----------
INSERT INTO GUEST VALUES(2321,'Liliana','Lueck','LLueck@yahoo.com','1234 DaWrong Lane','Flonkerton','MD','12345','258-109-0912');
INSERT INTO RESERVATION VALUES ('20180923KI5128321747353',2321,120,'KI','2018-09-23','2018-09-25',null,'complete');
INSERT INTO INVOICECHARGE VALUES ('20180923KI5128321747353-ch00001','20180923KI5128321747353','2018-09-23',112.58,'Base room charge');
INSERT INTO INVOICECHARGE VALUES ('20180923KI5128321747353-ch00002','20180923KI5128321747353','2018-09-23',58,'Room Service');
INSERT INTO PAYMENT VALUES ('20180923KI5128321747353-p00001','20180923KI5128321747353','2018-09-25','CC',170.58,'Liliana Lueck','6403837179566454',2,2024,908,'Mastercard');
-- ------- SAMPLE 1322 ----------
INSERT INTO GUEST VALUES(2322,'Rick','Ritenour','RRitenour@yahoo.com','1234 DaWrong Lane','Flonkerton','MD','12345','870-976-2482');
INSERT INTO RESERVATION VALUES ('20190314QD6195763302572',2322,106,'QD','2019-03-14','2019-03-15',null,'complete');
INSERT INTO INVOICECHARGE VALUES ('20190314QD6195763302572-ch00001','20190314QD6195763302572','2019-03-14',95.95,'Base room charge');
INSERT INTO PAYMENT (payment_id,invoice_id,payment_date,payment_type,payment_amount) VALUES ('20190314QD6195763302572-p00001','20190314QD6195763302572','2019-03-16','CA',95.95);
-- ------- SAMPLE 1323 ----------
INSERT INTO GUEST VALUES(2323,'Jammie','Jo','JJo@gmail.com','1234 DaWrong Lane','Flonkerton','MD','12345','133-707-4528');
INSERT INTO RESERVATION VALUES ('20200414QS9706097251079',2323,202,'QS','2020-04-14','2020-04-18',null,'cancelled');
INSERT INTO INVOICECHARGE VALUES ('20200414QS9706097251079-ch00001','20200414QS9706097251079','2020-04-14',309.61,'Base room charge');
INSERT INTO INVOICECHARGE VALUES ('20200414QS9706097251079-ch00002','20200414QS9706097251079','2020-04-14',159.5,'Room Service');
INSERT INTO PAYMENT VALUES ('20200414QS9706097251079-p00001','20200414QS9706097251079','2020-04-16','CC',469.11,'Jammie Jo','3895986924940241',3,2024,858,'Mastercard');
-- ------- SAMPLE 1324 ----------
INSERT INTO GUEST VALUES(2324,'Randal','Rohman','RRohman@hotmail.com','1234 DaWrong Lane','Flonkerton','MD','12345','074-508-5453');
INSERT INTO RESERVATION VALUES ('20180908QS9729572109443',2324,103,'QS','2018-09-08','2018-09-11',null,'complete');
INSERT INTO INVOICECHARGE VALUES ('20180908QS9729572109443-ch00001','20180908QS9729572109443','2018-09-08',232.21,'Base room charge');
INSERT INTO INVOICECHARGE VALUES ('20180908QS9729572109443-ch00002','20180908QS9729572109443','2018-09-08',119.62,'Cleaning fee');
INSERT INTO PAYMENT VALUES ('20180908QS9729572109443-p00001','20180908QS9729572109443','2018-09-10','CC',351.83,'Randal Rohman','6837266415463476',5,2021,957,'Mastercard');
-- ------- SAMPLE 1325 ----------
INSERT INTO GUEST VALUES(2325,'Floy','Feinstein','FFeinstein@gmail.com','1234 DaWrong Lane','Flonkerton','MD','12345','651-394-5446');
INSERT INTO RESERVATION VALUES ('20181105KI4670201806445',2325,105,'KI','2018-11-05','2018-11-09',null,'complete');
INSERT INTO INVOICECHARGE VALUES ('20181105KI4670201806445-ch00001','20181105KI4670201806445','2018-11-05',225.16,'Base room charge');
INSERT INTO INVOICECHARGE VALUES ('20181105KI4670201806445-ch00002','20181105KI4670201806445','2018-11-05',115.99,'Room Service');
INSERT INTO PAYMENT VALUES ('20181105KI4670201806445-p00001','20181105KI4670201806445','2018-11-07','CC',341.16,'Floy Feinstein','1578334184437060',1,2021,881,'Mastercard');
-- ------- SAMPLE 1326 ----------
INSERT INTO GUEST VALUES(2326,'Irma','Irby','IIrby@hotmail.com','1234 DaWrong Lane','Flonkerton','MD','12345','702-622-6667');
INSERT INTO RESERVATION VALUES ('20210209QD4200623421467',2326,null,'QD','2021-02-09','2021-02-11',null,'active');
-- ------- SAMPLE 1327 ----------
INSERT INTO GUEST VALUES(2327,'Erminia','Eckard','EEckard@hotmail.com','1234 DaWrong Lane','Flonkerton','MD','12345','850-550-9790');
INSERT INTO RESERVATION VALUES ('20190918QD7324429551966',2327,205,'QD','2019-09-18','2019-09-19',null,'complete');
INSERT INTO INVOICECHARGE VALUES ('20190918QD7324429551966-ch00001','20190918QD7324429551966','2019-09-18',63.33,'Base room charge');
INSERT INTO INVOICECHARGE VALUES ('20190918QD7324429551966-ch00002','20190918QD7324429551966','2019-09-18',32.62,'Cleaning fee');
INSERT INTO PAYMENT VALUES ('20190918QD7324429551966-p00001','20190918QD7324429551966','2019-09-20','CC',95.95,'Erminia Eckard','5037486463494513',2,2027,636,'Mastercard');
-- ------- SAMPLE 1328 ----------
INSERT INTO GUEST VALUES(2328,'Marylynn','Musson','MMusson@gmail.com','1234 DaWrong Lane','Flonkerton','MD','12345','523-400-1639');
INSERT INTO RESERVATION VALUES ('20191018QD7645437589599',2328,101,'QD','2019-10-18','2019-10-22',null,'complete');
INSERT INTO INVOICECHARGE VALUES ('20191018QD7645437589599-ch00001','20191018QD7645437589599','2019-10-18',383.81,'Base room charge');
INSERT INTO PAYMENT VALUES ('20191018QD7645437589599-p00001','20191018QD7645437589599','2019-10-20','CC',383.81,'Marylynn Musson','2077311269171864',6,2025,877,'Mastercard');
-- ------- SAMPLE 1329 ----------
INSERT INTO GUEST VALUES(2329,'Daron','Dycus','DDycus@yahoo.com','1234 DaWrong Lane','Flonkerton','MD','12345','057-460-9409');
INSERT INTO RESERVATION VALUES ('20190409QD9423066200601',2329,116,'QD','2019-04-09','2019-04-14',null,'cancelled');
INSERT INTO INVOICECHARGE VALUES ('20190409QD9423066200601-ch00001','20190409QD9423066200601','2019-04-09',316.64,'Base room charge');
INSERT INTO INVOICECHARGE VALUES ('20190409QD9423066200601-ch00002','20190409QD9423066200601','2019-04-09',163.12,'Cleaning fee');
INSERT INTO PAYMENT VALUES ('20190409QD9423066200601-p00001','20190409QD9423066200601','2019-04-11','CC',479.76,'Daron Dycus','9403059077154060',12,2025,416,'Mastercard');
-- ------- SAMPLE 1330 ----------
INSERT INTO GUEST VALUES(2330,'Ngan','Nalley','NNalley@hotmail.com','1234 DaWrong Lane','Flonkerton','MD','12345','974-338-8757');
INSERT INTO RESERVATION VALUES ('20190908KJ8201649664813',2330,114,'KJ','2019-09-08','2019-09-11',null,'complete');
INSERT INTO INVOICECHARGE VALUES ('20190908KJ8201649664813-ch00001','20190908KJ8201649664813','2019-09-08',274.43,'Base room charge');
INSERT INTO INVOICECHARGE VALUES ('20190908KJ8201649664813-ch00002','20190908KJ8201649664813','2019-09-08',141.37,'Room Service');
INSERT INTO PAYMENT VALUES ('20190908KJ8201649664813-p00001','20190908KJ8201649664813','2019-09-10','CC',415.81,'Ngan Nalley','7290815026827922',6,2027,524,'Mastercard');
-- ------- SAMPLE 1331 ----------
INSERT INTO GUEST VALUES(2331,'Kenisha','Kane','KKane@gmail.com','1234 DaWrong Lane','Flonkerton','MD','12345','162-378-9233');
INSERT INTO RESERVATION VALUES ('20191118QD5855311072395',2331,106,'QD','2019-11-18','2019-11-23',null,'complete');
INSERT INTO INVOICECHARGE VALUES ('20191118QD5855311072395-ch00001','20191118QD5855311072395','2019-11-18',479.76,'Base room charge');
INSERT INTO PAYMENT VALUES ('20191118QD5855311072395-p00001','20191118QD5855311072395','2019-11-20','CC',479.76,'Kenisha Kane','6285435858839767',9,2026,945,'Mastercard');
-- ------- SAMPLE 1332 ----------
INSERT INTO GUEST VALUES(2332,'Shad','Sitler','SSitler@gmail.com','1234 DaWrong Lane','Flonkerton','MD','12345','421-818-8916');
INSERT INTO RESERVATION VALUES ('20200717QD9877509430752',2332,null,'QD','2020-07-17','2020-07-22',null,'active');
-- ------- SAMPLE 1333 ----------
INSERT INTO GUEST VALUES(2333,'Leanora','Locke','LLocke@hotmail.com','1234 DaWrong Lane','Flonkerton','MD','12345','816-114-8664');
INSERT INTO RESERVATION VALUES ('20180818KI5765605714038',2333,209,'KI','2018-08-18','2018-08-22',null,'complete');
INSERT INTO INVOICECHARGE VALUES ('20180818KI5765605714038-ch00001','20180818KI5765605714038','2018-08-18',225.16,'Base room charge');
INSERT INTO INVOICECHARGE VALUES ('20180818KI5765605714038-ch00002','20180818KI5765605714038','2018-08-18',115.99,'Cleaning fee');
INSERT INTO PAYMENT (payment_id,invoice_id,payment_date,payment_type,payment_amount) VALUES ('20180818KI5765605714038-p00001','20180818KI5765605714038','2018-08-20','CA',341.16);
-- ------- SAMPLE 1334 ----------
INSERT INTO GUEST VALUES(2334,'Buford','Biddy','BBiddy@gmail.com','1234 DaWrong Lane','Flonkerton','MD','12345','008-643-5789');
INSERT INTO RESERVATION VALUES ('20181203KI5655787674030',2334,110,'KI','2018-12-03','2018-12-07',null,'complete');
INSERT INTO INVOICECHARGE VALUES ('20181203KI5655787674030-ch00001','20181203KI5655787674030','2018-12-03',341.16,'Base room charge');
INSERT INTO PAYMENT VALUES ('20181203KI5655787674030-p00001','20181203KI5655787674030','2018-12-05','CC',341.16,'Buford Biddy','2077008360711570',3,2025,725,'Mastercard');
-- ------- SAMPLE 1335 ----------
INSERT INTO GUEST VALUES(2335,'Shera','Shorter','SShorter@yahoo.com','1234 DaWrong Lane','Flonkerton','MD','12345','512-486-6654');
INSERT INTO RESERVATION VALUES ('20180815KJ5314028448601',2335,104,'KJ','2018-08-15','2018-08-20',null,'complete');
INSERT INTO INVOICECHARGE VALUES ('20180815KJ5314028448601-ch00001','20180815KJ5314028448601','2018-08-15',457.39,'Base room charge');
INSERT INTO INVOICECHARGE VALUES ('20180815KJ5314028448601-ch00002','20180815KJ5314028448601','2018-08-15',235.62,'Room Service');
INSERT INTO PAYMENT VALUES ('20180815KJ5314028448601-p00001','20180815KJ5314028448601','2018-08-17','CC',693.01,'Shera Shorter','2070477555218499',2,2025,160,'Mastercard');
-- ------- SAMPLE 1336 ----------
INSERT INTO GUEST VALUES(2336,'Kathlyn','Kinser','KKinser@hotmail.com','1234 DaWrong Lane','Flonkerton','MD','12345','026-834-2418');
INSERT INTO RESERVATION VALUES ('20181023QD5167114681248',2336,111,'QD','2018-10-23','2018-10-28',null,'complete');
INSERT INTO INVOICECHARGE VALUES ('20181023QD5167114681248-ch00001','20181023QD5167114681248','2018-10-23',316.64,'Base room charge');
INSERT INTO INVOICECHARGE VALUES ('20181023QD5167114681248-ch00002','20181023QD5167114681248','2018-10-23',163.12,'Room Service');
INSERT INTO PAYMENT VALUES ('20181023QD5167114681248-p00001','20181023QD5167114681248','2018-10-25','CC',479.76,'Kathlyn Kinser','6284616888340122',7,2026,312,'Mastercard');
-- ------- SAMPLE 1337 ----------
INSERT INTO GUEST VALUES(2337,'Fonda','Foreman','FForeman@yahoo.com','1234 DaWrong Lane','Flonkerton','MD','12345','617-901-3186');
INSERT INTO RESERVATION VALUES ('20190411QS4415483295448',2337,202,'QS','2019-04-11','2019-04-14',null,'complete');
INSERT INTO INVOICECHARGE VALUES ('20190411QS4415483295448-ch00001','20190411QS4415483295448','2019-04-11',351.83,'Base room charge');
INSERT INTO PAYMENT VALUES ('20190411QS4415483295448-p00001','20190411QS4415483295448','2019-04-13','CC',351.83,'Fonda Foreman','1335752528484594',3,2021,268,'Mastercard');
-- ------- SAMPLE 1338 ----------
INSERT INTO GUEST VALUES(2338,'Nena','Nunez','NNunez@yahoo.com','1234 DaWrong Lane','Flonkerton','MD','12345','014-507-5570');
INSERT INTO RESERVATION VALUES ('20180921KS8095358876679',2338,201,'KS','2018-09-21','2018-09-26',null,'complete');
INSERT INTO INVOICECHARGE VALUES ('20180921KS8095358876679-ch00001','20180921KS8095358876679','2018-09-21',533.07,'Base room charge');
INSERT INTO PAYMENT VALUES ('20180921KS8095358876679-p00001','20180921KS8095358876679','2018-09-23','CC',533.07,'Nena Nunez','7208221559334080',9,2022,195,'Mastercard');
-- ------- SAMPLE 1339 ----------
INSERT INTO GUEST VALUES(2339,'Ella','Evanoff','EEvanoff@yahoo.com','1234 DaWrong Lane','Flonkerton','MD','12345','294-124-8189');
INSERT INTO RESERVATION VALUES ('20200302KJ4043138132202',2339,203,'KJ','2020-03-02','2020-03-04',null,'complete');
INSERT INTO INVOICECHARGE VALUES ('20200302KJ4043138132202-ch00001','20200302KJ4043138132202','2020-03-02',182.95,'Base room charge');
INSERT INTO INVOICECHARGE VALUES ('20200302KJ4043138132202-ch00002','20200302KJ4043138132202','2020-03-02',94.25,'Cleaning fee');
INSERT INTO PAYMENT VALUES ('20200302KJ4043138132202-p00001','20200302KJ4043138132202','2020-03-04','CC',277.2,'Ella Evanoff','3501353653017813',7,2026,114,'Mastercard');
-- ------- SAMPLE 1340 ----------
INSERT INTO GUEST VALUES(2340,'Shae','Sansom','SSansom@hotmail.com','1234 DaWrong Lane','Flonkerton','MD','12345','812-536-7809');
INSERT INTO RESERVATION VALUES ('20200814KS4475106698887',2340,null,'KS','2020-08-14','2020-08-18',null,'active');
INSERT INTO INVOICECHARGE VALUES ('20200814KS4475106698887-ch00001','20200814KS4475106698887','2020-08-14',426.46,'Base room charge');
INSERT INTO PAYMENT VALUES ('20200814KS4475106698887-p00001','20200814KS4475106698887','2020-08-16','CC',298,'Shae Sansom','1356025811217297',5,2026,535,'Mastercard');
-- ------- SAMPLE 1341 ----------
INSERT INTO GUEST VALUES(2341,'Boris','Berner','BBerner@gmail.com','1234 DaWrong Lane','Flonkerton','MD','12345','960-262-7460');
INSERT INTO RESERVATION VALUES ('20201202QS8485601673952',2341,null,'QS','2020-12-02','2020-12-05',null,'active');
-- ------- SAMPLE 1342 ----------
INSERT INTO GUEST VALUES(2342,'Rose','Royall','RRoyall@yahoo.com','1234 DaWrong Lane','Flonkerton','MD','12345','299-018-7538');
INSERT INTO RESERVATION VALUES ('20200122KS7315228480221',2342,112,'KS','2020-01-22','2020-01-25',null,'complete');
INSERT INTO INVOICECHARGE VALUES ('20200122KS7315228480221-ch00001','20200122KS7315228480221','2020-01-22',319.84,'Base room charge');
INSERT INTO PAYMENT VALUES ('20200122KS7315228480221-p00001','20200122KS7315228480221','2020-01-24','CC',319.84,'Rose Royall','3211647692369546',5,2022,481,'Mastercard');
-- ------- SAMPLE 1343 ----------
INSERT INTO GUEST VALUES(2343,'Romelia','Rigdon','RRigdon@hotmail.com','1234 DaWrong Lane','Flonkerton','MD','12345','438-868-5796');
INSERT INTO RESERVATION VALUES ('20191108KS6083830966159',2343,112,'KS','2019-11-08','2019-11-13',null,'complete');
INSERT INTO INVOICECHARGE VALUES ('20191108KS6083830966159-ch00001','20191108KS6083830966159','2019-11-08',351.83,'Base room charge');
INSERT INTO INVOICECHARGE VALUES ('20191108KS6083830966159-ch00002','20191108KS6083830966159','2019-11-08',181.24,'Cleaning fee');
INSERT INTO PAYMENT VALUES ('20191108KS6083830966159-p00001','20191108KS6083830966159','2019-11-10','CC',533.07,'Romelia Rigdon','8892385996066820',10,2023,817,'Mastercard');
-- ------- SAMPLE 1344 ----------
INSERT INTO GUEST VALUES(2344,'Romaine','Reck','RReck@gmail.com','1234 DaWrong Lane','Flonkerton','MD','12345','982-149-7567');
INSERT INTO RESERVATION VALUES ('20200503QD6012105373771',2344,200,'QD','2020-05-03','2020-05-05',null,'complete');
INSERT INTO INVOICECHARGE VALUES ('20200503QD6012105373771-ch00001','20200503QD6012105373771','2020-05-03',191.9,'Base room charge');
INSERT INTO PAYMENT VALUES ('20200503QD6012105373771-p00001','20200503QD6012105373771','2020-05-05','CC',191.9,'Romaine Reck','9620876082261682',10,2021,582,'Mastercard');
-- ------- SAMPLE 1345 ----------
INSERT INTO GUEST VALUES(2345,'Aretha','Acy','AAcy@yahoo.com','1234 DaWrong Lane','Flonkerton','MD','12345','726-293-5910');
INSERT INTO RESERVATION VALUES ('20210424QS7832113504094',2345,null,'QS','2021-04-24','2021-04-27',null,'active');
INSERT INTO INVOICECHARGE VALUES ('20210424QS7832113504094-ch00001','20210424QS7832113504094','2021-04-24',232.21,'Base room charge');
INSERT INTO INVOICECHARGE VALUES ('20210424QS7832113504094-ch00002','20210424QS7832113504094','2021-04-24',119.62,'Cleaning fee');
INSERT INTO PAYMENT VALUES ('20210424QS7832113504094-p00001','20210424QS7832113504094','2021-04-26','CC',351.83,'Aretha Acy','9075089695220091',7,2027,139,'Mastercard');
-- ------- SAMPLE 1346 ----------
INSERT INTO GUEST VALUES(2346,'Christine','Ciampa','CCiampa@yahoo.com','1234 DaWrong Lane','Flonkerton','MD','12345','434-448-2860');
INSERT INTO RESERVATION VALUES ('20180924QD3265858310094',2346,200,'QD','2018-09-24','2018-09-28',null,'complete');
INSERT INTO INVOICECHARGE VALUES ('20180924QD3265858310094-ch00001','20180924QD3265858310094','2018-09-24',253.31,'Base room charge');
INSERT INTO INVOICECHARGE VALUES ('20180924QD3265858310094-ch00002','20180924QD3265858310094','2018-09-24',130.49,'Cleaning fee');
INSERT INTO PAYMENT VALUES ('20180924QD3265858310094-p00001','20180924QD3265858310094','2018-09-26','CC',383.81,'Christine Ciampa','7469173491296350',2,2022,653,'Mastercard');
-- ------- SAMPLE 1347 ----------
INSERT INTO GUEST VALUES(2347,'Vicky','Vanderhoff','VVanderhoff@gmail.com','1234 DaWrong Lane','Flonkerton','MD','12345','619-575-2378');
INSERT INTO RESERVATION VALUES ('20190912KS3906585122878',2347,117,'KS','2019-09-12','2019-09-13',null,'complete');
INSERT INTO INVOICECHARGE VALUES ('20190912KS3906585122878-ch00001','20190912KS3906585122878','2019-09-12',70.37,'Base room charge');
INSERT INTO INVOICECHARGE VALUES ('20190912KS3906585122878-ch00002','20190912KS3906585122878','2019-09-12',36.25,'Room Service');
INSERT INTO PAYMENT VALUES ('20190912KS3906585122878-p00001','20190912KS3906585122878','2019-09-14','CC',106.61,'Vicky Vanderhoff','8829929296212202',5,2021,221,'Mastercard');
-- ------- SAMPLE 1348 ----------
INSERT INTO GUEST VALUES(2348,'Selene','Staiger','SStaiger@yahoo.com','1234 DaWrong Lane','Flonkerton','MD','12345','651-906-9161');
INSERT INTO RESERVATION VALUES ('20181001KS1482417185007',2348,102,'KS','2018-10-01','2018-10-05',null,'complete');
INSERT INTO INVOICECHARGE VALUES ('20181001KS1482417185007-ch00001','20181001KS1482417185007','2018-10-01',281.46,'Base room charge');
INSERT INTO INVOICECHARGE VALUES ('20181001KS1482417185007-ch00002','20181001KS1482417185007','2018-10-01',145,'Cleaning fee');
INSERT INTO PAYMENT VALUES ('20181001KS1482417185007-p00001','20181001KS1482417185007','2018-10-03','CC',426.46,'Selene Staiger','8457389418478867',8,2027,732,'Mastercard');
-- ------- SAMPLE 1349 ----------
INSERT INTO GUEST VALUES(2349,'Demarcus','Dearborn','DDearborn@hotmail.com','1234 DaWrong Lane','Flonkerton','MD','12345','943-059-8973');
INSERT INTO RESERVATION VALUES ('20181206KJ1922959993300',2349,208,'KJ','2018-12-06','2018-12-07',null,'cancelled');
INSERT INTO INVOICECHARGE VALUES ('20181206KJ1922959993300-ch00001','20181206KJ1922959993300','2018-12-06',138.6,'Base room charge');
INSERT INTO PAYMENT VALUES ('20181206KJ1922959993300-p00001','20181206KJ1922959993300','2018-12-08','CC',138.6,'Demarcus Dearborn','8451605659381156',2,2024,873,'Mastercard');
-- ------- SAMPLE 1350 ----------
INSERT INTO GUEST VALUES(2350,'Lakenya','Langston','LLangston@yahoo.com','1234 DaWrong Lane','Flonkerton','MD','12345','324-334-3119');
INSERT INTO RESERVATION VALUES ('20200913KI3669704072535',2350,null,'KI','2020-09-13','2020-09-15',null,'active');
INSERT INTO INVOICECHARGE VALUES ('20200913KI3669704072535-ch00001','20200913KI3669704072535','2020-09-13',112.58,'Base room charge');
INSERT INTO INVOICECHARGE VALUES ('20200913KI3669704072535-ch00002','20200913KI3669704072535','2020-09-13',58,'Cleaning fee');
INSERT INTO PAYMENT VALUES ('20200913KI3669704072535-p00001','20200913KI3669704072535','2020-09-15','CC',170.58,'Lakenya Langston','8863002702810244',4,2026,149,'Mastercard');
-- ------- SAMPLE 1351 ----------
INSERT INTO GUEST VALUES(2351,'Tomika','Teran','TTeran@gmail.com','1234 DaWrong Lane','Flonkerton','MD','12345','543-892-6037');
INSERT INTO RESERVATION VALUES ('20201206KJ9689730586340',2351,null,'KJ','2020-12-06','2020-12-07',null,'active');
INSERT INTO INVOICECHARGE VALUES ('20201206KJ9689730586340-ch00001','20201206KJ9689730586340','2020-12-06',91.48,'Base room charge');
INSERT INTO INVOICECHARGE VALUES ('20201206KJ9689730586340-ch00002','20201206KJ9689730586340','2020-12-06',47.12,'Cleaning fee');
INSERT INTO PAYMENT VALUES ('20201206KJ9689730586340-p00001','20201206KJ9689730586340','2020-12-08','CC',134,'Tomika Teran','4869399195564291',3,2021,498,'Mastercard');
-- ------- SAMPLE 1352 ----------
INSERT INTO GUEST VALUES(2352,'Melaine','Miskell','MMiskell@yahoo.com','1234 DaWrong Lane','Flonkerton','MD','12345','669-159-3903');
INSERT INTO RESERVATION VALUES ('20180901QS6463585790684',2352,207,'QS','2018-09-01','2018-09-05',null,'complete');
INSERT INTO INVOICECHARGE VALUES ('20180901QS6463585790684-ch00001','20180901QS6463585790684','2018-09-01',469.11,'Base room charge');
INSERT INTO PAYMENT VALUES ('20180901QS6463585790684-p00001','20180901QS6463585790684','2018-09-03','CC',469.11,'Melaine Miskell','6018141865663605',7,2025,987,'Mastercard');
-- ------- SAMPLE 1353 ----------
INSERT INTO GUEST VALUES(2353,'Tish','Tusing','TTusing@yahoo.com','1234 DaWrong Lane','Flonkerton','MD','12345','572-744-8833');
INSERT INTO RESERVATION VALUES ('20190529QD1506798155283',2353,116,'QD','2019-05-29','2019-06-02',null,'complete');
INSERT INTO INVOICECHARGE VALUES ('20190529QD1506798155283-ch00001','20190529QD1506798155283','2019-05-29',383.81,'Base room charge');
INSERT INTO PAYMENT VALUES ('20190529QD1506798155283-p00001','20190529QD1506798155283','2019-05-31','CC',383.81,'Tish Tusing','2297853166982827',2,2026,865,'Mastercard');
-- ------- SAMPLE 1354 ----------
INSERT INTO GUEST VALUES(2354,'Florentino','Feth','FFeth@hotmail.com','1234 DaWrong Lane','Flonkerton','MD','12345','252-700-8376');
INSERT INTO RESERVATION VALUES ('20190923KS1249582752205',2354,112,'KS','2019-09-23','2019-09-28',null,'complete');
INSERT INTO INVOICECHARGE VALUES ('20190923KS1249582752205-ch00001','20190923KS1249582752205','2019-09-23',533.07,'Base room charge');
INSERT INTO PAYMENT (payment_id,invoice_id,payment_date,payment_type,payment_amount) VALUES ('20190923KS1249582752205-p00001','20190923KS1249582752205','2019-09-25','CA',533.07);
-- ------- SAMPLE 1355 ----------
INSERT INTO GUEST VALUES(2355,'Julene','Jahn','JJahn@yahoo.com','1234 DaWrong Lane','Flonkerton','MD','12345','798-149-2443');
INSERT INTO RESERVATION VALUES ('20190802KI4809104324557',2355,204,'KI','2019-08-02','2019-08-06',null,'complete');
INSERT INTO INVOICECHARGE VALUES ('20190802KI4809104324557-ch00001','20190802KI4809104324557','2019-08-02',225.16,'Base room charge');
INSERT INTO INVOICECHARGE VALUES ('20190802KI4809104324557-ch00002','20190802KI4809104324557','2019-08-02',115.99,'Room Service');
INSERT INTO PAYMENT VALUES ('20190802KI4809104324557-p00001','20190802KI4809104324557','2019-08-04','CC',341.16,'Julene Jahn','5656638459143950',5,2021,224,'Mastercard');
-- ------- SAMPLE 1356 ----------
INSERT INTO GUEST VALUES(2356,'Mario','Macdowell','MMacdowell@hotmail.com','1234 DaWrong Lane','Flonkerton','MD','12345','335-685-4960');
INSERT INTO RESERVATION VALUES ('20210117KS9325049660434',2356,null,'KS','2021-01-17','2021-01-22',null,'active');
INSERT INTO INVOICECHARGE VALUES ('20210117KS9325049660434-ch00001','20210117KS9325049660434','2021-01-17',533.07,'Base room charge');
INSERT INTO PAYMENT VALUES ('20210117KS9325049660434-p00001','20210117KS9325049660434','2021-01-19','CC',152,'Mario Macdowell','4197495773419551',4,2023,607,'Mastercard');
-- ------- SAMPLE 1357 ----------
INSERT INTO GUEST VALUES(2357,'Kathern','Korn','KKorn@yahoo.com','1234 DaWrong Lane','Flonkerton','MD','12345','912-085-2375');
INSERT INTO RESERVATION VALUES ('20200217KS1401122508091',2357,102,'KS','2020-02-17','2020-02-20',null,'complete');
INSERT INTO INVOICECHARGE VALUES ('20200217KS1401122508091-ch00001','20200217KS1401122508091','2020-02-17',211.1,'Base room charge');
INSERT INTO INVOICECHARGE VALUES ('20200217KS1401122508091-ch00002','20200217KS1401122508091','2020-02-17',108.75,'Cleaning fee');
INSERT INTO PAYMENT (payment_id,invoice_id,payment_date,payment_type,payment_amount) VALUES ('20200217KS1401122508091-p00001','20200217KS1401122508091','2020-02-19','CA',319.84);
-- ------- SAMPLE 1358 ----------
INSERT INTO GUEST VALUES(2358,'Delora','Delph','DDelph@hotmail.com','1234 DaWrong Lane','Flonkerton','MD','12345','878-003-6871');
INSERT INTO RESERVATION VALUES ('20191011KI1368606292662',2358,120,'KI','2019-10-11','2019-10-14',null,'complete');
INSERT INTO INVOICECHARGE VALUES ('20191011KI1368606292662-ch00001','20191011KI1368606292662','2019-10-11',255.87,'Base room charge');
INSERT INTO PAYMENT VALUES ('20191011KI1368606292662-p00001','20191011KI1368606292662','2019-10-13','CC',255.87,'Delora Delph','1736564768458162',8,2023,513,'Mastercard');
-- ------- SAMPLE 1359 ----------
INSERT INTO GUEST VALUES(2359,'Margorie','Mcnish','MMcnish@gmail.com','1234 DaWrong Lane','Flonkerton','MD','12345','297-258-4643');
INSERT INTO RESERVATION VALUES ('20200102KJ8500240638529',2359,104,'KJ','2020-01-02','2020-01-03',null,'complete');
INSERT INTO INVOICECHARGE VALUES ('20200102KJ8500240638529-ch00001','20200102KJ8500240638529','2020-01-02',138.6,'Base room charge');
INSERT INTO PAYMENT VALUES ('20200102KJ8500240638529-p00001','20200102KJ8500240638529','2020-01-04','CC',138.6,'Margorie Mcnish','7843057629774766',2,2023,38,'Mastercard');
-- ------- SAMPLE 1360 ----------
INSERT INTO GUEST VALUES(2360,'Maryann','Mccutcheon','MMccutcheon@hotmail.com','1234 DaWrong Lane','Flonkerton','MD','12345','307-843-1753');
INSERT INTO RESERVATION VALUES ('20210424KI8092447599864',2360,null,'KI','2021-04-24','2021-04-25',null,'active');
INSERT INTO INVOICECHARGE VALUES ('20210424KI8092447599864-ch00001','20210424KI8092447599864','2021-04-24',85.29,'Base room charge');
INSERT INTO PAYMENT VALUES ('20210424KI8092447599864-p00001','20210424KI8092447599864','2021-04-26','CC',85.29,'Maryann Mccutcheon','8278842193786820',10,2025,746,'Mastercard');
-- ------- SAMPLE 1361 ----------
INSERT INTO GUEST VALUES(2361,'Lillia','Linen','LLinen@gmail.com','1234 DaWrong Lane','Flonkerton','MD','12345','815-938-9495');
INSERT INTO RESERVATION VALUES ('20210316QS8646609521173',2361,null,'QS','2021-03-16','2021-03-20',null,'active');
-- ------- SAMPLE 1362 ----------
INSERT INTO GUEST VALUES(2362,'Kasey','Kipp','KKipp@gmail.com','1234 DaWrong Lane','Flonkerton','MD','12345','099-451-9514');
INSERT INTO RESERVATION VALUES ('20200626KI8320934159787',2362,null,'KI','2020-06-26','2020-06-30',null,'active');
-- ------- SAMPLE 1363 ----------
INSERT INTO GUEST VALUES(2363,'Walter','Wellington','WWellington@gmail.com','1234 DaWrong Lane','Flonkerton','MD','12345','931-979-1236');
INSERT INTO RESERVATION VALUES ('20190423KI5577252514969',2363,209,'KI','2019-04-23','2019-04-26',null,'complete');
INSERT INTO INVOICECHARGE VALUES ('20190423KI5577252514969-ch00001','20190423KI5577252514969','2019-04-23',168.87,'Base room charge');
INSERT INTO INVOICECHARGE VALUES ('20190423KI5577252514969-ch00002','20190423KI5577252514969','2019-04-23',87,'Cleaning fee');
INSERT INTO PAYMENT VALUES ('20190423KI5577252514969-p00001','20190423KI5577252514969','2019-04-25','CC',255.87,'Walter Wellington','8365436684710279',11,2023,487,'Mastercard');
-- ------- SAMPLE 1364 ----------
INSERT INTO GUEST VALUES(2364,'Erminia','Eckard','EEckard@yahoo.com','1234 DaWrong Lane','Flonkerton','MD','12345','971-131-4585');
INSERT INTO RESERVATION VALUES ('20201208QD6929788454949',2364,null,'QD','2020-12-08','2020-12-12',null,'active');
INSERT INTO INVOICECHARGE VALUES ('20201208QD6929788454949-ch00001','20201208QD6929788454949','2020-12-08',253.31,'Base room charge');
INSERT INTO INVOICECHARGE VALUES ('20201208QD6929788454949-ch00002','20201208QD6929788454949','2020-12-08',130.49,'Cleaning fee');
INSERT INTO PAYMENT (payment_id,invoice_id,payment_date,payment_type,payment_amount) VALUES ('20201208QD6929788454949-p00001','20201208QD6929788454949','2020-12-10','CA',266);
-- ------- SAMPLE 1365 ----------
INSERT INTO GUEST VALUES(2365,'Fredericka','Farney','FFarney@yahoo.com','1234 DaWrong Lane','Flonkerton','MD','12345','481-487-9543');
INSERT INTO RESERVATION VALUES ('20200803QS4136098590247',2365,null,'QS','2020-08-03','2020-08-06',null,'active');
INSERT INTO INVOICECHARGE VALUES ('20200803QS4136098590247-ch00001','20200803QS4136098590247','2020-08-03',351.83,'Base room charge');
INSERT INTO PAYMENT VALUES ('20200803QS4136098590247-p00001','20200803QS4136098590247','2020-08-05','CC',351.83,'Fredericka Farney','4624026225715320',12,2024,698,'Mastercard');
-- ------- SAMPLE 1366 ----------
INSERT INTO GUEST VALUES(2366,'Rachell','Riser','RRiser@gmail.com','1234 DaWrong Lane','Flonkerton','MD','12345','469-805-9055');
INSERT INTO RESERVATION VALUES ('20190525QD3560959851679',2366,205,'QD','2019-05-25','2019-05-30',null,'cancelled');
INSERT INTO INVOICECHARGE VALUES ('20190525QD3560959851679-ch00001','20190525QD3560959851679','2019-05-25',479.76,'Base room charge');
INSERT INTO PAYMENT VALUES ('20190525QD3560959851679-p00001','20190525QD3560959851679','2019-05-27','CC',479.76,'Rachell Riser','1713607069628662',3,2021,149,'Mastercard');
-- ------- SAMPLE 1367 ----------
INSERT INTO GUEST VALUES(2367,'Kathey','Kingston','KKingston@hotmail.com','1234 DaWrong Lane','Flonkerton','MD','12345','926-937-8532');
INSERT INTO RESERVATION VALUES ('20180621KI4505934137412',2367,204,'KI','2018-06-21','2018-06-26',null,'complete');
INSERT INTO INVOICECHARGE VALUES ('20180621KI4505934137412-ch00001','20180621KI4505934137412','2018-06-21',426.45,'Base room charge');
INSERT INTO PAYMENT (payment_id,invoice_id,payment_date,payment_type,payment_amount) VALUES ('20180621KI4505934137412-p00001','20180621KI4505934137412','2018-06-23','CA',426.45);
-- ------- SAMPLE 1368 ----------
INSERT INTO GUEST VALUES(2368,'Kenisha','Kane','KKane@gmail.com','1234 DaWrong Lane','Flonkerton','MD','12345','459-022-9471');
INSERT INTO RESERVATION VALUES ('20200925KJ2516401687704',2368,null,'KJ','2020-09-25','2020-09-26',null,'active');
-- ------- SAMPLE 1369 ----------
INSERT INTO GUEST VALUES(2369,'Demarcus','Dearborn','DDearborn@yahoo.com','1234 DaWrong Lane','Flonkerton','MD','12345','090-086-4348');
INSERT INTO RESERVATION VALUES ('20190311KJ7180076371384',2369,119,'KJ','2019-03-11','2019-03-12',null,'complete');
INSERT INTO INVOICECHARGE VALUES ('20190311KJ7180076371384-ch00001','20190311KJ7180076371384','2019-03-11',138.6,'Base room charge');
INSERT INTO PAYMENT VALUES ('20190311KJ7180076371384-p00001','20190311KJ7180076371384','2019-03-13','CC',138.6,'Demarcus Dearborn','6924432137166303',3,2023,721,'Mastercard');
-- ------- SAMPLE 1370 ----------
INSERT INTO GUEST VALUES(2370,'Tifany','Temple','TTemple@yahoo.com','1234 DaWrong Lane','Flonkerton','MD','12345','136-490-3253');
INSERT INTO RESERVATION VALUES ('20180507QS2890382572542',2370,103,'QS','2018-05-07','2018-05-08',null,'complete');
INSERT INTO INVOICECHARGE VALUES ('20180507QS2890382572542-ch00001','20180507QS2890382572542','2018-05-07',117.28,'Base room charge');
INSERT INTO PAYMENT VALUES ('20180507QS2890382572542-p00001','20180507QS2890382572542','2018-05-09','CC',117.28,'Tifany Temple','7747302776332930',7,2027,8,'Mastercard');
-- ------- SAMPLE 1371 ----------
INSERT INTO GUEST VALUES(2371,'Claribel','Catanzaro','CCatanzaro@hotmail.com','1234 DaWrong Lane','Flonkerton','MD','12345','214-277-2969');
INSERT INTO RESERVATION VALUES ('20210326KJ9713805162118',2371,null,'KJ','2021-03-26','2021-03-30',null,'active');
INSERT INTO INVOICECHARGE VALUES ('20210326KJ9713805162118-ch00001','20210326KJ9713805162118','2021-03-26',554.41,'Base room charge');
INSERT INTO PAYMENT (payment_id,invoice_id,payment_date,payment_type,payment_amount) VALUES ('20210326KJ9713805162118-p00001','20210326KJ9713805162118','2021-03-28','CA',554.41);
-- ------- SAMPLE 1372 ----------
INSERT INTO GUEST VALUES(2372,'Shaneka','Stribling','SStribling@yahoo.com','1234 DaWrong Lane','Flonkerton','MD','12345','388-522-2489');
INSERT INTO RESERVATION VALUES ('20201022KI3129962114019',2372,null,'KI','2020-10-22','2020-10-23',null,'active');
INSERT INTO INVOICECHARGE VALUES ('20201022KI3129962114019-ch00001','20201022KI3129962114019','2020-10-22',85.29,'Base room charge');
INSERT INTO PAYMENT VALUES ('20201022KI3129962114019-p00001','20201022KI3129962114019','2020-10-24','CC',85.29,'Shaneka Stribling','1090651126342914',1,2025,927,'Mastercard');
-- ------- SAMPLE 1373 ----------
INSERT INTO GUEST VALUES(2373,'Bell','Belizaire','BBelizaire@gmail.com','1234 DaWrong Lane','Flonkerton','MD','12345','557-727-5023');
INSERT INTO RESERVATION VALUES ('20200720QD7412905797355',2373,null,'QD','2020-07-20','2020-07-24',null,'active');
INSERT INTO INVOICECHARGE VALUES ('20200720QD7412905797355-ch00001','20200720QD7412905797355','2020-07-20',383.81,'Base room charge');
INSERT INTO PAYMENT (payment_id,invoice_id,payment_date,payment_type,payment_amount) VALUES ('20200720QD7412905797355-p00001','20200720QD7412905797355','2020-07-22','CA',383.81);
-- ------- SAMPLE 1374 ----------
INSERT INTO GUEST VALUES(2374,'Katerine','Kawakami','KKawakami@hotmail.com','1234 DaWrong Lane','Flonkerton','MD','12345','974-001-1979');
INSERT INTO RESERVATION VALUES ('20200814QS5834435430970',2374,null,'QS','2020-08-14','2020-08-16',null,'active');
INSERT INTO INVOICECHARGE VALUES ('20200814QS5834435430970-ch00001','20200814QS5834435430970','2020-08-14',234.55,'Base room charge');
INSERT INTO PAYMENT VALUES ('20200814QS5834435430970-p00001','20200814QS5834435430970','2020-08-16','CC',23,'Katerine Kawakami','7704622964845872',1,2025,368,'Mastercard');
-- ------- SAMPLE 1375 ----------
INSERT INTO GUEST VALUES(2375,'Hanna','Hastie','HHastie@yahoo.com','1234 DaWrong Lane','Flonkerton','MD','12345','268-582-9595');
INSERT INTO RESERVATION VALUES ('20190705KI7716302190165',2375,209,'KI','2019-07-05','2019-07-10',null,'complete');
INSERT INTO INVOICECHARGE VALUES ('20190705KI7716302190165-ch00001','20190705KI7716302190165','2019-07-05',426.45,'Base room charge');
INSERT INTO PAYMENT (payment_id,invoice_id,payment_date,payment_type,payment_amount) VALUES ('20190705KI7716302190165-p00001','20190705KI7716302190165','2019-07-07','CA',426.45);
-- ------- SAMPLE 1376 ----------
INSERT INTO GUEST VALUES(2376,'Antwan','Albury','AAlbury@hotmail.com','1234 DaWrong Lane','Flonkerton','MD','12345','705-514-3446');
INSERT INTO RESERVATION VALUES ('20201205KJ8577737871348',2376,null,'KJ','2020-12-05','2020-12-06',null,'active');
-- ------- SAMPLE 1377 ----------
INSERT INTO GUEST VALUES(2377,'Deandra','Dimauro','DDimauro@yahoo.com','1234 DaWrong Lane','Flonkerton','MD','12345','083-753-4421');
INSERT INTO RESERVATION VALUES ('20200902KI7334714660555',2377,null,'KI','2020-09-02','2020-09-05',null,'active');
-- ------- SAMPLE 1378 ----------
INSERT INTO GUEST VALUES(2378,'Shena','Sandoz','SSandoz@gmail.com','1234 DaWrong Lane','Flonkerton','MD','12345','489-748-8590');
INSERT INTO RESERVATION VALUES ('20181207KJ2872417053604',2378,208,'KJ','2018-12-07','2018-12-10',null,'cancelled');
INSERT INTO INVOICECHARGE VALUES ('20181207KJ2872417053604-ch00001','20181207KJ2872417053604','2018-12-07',415.81,'Base room charge');
INSERT INTO PAYMENT VALUES ('20181207KJ2872417053604-p00001','20181207KJ2872417053604','2018-12-09','CC',415.81,'Shena Sandoz','6377095353486652',3,2023,295,'Mastercard');
-- ------- SAMPLE 1379 ----------
INSERT INTO GUEST VALUES(2379,'Laraine','Lazar','LLazar@yahoo.com','1234 DaWrong Lane','Flonkerton','MD','12345','131-534-7279');
INSERT INTO RESERVATION VALUES ('20180728QS7118361590670',2379,113,'QS','2018-07-28','2018-08-01',null,'complete');
INSERT INTO INVOICECHARGE VALUES ('20180728QS7118361590670-ch00001','20180728QS7118361590670','2018-07-28',469.11,'Base room charge');
INSERT INTO PAYMENT (payment_id,invoice_id,payment_date,payment_type,payment_amount) VALUES ('20180728QS7118361590670-p00001','20180728QS7118361590670','2018-07-30','CA',469.11);
-- ------- SAMPLE 1380 ----------
INSERT INTO GUEST VALUES(2380,'Buford','Biddy','BBiddy@hotmail.com','1234 DaWrong Lane','Flonkerton','MD','12345','397-358-3076');
INSERT INTO RESERVATION VALUES ('20190423KS1725149765487',2380,117,'KS','2019-04-23','2019-04-26',null,'complete');
INSERT INTO INVOICECHARGE VALUES ('20190423KS1725149765487-ch00001','20190423KS1725149765487','2019-04-23',211.1,'Base room charge');
INSERT INTO INVOICECHARGE VALUES ('20190423KS1725149765487-ch00002','20190423KS1725149765487','2019-04-23',108.75,'Cleaning fee');
INSERT INTO PAYMENT VALUES ('20190423KS1725149765487-p00001','20190423KS1725149765487','2019-04-25','CC',319.84,'Buford Biddy','4127627327516621',5,2027,338,'Mastercard');
-- ------- SAMPLE 1381 ----------
INSERT INTO GUEST VALUES(2381,'Selene','Staiger','SStaiger@gmail.com','1234 DaWrong Lane','Flonkerton','MD','12345','159-863-1029');
INSERT INTO RESERVATION VALUES ('20190911KJ5001114145831',2381,114,'KJ','2019-09-11','2019-09-12',null,'complete');
INSERT INTO INVOICECHARGE VALUES ('20190911KJ5001114145831-ch00001','20190911KJ5001114145831','2019-09-11',138.6,'Base room charge');
INSERT INTO PAYMENT (payment_id,invoice_id,payment_date,payment_type,payment_amount) VALUES ('20190911KJ5001114145831-p00001','20190911KJ5001114145831','2019-09-13','CA',138.6);
-- ------- SAMPLE 1382 ----------
INSERT INTO GUEST VALUES(2382,'Boyce','Bate','BBate@gmail.com','1234 DaWrong Lane','Flonkerton','MD','12345','516-410-8846');
INSERT INTO RESERVATION VALUES ('20190521KJ8963175329030',2382,104,'KJ','2019-05-21','2019-05-24',null,'complete');
INSERT INTO INVOICECHARGE VALUES ('20190521KJ8963175329030-ch00001','20190521KJ8963175329030','2019-05-21',415.81,'Base room charge');
INSERT INTO PAYMENT VALUES ('20190521KJ8963175329030-p00001','20190521KJ8963175329030','2019-05-23','CC',415.81,'Boyce Bate','1725319775629399',11,2024,473,'Mastercard');
-- ------- SAMPLE 1383 ----------
INSERT INTO GUEST VALUES(2383,'Katerine','Kawakami','KKawakami@yahoo.com','1234 DaWrong Lane','Flonkerton','MD','12345','709-693-7484');
INSERT INTO RESERVATION VALUES ('20180611QS8740776848462',2383,103,'QS','2018-06-11','2018-06-12',null,'cancelled');
INSERT INTO INVOICECHARGE VALUES ('20180611QS8740776848462-ch00001','20180611QS8740776848462','2018-06-11',77.4,'Base room charge');
INSERT INTO INVOICECHARGE VALUES ('20180611QS8740776848462-ch00002','20180611QS8740776848462','2018-06-11',39.87,'Cleaning fee');
INSERT INTO PAYMENT VALUES ('20180611QS8740776848462-p00001','20180611QS8740776848462','2018-06-13','CC',117.28,'Katerine Kawakami','5770292870847663',5,2027,552,'Mastercard');
-- ------- SAMPLE 1384 ----------
INSERT INTO GUEST VALUES(2384,'Marylynn','Musson','MMusson@yahoo.com','1234 DaWrong Lane','Flonkerton','MD','12345','058-725-9601');
INSERT INTO RESERVATION VALUES ('20201205KI4475611032552',2384,null,'KI','2020-12-05','2020-12-08',null,'active');
INSERT INTO INVOICECHARGE VALUES ('20201205KI4475611032552-ch00001','20201205KI4475611032552','2020-12-05',168.87,'Base room charge');
INSERT INTO INVOICECHARGE VALUES ('20201205KI4475611032552-ch00002','20201205KI4475611032552','2020-12-05',87,'Room Service');
INSERT INTO PAYMENT VALUES ('20201205KI4475611032552-p00001','20201205KI4475611032552','2020-12-07','CC',232,'Marylynn Musson','8799388322768998',6,2025,228,'Mastercard');
-- ------- SAMPLE 1385 ----------
INSERT INTO GUEST VALUES(2385,'Leanora','Locke','LLocke@gmail.com','1234 DaWrong Lane','Flonkerton','MD','12345','732-175-2197');
INSERT INTO RESERVATION VALUES ('20190509KS8621946023752',2385,117,'KS','2019-05-09','2019-05-12',null,'complete');
INSERT INTO INVOICECHARGE VALUES ('20190509KS8621946023752-ch00001','20190509KS8621946023752','2019-05-09',211.1,'Base room charge');
INSERT INTO INVOICECHARGE VALUES ('20190509KS8621946023752-ch00002','20190509KS8621946023752','2019-05-09',108.75,'Cleaning fee');
INSERT INTO PAYMENT VALUES ('20190509KS8621946023752-p00001','20190509KS8621946023752','2019-05-11','CC',319.84,'Leanora Locke','8744007032556959',4,2027,236,'Mastercard');
-- ------- SAMPLE 1386 ----------
INSERT INTO GUEST VALUES(2386,'Danette','Dammann','DDammann@hotmail.com','1234 DaWrong Lane','Flonkerton','MD','12345','450-261-6249');
INSERT INTO RESERVATION VALUES ('20200813KJ1580180966616',2386,null,'KJ','2020-08-13','2020-08-17',null,'active');
INSERT INTO INVOICECHARGE VALUES ('20200813KJ1580180966616-ch00001','20200813KJ1580180966616','2020-08-13',554.41,'Base room charge');
INSERT INTO PAYMENT (payment_id,invoice_id,payment_date,payment_type,payment_amount) VALUES ('20200813KJ1580180966616-p00001','20200813KJ1580180966616','2020-08-15','CA',360);
-- ------- SAMPLE 1387 ----------
INSERT INTO GUEST VALUES(2387,'Corene','Carmody','CCarmody@yahoo.com','1234 DaWrong Lane','Flonkerton','MD','12345','669-820-7192');
INSERT INTO RESERVATION VALUES ('20180621KI9388272331995',2387,105,'KI','2018-06-21','2018-06-22',null,'complete');
INSERT INTO INVOICECHARGE VALUES ('20180621KI9388272331995-ch00001','20180621KI9388272331995','2018-06-21',85.29,'Base room charge');
INSERT INTO PAYMENT VALUES ('20180621KI9388272331995-p00001','20180621KI9388272331995','2018-06-23','CC',85.29,'Corene Carmody','3913442969659396',10,2025,602,'Mastercard');
-- ------- SAMPLE 1388 ----------
INSERT INTO GUEST VALUES(2388,'Aretha','Acy','AAcy@hotmail.com','1234 DaWrong Lane','Flonkerton','MD','12345','642-369-7181');
INSERT INTO RESERVATION VALUES ('20190329KJ3806995152630',2388,208,'KJ','2019-03-29','2019-04-03',null,'complete');
INSERT INTO INVOICECHARGE VALUES ('20190329KJ3806995152630-ch00001','20190329KJ3806995152630','2019-03-29',693.01,'Base room charge');
INSERT INTO PAYMENT VALUES ('20190329KJ3806995152630-p00001','20190329KJ3806995152630','2019-03-31','CC',693.01,'Aretha Acy','9075059965793554',7,2022,572,'Mastercard');
-- ------- SAMPLE 1389 ----------
INSERT INTO GUEST VALUES(2389,'Randal','Rohman','RRohman@hotmail.com','1234 DaWrong Lane','Flonkerton','MD','12345','836-492-8075');
INSERT INTO RESERVATION VALUES ('20201220KI8330266144780',2389,null,'KI','2020-12-20','2020-12-22',null,'active');
-- ------- SAMPLE 1390 ----------
INSERT INTO GUEST VALUES(2390,'Fonda','Foreman','FForeman@gmail.com','1234 DaWrong Lane','Flonkerton','MD','12345','284-468-6893');
INSERT INTO RESERVATION VALUES ('20200109KJ4937234771940',2390,114,'KJ','2020-01-09','2020-01-12',null,'complete');
INSERT INTO INVOICECHARGE VALUES ('20200109KJ4937234771940-ch00001','20200109KJ4937234771940','2020-01-09',274.43,'Base room charge');
INSERT INTO INVOICECHARGE VALUES ('20200109KJ4937234771940-ch00002','20200109KJ4937234771940','2020-01-09',141.37,'Cleaning fee');
INSERT INTO PAYMENT (payment_id,invoice_id,payment_date,payment_type,payment_amount) VALUES ('20200109KJ4937234771940-p00001','20200109KJ4937234771940','2020-01-11','CA',415.81);
-- ------- SAMPLE 1391 ----------
INSERT INTO GUEST VALUES(2391,'Kathlyn','Kinser','KKinser@hotmail.com','1234 DaWrong Lane','Flonkerton','MD','12345','182-426-3691');
INSERT INTO RESERVATION VALUES ('20191025QS1984071724495',2391,207,'QS','2019-10-25','2019-10-30',null,'complete');
INSERT INTO INVOICECHARGE VALUES ('20191025QS1984071724495-ch00001','20191025QS1984071724495','2019-10-25',387.01,'Base room charge');
INSERT INTO INVOICECHARGE VALUES ('20191025QS1984071724495-ch00002','20191025QS1984071724495','2019-10-25',199.37,'Cleaning fee');
INSERT INTO PAYMENT (payment_id,invoice_id,payment_date,payment_type,payment_amount) VALUES ('20191025QS1984071724495-p00001','20191025QS1984071724495','2019-10-27','CA',586.38);
-- ------- SAMPLE 1392 ----------
INSERT INTO GUEST VALUES(2392,'Darrin','Drum','DDrum@hotmail.com','1234 DaWrong Lane','Flonkerton','MD','12345','001-546-3077');
INSERT INTO RESERVATION VALUES ('20201014KI8493841936019',2392,null,'KI','2020-10-14','2020-10-19',null,'active');
INSERT INTO INVOICECHARGE VALUES ('20201014KI8493841936019-ch00001','20201014KI8493841936019','2020-10-14',281.45,'Base room charge');
INSERT INTO INVOICECHARGE VALUES ('20201014KI8493841936019-ch00002','20201014KI8493841936019','2020-10-14',144.99,'Cleaning fee');
INSERT INTO PAYMENT VALUES ('20201014KI8493841936019-p00001','20201014KI8493841936019','2020-10-16','CC',426.45,'Darrin Drum','9607401962044972',1,2022,958,'Mastercard');
-- ------- SAMPLE 1393 ----------
INSERT INTO GUEST VALUES(2393,'Edmundo','Erickson','EErickson@hotmail.com','1234 DaWrong Lane','Flonkerton','MD','12345','010-156-7887');
INSERT INTO RESERVATION VALUES ('20190910QS7379032487728',2393,207,'QS','2019-09-10','2019-09-14',null,'complete');
INSERT INTO INVOICECHARGE VALUES ('20190910QS7379032487728-ch00001','20190910QS7379032487728','2019-09-10',469.11,'Base room charge');
INSERT INTO PAYMENT VALUES ('20190910QS7379032487728-p00001','20190910QS7379032487728','2019-09-12','CC',469.11,'Edmundo Erickson','2271460325408122',10,2024,761,'Mastercard');
-- ------- SAMPLE 1394 ----------
INSERT INTO GUEST VALUES(2394,'Shera','Shorter','SShorter@yahoo.com','1234 DaWrong Lane','Flonkerton','MD','12345','181-889-2650');
INSERT INTO RESERVATION VALUES ('20190725KI5254288279677',2394,209,'KI','2019-07-25','2019-07-28',null,'complete');
INSERT INTO INVOICECHARGE VALUES ('20190725KI5254288279677-ch00001','20190725KI5254288279677','2019-07-25',255.87,'Base room charge');
INSERT INTO PAYMENT VALUES ('20190725KI5254288279677-p00001','20190725KI5254288279677','2019-07-27','CC',255.87,'Shera Shorter','3409859259074479',5,2023,919,'Mastercard');
-- ------- SAMPLE 1395 ----------
INSERT INTO GUEST VALUES(2395,'Tomika','Teran','TTeran@gmail.com','1234 DaWrong Lane','Flonkerton','MD','12345','018-553-1066');
INSERT INTO RESERVATION VALUES ('20190701QS8516103991006',2395,113,'QS','2019-07-01','2019-07-03',null,'complete');
INSERT INTO INVOICECHARGE VALUES ('20190701QS8516103991006-ch00001','20190701QS8516103991006','2019-07-01',154.81,'Base room charge');
INSERT INTO INVOICECHARGE VALUES ('20190701QS8516103991006-ch00002','20190701QS8516103991006','2019-07-01',79.75,'Room Service');
INSERT INTO PAYMENT VALUES ('20190701QS8516103991006-p00001','20190701QS8516103991006','2019-07-03','CC',234.55,'Tomika Teran','1878762939617650',4,2026,832,'Mastercard');
-- ------- SAMPLE 1396 ----------
INSERT INTO GUEST VALUES(2396,'Abdul','Ashe','AAshe@hotmail.com','1234 DaWrong Lane','Flonkerton','MD','12345','872-057-6697');
INSERT INTO RESERVATION VALUES ('20180703QD3295271239221',2396,200,'QD','2018-07-03','2018-07-08',null,'complete');
INSERT INTO INVOICECHARGE VALUES ('20180703QD3295271239221-ch00001','20180703QD3295271239221','2018-07-03',316.64,'Base room charge');
INSERT INTO INVOICECHARGE VALUES ('20180703QD3295271239221-ch00002','20180703QD3295271239221','2018-07-03',163.12,'Cleaning fee');
INSERT INTO PAYMENT (payment_id,invoice_id,payment_date,payment_type,payment_amount) VALUES ('20180703QD3295271239221-p00001','20180703QD3295271239221','2018-07-05','CA',479.76);
-- ------- SAMPLE 1397 ----------
INSERT INTO GUEST VALUES(2397,'Fleta','Fickel','FFickel@gmail.com','1234 DaWrong Lane','Flonkerton','MD','12345','841-113-1463');
INSERT INTO RESERVATION VALUES ('20191106QD2186391017151',2397,116,'QD','2019-11-06','2019-11-11',null,'complete');
INSERT INTO INVOICECHARGE VALUES ('20191106QD2186391017151-ch00001','20191106QD2186391017151','2019-11-06',479.76,'Base room charge');
INSERT INTO PAYMENT VALUES ('20191106QD2186391017151-p00001','20191106QD2186391017151','2019-11-08','CC',479.76,'Fleta Fickel','3435622190871807',6,2021,51,'Mastercard');
-- ------- SAMPLE 1398 ----------
INSERT INTO GUEST VALUES(2398,'Florentino','Feth','FFeth@hotmail.com','1234 DaWrong Lane','Flonkerton','MD','12345','809-956-8652');
INSERT INTO RESERVATION VALUES ('20200103QS6334350988461',2398,118,'QS','2020-01-03','2020-01-04',null,'complete');
INSERT INTO INVOICECHARGE VALUES ('20200103QS6334350988461-ch00001','20200103QS6334350988461','2020-01-03',117.28,'Base room charge');
INSERT INTO PAYMENT (payment_id,invoice_id,payment_date,payment_type,payment_amount) VALUES ('20200103QS6334350988461-p00001','20200103QS6334350988461','2020-01-05','CA',117.28);
-- ------- SAMPLE 1399 ----------
INSERT INTO GUEST VALUES(2399,'Joann','Joplin','JJoplin@hotmail.com','1234 DaWrong Lane','Flonkerton','MD','12345','491-809-8620');
INSERT INTO RESERVATION VALUES ('20190407KI5440324663165',2399,110,'KI','2019-04-07','2019-04-10',null,'cancelled');
INSERT INTO INVOICECHARGE VALUES ('20190407KI5440324663165-ch00001','20190407KI5440324663165','2019-04-07',255.87,'Base room charge');
INSERT INTO PAYMENT VALUES ('20190407KI5440324663165-p00001','20190407KI5440324663165','2019-04-09','CC',255.87,'Joann Joplin','8410490585903490',10,2027,963,'Mastercard');
-- ------- SAMPLE 1400 ----------
INSERT INTO GUEST VALUES(2400,'Rickie','Redfern','RRedfern@hotmail.com','1234 DaWrong Lane','Flonkerton','MD','12345','978-910-2246');
INSERT INTO RESERVATION VALUES ('20190507KJ5451009087966',2400,104,'KJ','2019-05-07','2019-05-08',null,'complete');
INSERT INTO INVOICECHARGE VALUES ('20190507KJ5451009087966-ch00001','20190507KJ5451009087966','2019-05-07',91.48,'Base room charge');
INSERT INTO INVOICECHARGE VALUES ('20190507KJ5451009087966-ch00002','20190507KJ5451009087966','2019-05-07',47.12,'Cleaning fee');
INSERT INTO PAYMENT VALUES ('20190507KJ5451009087966-p00001','20190507KJ5451009087966','2019-05-09','CC',138.6,'Rickie Redfern','7234518497485115',4,2021,81,'Mastercard');
-- ------- SAMPLE 1401 ----------
INSERT INTO GUEST VALUES(2401,'Walter','Wellington','WWellington@hotmail.com','1234 DaWrong Lane','Flonkerton','MD','12345','074-588-2457');
INSERT INTO RESERVATION VALUES ('20181113KI1290998034262',2401,120,'KI','2018-11-13','2018-11-17',null,'complete');
INSERT INTO INVOICECHARGE VALUES ('20181113KI1290998034262-ch00001','20181113KI1290998034262','2018-11-13',225.16,'Base room charge');
INSERT INTO INVOICECHARGE VALUES ('20181113KI1290998034262-ch00002','20181113KI1290998034262','2018-11-13',115.99,'Cleaning fee');
INSERT INTO PAYMENT (payment_id,invoice_id,payment_date,payment_type,payment_amount) VALUES ('20181113KI1290998034262-p00001','20181113KI1290998034262','2018-11-15','CA',341.16);
-- ------- SAMPLE 1402 ----------
INSERT INTO GUEST VALUES(2402,'Raisa','Romito','RRomito@gmail.com','1234 DaWrong Lane','Flonkerton','MD','12345','969-397-5620');
INSERT INTO RESERVATION VALUES ('20190620QS2857302086209',2402,103,'QS','2019-06-20','2019-06-23',null,'complete');
INSERT INTO INVOICECHARGE VALUES ('20190620QS2857302086209-ch00001','20190620QS2857302086209','2019-06-20',232.21,'Base room charge');
INSERT INTO INVOICECHARGE VALUES ('20190620QS2857302086209-ch00002','20190620QS2857302086209','2019-06-20',119.62,'Room Service');
INSERT INTO PAYMENT VALUES ('20190620QS2857302086209-p00001','20190620QS2857302086209','2019-06-22','CC',351.83,'Raisa Romito','3287032735329161',9,2026,347,'Mastercard');
-- ------- SAMPLE 1403 ----------
INSERT INTO GUEST VALUES(2403,'Kerstin','Khalaf','KKhalaf@hotmail.com','1234 DaWrong Lane','Flonkerton','MD','12345','213-970-0312');
INSERT INTO RESERVATION VALUES ('20190910KJ9817074667431',2403,203,'KJ','2019-09-10','2019-09-12',null,'complete');
INSERT INTO INVOICECHARGE VALUES ('20190910KJ9817074667431-ch00001','20190910KJ9817074667431','2019-09-10',277.2,'Base room charge');
INSERT INTO PAYMENT (payment_id,invoice_id,payment_date,payment_type,payment_amount) VALUES ('20190910KJ9817074667431-p00001','20190910KJ9817074667431','2019-09-12','CA',277.2);
-- ------- SAMPLE 1404 ----------
INSERT INTO GUEST VALUES(2404,'James','Janey','JJaney@hotmail.com','1234 DaWrong Lane','Flonkerton','MD','12345','922-321-5259');
INSERT INTO RESERVATION VALUES ('20200615KI4206855773594',2404,null,'KI','2020-06-15','2020-06-18',null,'active');
INSERT INTO INVOICECHARGE VALUES ('20200615KI4206855773594-ch00001','20200615KI4206855773594','2020-06-15',168.87,'Base room charge');
INSERT INTO INVOICECHARGE VALUES ('20200615KI4206855773594-ch00002','20200615KI4206855773594','2020-06-15',87,'Room Service');
INSERT INTO PAYMENT (payment_id,invoice_id,payment_date,payment_type,payment_amount) VALUES ('20200615KI4206855773594-p00001','20200615KI4206855773594','2020-06-17','CA',84);
-- ------- SAMPLE 1405 ----------
INSERT INTO GUEST VALUES(2405,'Piedad','Proctor','PProctor@hotmail.com','1234 DaWrong Lane','Flonkerton','MD','12345','240-612-0700');
INSERT INTO RESERVATION VALUES ('20190809QD4212301077108',2405,116,'QD','2019-08-09','2019-08-11',null,'complete');
INSERT INTO INVOICECHARGE VALUES ('20190809QD4212301077108-ch00001','20190809QD4212301077108','2019-08-09',191.9,'Base room charge');
INSERT INTO PAYMENT VALUES ('20190809QD4212301077108-p00001','20190809QD4212301077108','2019-08-11','CC',191.9,'Piedad Proctor','2060772850669844',3,2027,579,'Mastercard');
-- ------- SAMPLE 1406 ----------
INSERT INTO GUEST VALUES(2406,'Natalya','Neathery','NNeathery@yahoo.com','1234 DaWrong Lane','Flonkerton','MD','12345','295-997-9390');
INSERT INTO RESERVATION VALUES ('20200421QS6835158479709',2406,103,'QS','2020-04-21','2020-04-23',null,'cancelled');
INSERT INTO INVOICECHARGE VALUES ('20200421QS6835158479709-ch00001','20200421QS6835158479709','2020-04-21',154.81,'Base room charge');
INSERT INTO INVOICECHARGE VALUES ('20200421QS6835158479709-ch00002','20200421QS6835158479709','2020-04-21',79.75,'Room Service');
INSERT INTO PAYMENT VALUES ('20200421QS6835158479709-p00001','20200421QS6835158479709','2020-04-23','CC',234.55,'Natalya Neathery','2758320612407221',12,2026,431,'Mastercard');
-- ------- SAMPLE 1407 ----------
INSERT INTO GUEST VALUES(2407,'Delsie','Delong','DDelong@gmail.com','1234 DaWrong Lane','Flonkerton','MD','12345','448-301-9012');
INSERT INTO RESERVATION VALUES ('20210216KJ7475752346415',2407,null,'KJ','2021-02-16','2021-02-18',null,'active');
INSERT INTO INVOICECHARGE VALUES ('20210216KJ7475752346415-ch00001','20210216KJ7475752346415','2021-02-16',277.2,'Base room charge');
INSERT INTO PAYMENT (payment_id,invoice_id,payment_date,payment_type,payment_amount) VALUES ('20210216KJ7475752346415-p00001','20210216KJ7475752346415','2021-02-18','CA',277.2);
-- ------- SAMPLE 1408 ----------
INSERT INTO GUEST VALUES(2408,'Kandra','Kelty','KKelty@hotmail.com','1234 DaWrong Lane','Flonkerton','MD','12345','506-196-9015');
INSERT INTO RESERVATION VALUES ('20190729QS7958482310085',2408,113,'QS','2019-07-29','2019-08-01',null,'complete');
INSERT INTO INVOICECHARGE VALUES ('20190729QS7958482310085-ch00001','20190729QS7958482310085','2019-07-29',232.21,'Base room charge');
INSERT INTO INVOICECHARGE VALUES ('20190729QS7958482310085-ch00002','20190729QS7958482310085','2019-07-29',119.62,'Room Service');
INSERT INTO PAYMENT VALUES ('20190729QS7958482310085-p00001','20190729QS7958482310085','2019-07-31','CC',351.83,'Kandra Kelty','3177592915462232',2,2025,673,'Mastercard');
-- ------- SAMPLE 1409 ----------
INSERT INTO GUEST VALUES(2409,'Natalya','Neathery','NNeathery@hotmail.com','1234 DaWrong Lane','Flonkerton','MD','12345','502-066-3559');
INSERT INTO RESERVATION VALUES ('20200728KI9347892452755',2409,null,'KI','2020-07-28','2020-07-30',null,'active');
INSERT INTO INVOICECHARGE VALUES ('20200728KI9347892452755-ch00001','20200728KI9347892452755','2020-07-28',170.58,'Base room charge');
INSERT INTO PAYMENT VALUES ('20200728KI9347892452755-p00001','20200728KI9347892452755','2020-07-30','CC',61,'Natalya Neathery','3420507495108066',2,2027,7,'Mastercard');
-- ------- SAMPLE 1410 ----------
INSERT INTO GUEST VALUES(2410,'Lorean','Loden','LLoden@gmail.com','1234 DaWrong Lane','Flonkerton','MD','12345','847-588-9083');
INSERT INTO RESERVATION VALUES ('20191021QS4021146877631',2410,118,'QS','2019-10-21','2019-10-24',null,'complete');
INSERT INTO INVOICECHARGE VALUES ('20191021QS4021146877631-ch00001','20191021QS4021146877631','2019-10-21',232.21,'Base room charge');
INSERT INTO INVOICECHARGE VALUES ('20191021QS4021146877631-ch00002','20191021QS4021146877631','2019-10-21',119.62,'Cleaning fee');
INSERT INTO PAYMENT VALUES ('20191021QS4021146877631-p00001','20191021QS4021146877631','2019-10-23','CC',351.83,'Lorean Loden','6278311771407836',7,2021,481,'Mastercard');
-- ------- SAMPLE 1411 ----------
INSERT INTO GUEST VALUES(2411,'Delsie','Dunstan','DDunstan@yahoo.com','1234 DaWrong Lane','Flonkerton','MD','12345','337-882-9206');
INSERT INTO RESERVATION VALUES ('20190414KJ9187378432468',2411,104,'KJ','2019-04-14','2019-04-18',null,'complete');
INSERT INTO INVOICECHARGE VALUES ('20190414KJ9187378432468-ch00001','20190414KJ9187378432468','2019-04-14',365.91,'Base room charge');
INSERT INTO INVOICECHARGE VALUES ('20190414KJ9187378432468-ch00002','20190414KJ9187378432468','2019-04-14',188.5,'Room Service');
INSERT INTO PAYMENT VALUES ('20190414KJ9187378432468-p00001','20190414KJ9187378432468','2019-04-16','CC',554.41,'Delsie Dunstan','2436082444872839',7,2024,704,'Mastercard');
-- ------- SAMPLE 1412 ----------
INSERT INTO GUEST VALUES(2412,'Adrianna','Aungst','AAungst@yahoo.com','1234 DaWrong Lane','Flonkerton','MD','12345','829-790-8969');
INSERT INTO RESERVATION VALUES ('20190317KI2165977186036',2412,209,'KI','2019-03-17','2019-03-18',null,'complete');
INSERT INTO INVOICECHARGE VALUES ('20190317KI2165977186036-ch00001','20190317KI2165977186036','2019-03-17',56.29,'Base room charge');
INSERT INTO INVOICECHARGE VALUES ('20190317KI2165977186036-ch00002','20190317KI2165977186036','2019-03-17',29,'Cleaning fee');
INSERT INTO PAYMENT VALUES ('20190317KI2165977186036-p00001','20190317KI2165977186036','2019-03-19','CC',85.29,'Adrianna Aungst','1507879010014036',7,2027,116,'Mastercard');
-- ------- SAMPLE 1413 ----------
INSERT INTO GUEST VALUES(2413,'Freida','Forbis','FForbis@hotmail.com','1234 DaWrong Lane','Flonkerton','MD','12345','158-463-3007');
INSERT INTO RESERVATION VALUES ('20201224KJ5089197004289',2413,null,'KJ','2020-12-24','2020-12-27',null,'active');
-- ------- SAMPLE 1414 ----------
INSERT INTO GUEST VALUES(2414,'Ngan','Nalley','NNalley@hotmail.com','1234 DaWrong Lane','Flonkerton','MD','12345','059-731-4440');
INSERT INTO RESERVATION VALUES ('20190509KS8842453299773',2414,112,'KS','2019-05-09','2019-05-10',null,'complete');
INSERT INTO INVOICECHARGE VALUES ('20190509KS8842453299773-ch00001','20190509KS8842453299773','2019-05-09',70.37,'Base room charge');
INSERT INTO INVOICECHARGE VALUES ('20190509KS8842453299773-ch00002','20190509KS8842453299773','2019-05-09',36.25,'Cleaning fee');
INSERT INTO PAYMENT VALUES ('20190509KS8842453299773-p00001','20190509KS8842453299773','2019-05-11','CC',106.61,'Ngan Nalley','6484647401357243',8,2021,70,'Mastercard');
-- ------- SAMPLE 1415 ----------
INSERT INTO GUEST VALUES(2415,'Tifany','Temple','TTemple@gmail.com','1234 DaWrong Lane','Flonkerton','MD','12345','881-171-8358');
INSERT INTO RESERVATION VALUES ('20200406QD6192084691771',2415,200,'QD','2020-04-06','2020-04-08',null,'complete');
INSERT INTO INVOICECHARGE VALUES ('20200406QD6192084691771-ch00001','20200406QD6192084691771','2020-04-06',126.66,'Base room charge');
INSERT INTO INVOICECHARGE VALUES ('20200406QD6192084691771-ch00002','20200406QD6192084691771','2020-04-06',65.25,'Cleaning fee');
INSERT INTO PAYMENT VALUES ('20200406QD6192084691771-p00001','20200406QD6192084691771','2020-04-08','CC',191.9,'Tifany Temple','6820376730273258',5,2025,936,'Mastercard');
-- ------- SAMPLE 1416 ----------
INSERT INTO GUEST VALUES(2416,'Shawna','Schmit','SSchmit@hotmail.com','1234 DaWrong Lane','Flonkerton','MD','12345','085-232-8878');
INSERT INTO RESERVATION VALUES ('20200321KJ6600438673582',2416,109,'KJ','2020-03-21','2020-03-24',null,'complete');
INSERT INTO INVOICECHARGE VALUES ('20200321KJ6600438673582-ch00001','20200321KJ6600438673582','2020-03-21',274.43,'Base room charge');
INSERT INTO INVOICECHARGE VALUES ('20200321KJ6600438673582-ch00002','20200321KJ6600438673582','2020-03-21',141.37,'Cleaning fee');
INSERT INTO PAYMENT VALUES ('20200321KJ6600438673582-p00001','20200321KJ6600438673582','2020-03-23','CC',415.81,'Shawna Schmit','4625132690076834',2,2022,518,'Mastercard');
-- ------- SAMPLE 1417 ----------
INSERT INTO GUEST VALUES(2417,'Leighann','Leith','LLeith@yahoo.com','1234 DaWrong Lane','Flonkerton','MD','12345','043-371-9163');
INSERT INTO RESERVATION VALUES ('20191016KJ3830346440189',2417,208,'KJ','2019-10-16','2019-10-18',null,'complete');
INSERT INTO INVOICECHARGE VALUES ('20191016KJ3830346440189-ch00001','20191016KJ3830346440189','2019-10-16',182.95,'Base room charge');
INSERT INTO INVOICECHARGE VALUES ('20191016KJ3830346440189-ch00002','20191016KJ3830346440189','2019-10-16',94.25,'Room Service');
INSERT INTO PAYMENT VALUES ('20191016KJ3830346440189-p00001','20191016KJ3830346440189','2019-10-18','CC',277.2,'Leighann Leith','5729123025711738',12,2025,779,'Mastercard');
-- ------- SAMPLE 1418 ----------
INSERT INTO GUEST VALUES(2418,'Rickie','Redfern','RRedfern@hotmail.com','1234 DaWrong Lane','Flonkerton','MD','12345','189-914-4773');
INSERT INTO RESERVATION VALUES ('20201019KS8204670155664',2418,null,'KS','2020-10-19','2020-10-22',null,'active');
INSERT INTO INVOICECHARGE VALUES ('20201019KS8204670155664-ch00001','20201019KS8204670155664','2020-10-19',319.84,'Base room charge');
INSERT INTO PAYMENT VALUES ('20201019KS8204670155664-p00001','20201019KS8204670155664','2020-10-21','CC',319.84,'Rickie Redfern','3478916736036561',3,2021,640,'Mastercard');
-- ------- SAMPLE 1419 ----------
INSERT INTO GUEST VALUES(2419,'Reita','Rudder','RRudder@gmail.com','1234 DaWrong Lane','Flonkerton','MD','12345','083-719-0488');
INSERT INTO RESERVATION VALUES ('20201123KJ4279099228222',2419,null,'KJ','2020-11-23','2020-11-24',null,'active');
INSERT INTO INVOICECHARGE VALUES ('20201123KJ4279099228222-ch00001','20201123KJ4279099228222','2020-11-23',138.6,'Base room charge');
INSERT INTO PAYMENT VALUES ('20201123KJ4279099228222-p00001','20201123KJ4279099228222','2020-11-25','CC',138.6,'Reita Rudder','2575231400750393',11,2027,726,'Mastercard');
-- ------- SAMPLE 1420 ----------
INSERT INTO GUEST VALUES(2420,'Bradley','Bently','BBently@yahoo.com','1234 DaWrong Lane','Flonkerton','MD','12345','524-074-1413');
INSERT INTO RESERVATION VALUES ('20180625QS9127729978668',2420,113,'QS','2018-06-25','2018-06-26',null,'cancelled');
INSERT INTO INVOICECHARGE VALUES ('20180625QS9127729978668-ch00001','20180625QS9127729978668','2018-06-25',77.4,'Base room charge');
INSERT INTO INVOICECHARGE VALUES ('20180625QS9127729978668-ch00002','20180625QS9127729978668','2018-06-25',39.87,'Room Service');
INSERT INTO PAYMENT VALUES ('20180625QS9127729978668-p00001','20180625QS9127729978668','2018-06-27','CC',117.28,'Bradley Bently','7420322058936451',11,2021,472,'Mastercard');
-- ------- SAMPLE 1421 ----------
INSERT INTO GUEST VALUES(2421,'Shenna','Salmi','SSalmi@yahoo.com','1234 DaWrong Lane','Flonkerton','MD','12345','359-943-8818');
INSERT INTO RESERVATION VALUES ('20191128QS1778195524428',2421,118,'QS','2019-11-28','2019-11-29',null,'complete');
INSERT INTO INVOICECHARGE VALUES ('20191128QS1778195524428-ch00001','20191128QS1778195524428','2019-11-28',117.28,'Base room charge');
INSERT INTO PAYMENT VALUES ('20191128QS1778195524428-p00001','20191128QS1778195524428','2019-11-30','CC',117.28,'Shenna Salmi','5918649461382793',9,2024,51,'Mastercard');
-- ------- SAMPLE 1422 ----------
INSERT INTO GUEST VALUES(2422,'Gwyneth','Gamber','GGamber@hotmail.com','1234 DaWrong Lane','Flonkerton','MD','12345','016-906-1758');
INSERT INTO RESERVATION VALUES ('20191011KJ9074566890599',2422,104,'KJ','2019-10-11','2019-10-13',null,'complete');
INSERT INTO INVOICECHARGE VALUES ('20191011KJ9074566890599-ch00001','20191011KJ9074566890599','2019-10-11',182.95,'Base room charge');
INSERT INTO INVOICECHARGE VALUES ('20191011KJ9074566890599-ch00002','20191011KJ9074566890599','2019-10-11',94.25,'Cleaning fee');
INSERT INTO PAYMENT VALUES ('20191011KJ9074566890599-p00001','20191011KJ9074566890599','2019-10-13','CC',277.2,'Gwyneth Gamber','8985594526956854',10,2026,163,'Mastercard');
-- ------- SAMPLE 1423 ----------
INSERT INTO GUEST VALUES(2423,'Louisa','Laroque','LLaroque@gmail.com','1234 DaWrong Lane','Flonkerton','MD','12345','674-935-4965');
INSERT INTO RESERVATION VALUES ('20191019KS3388512292505',2423,112,'KS','2019-10-19','2019-10-22',null,'complete');
INSERT INTO INVOICECHARGE VALUES ('20191019KS3388512292505-ch00001','20191019KS3388512292505','2019-10-19',211.1,'Base room charge');
INSERT INTO INVOICECHARGE VALUES ('20191019KS3388512292505-ch00002','20191019KS3388512292505','2019-10-19',108.75,'Cleaning fee');
INSERT INTO PAYMENT VALUES ('20191019KS3388512292505-p00001','20191019KS3388512292505','2019-10-21','CC',319.84,'Louisa Laroque','7761927086377987',12,2022,787,'Mastercard');
-- ------- SAMPLE 1424 ----------
INSERT INTO GUEST VALUES(2424,'Walter','Wellington','WWellington@yahoo.com','1234 DaWrong Lane','Flonkerton','MD','12345','325-022-0892');
INSERT INTO RESERVATION VALUES ('20180810QS4338820604521',2424,202,'QS','2018-08-10','2018-08-12',null,'complete');
INSERT INTO INVOICECHARGE VALUES ('20180810QS4338820604521-ch00001','20180810QS4338820604521','2018-08-10',234.55,'Base room charge');
INSERT INTO PAYMENT VALUES ('20180810QS4338820604521-p00001','20180810QS4338820604521','2018-08-12','CC',234.55,'Walter Wellington','6449719756772065',3,2021,119,'Mastercard');
-- ------- SAMPLE 1425 ----------
INSERT INTO GUEST VALUES(2425,'Deandre','Defore','DDefore@hotmail.com','1234 DaWrong Lane','Flonkerton','MD','12345','909-803-9642');
INSERT INTO RESERVATION VALUES ('20180605QD4916055816043',2425,205,'QD','2018-06-05','2018-06-06',null,'complete');
INSERT INTO INVOICECHARGE VALUES ('20180605QD4916055816043-ch00001','20180605QD4916055816043','2018-06-05',63.33,'Base room charge');
INSERT INTO INVOICECHARGE VALUES ('20180605QD4916055816043-ch00002','20180605QD4916055816043','2018-06-05',32.62,'Room Service');
INSERT INTO PAYMENT (payment_id,invoice_id,payment_date,payment_type,payment_amount) VALUES ('20180605QD4916055816043-p00001','20180605QD4916055816043','2018-06-07','CA',95.95);
-- ------- SAMPLE 1426 ----------
INSERT INTO GUEST VALUES(2426,'Kandra','Kelty','KKelty@gmail.com','1234 DaWrong Lane','Flonkerton','MD','12345','263-564-3044');
INSERT INTO RESERVATION VALUES ('20190711QS7917162133618',2426,202,'QS','2019-07-11','2019-07-13',null,'complete');
INSERT INTO INVOICECHARGE VALUES ('20190711QS7917162133618-ch00001','20190711QS7917162133618','2019-07-11',234.55,'Base room charge');
INSERT INTO PAYMENT VALUES ('20190711QS7917162133618-p00001','20190711QS7917162133618','2019-07-13','CC',234.55,'Kandra Kelty','6106784760194264',1,2021,296,'Mastercard');
-- ------- SAMPLE 1427 ----------
INSERT INTO GUEST VALUES(2427,'Shawna','Schmit','SSchmit@hotmail.com','1234 DaWrong Lane','Flonkerton','MD','12345','328-043-8579');
INSERT INTO RESERVATION VALUES ('20191219QD5448082163022',2427,101,'QD','2019-12-19','2019-12-22',null,'cancelled');
INSERT INTO INVOICECHARGE VALUES ('20191219QD5448082163022-ch00001','20191219QD5448082163022','2019-12-19',287.86,'Base room charge');
INSERT INTO PAYMENT VALUES ('20191219QD5448082163022-p00001','20191219QD5448082163022','2019-12-21','CC',287.86,'Shawna Schmit','7690993176417619',3,2026,792,'Mastercard');
-- ------- SAMPLE 1428 ----------
INSERT INTO GUEST VALUES(2428,'Floy','Feinstein','FFeinstein@yahoo.com','1234 DaWrong Lane','Flonkerton','MD','12345','435-835-4003');
INSERT INTO RESERVATION VALUES ('20180911QD5475167070670',2428,106,'QD','2018-09-11','2018-09-12',null,'complete');
INSERT INTO INVOICECHARGE VALUES ('20180911QD5475167070670-ch00001','20180911QD5475167070670','2018-09-11',95.95,'Base room charge');
INSERT INTO PAYMENT VALUES ('20180911QD5475167070670-p00001','20180911QD5475167070670','2018-09-13','CC',95.95,'Floy Feinstein','8979404602699922',6,2024,362,'Mastercard');
-- ------- SAMPLE 1429 ----------
INSERT INTO GUEST VALUES(2429,'Jeanene','Jacobo','JJacobo@gmail.com','1234 DaWrong Lane','Flonkerton','MD','12345','831-640-1371');
INSERT INTO RESERVATION VALUES ('20181217QS5041432321106',2429,207,'QS','2018-12-17','2018-12-18',null,'complete');
INSERT INTO INVOICECHARGE VALUES ('20181217QS5041432321106-ch00001','20181217QS5041432321106','2018-12-17',117.28,'Base room charge');
INSERT INTO PAYMENT (payment_id,invoice_id,payment_date,payment_type,payment_amount) VALUES ('20181217QS5041432321106-p00001','20181217QS5041432321106','2018-12-19','CA',117.28);
-- ------- SAMPLE 1430 ----------
INSERT INTO GUEST VALUES(2430,'Hanna','Hastie','HHastie@gmail.com','1234 DaWrong Lane','Flonkerton','MD','12345','227-495-0852');
INSERT INTO RESERVATION VALUES ('20180816QS6019564481391',2430,103,'QS','2018-08-16','2018-08-19',null,'complete');
INSERT INTO INVOICECHARGE VALUES ('20180816QS6019564481391-ch00001','20180816QS6019564481391','2018-08-16',351.83,'Base room charge');
INSERT INTO PAYMENT VALUES ('20180816QS6019564481391-p00001','20180816QS6019564481391','2018-08-18','CC',351.83,'Hanna Hastie','1616085766864976',11,2026,824,'Mastercard');
-- ------- SAMPLE 1431 ----------
INSERT INTO GUEST VALUES(2431,'Abdul','Ashe','AAshe@gmail.com','1234 DaWrong Lane','Flonkerton','MD','12345','103-596-9367');
INSERT INTO RESERVATION VALUES ('20180710KJ2125563089394',2431,104,'KJ','2018-07-10','2018-07-14',null,'complete');
INSERT INTO INVOICECHARGE VALUES ('20180710KJ2125563089394-ch00001','20180710KJ2125563089394','2018-07-10',554.41,'Base room charge');
INSERT INTO PAYMENT VALUES ('20180710KJ2125563089394-p00001','20180710KJ2125563089394','2018-07-12','CC',554.41,'Abdul Ashe','2143283058511408',1,2023,685,'Mastercard');
-- ------- SAMPLE 1432 ----------
INSERT INTO GUEST VALUES(2432,'Shonda','Schult','SSchult@gmail.com','1234 DaWrong Lane','Flonkerton','MD','12345','232-195-4840');
INSERT INTO RESERVATION VALUES ('20190618KI1514798394168',2432,105,'KI','2019-06-18','2019-06-22',null,'complete');
INSERT INTO INVOICECHARGE VALUES ('20190618KI1514798394168-ch00001','20190618KI1514798394168','2019-06-18',225.16,'Base room charge');
INSERT INTO INVOICECHARGE VALUES ('20190618KI1514798394168-ch00002','20190618KI1514798394168','2019-06-18',115.99,'Room Service');
INSERT INTO PAYMENT VALUES ('20190618KI1514798394168-p00001','20190618KI1514798394168','2019-06-20','CC',341.16,'Shonda Schult','7572843283278525',4,2026,747,'Mastercard');
-- ------- SAMPLE 1433 ----------
INSERT INTO GUEST VALUES(2433,'Eryn','Edenfield','EEdenfield@hotmail.com','1234 DaWrong Lane','Flonkerton','MD','12345','519-862-4713');
INSERT INTO RESERVATION VALUES ('20190805QS6727676920047',2433,207,'QS','2019-08-05','2019-08-09',null,'complete');
INSERT INTO INVOICECHARGE VALUES ('20190805QS6727676920047-ch00001','20190805QS6727676920047','2019-08-05',309.61,'Base room charge');
INSERT INTO INVOICECHARGE VALUES ('20190805QS6727676920047-ch00002','20190805QS6727676920047','2019-08-05',159.5,'Room Service');
INSERT INTO PAYMENT (payment_id,invoice_id,payment_date,payment_type,payment_amount) VALUES ('20190805QS6727676920047-p00001','20190805QS6727676920047','2019-08-07','CA',469.11);
-- ------- SAMPLE 1434 ----------
INSERT INTO GUEST VALUES(2434,'Willian','Wiest','WWiest@hotmail.com','1234 DaWrong Lane','Flonkerton','MD','12345','856-005-6124');
INSERT INTO RESERVATION VALUES ('20200530QS9281418795744',2434,null,'QS','2020-05-30','2020-06-03',null,'active');
INSERT INTO INVOICECHARGE VALUES ('20200530QS9281418795744-ch00001','20200530QS9281418795744','2020-05-30',309.61,'Base room charge');
INSERT INTO INVOICECHARGE VALUES ('20200530QS9281418795744-ch00002','20200530QS9281418795744','2020-05-30',159.5,'Room Service');
INSERT INTO PAYMENT VALUES ('20200530QS9281418795744-p00001','20200530QS9281418795744','2020-06-01','CC',469.11,'Willian Wiest','8063210301547571',12,2022,252,'Mastercard');
-- ------- SAMPLE 1435 ----------
INSERT INTO GUEST VALUES(2435,'Reita','Rudder','RRudder@gmail.com','1234 DaWrong Lane','Flonkerton','MD','12345','194-691-9401');
INSERT INTO RESERVATION VALUES ('20181208KS5531841358041',2435,107,'KS','2018-12-08','2018-12-13',null,'complete');
INSERT INTO INVOICECHARGE VALUES ('20181208KS5531841358041-ch00001','20181208KS5531841358041','2018-12-08',533.07,'Base room charge');
INSERT INTO PAYMENT VALUES ('20181208KS5531841358041-p00001','20181208KS5531841358041','2018-12-10','CC',533.07,'Reita Rudder','6289429667806535',8,2027,520,'Mastercard');
-- ------- SAMPLE 1436 ----------
INSERT INTO GUEST VALUES(2436,'Liliana','Lueck','LLueck@gmail.com','1234 DaWrong Lane','Flonkerton','MD','12345','671-069-0744');
INSERT INTO RESERVATION VALUES ('20200411QD8971494295996',2436,106,'QD','2020-04-11','2020-04-15',null,'complete');
INSERT INTO INVOICECHARGE VALUES ('20200411QD8971494295996-ch00001','20200411QD8971494295996','2020-04-11',383.81,'Base room charge');
INSERT INTO PAYMENT VALUES ('20200411QD8971494295996-p00001','20200411QD8971494295996','2020-04-13','CC',383.81,'Liliana Lueck','1467138461259152',2,2022,78,'Mastercard');
-- ------- SAMPLE 1437 ----------
INSERT INTO GUEST VALUES(2437,'Julene','Jahn','JJahn@hotmail.com','1234 DaWrong Lane','Flonkerton','MD','12345','489-333-0988');
INSERT INTO RESERVATION VALUES ('20191014QS6056818737111',2437,118,'QS','2019-10-14','2019-10-15',null,'complete');
INSERT INTO INVOICECHARGE VALUES ('20191014QS6056818737111-ch00001','20191014QS6056818737111','2019-10-14',117.28,'Base room charge');
INSERT INTO PAYMENT VALUES ('20191014QS6056818737111-p00001','20191014QS6056818737111','2019-10-16','CC',117.28,'Julene Jahn','4972156845183707',8,2024,994,'Mastercard');
-- ------- SAMPLE 1438 ----------
INSERT INTO GUEST VALUES(2438,'Serafina','Singh','SSingh@yahoo.com','1234 DaWrong Lane','Flonkerton','MD','12345','487-581-8701');
INSERT INTO RESERVATION VALUES ('20210223QS5170486539164',2438,null,'QS','2021-02-23','2021-02-25',null,'active');
INSERT INTO INVOICECHARGE VALUES ('20210223QS5170486539164-ch00001','20210223QS5170486539164','2021-02-23',154.81,'Base room charge');
INSERT INTO INVOICECHARGE VALUES ('20210223QS5170486539164-ch00002','20210223QS5170486539164','2021-02-23',79.75,'Cleaning fee');
INSERT INTO PAYMENT VALUES ('20210223QS5170486539164-p00001','20210223QS5170486539164','2021-02-25','CC',180,'Serafina Singh','1954236556067569',8,2027,746,'Mastercard');
-- ------- SAMPLE 1439 ----------
INSERT INTO GUEST VALUES(2439,'Boris','Berner','BBerner@gmail.com','1234 DaWrong Lane','Flonkerton','MD','12345','371-544-2079');
INSERT INTO RESERVATION VALUES ('20180629KJ3309165793258',2439,104,'KJ','2018-06-29','2018-07-03',null,'complete');
INSERT INTO INVOICECHARGE VALUES ('20180629KJ3309165793258-ch00001','20180629KJ3309165793258','2018-06-29',365.91,'Base room charge');
INSERT INTO INVOICECHARGE VALUES ('20180629KJ3309165793258-ch00002','20180629KJ3309165793258','2018-06-29',188.5,'Cleaning fee');
INSERT INTO PAYMENT VALUES ('20180629KJ3309165793258-p00001','20180629KJ3309165793258','2018-07-01','CC',554.41,'Boris Berner','2886523860711684',10,2025,35,'Mastercard');
-- ------- SAMPLE 1440 ----------
INSERT INTO GUEST VALUES(2440,'Leanora','Locke','LLocke@yahoo.com','1234 DaWrong Lane','Flonkerton','MD','12345','458-586-9940');
INSERT INTO RESERVATION VALUES ('20200416QS6211193613022',2440,103,'QS','2020-04-16','2020-04-19',null,'cancelled');
INSERT INTO INVOICECHARGE VALUES ('20200416QS6211193613022-ch00001','20200416QS6211193613022','2020-04-16',351.83,'Base room charge');
INSERT INTO PAYMENT VALUES ('20200416QS6211193613022-p00001','20200416QS6211193613022','2020-04-18','CC',351.83,'Leanora Locke','9362236142323036',6,2022,42,'Mastercard');
-- ------- SAMPLE 1441 ----------
INSERT INTO GUEST VALUES(2441,'Len','Linquist','LLinquist@yahoo.com','1234 DaWrong Lane','Flonkerton','MD','12345','855-655-2475');
INSERT INTO RESERVATION VALUES ('20190621KI9241562398627',2441,209,'KI','2019-06-21','2019-06-26',null,'complete');
INSERT INTO INVOICECHARGE VALUES ('20190621KI9241562398627-ch00001','20190621KI9241562398627','2019-06-21',281.45,'Base room charge');
INSERT INTO INVOICECHARGE VALUES ('20190621KI9241562398627-ch00002','20190621KI9241562398627','2019-06-21',144.99,'Room Service');
INSERT INTO PAYMENT VALUES ('20190621KI9241562398627-p00001','20190621KI9241562398627','2019-06-23','CC',426.45,'Len Linquist','2862051239942218',2,2027,650,'Mastercard');
-- ------- SAMPLE 1442 ----------
INSERT INTO GUEST VALUES(2442,'Kathern','Korn','KKorn@gmail.com','1234 DaWrong Lane','Flonkerton','MD','12345','468-785-3171');
INSERT INTO RESERVATION VALUES ('20200418QS7885682364883',2442,207,'QS','2020-04-18','2020-04-22',null,'complete');
INSERT INTO INVOICECHARGE VALUES ('20200418QS7885682364883-ch00001','20200418QS7885682364883','2020-04-18',309.61,'Base room charge');
INSERT INTO INVOICECHARGE VALUES ('20200418QS7885682364883-ch00002','20200418QS7885682364883','2020-04-18',159.5,'Room Service');
INSERT INTO PAYMENT VALUES ('20200418QS7885682364883-p00001','20200418QS7885682364883','2020-04-20','CC',469.11,'Kathern Korn','7811292740515555',10,2026,451,'Mastercard');
-- ------- SAMPLE 1443 ----------
INSERT INTO GUEST VALUES(2443,'Adrianna','Aungst','AAungst@gmail.com','1234 DaWrong Lane','Flonkerton','MD','12345','246-107-5120');
INSERT INTO RESERVATION VALUES ('20181028QS1245676969432',2443,207,'QS','2018-10-28','2018-10-30',null,'complete');
INSERT INTO INVOICECHARGE VALUES ('20181028QS1245676969432-ch00001','20181028QS1245676969432','2018-10-28',234.55,'Base room charge');
INSERT INTO PAYMENT VALUES ('20181028QS1245676969432-p00001','20181028QS1245676969432','2018-10-30','CC',234.55,'Adrianna Aungst','7062897550607808',3,2026,488,'Mastercard');
-- ------- SAMPLE 1444 ----------
INSERT INTO GUEST VALUES(2444,'Rossana','Running','RRunning@gmail.com','1234 DaWrong Lane','Flonkerton','MD','12345','627-498-1960');
INSERT INTO RESERVATION VALUES ('20180517QD7234696506584',2444,111,'QD','2018-05-17','2018-05-18',null,'complete');
INSERT INTO INVOICECHARGE VALUES ('20180517QD7234696506584-ch00001','20180517QD7234696506584','2018-05-17',95.95,'Base room charge');
INSERT INTO PAYMENT VALUES ('20180517QD7234696506584-p00001','20180517QD7234696506584','2018-05-19','CC',95.95,'Rossana Running','5884412460502984',11,2027,398,'Mastercard');
-- ------- SAMPLE 1445 ----------
INSERT INTO GUEST VALUES(2445,'Stacie','Schupp','SSchupp@yahoo.com','1234 DaWrong Lane','Flonkerton','MD','12345','531-700-4395');
INSERT INTO RESERVATION VALUES ('20200726QS1930492705953',2445,null,'QS','2020-07-26','2020-07-28',null,'active');
INSERT INTO INVOICECHARGE VALUES ('20200726QS1930492705953-ch00001','20200726QS1930492705953','2020-07-26',154.81,'Base room charge');
INSERT INTO INVOICECHARGE VALUES ('20200726QS1930492705953-ch00002','20200726QS1930492705953','2020-07-26',79.75,'Room Service');
INSERT INTO PAYMENT VALUES ('20200726QS1930492705953-p00001','20200726QS1930492705953','2020-07-28','CC',234.55,'Stacie Schupp','2370041605329775',8,2021,62,'Mastercard');
-- ------- SAMPLE 1446 ----------
INSERT INTO GUEST VALUES(2446,'Dorothea','Dipaolo','DDipaolo@hotmail.com','1234 DaWrong Lane','Flonkerton','MD','12345','441-624-2861');
INSERT INTO RESERVATION VALUES ('20190126QS8106815880216',2446,108,'QS','2019-01-26','2019-01-29',null,'complete');
INSERT INTO INVOICECHARGE VALUES ('20190126QS8106815880216-ch00001','20190126QS8106815880216','2019-01-26',351.83,'Base room charge');
INSERT INTO PAYMENT VALUES ('20190126QS8106815880216-p00001','20190126QS8106815880216','2019-01-28','CC',351.83,'Dorothea Dipaolo','2791453948756563',6,2027,744,'Mastercard');
-- ------- SAMPLE 1447 ----------
INSERT INTO GUEST VALUES(2447,'Kandra','Kelty','KKelty@hotmail.com','1234 DaWrong Lane','Flonkerton','MD','12345','684-373-5298');
INSERT INTO RESERVATION VALUES ('20190825KJ2199044093393',2447,203,'KJ','2019-08-25','2019-08-29',null,'complete');
INSERT INTO INVOICECHARGE VALUES ('20190825KJ2199044093393-ch00001','20190825KJ2199044093393','2019-08-25',365.91,'Base room charge');
INSERT INTO INVOICECHARGE VALUES ('20190825KJ2199044093393-ch00002','20190825KJ2199044093393','2019-08-25',188.5,'Room Service');
INSERT INTO PAYMENT VALUES ('20190825KJ2199044093393-p00001','20190825KJ2199044093393','2019-08-27','CC',554.41,'Kandra Kelty','8870059469916137',5,2021,52,'Mastercard');
-- ------- SAMPLE 1448 ----------
INSERT INTO GUEST VALUES(2448,'Raven','Rybicki','RRybicki@yahoo.com','1234 DaWrong Lane','Flonkerton','MD','12345','598-303-6276');
INSERT INTO RESERVATION VALUES ('20180903KJ5384515549649',2448,119,'KJ','2018-09-03','2018-09-06',null,'complete');
INSERT INTO INVOICECHARGE VALUES ('20180903KJ5384515549649-ch00001','20180903KJ5384515549649','2018-09-03',274.43,'Base room charge');
INSERT INTO INVOICECHARGE VALUES ('20180903KJ5384515549649-ch00002','20180903KJ5384515549649','2018-09-03',141.37,'Room Service');
INSERT INTO PAYMENT VALUES ('20180903KJ5384515549649-p00001','20180903KJ5384515549649','2018-09-05','CC',415.81,'Raven Rybicki','2908211830357948',8,2022,869,'Mastercard');
-- ------- SAMPLE 1449 ----------
INSERT INTO GUEST VALUES(2449,'Romaine','Reck','RReck@hotmail.com','1234 DaWrong Lane','Flonkerton','MD','12345','552-948-2500');
INSERT INTO RESERVATION VALUES ('20200603KJ9428997224596',2449,null,'KJ','2020-06-03','2020-06-08',null,'active');
-- ------- SAMPLE 1450 ----------
INSERT INTO GUEST VALUES(2450,'Irma','Irby','IIrby@hotmail.com','1234 DaWrong Lane','Flonkerton','MD','12345','864-140-1403');
INSERT INTO RESERVATION VALUES ('20210415QD4432074812956',2450,null,'QD','2021-04-15','2021-04-17',null,'active');
INSERT INTO INVOICECHARGE VALUES ('20210415QD4432074812956-ch00001','20210415QD4432074812956','2021-04-15',191.9,'Base room charge');
INSERT INTO PAYMENT VALUES ('20210415QD4432074812956-p00001','20210415QD4432074812956','2021-04-17','CC',191.9,'Irma Irby','9320197053837589',6,2021,123,'Mastercard');
-- ------- SAMPLE 1451 ----------
INSERT INTO GUEST VALUES(2451,'Shae','Sansom','SSansom@hotmail.com','1234 DaWrong Lane','Flonkerton','MD','12345','872-351-3723');
INSERT INTO RESERVATION VALUES ('20210130KI2764358353233',2451,null,'KI','2021-01-30','2021-02-02',null,'active');
-- ------- SAMPLE 1452 ----------
INSERT INTO GUEST VALUES(2452,'Clara','Crimmins','CCrimmins@gmail.com','1234 DaWrong Lane','Flonkerton','MD','12345','308-544-9623');
INSERT INTO RESERVATION VALUES ('20210302KI8672592709437',2452,null,'KI','2021-03-02','2021-03-04',null,'cancelled');
INSERT INTO INVOICECHARGE VALUES ('20210302KI8672592709437-ch00001','20210302KI8672592709437','2021-03-02',170.58,'Base room charge');
INSERT INTO PAYMENT VALUES ('20210302KI8672592709437-p00001','20210302KI8672592709437','2021-03-04','CC',170.58,'Clara Crimmins','5597363438479631',6,2025,940,'Mastercard');
-- ------- SAMPLE 1453 ----------
INSERT INTO GUEST VALUES(2453,'Fleta','Fickel','FFickel@gmail.com','1234 DaWrong Lane','Flonkerton','MD','12345','424-439-6027');
INSERT INTO RESERVATION VALUES ('20200423KJ2631477826117',2453,114,'KJ','2020-04-23','2020-04-28',null,'complete');
INSERT INTO INVOICECHARGE VALUES ('20200423KJ2631477826117-ch00001','20200423KJ2631477826117','2020-04-23',457.39,'Base room charge');
INSERT INTO INVOICECHARGE VALUES ('20200423KJ2631477826117-ch00002','20200423KJ2631477826117','2020-04-23',235.62,'Cleaning fee');
INSERT INTO PAYMENT VALUES ('20200423KJ2631477826117-p00001','20200423KJ2631477826117','2020-04-25','CC',693.01,'Fleta Fickel','2036271523330807',5,2023,573,'Mastercard');
-- ------- SAMPLE 1454 ----------
INSERT INTO GUEST VALUES(2454,'Jarrett','Janelle','JJanelle@gmail.com','1234 DaWrong Lane','Flonkerton','MD','12345','979-885-8985');
INSERT INTO RESERVATION VALUES ('20200817KS5097861909910',2454,null,'KS','2020-08-17','2020-08-22',null,'active');
INSERT INTO INVOICECHARGE VALUES ('20200817KS5097861909910-ch00001','20200817KS5097861909910','2020-08-17',533.07,'Base room charge');
INSERT INTO PAYMENT VALUES ('20200817KS5097861909910-p00001','20200817KS5097861909910','2020-08-19','CC',519,'Jarrett Janelle','1850649141572252',10,2025,493,'Mastercard');
-- ------- SAMPLE 1455 ----------
INSERT INTO GUEST VALUES(2455,'Fonda','Foreman','FForeman@yahoo.com','1234 DaWrong Lane','Flonkerton','MD','12345','516-648-3058');
INSERT INTO RESERVATION VALUES ('20190828KS8144103222917',2455,206,'KS','2019-08-28','2019-08-31',null,'complete');
INSERT INTO INVOICECHARGE VALUES ('20190828KS8144103222917-ch00001','20190828KS8144103222917','2019-08-28',211.1,'Base room charge');
INSERT INTO INVOICECHARGE VALUES ('20190828KS8144103222917-ch00002','20190828KS8144103222917','2019-08-28',108.75,'Room Service');
INSERT INTO PAYMENT VALUES ('20190828KS8144103222917-p00001','20190828KS8144103222917','2019-08-30','CC',319.84,'Fonda Foreman','4799611143003095',1,2022,181,'Mastercard');
-- ------- SAMPLE 1456 ----------
INSERT INTO GUEST VALUES(2456,'Ella','Evanoff','EEvanoff@hotmail.com','1234 DaWrong Lane','Flonkerton','MD','12345','872-110-4142');
INSERT INTO RESERVATION VALUES ('20190324QD3914898861701',2456,205,'QD','2019-03-24','2019-03-27',null,'complete');
INSERT INTO INVOICECHARGE VALUES ('20190324QD3914898861701-ch00001','20190324QD3914898861701','2019-03-24',287.86,'Base room charge');
INSERT INTO PAYMENT VALUES ('20190324QD3914898861701-p00001','20190324QD3914898861701','2019-03-26','CC',287.86,'Ella Evanoff','6114582720624928',4,2023,28,'Mastercard');
-- ------- SAMPLE 1457 ----------
INSERT INTO GUEST VALUES(2457,'Alverta','Arce','AArce@gmail.com','1234 DaWrong Lane','Flonkerton','MD','12345','493-063-1832');
INSERT INTO RESERVATION VALUES ('20190818KJ5450434102233',2457,109,'KJ','2019-08-18','2019-08-20',null,'complete');
INSERT INTO INVOICECHARGE VALUES ('20190818KJ5450434102233-ch00001','20190818KJ5450434102233','2019-08-18',277.2,'Base room charge');
INSERT INTO PAYMENT (payment_id,invoice_id,payment_date,payment_type,payment_amount) VALUES ('20190818KJ5450434102233-p00001','20190818KJ5450434102233','2019-08-20','CA',277.2);
-- ------- SAMPLE 1458 ----------
INSERT INTO GUEST VALUES(2458,'Audrey','Aikens','AAikens@hotmail.com','1234 DaWrong Lane','Flonkerton','MD','12345','951-379-3640');
INSERT INTO RESERVATION VALUES ('20200528QD4485366113252',2458,null,'QD','2020-05-28','2020-06-01',null,'active');
-- ------- SAMPLE 1459 ----------
INSERT INTO GUEST VALUES(2459,'Shawna','Schmit','SSchmit@gmail.com','1234 DaWrong Lane','Flonkerton','MD','12345','036-714-5278');
INSERT INTO RESERVATION VALUES ('20200708QD7339764838584',2459,null,'QD','2020-07-08','2020-07-12',null,'active');
INSERT INTO INVOICECHARGE VALUES ('20200708QD7339764838584-ch00001','20200708QD7339764838584','2020-07-08',253.31,'Base room charge');
INSERT INTO INVOICECHARGE VALUES ('20200708QD7339764838584-ch00002','20200708QD7339764838584','2020-07-08',130.49,'Cleaning fee');
INSERT INTO PAYMENT VALUES ('20200708QD7339764838584-p00001','20200708QD7339764838584','2020-07-10','CC',383.81,'Shawna Schmit','4085379533421769',9,2022,425,'Mastercard');
-- ------- SAMPLE 1460 ----------
INSERT INTO GUEST VALUES(2460,'Antwan','Albury','AAlbury@yahoo.com','1234 DaWrong Lane','Flonkerton','MD','12345','941-858-1768');
INSERT INTO RESERVATION VALUES ('20190607QS2459606317574',2460,103,'QS','2019-06-07','2019-06-09',null,'complete');
INSERT INTO INVOICECHARGE VALUES ('20190607QS2459606317574-ch00001','20190607QS2459606317574','2019-06-07',234.55,'Base room charge');
INSERT INTO PAYMENT VALUES ('20190607QS2459606317574-p00001','20190607QS2459606317574','2019-06-09','CC',234.55,'Antwan Albury','9017570283336838',9,2022,864,'Mastercard');
-- ------- SAMPLE 1461 ----------
INSERT INTO GUEST VALUES(2461,'Stan','Schnell','SSchnell@gmail.com','1234 DaWrong Lane','Flonkerton','MD','12345','731-003-0592');
INSERT INTO RESERVATION VALUES ('20190407QS9290557167085',2461,103,'QS','2019-04-07','2019-04-10',null,'complete');
INSERT INTO INVOICECHARGE VALUES ('20190407QS9290557167085-ch00001','20190407QS9290557167085','2019-04-07',232.21,'Base room charge');
INSERT INTO INVOICECHARGE VALUES ('20190407QS9290557167085-ch00002','20190407QS9290557167085','2019-04-07',119.62,'Room Service');
INSERT INTO PAYMENT (payment_id,invoice_id,payment_date,payment_type,payment_amount) VALUES ('20190407QS9290557167085-p00001','20190407QS9290557167085','2019-04-09','CA',351.83);
-- ------- SAMPLE 1462 ----------
INSERT INTO GUEST VALUES(2462,'Ngan','Nalley','NNalley@hotmail.com','1234 DaWrong Lane','Flonkerton','MD','12345','756-631-4581');
INSERT INTO RESERVATION VALUES ('20180917QS4397302503711',2462,113,'QS','2018-09-17','2018-09-20',null,'complete');
INSERT INTO INVOICECHARGE VALUES ('20180917QS4397302503711-ch00001','20180917QS4397302503711','2018-09-17',232.21,'Base room charge');
INSERT INTO INVOICECHARGE VALUES ('20180917QS4397302503711-ch00002','20180917QS4397302503711','2018-09-17',119.62,'Cleaning fee');
INSERT INTO PAYMENT VALUES ('20180917QS4397302503711-p00001','20180917QS4397302503711','2018-09-19','CC',351.83,'Ngan Nalley','7821026815051643',12,2023,485,'Mastercard');
-- ------- SAMPLE 1463 ----------
INSERT INTO GUEST VALUES(2463,'Bessie','Buhler','BBuhler@gmail.com','1234 DaWrong Lane','Flonkerton','MD','12345','593-717-7221');
INSERT INTO RESERVATION VALUES ('20200112KI6975580599108',2463,105,'KI','2020-01-12','2020-01-15',null,'complete');
INSERT INTO INVOICECHARGE VALUES ('20200112KI6975580599108-ch00001','20200112KI6975580599108','2020-01-12',255.87,'Base room charge');
INSERT INTO PAYMENT VALUES ('20200112KI6975580599108-p00001','20200112KI6975580599108','2020-01-14','CC',255.87,'Bessie Buhler','1723367283051830',9,2024,279,'Mastercard');
-- ------- SAMPLE 1464 ----------
INSERT INTO GUEST VALUES(2464,'Willian','Wiest','WWiest@hotmail.com','1234 DaWrong Lane','Flonkerton','MD','12345','789-588-8788');
INSERT INTO RESERVATION VALUES ('20210116QS9471387768889',2464,null,'QS','2021-01-16','2021-01-19',null,'active');
INSERT INTO INVOICECHARGE VALUES ('20210116QS9471387768889-ch00001','20210116QS9471387768889','2021-01-16',351.83,'Base room charge');
INSERT INTO PAYMENT (payment_id,invoice_id,payment_date,payment_type,payment_amount) VALUES ('20210116QS9471387768889-p00001','20210116QS9471387768889','2021-01-18','CA',351.83);
-- ------- SAMPLE 1465 ----------
INSERT INTO GUEST VALUES(2465,'Abram','Adolph','AAdolph@gmail.com','1234 DaWrong Lane','Flonkerton','MD','12345','724-708-8683');
INSERT INTO RESERVATION VALUES ('20210203KI4882455071026',2465,null,'KI','2021-02-03','2021-02-07',null,'cancelled');
INSERT INTO INVOICECHARGE VALUES ('20210203KI4882455071026-ch00001','20210203KI4882455071026','2021-02-03',225.16,'Base room charge');
INSERT INTO INVOICECHARGE VALUES ('20210203KI4882455071026-ch00002','20210203KI4882455071026','2021-02-03',115.99,'Room Service');
INSERT INTO PAYMENT VALUES ('20210203KI4882455071026-p00001','20210203KI4882455071026','2021-02-05','CC',158,'Abram Adolph','4454739859858144',9,2022,314,'Mastercard');
-- ------- SAMPLE 1466 ----------
INSERT INTO GUEST VALUES(2466,'Nena','Nunez','NNunez@gmail.com','1234 DaWrong Lane','Flonkerton','MD','12345','965-737-0032');
INSERT INTO RESERVATION VALUES ('20200814KI4787221095670',2466,null,'KI','2020-08-14','2020-08-16',null,'active');
INSERT INTO INVOICECHARGE VALUES ('20200814KI4787221095670-ch00001','20200814KI4787221095670','2020-08-14',170.58,'Base room charge');
INSERT INTO PAYMENT VALUES ('20200814KI4787221095670-p00001','20200814KI4787221095670','2020-08-16','CC',122,'Nena Nunez','4334861114209096',1,2022,247,'Mastercard');
-- ------- SAMPLE 1467 ----------
INSERT INTO GUEST VALUES(2467,'Clara','Crimmins','CCrimmins@gmail.com','1234 DaWrong Lane','Flonkerton','MD','12345','574-305-3037');
INSERT INTO RESERVATION VALUES ('20200329QS2781967703828',2467,118,'QS','2020-03-29','2020-04-03',null,'complete');
INSERT INTO INVOICECHARGE VALUES ('20200329QS2781967703828-ch00001','20200329QS2781967703828','2020-03-29',586.38,'Base room charge');
INSERT INTO PAYMENT (payment_id,invoice_id,payment_date,payment_type,payment_amount) VALUES ('20200329QS2781967703828-p00001','20200329QS2781967703828','2020-03-31','CA',586.38);
-- ------- SAMPLE 1468 ----------
INSERT INTO GUEST VALUES(2468,'Shae','Sansom','SSansom@gmail.com','1234 DaWrong Lane','Flonkerton','MD','12345','378-861-0272');
INSERT INTO RESERVATION VALUES ('20180903KI2385486502267',2468,120,'KI','2018-09-03','2018-09-05',null,'cancelled');
INSERT INTO INVOICECHARGE VALUES ('20180903KI2385486502267-ch00001','20180903KI2385486502267','2018-09-03',112.58,'Base room charge');
INSERT INTO INVOICECHARGE VALUES ('20180903KI2385486502267-ch00002','20180903KI2385486502267','2018-09-03',58,'Cleaning fee');
INSERT INTO PAYMENT (payment_id,invoice_id,payment_date,payment_type,payment_amount) VALUES ('20180903KI2385486502267-p00001','20180903KI2385486502267','2018-09-05','CA',170.58);
-- ------- SAMPLE 1469 ----------
INSERT INTO GUEST VALUES(2469,'Shenna','Salmi','SSalmi@gmail.com','1234 DaWrong Lane','Flonkerton','MD','12345','282-620-4239');
INSERT INTO RESERVATION VALUES ('20190801QS5594573117027',2469,118,'QS','2019-08-01','2019-08-03',null,'complete');
INSERT INTO INVOICECHARGE VALUES ('20190801QS5594573117027-ch00001','20190801QS5594573117027','2019-08-01',234.55,'Base room charge');
INSERT INTO PAYMENT (payment_id,invoice_id,payment_date,payment_type,payment_amount) VALUES ('20190801QS5594573117027-p00001','20190801QS5594573117027','2019-08-03','CA',234.55);
-- ------- SAMPLE 1470 ----------
INSERT INTO GUEST VALUES(2470,'Deangelo','Deloera','DDeloera@hotmail.com','1234 DaWrong Lane','Flonkerton','MD','12345','037-970-4357');
INSERT INTO RESERVATION VALUES ('20190407QD5044942093146',2470,116,'QD','2019-04-07','2019-04-08',null,'complete');
INSERT INTO INVOICECHARGE VALUES ('20190407QD5044942093146-ch00001','20190407QD5044942093146','2019-04-07',63.33,'Base room charge');
INSERT INTO INVOICECHARGE VALUES ('20190407QD5044942093146-ch00002','20190407QD5044942093146','2019-04-07',32.62,'Cleaning fee');
INSERT INTO PAYMENT VALUES ('20190407QD5044942093146-p00001','20190407QD5044942093146','2019-04-09','CC',95.95,'Deangelo Deloera','7248819681343690',12,2024,977,'Mastercard');
-- ------- SAMPLE 1471 ----------
INSERT INTO GUEST VALUES(2471,'Leanora','Locke','LLocke@hotmail.com','1234 DaWrong Lane','Flonkerton','MD','12345','725-575-9213');
INSERT INTO RESERVATION VALUES ('20191213QS6423831845299',2471,103,'QS','2019-12-13','2019-12-15',null,'complete');
INSERT INTO INVOICECHARGE VALUES ('20191213QS6423831845299-ch00001','20191213QS6423831845299','2019-12-13',234.55,'Base room charge');
INSERT INTO PAYMENT VALUES ('20191213QS6423831845299-p00001','20191213QS6423831845299','2019-12-15','CC',234.55,'Leanora Locke','4428203740063290',5,2027,36,'Mastercard');
-- ------- SAMPLE 1472 ----------
INSERT INTO GUEST VALUES(2472,'Kerstin','Khalaf','KKhalaf@hotmail.com','1234 DaWrong Lane','Flonkerton','MD','12345','840-892-4986');
INSERT INTO RESERVATION VALUES ('20200704KJ7366216384415',2472,null,'KJ','2020-07-04','2020-07-09',null,'active');
INSERT INTO INVOICECHARGE VALUES ('20200704KJ7366216384415-ch00001','20200704KJ7366216384415','2020-07-04',457.39,'Base room charge');
INSERT INTO INVOICECHARGE VALUES ('20200704KJ7366216384415-ch00002','20200704KJ7366216384415','2020-07-04',235.62,'Cleaning fee');
INSERT INTO PAYMENT (payment_id,invoice_id,payment_date,payment_type,payment_amount) VALUES ('20200704KJ7366216384415-p00001','20200704KJ7366216384415','2020-07-06','CA',693.01);
-- ------- SAMPLE 1473 ----------
INSERT INTO GUEST VALUES(2473,'Selene','Staiger','SStaiger@yahoo.com','1234 DaWrong Lane','Flonkerton','MD','12345','039-545-9985');
INSERT INTO RESERVATION VALUES ('20201206QS3537729035939',2473,null,'QS','2020-12-06','2020-12-09',null,'active');
INSERT INTO INVOICECHARGE VALUES ('20201206QS3537729035939-ch00001','20201206QS3537729035939','2020-12-06',351.83,'Base room charge');
INSERT INTO PAYMENT VALUES ('20201206QS3537729035939-p00001','20201206QS3537729035939','2020-12-08','CC',351.83,'Selene Staiger','5495739821380504',9,2023,960,'Mastercard');
-- ------- SAMPLE 1474 ----------
INSERT INTO GUEST VALUES(2474,'Bell','Belizaire','BBelizaire@yahoo.com','1234 DaWrong Lane','Flonkerton','MD','12345','335-402-4420');
INSERT INTO RESERVATION VALUES ('20181204KS7376611729760',2474,201,'KS','2018-12-04','2018-12-07',null,'complete');
INSERT INTO INVOICECHARGE VALUES ('20181204KS7376611729760-ch00001','20181204KS7376611729760','2018-12-04',319.84,'Base room charge');
INSERT INTO PAYMENT VALUES ('20181204KS7376611729760-p00001','20181204KS7376611729760','2018-12-06','CC',319.84,'Bell Belizaire','7338094579688228',2,2027,722,'Mastercard');
-- ------- SAMPLE 1475 ----------
INSERT INTO GUEST VALUES(2475,'Katerine','Kawakami','KKawakami@hotmail.com','1234 DaWrong Lane','Flonkerton','MD','12345','617-832-4860');
INSERT INTO RESERVATION VALUES ('20200918KI2672319565331',2475,null,'KI','2020-09-18','2020-09-21',null,'active');
-- ------- SAMPLE 1476 ----------
INSERT INTO GUEST VALUES(2476,'Ceola','Carasco','CCarasco@gmail.com','1234 DaWrong Lane','Flonkerton','MD','12345','664-307-1234');
INSERT INTO RESERVATION VALUES ('20210217KI6013105559076',2476,null,'KI','2021-02-17','2021-02-18',null,'active');
INSERT INTO INVOICECHARGE VALUES ('20210217KI6013105559076-ch00001','20210217KI6013105559076','2021-02-17',85.29,'Base room charge');
INSERT INTO PAYMENT VALUES ('20210217KI6013105559076-p00001','20210217KI6013105559076','2021-02-19','CC',85.29,'Ceola Carasco','7997502460139504',5,2024,422,'Mastercard');
-- ------- SAMPLE 1477 ----------
INSERT INTO GUEST VALUES(2477,'Lucius','Liles','LLiles@hotmail.com','1234 DaWrong Lane','Flonkerton','MD','12345','575-805-7658');
INSERT INTO RESERVATION VALUES ('20190208KS8803070612347',2477,117,'KS','2019-02-08','2019-02-11',null,'complete');
INSERT INTO INVOICECHARGE VALUES ('20190208KS8803070612347-ch00001','20190208KS8803070612347','2019-02-08',319.84,'Base room charge');
INSERT INTO PAYMENT (payment_id,invoice_id,payment_date,payment_type,payment_amount) VALUES ('20190208KS8803070612347-p00001','20190208KS8803070612347','2019-02-10','CA',319.84);
-- ------- SAMPLE 1478 ----------
INSERT INTO GUEST VALUES(2478,'Jeanene','Jacobo','JJacobo@yahoo.com','1234 DaWrong Lane','Flonkerton','MD','12345','844-834-7340');
INSERT INTO RESERVATION VALUES ('20200204QS2277921297695',2478,113,'QS','2020-02-04','2020-02-05',null,'complete');
INSERT INTO INVOICECHARGE VALUES ('20200204QS2277921297695-ch00001','20200204QS2277921297695','2020-02-04',117.28,'Base room charge');
INSERT INTO PAYMENT VALUES ('20200204QS2277921297695-p00001','20200204QS2277921297695','2020-02-06','CC',117.28,'Jeanene Jacobo','5408716600350434',2,2027,7,'Mastercard');
-- ------- SAMPLE 1479 ----------
INSERT INTO GUEST VALUES(2479,'Deandre','Defore','DDefore@hotmail.com','1234 DaWrong Lane','Flonkerton','MD','12345','045-140-3824');
INSERT INTO RESERVATION VALUES ('20190709QD6998305664634',2479,200,'QD','2019-07-09','2019-07-10',null,'complete');
INSERT INTO INVOICECHARGE VALUES ('20190709QD6998305664634-ch00001','20190709QD6998305664634','2019-07-09',63.33,'Base room charge');
INSERT INTO INVOICECHARGE VALUES ('20190709QD6998305664634-ch00002','20190709QD6998305664634','2019-07-09',32.62,'Room Service');
INSERT INTO PAYMENT (payment_id,invoice_id,payment_date,payment_type,payment_amount) VALUES ('20190709QD6998305664634-p00001','20190709QD6998305664634','2019-07-11','CA',95.95);
-- ------- SAMPLE 1480 ----------
INSERT INTO GUEST VALUES(2480,'Ceola','Carasco','CCarasco@yahoo.com','1234 DaWrong Lane','Flonkerton','MD','12345','350-066-5110');
INSERT INTO RESERVATION VALUES ('20180929KJ2562995831886',2480,109,'KJ','2018-09-29','2018-10-03',null,'cancelled');
INSERT INTO INVOICECHARGE VALUES ('20180929KJ2562995831886-ch00001','20180929KJ2562995831886','2018-09-29',554.41,'Base room charge');
INSERT INTO PAYMENT VALUES ('20180929KJ2562995831886-p00001','20180929KJ2562995831886','2018-10-01','CC',554.41,'Ceola Carasco','9338883754754880',5,2024,149,'Mastercard');
-- ------- SAMPLE 1481 ----------
INSERT INTO GUEST VALUES(2481,'Reita','Rudder','RRudder@gmail.com','1234 DaWrong Lane','Flonkerton','MD','12345','548-560-5695');
INSERT INTO RESERVATION VALUES ('20180708KI1632675383694',2481,204,'KI','2018-07-08','2018-07-10',null,'complete');
INSERT INTO INVOICECHARGE VALUES ('20180708KI1632675383694-ch00001','20180708KI1632675383694','2018-07-08',112.58,'Base room charge');
INSERT INTO INVOICECHARGE VALUES ('20180708KI1632675383694-ch00002','20180708KI1632675383694','2018-07-08',58,'Cleaning fee');
INSERT INTO PAYMENT (payment_id,invoice_id,payment_date,payment_type,payment_amount) VALUES ('20180708KI1632675383694-p00001','20180708KI1632675383694','2018-07-10','CA',170.58);
-- ------- SAMPLE 1482 ----------
INSERT INTO GUEST VALUES(2482,'Boris','Berner','BBerner@yahoo.com','1234 DaWrong Lane','Flonkerton','MD','12345','792-730-3963');
INSERT INTO RESERVATION VALUES ('20190816QS9054119570425',2482,103,'QS','2019-08-16','2019-08-21',null,'complete');
INSERT INTO INVOICECHARGE VALUES ('20190816QS9054119570425-ch00001','20190816QS9054119570425','2019-08-16',387.01,'Base room charge');
INSERT INTO INVOICECHARGE VALUES ('20190816QS9054119570425-ch00002','20190816QS9054119570425','2019-08-16',199.37,'Room Service');
INSERT INTO PAYMENT VALUES ('20190816QS9054119570425-p00001','20190816QS9054119570425','2019-08-18','CC',586.38,'Boris Berner','3781975581451888',4,2021,837,'Mastercard');
-- ------- SAMPLE 1483 ----------
INSERT INTO GUEST VALUES(2483,'Ginger','Gordillo','GGordillo@yahoo.com','1234 DaWrong Lane','Flonkerton','MD','12345','099-875-9488');
INSERT INTO RESERVATION VALUES ('20190506KI9244998030044',2483,105,'KI','2019-05-06','2019-05-07',null,'complete');
INSERT INTO INVOICECHARGE VALUES ('20190506KI9244998030044-ch00001','20190506KI9244998030044','2019-05-06',56.29,'Base room charge');
INSERT INTO INVOICECHARGE VALUES ('20190506KI9244998030044-ch00002','20190506KI9244998030044','2019-05-06',29,'Cleaning fee');
INSERT INTO PAYMENT (payment_id,invoice_id,payment_date,payment_type,payment_amount) VALUES ('20190506KI9244998030044-p00001','20190506KI9244998030044','2019-05-08','CA',85.29);
-- ------- SAMPLE 1484 ----------
INSERT INTO GUEST VALUES(2484,'Delsie','Delong','DDelong@hotmail.com','1234 DaWrong Lane','Flonkerton','MD','12345','443-970-1683');
INSERT INTO RESERVATION VALUES ('20180525KI8449252961326',2484,120,'KI','2018-05-25','2018-05-30',null,'complete');
INSERT INTO INVOICECHARGE VALUES ('20180525KI8449252961326-ch00001','20180525KI8449252961326','2018-05-25',281.45,'Base room charge');
INSERT INTO INVOICECHARGE VALUES ('20180525KI8449252961326-ch00002','20180525KI8449252961326','2018-05-25',144.99,'Cleaning fee');
INSERT INTO PAYMENT VALUES ('20180525KI8449252961326-p00001','20180525KI8449252961326','2018-05-27','CC',426.45,'Delsie Delong','9232087287027172',4,2025,234,'Mastercard');
-- ------- SAMPLE 1485 ----------
INSERT INTO GUEST VALUES(2485,'Reita','Rudder','RRudder@yahoo.com','1234 DaWrong Lane','Flonkerton','MD','12345','719-931-2391');
INSERT INTO RESERVATION VALUES ('20200727QD7964529774722',2485,null,'QD','2020-07-27','2020-07-28',null,'active');
INSERT INTO INVOICECHARGE VALUES ('20200727QD7964529774722-ch00001','20200727QD7964529774722','2020-07-27',63.33,'Base room charge');
INSERT INTO INVOICECHARGE VALUES ('20200727QD7964529774722-ch00002','20200727QD7964529774722','2020-07-27',32.62,'Cleaning fee');
INSERT INTO PAYMENT (payment_id,invoice_id,payment_date,payment_type,payment_amount) VALUES ('20200727QD7964529774722-p00001','20200727QD7964529774722','2020-07-29','CA',95.95);
-- ------- SAMPLE 1486 ----------
INSERT INTO GUEST VALUES(2486,'Jarrett','Janelle','JJanelle@gmail.com','1234 DaWrong Lane','Flonkerton','MD','12345','501-868-3823');
INSERT INTO RESERVATION VALUES ('20191225QS2588054102367',2486,202,'QS','2019-12-25','2019-12-26',null,'complete');
INSERT INTO INVOICECHARGE VALUES ('20191225QS2588054102367-ch00001','20191225QS2588054102367','2019-12-25',117.28,'Base room charge');
INSERT INTO PAYMENT VALUES ('20191225QS2588054102367-p00001','20191225QS2588054102367','2019-12-27','CC',117.28,'Jarrett Janelle','7129246462715803',1,2025,252,'Mastercard');
-- ------- SAMPLE 1487 ----------
INSERT INTO GUEST VALUES(2487,'Malia','Molden','MMolden@hotmail.com','1234 DaWrong Lane','Flonkerton','MD','12345','581-398-5233');
INSERT INTO RESERVATION VALUES ('20190420KS9976225906031',2487,112,'KS','2019-04-20','2019-04-22',null,'complete');
INSERT INTO INVOICECHARGE VALUES ('20190420KS9976225906031-ch00001','20190420KS9976225906031','2019-04-20',213.23,'Base room charge');
INSERT INTO PAYMENT VALUES ('20190420KS9976225906031-p00001','20190420KS9976225906031','2019-04-22','CC',213.23,'Malia Molden','8892707543115314',7,2021,30,'Mastercard');
-- ------- SAMPLE 1488 ----------
INSERT INTO GUEST VALUES(2488,'Kerstin','Khalaf','KKhalaf@gmail.com','1234 DaWrong Lane','Flonkerton','MD','12345','482-899-7962');
INSERT INTO RESERVATION VALUES ('20210212KI7290540305626',2488,null,'KI','2021-02-12','2021-02-16',null,'active');
INSERT INTO INVOICECHARGE VALUES ('20210212KI7290540305626-ch00001','20210212KI7290540305626','2021-02-12',341.16,'Base room charge');
INSERT INTO PAYMENT (payment_id,invoice_id,payment_date,payment_type,payment_amount) VALUES ('20210212KI7290540305626-p00001','20210212KI7290540305626','2021-02-14','CA',341.16);
-- ------- SAMPLE 1489 ----------
INSERT INTO GUEST VALUES(2489,'Major','Meng','MMeng@gmail.com','1234 DaWrong Lane','Flonkerton','MD','12345','613-063-5192');
INSERT INTO RESERVATION VALUES ('20180717QS5587173996083',2489,113,'QS','2018-07-17','2018-07-21',null,'complete');
INSERT INTO INVOICECHARGE VALUES ('20180717QS5587173996083-ch00001','20180717QS5587173996083','2018-07-17',469.11,'Base room charge');
INSERT INTO PAYMENT VALUES ('20180717QS5587173996083-p00001','20180717QS5587173996083','2018-07-19','CC',469.11,'Major Meng','4363782345737723',2,2024,251,'Mastercard');
-- ------- SAMPLE 1490 ----------
INSERT INTO GUEST VALUES(2490,'Delora','Delph','DDelph@yahoo.com','1234 DaWrong Lane','Flonkerton','MD','12345','685-982-2439');
INSERT INTO RESERVATION VALUES ('20210310KI5094387217298',2490,null,'KI','2021-03-10','2021-03-12',null,'cancelled');
INSERT INTO INVOICECHARGE VALUES ('20210310KI5094387217298-ch00001','20210310KI5094387217298','2021-03-10',170.58,'Base room charge');
INSERT INTO PAYMENT VALUES ('20210310KI5094387217298-p00001','20210310KI5094387217298','2021-03-12','CC',170.58,'Delora Delph','4474882421002598',8,2021,763,'Mastercard');
-- ------- SAMPLE 1491 ----------
INSERT INTO GUEST VALUES(2491,'Aretha','Acy','AAcy@hotmail.com','1234 DaWrong Lane','Flonkerton','MD','12345','143-837-7723');
INSERT INTO RESERVATION VALUES ('20200827KS9317159213218',2491,null,'KS','2020-08-27','2020-09-01',null,'active');
INSERT INTO INVOICECHARGE VALUES ('20200827KS9317159213218-ch00001','20200827KS9317159213218','2020-08-27',533.07,'Base room charge');
INSERT INTO PAYMENT VALUES ('20200827KS9317159213218-p00001','20200827KS9317159213218','2020-08-29','CC',533.07,'Aretha Acy','6635648317088566',8,2027,937,'Mastercard');
-- ------- SAMPLE 1492 ----------
INSERT INTO GUEST VALUES(2492,'Rose','Royall','RRoyall@gmail.com','1234 DaWrong Lane','Flonkerton','MD','12345','253-125-2407');
INSERT INTO RESERVATION VALUES ('20210421KJ9183557328721',2492,null,'KJ','2021-04-21','2021-04-24',null,'active');
INSERT INTO INVOICECHARGE VALUES ('20210421KJ9183557328721-ch00001','20210421KJ9183557328721','2021-04-21',274.43,'Base room charge');
INSERT INTO INVOICECHARGE VALUES ('20210421KJ9183557328721-ch00002','20210421KJ9183557328721','2021-04-21',141.37,'Cleaning fee');
INSERT INTO PAYMENT VALUES ('20210421KJ9183557328721-p00001','20210421KJ9183557328721','2021-04-23','CC',415.81,'Rose Royall','6268367908114916',1,2021,827,'Mastercard');
-- ------- SAMPLE 1493 ----------
INSERT INTO GUEST VALUES(2493,'Jamey','Jen','JJen@hotmail.com','1234 DaWrong Lane','Flonkerton','MD','12345','718-522-2840');
INSERT INTO RESERVATION VALUES ('20180810QD8190601073399',2493,111,'QD','2018-08-10','2018-08-15',null,'complete');
INSERT INTO INVOICECHARGE VALUES ('20180810QD8190601073399-ch00001','20180810QD8190601073399','2018-08-10',316.64,'Base room charge');
INSERT INTO INVOICECHARGE VALUES ('20180810QD8190601073399-ch00002','20180810QD8190601073399','2018-08-10',163.12,'Cleaning fee');
INSERT INTO PAYMENT (payment_id,invoice_id,payment_date,payment_type,payment_amount) VALUES ('20180810QD8190601073399-p00001','20180810QD8190601073399','2018-08-12','CA',479.76);
-- ------- SAMPLE 1494 ----------
INSERT INTO GUEST VALUES(2494,'Shena','Sandoz','SSandoz@yahoo.com','1234 DaWrong Lane','Flonkerton','MD','12345','931-651-0306');
INSERT INTO RESERVATION VALUES ('20210415KS8685080235077',2494,null,'KS','2021-04-15','2021-04-19',null,'active');
INSERT INTO INVOICECHARGE VALUES ('20210415KS8685080235077-ch00001','20210415KS8685080235077','2021-04-15',281.46,'Base room charge');
INSERT INTO INVOICECHARGE VALUES ('20210415KS8685080235077-ch00002','20210415KS8685080235077','2021-04-15',145,'Room Service');
INSERT INTO PAYMENT VALUES ('20210415KS8685080235077-p00001','20210415KS8685080235077','2021-04-17','CC',426.46,'Shena Sandoz','8571933292457518',8,2022,781,'Mastercard');
-- ------- SAMPLE 1495 ----------
INSERT INTO GUEST VALUES(2495,'Tanner','Tomasello','TTomasello@gmail.com','1234 DaWrong Lane','Flonkerton','MD','12345','873-138-2389');
INSERT INTO RESERVATION VALUES ('20210311KI5069757794028',2495,null,'KI','2021-03-11','2021-03-13',null,'active');
INSERT INTO INVOICECHARGE VALUES ('20210311KI5069757794028-ch00001','20210311KI5069757794028','2021-03-11',170.58,'Base room charge');
INSERT INTO PAYMENT (payment_id,invoice_id,payment_date,payment_type,payment_amount) VALUES ('20210311KI5069757794028-p00001','20210311KI5069757794028','2021-03-13','CA',170.58);
-- ------- SAMPLE 1496 ----------
INSERT INTO GUEST VALUES(2496,'Shonda','Schult','SSchult@gmail.com','1234 DaWrong Lane','Flonkerton','MD','12345','104-146-0186');
INSERT INTO RESERVATION VALUES ('20190221KI4911224157239',2496,105,'KI','2019-02-21','2019-02-24',null,'complete');
INSERT INTO INVOICECHARGE VALUES ('20190221KI4911224157239-ch00001','20190221KI4911224157239','2019-02-21',168.87,'Base room charge');
INSERT INTO INVOICECHARGE VALUES ('20190221KI4911224157239-ch00002','20190221KI4911224157239','2019-02-21',87,'Room Service');
INSERT INTO PAYMENT VALUES ('20190221KI4911224157239-p00001','20190221KI4911224157239','2019-02-23','CC',255.87,'Shonda Schult','5990384246985148',5,2021,642,'Mastercard');
-- ------- SAMPLE 1497 ----------
INSERT INTO GUEST VALUES(2497,'Jeanene','Jacobo','JJacobo@yahoo.com','1234 DaWrong Lane','Flonkerton','MD','12345','415-664-7600');
INSERT INTO RESERVATION VALUES ('20200423KJ4792691086747',2497,104,'KJ','2020-04-23','2020-04-27',null,'complete');
INSERT INTO INVOICECHARGE VALUES ('20200423KJ4792691086747-ch00001','20200423KJ4792691086747','2020-04-23',365.91,'Base room charge');
INSERT INTO INVOICECHARGE VALUES ('20200423KJ4792691086747-ch00002','20200423KJ4792691086747','2020-04-23',188.5,'Room Service');
INSERT INTO PAYMENT VALUES ('20200423KJ4792691086747-p00001','20200423KJ4792691086747','2020-04-25','CC',554.41,'Jeanene Jacobo','3274109420258956',4,2027,303,'Mastercard');
-- ------- SAMPLE 1498 ----------
INSERT INTO GUEST VALUES(2498,'Shonda','Schult','SSchult@yahoo.com','1234 DaWrong Lane','Flonkerton','MD','12345','201-473-4237');
INSERT INTO RESERVATION VALUES ('20200302KS1573256728380',2498,112,'KS','2020-03-02','2020-03-06',null,'complete');
INSERT INTO INVOICECHARGE VALUES ('20200302KS1573256728380-ch00001','20200302KS1573256728380','2020-03-02',281.46,'Base room charge');
INSERT INTO INVOICECHARGE VALUES ('20200302KS1573256728380-ch00002','20200302KS1573256728380','2020-03-02',145,'Cleaning fee');
INSERT INTO PAYMENT (payment_id,invoice_id,payment_date,payment_type,payment_amount) VALUES ('20200302KS1573256728380-p00001','20200302KS1573256728380','2020-03-04','CA',426.46);
-- ------- SAMPLE 1499 ----------
INSERT INTO GUEST VALUES(2499,'Raisa','Romito','RRomito@hotmail.com','1234 DaWrong Lane','Flonkerton','MD','12345','128-091-5635');
INSERT INTO RESERVATION VALUES ('20180704KJ5338400825078',2499,203,'KJ','2018-07-04','2018-07-08',null,'complete');
INSERT INTO INVOICECHARGE VALUES ('20180704KJ5338400825078-ch00001','20180704KJ5338400825078','2018-07-04',554.41,'Base room charge');
INSERT INTO PAYMENT VALUES ('20180704KJ5338400825078-p00001','20180704KJ5338400825078','2018-07-06','CC',554.41,'Raisa Romito','9220654739747277',8,2024,17,'Mastercard');
-- ------- SAMPLE 1500 ----------
INSERT INTO GUEST VALUES(2500,'Leanora','Locke','LLocke@hotmail.com','1234 DaWrong Lane','Flonkerton','MD','12345','188-969-6978');
INSERT INTO RESERVATION VALUES ('20200713KJ2569553848683',2500,null,'KJ','2020-07-13','2020-07-15',null,'active');
-- ------- SAMPLE 1501 ----------
INSERT INTO GUEST VALUES(2501,'Kerstin','Khalaf','KKhalaf@hotmail.com','1234 DaWrong Lane','Flonkerton','MD','12345','640-198-9475');
INSERT INTO RESERVATION VALUES ('20180702KJ2972630141342',2501,114,'KJ','2018-07-02','2018-07-07',null,'complete');
INSERT INTO INVOICECHARGE VALUES ('20180702KJ2972630141342-ch00001','20180702KJ2972630141342','2018-07-02',457.39,'Base room charge');
INSERT INTO INVOICECHARGE VALUES ('20180702KJ2972630141342-ch00002','20180702KJ2972630141342','2018-07-02',235.62,'Room Service');
INSERT INTO PAYMENT VALUES ('20180702KJ2972630141342-p00001','20180702KJ2972630141342','2018-07-04','CC',693.01,'Kerstin Khalaf','9721012620848534',3,2021,152,'Mastercard');
-- ------- SAMPLE 1502 ----------
INSERT INTO GUEST VALUES(2502,'Delsie','Delong','DDelong@yahoo.com','1234 DaWrong Lane','Flonkerton','MD','12345','370-179-7096');
INSERT INTO RESERVATION VALUES ('20200809KJ9320474436130',2502,null,'KJ','2020-08-09','2020-08-14',null,'active');
INSERT INTO INVOICECHARGE VALUES ('20200809KJ9320474436130-ch00001','20200809KJ9320474436130','2020-08-09',693.01,'Base room charge');
INSERT INTO PAYMENT VALUES ('20200809KJ9320474436130-p00001','20200809KJ9320474436130','2020-08-11','CC',693.01,'Delsie Delong','2642004341278799',8,2021,944,'Mastercard');
-- ------- SAMPLE 1503 ----------
INSERT INTO GUEST VALUES(2503,'Julene','Jahn','JJahn@gmail.com','1234 DaWrong Lane','Flonkerton','MD','12345','045-555-7438');
INSERT INTO RESERVATION VALUES ('20190525QD7568083919578',2503,200,'QD','2019-05-25','2019-05-27',null,'complete');
INSERT INTO INVOICECHARGE VALUES ('20190525QD7568083919578-ch00001','20190525QD7568083919578','2019-05-25',191.9,'Base room charge');
INSERT INTO PAYMENT VALUES ('20190525QD7568083919578-p00001','20190525QD7568083919578','2019-05-27','CC',191.9,'Julene Jahn','7001142931675881',9,2021,695,'Mastercard');
-- ------- SAMPLE 1504 ----------
INSERT INTO GUEST VALUES(2504,'Heather','Hartin','HHartin@yahoo.com','1234 DaWrong Lane','Flonkerton','MD','12345','573-651-0316');
INSERT INTO RESERVATION VALUES ('20190131KI2887372060349',2504,204,'KI','2019-01-31','2019-02-01',null,'complete');
INSERT INTO INVOICECHARGE VALUES ('20190131KI2887372060349-ch00001','20190131KI2887372060349','2019-01-31',56.29,'Base room charge');
INSERT INTO INVOICECHARGE VALUES ('20190131KI2887372060349-ch00002','20190131KI2887372060349','2019-01-31',29,'Room Service');
INSERT INTO PAYMENT VALUES ('20190131KI2887372060349-p00001','20190131KI2887372060349','2019-02-02','CC',85.29,'Heather Hartin','3611958596125210',6,2024,9,'Mastercard');
-- ------- SAMPLE 1505 ----------
INSERT INTO GUEST VALUES(2505,'Ginger','Gordillo','GGordillo@hotmail.com','1234 DaWrong Lane','Flonkerton','MD','12345','006-583-7979');
INSERT INTO RESERVATION VALUES ('20190325QS1289737969919',2505,202,'QS','2019-03-25','2019-03-27',null,'complete');
INSERT INTO INVOICECHARGE VALUES ('20190325QS1289737969919-ch00001','20190325QS1289737969919','2019-03-25',234.55,'Base room charge');
INSERT INTO PAYMENT VALUES ('20190325QS1289737969919-p00001','20190325QS1289737969919','2019-03-27','CC',234.55,'Ginger Gordillo','7301942243436587',7,2027,291,'Mastercard');
-- ------- SAMPLE 1506 ----------
INSERT INTO GUEST VALUES(2506,'Selene','Staiger','SStaiger@yahoo.com','1234 DaWrong Lane','Flonkerton','MD','12345','425-912-6369');
INSERT INTO RESERVATION VALUES ('20181220KJ5133524852765',2506,114,'KJ','2018-12-20','2018-12-25',null,'complete');
INSERT INTO INVOICECHARGE VALUES ('20181220KJ5133524852765-ch00001','20181220KJ5133524852765','2018-12-20',693.01,'Base room charge');
INSERT INTO PAYMENT (payment_id,invoice_id,payment_date,payment_type,payment_amount) VALUES ('20181220KJ5133524852765-p00001','20181220KJ5133524852765','2018-12-22','CA',693.01);
-- ------- SAMPLE 1507 ----------
INSERT INTO GUEST VALUES(2507,'Stacie','Schupp','SSchupp@gmail.com','1234 DaWrong Lane','Flonkerton','MD','12345','403-209-1851');
INSERT INTO RESERVATION VALUES ('20200320KS6513242293983',2507,107,'KS','2020-03-20','2020-03-23',null,'complete');
INSERT INTO INVOICECHARGE VALUES ('20200320KS6513242293983-ch00001','20200320KS6513242293983','2020-03-20',211.1,'Base room charge');
INSERT INTO INVOICECHARGE VALUES ('20200320KS6513242293983-ch00002','20200320KS6513242293983','2020-03-20',108.75,'Cleaning fee');
INSERT INTO PAYMENT VALUES ('20200320KS6513242293983-p00001','20200320KS6513242293983','2020-03-22','CC',319.84,'Stacie Schupp','9705671516693953',11,2025,234,'Mastercard');
-- ------- SAMPLE 1508 ----------
INSERT INTO GUEST VALUES(2508,'Kasey','Kipp','KKipp@yahoo.com','1234 DaWrong Lane','Flonkerton','MD','12345','844-137-9863');
INSERT INTO RESERVATION VALUES ('20191030KJ9025880875831',2508,104,'KJ','2019-10-30','2019-10-31',null,'complete');
INSERT INTO INVOICECHARGE VALUES ('20191030KJ9025880875831-ch00001','20191030KJ9025880875831','2019-10-30',138.6,'Base room charge');
INSERT INTO PAYMENT VALUES ('20191030KJ9025880875831-p00001','20191030KJ9025880875831','2019-11-01','CC',138.6,'Kasey Kipp','3942982755717023',1,2027,496,'Mastercard');
-- ------- SAMPLE 1509 ----------
INSERT INTO GUEST VALUES(2509,'Ngan','Nalley','NNalley@gmail.com','1234 DaWrong Lane','Flonkerton','MD','12345','673-035-5163');
INSERT INTO RESERVATION VALUES ('20200707KS2154131997127',2509,null,'KS','2020-07-07','2020-07-09',null,'active');
INSERT INTO INVOICECHARGE VALUES ('20200707KS2154131997127-ch00001','20200707KS2154131997127','2020-07-07',140.73,'Base room charge');
INSERT INTO INVOICECHARGE VALUES ('20200707KS2154131997127-ch00002','20200707KS2154131997127','2020-07-07',72.5,'Cleaning fee');
INSERT INTO PAYMENT VALUES ('20200707KS2154131997127-p00001','20200707KS2154131997127','2020-07-09','CC',213.23,'Ngan Nalley','1286875619559194',12,2024,346,'Mastercard');
-- ------- SAMPLE 1510 ----------
INSERT INTO GUEST VALUES(2510,'Lincoln','Lattea','LLattea@yahoo.com','1234 DaWrong Lane','Flonkerton','MD','12345','767-440-7558');
INSERT INTO RESERVATION VALUES ('20180529KS5817578620711',2510,107,'KS','2018-05-29','2018-06-03',null,'complete');
INSERT INTO INVOICECHARGE VALUES ('20180529KS5817578620711-ch00001','20180529KS5817578620711','2018-05-29',351.83,'Base room charge');
INSERT INTO INVOICECHARGE VALUES ('20180529KS5817578620711-ch00002','20180529KS5817578620711','2018-05-29',181.24,'Room Service');
INSERT INTO PAYMENT VALUES ('20180529KS5817578620711-p00001','20180529KS5817578620711','2018-05-31','CC',533.07,'Lincoln Lattea','9195787972875262',1,2025,135,'Mastercard');
-- ------- SAMPLE 1511 ----------
INSERT INTO GUEST VALUES(2511,'Marylynn','Musson','MMusson@hotmail.com','1234 DaWrong Lane','Flonkerton','MD','12345','453-031-4449');
INSERT INTO RESERVATION VALUES ('20190822QD4368350767824',2511,111,'QD','2019-08-22','2019-08-25',null,'complete');
INSERT INTO INVOICECHARGE VALUES ('20190822QD4368350767824-ch00001','20190822QD4368350767824','2019-08-22',287.86,'Base room charge');
INSERT INTO PAYMENT VALUES ('20190822QD4368350767824-p00001','20190822QD4368350767824','2019-08-24','CC',287.86,'Marylynn Musson','1090921722924720',7,2024,985,'Mastercard');
-- ------- SAMPLE 1512 ----------
INSERT INTO GUEST VALUES(2512,'Julene','Jahn','JJahn@hotmail.com','1234 DaWrong Lane','Flonkerton','MD','12345','372-019-9858');
INSERT INTO RESERVATION VALUES ('20190927QD3962813142403',2512,205,'QD','2019-09-27','2019-09-30',null,'complete');
INSERT INTO INVOICECHARGE VALUES ('20190927QD3962813142403-ch00001','20190927QD3962813142403','2019-09-27',287.86,'Base room charge');
INSERT INTO PAYMENT (payment_id,invoice_id,payment_date,payment_type,payment_amount) VALUES ('20190927QD3962813142403-p00001','20190927QD3962813142403','2019-09-29','CA',287.86);
-- ------- SAMPLE 1513 ----------
INSERT INTO GUEST VALUES(2513,'Mandi','Mcwain','MMcwain@gmail.com','1234 DaWrong Lane','Flonkerton','MD','12345','406-298-7309');
INSERT INTO RESERVATION VALUES ('20210201QD6086366144430',2513,null,'QD','2021-02-01','2021-02-04',null,'active');
-- ------- SAMPLE 1514 ----------
INSERT INTO GUEST VALUES(2514,'Katerine','Kawakami','KKawakami@yahoo.com','1234 DaWrong Lane','Flonkerton','MD','12345','600-133-1286');
INSERT INTO RESERVATION VALUES ('20191012QD6470262570771',2514,116,'QD','2019-10-12','2019-10-13',null,'complete');
INSERT INTO INVOICECHARGE VALUES ('20191012QD6470262570771-ch00001','20191012QD6470262570771','2019-10-12',95.95,'Base room charge');
INSERT INTO PAYMENT VALUES ('20191012QD6470262570771-p00001','20191012QD6470262570771','2019-10-14','CC',95.95,'Katerine Kawakami','6257116794002637',2,2025,224,'Mastercard');
-- ------- SAMPLE 1515 ----------
INSERT INTO GUEST VALUES(2515,'Abel','Alire','AAlire@yahoo.com','1234 DaWrong Lane','Flonkerton','MD','12345','613-683-3223');
INSERT INTO RESERVATION VALUES ('20180925KS8127261797938',2515,107,'KS','2018-09-25','2018-09-29',null,'complete');
INSERT INTO INVOICECHARGE VALUES ('20180925KS8127261797938-ch00001','20180925KS8127261797938','2018-09-25',426.46,'Base room charge');
INSERT INTO PAYMENT VALUES ('20180925KS8127261797938-p00001','20180925KS8127261797938','2018-09-27','CC',426.46,'Abel Alire','7589879114870786',6,2023,422,'Mastercard');
-- ------- SAMPLE 1516 ----------
INSERT INTO GUEST VALUES(2516,'Mandi','Mcwain','MMcwain@gmail.com','1234 DaWrong Lane','Flonkerton','MD','12345','816-449-4250');
INSERT INTO RESERVATION VALUES ('20200124QD7367101321299',2516,205,'QD','2020-01-24','2020-01-28',null,'complete');
INSERT INTO INVOICECHARGE VALUES ('20200124QD7367101321299-ch00001','20200124QD7367101321299','2020-01-24',253.31,'Base room charge');
INSERT INTO INVOICECHARGE VALUES ('20200124QD7367101321299-ch00002','20200124QD7367101321299','2020-01-24',130.49,'Cleaning fee');
INSERT INTO PAYMENT VALUES ('20200124QD7367101321299-p00001','20200124QD7367101321299','2020-01-26','CC',383.81,'Mandi Mcwain','7089063860675074',6,2022,960,'Mastercard');
-- ------- SAMPLE 1517 ----------
INSERT INTO GUEST VALUES(2517,'Stan','Schnell','SSchnell@hotmail.com','1234 DaWrong Lane','Flonkerton','MD','12345','525-476-6213');
INSERT INTO RESERVATION VALUES ('20190616KS4711835603298',2517,107,'KS','2019-06-16','2019-06-19',null,'complete');
INSERT INTO INVOICECHARGE VALUES ('20190616KS4711835603298-ch00001','20190616KS4711835603298','2019-06-16',211.1,'Base room charge');
INSERT INTO INVOICECHARGE VALUES ('20190616KS4711835603298-ch00002','20190616KS4711835603298','2019-06-16',108.75,'Room Service');
INSERT INTO PAYMENT (payment_id,invoice_id,payment_date,payment_type,payment_amount) VALUES ('20190616KS4711835603298-p00001','20190616KS4711835603298','2019-06-18','CA',319.84);
-- ------- SAMPLE 1518 ----------
INSERT INTO GUEST VALUES(2518,'Freida','Forbis','FForbis@hotmail.com','1234 DaWrong Lane','Flonkerton','MD','12345','709-079-9888');
INSERT INTO RESERVATION VALUES ('20190210QS8691161221630',2518,118,'QS','2019-02-10','2019-02-15',null,'complete');
INSERT INTO INVOICECHARGE VALUES ('20190210QS8691161221630-ch00001','20190210QS8691161221630','2019-02-10',387.01,'Base room charge');
INSERT INTO INVOICECHARGE VALUES ('20190210QS8691161221630-ch00002','20190210QS8691161221630','2019-02-10',199.37,'Room Service');
INSERT INTO PAYMENT VALUES ('20190210QS8691161221630-p00001','20190210QS8691161221630','2019-02-12','CC',586.38,'Freida Forbis','8899616473707288',2,2026,769,'Mastercard');
-- ------- SAMPLE 1519 ----------
INSERT INTO GUEST VALUES(2519,'Len','Linquist','LLinquist@yahoo.com','1234 DaWrong Lane','Flonkerton','MD','12345','605-728-8483');
INSERT INTO RESERVATION VALUES ('20200518QD9278308832661',2519,null,'QD','2020-05-18','2020-05-20',null,'active');
INSERT INTO INVOICECHARGE VALUES ('20200518QD9278308832661-ch00001','20200518QD9278308832661','2020-05-18',126.66,'Base room charge');
INSERT INTO INVOICECHARGE VALUES ('20200518QD9278308832661-ch00002','20200518QD9278308832661','2020-05-18',65.25,'Cleaning fee');
INSERT INTO PAYMENT VALUES ('20200518QD9278308832661-p00001','20200518QD9278308832661','2020-05-20','CC',191.9,'Len Linquist','3068077519665752',2,2027,595,'Mastercard');
-- ------- SAMPLE 1520 ----------
INSERT INTO GUEST VALUES(2520,'Ella','Evanoff','EEvanoff@yahoo.com','1234 DaWrong Lane','Flonkerton','MD','12345','266-940-3376');
INSERT INTO RESERVATION VALUES ('20200415KI5960953405985',2520,204,'KI','2020-04-15','2020-04-18',null,'complete');
INSERT INTO INVOICECHARGE VALUES ('20200415KI5960953405985-ch00001','20200415KI5960953405985','2020-04-15',168.87,'Base room charge');
INSERT INTO INVOICECHARGE VALUES ('20200415KI5960953405985-ch00002','20200415KI5960953405985','2020-04-15',87,'Room Service');
INSERT INTO PAYMENT VALUES ('20200415KI5960953405985-p00001','20200415KI5960953405985','2020-04-17','CC',255.87,'Ella Evanoff','9387796897505427',3,2021,860,'Mastercard');
-- ------- SAMPLE 1521 ----------
INSERT INTO GUEST VALUES(2521,'Marylynn','Musson','MMusson@hotmail.com','1234 DaWrong Lane','Flonkerton','MD','12345','826-803-5642');
INSERT INTO RESERVATION VALUES ('20200730KJ3758791379954',2521,null,'KJ','2020-07-30','2020-08-01',null,'active');
-- ------- SAMPLE 1522 ----------
INSERT INTO GUEST VALUES(2522,'Delora','Delph','DDelph@hotmail.com','1234 DaWrong Lane','Flonkerton','MD','12345','762-502-8673');
INSERT INTO RESERVATION VALUES ('20190410QS9847439917652',2522,207,'QS','2019-04-10','2019-04-14',null,'complete');
INSERT INTO INVOICECHARGE VALUES ('20190410QS9847439917652-ch00001','20190410QS9847439917652','2019-04-10',309.61,'Base room charge');
INSERT INTO INVOICECHARGE VALUES ('20190410QS9847439917652-ch00002','20190410QS9847439917652','2019-04-10',159.5,'Cleaning fee');
INSERT INTO PAYMENT VALUES ('20190410QS9847439917652-p00001','20190410QS9847439917652','2019-04-12','CC',469.11,'Delora Delph','6155883446425827',11,2023,605,'Mastercard');
-- ------- SAMPLE 1523 ----------
INSERT INTO GUEST VALUES(2523,'Rick','Ritenour','RRitenour@yahoo.com','1234 DaWrong Lane','Flonkerton','MD','12345','264-381-2699');
INSERT INTO RESERVATION VALUES ('20180525KJ2257014897973',2523,119,'KJ','2018-05-25','2018-05-29',null,'complete');
INSERT INTO INVOICECHARGE VALUES ('20180525KJ2257014897973-ch00001','20180525KJ2257014897973','2018-05-25',554.41,'Base room charge');
INSERT INTO PAYMENT VALUES ('20180525KJ2257014897973-p00001','20180525KJ2257014897973','2018-05-27','CC',554.41,'Rick Ritenour','9956763274028443',7,2024,374,'Mastercard');
-- ------- SAMPLE 1524 ----------
INSERT INTO GUEST VALUES(2524,'Lucius','Liles','LLiles@yahoo.com','1234 DaWrong Lane','Flonkerton','MD','12345','900-165-7073');
INSERT INTO RESERVATION VALUES ('20210320KJ9398955565064',2524,null,'KJ','2021-03-20','2021-03-23',null,'active');
-- ------- SAMPLE 1525 ----------
INSERT INTO GUEST VALUES(2525,'Adrianna','Aungst','AAungst@gmail.com','1234 DaWrong Lane','Flonkerton','MD','12345','712-182-5731');
INSERT INTO RESERVATION VALUES ('20200731KS8731106717663',2525,null,'KS','2020-07-31','2020-08-05',null,'active');
-- ------- SAMPLE 1526 ----------
INSERT INTO GUEST VALUES(2526,'Jenna','Jesse','JJesse@yahoo.com','1234 DaWrong Lane','Flonkerton','MD','12345','225-323-0665');
INSERT INTO RESERVATION VALUES ('20200720QD4263823732541',2526,null,'QD','2020-07-20','2020-07-22',null,'active');
-- ------- SAMPLE 1527 ----------
INSERT INTO GUEST VALUES(2527,'Cherry','Chiarello','CChiarello@hotmail.com','1234 DaWrong Lane','Flonkerton','MD','12345','544-475-8599');
INSERT INTO RESERVATION VALUES ('20180823QS5607949481387',2527,202,'QS','2018-08-23','2018-08-28',null,'complete');
INSERT INTO INVOICECHARGE VALUES ('20180823QS5607949481387-ch00001','20180823QS5607949481387','2018-08-23',387.01,'Base room charge');
INSERT INTO INVOICECHARGE VALUES ('20180823QS5607949481387-ch00002','20180823QS5607949481387','2018-08-23',199.37,'Cleaning fee');
INSERT INTO PAYMENT VALUES ('20180823QS5607949481387-p00001','20180823QS5607949481387','2018-08-25','CC',586.38,'Cherry Chiarello','3580146400998580',12,2027,658,'Mastercard');
-- ------- SAMPLE 1528 ----------
INSERT INTO GUEST VALUES(2528,'Abram','Adolph','AAdolph@yahoo.com','1234 DaWrong Lane','Flonkerton','MD','12345','898-428-0331');
INSERT INTO RESERVATION VALUES ('20180702KI4360500844821',2528,120,'KI','2018-07-02','2018-07-05',null,'complete');
INSERT INTO INVOICECHARGE VALUES ('20180702KI4360500844821-ch00001','20180702KI4360500844821','2018-07-02',255.87,'Base room charge');
INSERT INTO PAYMENT (payment_id,invoice_id,payment_date,payment_type,payment_amount) VALUES ('20180702KI4360500844821-p00001','20180702KI4360500844821','2018-07-04','CA',255.87);
-- ------- SAMPLE 1529 ----------
INSERT INTO GUEST VALUES(2529,'Deandre','Defore','DDefore@hotmail.com','1234 DaWrong Lane','Flonkerton','MD','12345','064-687-1879');
INSERT INTO RESERVATION VALUES ('20200513QS2587863371398',2529,null,'QS','2020-05-13','2020-05-17',null,'active');
-- ------- SAMPLE 1530 ----------
INSERT INTO GUEST VALUES(2530,'Stacie','Schupp','SSchupp@gmail.com','1234 DaWrong Lane','Flonkerton','MD','12345','932-062-4261');
INSERT INTO RESERVATION VALUES ('20191210KJ6124241864499',2530,208,'KJ','2019-12-10','2019-12-14',null,'complete');
INSERT INTO INVOICECHARGE VALUES ('20191210KJ6124241864499-ch00001','20191210KJ6124241864499','2019-12-10',554.41,'Base room charge');
INSERT INTO PAYMENT VALUES ('20191210KJ6124241864499-p00001','20191210KJ6124241864499','2019-12-12','CC',554.41,'Stacie Schupp','7358226580904304',9,2027,461,'Mastercard');
-- ------- SAMPLE 1531 ----------
INSERT INTO GUEST VALUES(2531,'Marylynn','Musson','MMusson@hotmail.com','1234 DaWrong Lane','Flonkerton','MD','12345','137-490-7452');
INSERT INTO RESERVATION VALUES ('20200905QD2282083540899',2531,null,'QD','2020-09-05','2020-09-09',null,'cancelled');
INSERT INTO INVOICECHARGE VALUES ('20200905QD2282083540899-ch00001','20200905QD2282083540899','2020-09-05',253.31,'Base room charge');
INSERT INTO INVOICECHARGE VALUES ('20200905QD2282083540899-ch00002','20200905QD2282083540899','2020-09-05',130.49,'Cleaning fee');
INSERT INTO PAYMENT (payment_id,invoice_id,payment_date,payment_type,payment_amount) VALUES ('20200905QD2282083540899-p00001','20200905QD2282083540899','2020-09-07','CA',383.81);
-- ------- SAMPLE 1532 ----------
INSERT INTO GUEST VALUES(2532,'Kenisha','Kane','KKane@gmail.com','1234 DaWrong Lane','Flonkerton','MD','12345','725-114-4814');
INSERT INTO RESERVATION VALUES ('20190530KS3970057824549',2532,201,'KS','2019-05-30','2019-06-03',null,'complete');
INSERT INTO INVOICECHARGE VALUES ('20190530KS3970057824549-ch00001','20190530KS3970057824549','2019-05-30',281.46,'Base room charge');
INSERT INTO INVOICECHARGE VALUES ('20190530KS3970057824549-ch00002','20190530KS3970057824549','2019-05-30',145,'Room Service');
INSERT INTO PAYMENT VALUES ('20190530KS3970057824549-p00001','20190530KS3970057824549','2019-06-01','CC',426.46,'Kenisha Kane','1636640661660305',3,2024,674,'Mastercard');
-- ------- SAMPLE 1533 ----------
INSERT INTO GUEST VALUES(2533,'Lorean','Loden','LLoden@yahoo.com','1234 DaWrong Lane','Flonkerton','MD','12345','726-893-5339');
INSERT INTO RESERVATION VALUES ('20201217KI9702484101260',2533,null,'KI','2020-12-17','2020-12-22',null,'active');
INSERT INTO INVOICECHARGE VALUES ('20201217KI9702484101260-ch00001','20201217KI9702484101260','2020-12-17',281.45,'Base room charge');
INSERT INTO INVOICECHARGE VALUES ('20201217KI9702484101260-ch00002','20201217KI9702484101260','2020-12-17',144.99,'Cleaning fee');
INSERT INTO PAYMENT VALUES ('20201217KI9702484101260-p00001','20201217KI9702484101260','2020-12-19','CC',204,'Lorean Loden','9464836311904133',2,2022,633,'Mastercard');
-- ------- SAMPLE 1534 ----------
INSERT INTO GUEST VALUES(2534,'Collin','Chaparro','CChaparro@gmail.com','1234 DaWrong Lane','Flonkerton','MD','12345','221-241-3638');
INSERT INTO RESERVATION VALUES ('20200305KI4813953263467',2534,105,'KI','2020-03-05','2020-03-09',null,'complete');
INSERT INTO INVOICECHARGE VALUES ('20200305KI4813953263467-ch00001','20200305KI4813953263467','2020-03-05',168.87,'Base room charge');
INSERT INTO INVOICECHARGE VALUES ('20200305KI4813953263467-ch00002','20200305KI4813953263467','2020-03-05',87,'Room Service');
INSERT INTO PAYMENT VALUES ('20200305KI4813953263467-p00001','20200305KI4813953263467','2020-03-07','CC',255.87,'Collin Chaparro','7665430447322795',1,2023,277,'Mastercard');
-- ------- SAMPLE 1535 ----------
INSERT INTO GUEST VALUES(2535,'Melony','Mcmartin','MMcmartin@hotmail.com','1234 DaWrong Lane','Flonkerton','MD','12345','508-524-9329');
INSERT INTO RESERVATION VALUES ('20190605KS9355856510367',2535,107,'KS','2019-06-05','2019-06-10',null,'cancelled');
INSERT INTO INVOICECHARGE VALUES ('20190605KS9355856510367-ch00001','20190605KS9355856510367','2019-06-05',351.83,'Base room charge');
INSERT INTO INVOICECHARGE VALUES ('20190605KS9355856510367-ch00002','20190605KS9355856510367','2019-06-05',181.24,'Room Service');
INSERT INTO PAYMENT VALUES ('20190605KS9355856510367-p00001','20190605KS9355856510367','2019-06-07','CC',533.07,'Melony Mcmartin','8060303279303105',10,2027,0,'Mastercard');
-- ------- SAMPLE 1536 ----------
INSERT INTO GUEST VALUES(2536,'Abram','Adolph','AAdolph@gmail.com','1234 DaWrong Lane','Flonkerton','MD','12345','424-295-6599');
INSERT INTO RESERVATION VALUES ('20200817KJ2570529155153',2536,null,'KJ','2020-08-17','2020-08-21',null,'active');
INSERT INTO INVOICECHARGE VALUES ('20200817KJ2570529155153-ch00001','20200817KJ2570529155153','2020-08-17',554.41,'Base room charge');
INSERT INTO PAYMENT VALUES ('20200817KJ2570529155153-p00001','20200817KJ2570529155153','2020-08-19','CC',48,'Abram Adolph','4724355348421099',5,2022,3,'Mastercard');
-- ------- SAMPLE 1537 ----------
INSERT INTO GUEST VALUES(2537,'Linwood','Layden','LLayden@yahoo.com','1234 DaWrong Lane','Flonkerton','MD','12345','315-946-1174');
INSERT INTO RESERVATION VALUES ('20181110KI7623973980065',2537,110,'KI','2018-11-10','2018-11-13',null,'complete');
INSERT INTO INVOICECHARGE VALUES ('20181110KI7623973980065-ch00001','20181110KI7623973980065','2018-11-10',168.87,'Base room charge');
INSERT INTO INVOICECHARGE VALUES ('20181110KI7623973980065-ch00002','20181110KI7623973980065','2018-11-10',87,'Room Service');
INSERT INTO PAYMENT VALUES ('20181110KI7623973980065-p00001','20181110KI7623973980065','2018-11-12','CC',255.87,'Linwood Layden','7200376574798854',3,2027,604,'Mastercard');
-- ------- SAMPLE 1538 ----------
INSERT INTO GUEST VALUES(2538,'Jarrett','Janelle','JJanelle@yahoo.com','1234 DaWrong Lane','Flonkerton','MD','12345','433-114-0456');
INSERT INTO RESERVATION VALUES ('20190930KJ3760096441555',2538,208,'KJ','2019-09-30','2019-10-02',null,'complete');
INSERT INTO INVOICECHARGE VALUES ('20190930KJ3760096441555-ch00001','20190930KJ3760096441555','2019-09-30',277.2,'Base room charge');
INSERT INTO PAYMENT VALUES ('20190930KJ3760096441555-p00001','20190930KJ3760096441555','2019-10-02','CC',277.2,'Jarrett Janelle','7123630111976053',11,2022,95,'Mastercard');
-- ------- SAMPLE 1539 ----------
INSERT INTO GUEST VALUES(2539,'Sherryl','Shurtleff','SShurtleff@gmail.com','1234 DaWrong Lane','Flonkerton','MD','12345','948-607-5564');
INSERT INTO RESERVATION VALUES ('20190811KI8470236614268',2539,105,'KI','2019-08-11','2019-08-14',null,'complete');
INSERT INTO INVOICECHARGE VALUES ('20190811KI8470236614268-ch00001','20190811KI8470236614268','2019-08-11',168.87,'Base room charge');
INSERT INTO INVOICECHARGE VALUES ('20190811KI8470236614268-ch00002','20190811KI8470236614268','2019-08-11',87,'Room Service');
INSERT INTO PAYMENT VALUES ('20190811KI8470236614268-p00001','20190811KI8470236614268','2019-08-13','CC',255.87,'Sherryl Shurtleff','2028072717505882',11,2024,405,'Mastercard');
-- ------- SAMPLE 1540 ----------
INSERT INTO GUEST VALUES(2540,'Antwan','Albury','AAlbury@hotmail.com','1234 DaWrong Lane','Flonkerton','MD','12345','606-515-6390');
INSERT INTO RESERVATION VALUES ('20190320KS1686117927064',2540,112,'KS','2019-03-20','2019-03-25',null,'complete');
INSERT INTO INVOICECHARGE VALUES ('20190320KS1686117927064-ch00001','20190320KS1686117927064','2019-03-20',533.07,'Base room charge');
INSERT INTO PAYMENT (payment_id,invoice_id,payment_date,payment_type,payment_amount) VALUES ('20190320KS1686117927064-p00001','20190320KS1686117927064','2019-03-22','CA',533.07);
-- ------- SAMPLE 1541 ----------
INSERT INTO GUEST VALUES(2541,'Theodora','Trickey','TTrickey@yahoo.com','1234 DaWrong Lane','Flonkerton','MD','12345','850-653-5423');
INSERT INTO RESERVATION VALUES ('20191003KJ1654194295078',2541,104,'KJ','2019-10-03','2019-10-04',null,'complete');
INSERT INTO INVOICECHARGE VALUES ('20191003KJ1654194295078-ch00001','20191003KJ1654194295078','2019-10-03',91.48,'Base room charge');
INSERT INTO INVOICECHARGE VALUES ('20191003KJ1654194295078-ch00002','20191003KJ1654194295078','2019-10-03',47.12,'Room Service');
INSERT INTO PAYMENT VALUES ('20191003KJ1654194295078-p00001','20191003KJ1654194295078','2019-10-05','CC',138.6,'Theodora Trickey','7526331904923692',11,2021,935,'Mastercard');
-- ------- SAMPLE 1542 ----------
INSERT INTO GUEST VALUES(2542,'Deandra','Dimauro','DDimauro@gmail.com','1234 DaWrong Lane','Flonkerton','MD','12345','800-259-5690');
INSERT INTO RESERVATION VALUES ('20210228QD4811450997485',2542,null,'QD','2021-02-28','2021-03-03',null,'active');
-- ------- SAMPLE 1543 ----------
INSERT INTO GUEST VALUES(2543,'Aretha','Acy','AAcy@hotmail.com','1234 DaWrong Lane','Flonkerton','MD','12345','099-774-7029');
INSERT INTO RESERVATION VALUES ('20190311QD9919456700155',2543,116,'QD','2019-03-11','2019-03-12',null,'complete');
INSERT INTO INVOICECHARGE VALUES ('20190311QD9919456700155-ch00001','20190311QD9919456700155','2019-03-11',95.95,'Base room charge');
INSERT INTO PAYMENT VALUES ('20190311QD9919456700155-p00001','20190311QD9919456700155','2019-03-13','CC',95.95,'Aretha Acy','6296920593361007',9,2022,109,'Mastercard');
-- ------- SAMPLE 1544 ----------
INSERT INTO GUEST VALUES(2544,'Tomika','Teran','TTeran@yahoo.com','1234 DaWrong Lane','Flonkerton','MD','12345','241-295-0584');
INSERT INTO RESERVATION VALUES ('20200811QD8386734583346',2544,null,'QD','2020-08-11','2020-08-14',null,'active');
-- ------- SAMPLE 1545 ----------
INSERT INTO GUEST VALUES(2545,'Liliana','Lueck','LLueck@yahoo.com','1234 DaWrong Lane','Flonkerton','MD','12345','734-664-9789');
INSERT INTO RESERVATION VALUES ('20191221KI3186747959436',2545,110,'KI','2019-12-21','2019-12-25',null,'complete');
INSERT INTO INVOICECHARGE VALUES ('20191221KI3186747959436-ch00001','20191221KI3186747959436','2019-12-21',341.16,'Base room charge');
INSERT INTO PAYMENT (payment_id,invoice_id,payment_date,payment_type,payment_amount) VALUES ('20191221KI3186747959436-p00001','20191221KI3186747959436','2019-12-23','CA',341.16);
-- ------- SAMPLE 1546 ----------
INSERT INTO GUEST VALUES(2546,'Danette','Dammann','DDammann@gmail.com','1234 DaWrong Lane','Flonkerton','MD','12345','477-077-3980');
INSERT INTO RESERVATION VALUES ('20190304KS4014685219161',2546,206,'KS','2019-03-04','2019-03-09',null,'complete');
INSERT INTO INVOICECHARGE VALUES ('20190304KS4014685219161-ch00001','20190304KS4014685219161','2019-03-04',351.83,'Base room charge');
INSERT INTO INVOICECHARGE VALUES ('20190304KS4014685219161-ch00002','20190304KS4014685219161','2019-03-04',181.24,'Cleaning fee');
INSERT INTO PAYMENT VALUES ('20190304KS4014685219161-p00001','20190304KS4014685219161','2019-03-06','CC',533.07,'Danette Dammann','8412028591082836',4,2026,831,'Mastercard');
-- ------- SAMPLE 1547 ----------
INSERT INTO GUEST VALUES(2547,'Kathlyn','Kinser','KKinser@gmail.com','1234 DaWrong Lane','Flonkerton','MD','12345','485-792-5681');
INSERT INTO RESERVATION VALUES ('20201129KS9865192572079',2547,null,'KS','2020-11-29','2020-11-30',null,'active');
INSERT INTO INVOICECHARGE VALUES ('20201129KS9865192572079-ch00001','20201129KS9865192572079','2020-11-29',106.61,'Base room charge');
INSERT INTO PAYMENT VALUES ('20201129KS9865192572079-p00001','20201129KS9865192572079','2020-12-01','CC',106.61,'Kathlyn Kinser','6883448240197488',6,2025,531,'Mastercard');
-- ------- SAMPLE 1548 ----------
INSERT INTO GUEST VALUES(2548,'Keturah','Kagawa','KKagawa@hotmail.com','1234 DaWrong Lane','Flonkerton','MD','12345','779-308-7756');
INSERT INTO RESERVATION VALUES ('20210101KI3086665575819',2548,null,'KI','2021-01-01','2021-01-04',null,'active');
INSERT INTO INVOICECHARGE VALUES ('20210101KI3086665575819-ch00001','20210101KI3086665575819','2021-01-01',255.87,'Base room charge');
INSERT INTO PAYMENT VALUES ('20210101KI3086665575819-p00001','20210101KI3086665575819','2021-01-03','CC',255.87,'Keturah Kagawa','6026146936269768',7,2022,554,'Mastercard');
-- ------- SAMPLE 1549 ----------
INSERT INTO GUEST VALUES(2549,'Rossana','Running','RRunning@hotmail.com','1234 DaWrong Lane','Flonkerton','MD','12345','562-458-3877');
INSERT INTO RESERVATION VALUES ('20210223KI6305805444063',2549,null,'KI','2021-02-23','2021-02-27',null,'active');
INSERT INTO INVOICECHARGE VALUES ('20210223KI6305805444063-ch00001','20210223KI6305805444063','2021-02-23',341.16,'Base room charge');
INSERT INTO PAYMENT (payment_id,invoice_id,payment_date,payment_type,payment_amount) VALUES ('20210223KI6305805444063-p00001','20210223KI6305805444063','2021-02-25','CA',341.16);
-- ------- SAMPLE 1550 ----------
INSERT INTO GUEST VALUES(2550,'James','Janey','JJaney@yahoo.com','1234 DaWrong Lane','Flonkerton','MD','12345','796-015-2634');
INSERT INTO RESERVATION VALUES ('20201031QS2158351931773',2550,null,'QS','2020-10-31','2020-11-02',null,'active');
INSERT INTO INVOICECHARGE VALUES ('20201031QS2158351931773-ch00001','20201031QS2158351931773','2020-10-31',234.55,'Base room charge');
INSERT INTO PAYMENT (payment_id,invoice_id,payment_date,payment_type,payment_amount) VALUES ('20201031QS2158351931773-p00001','20201031QS2158351931773','2020-11-02','CA',234.55);
-- ------- SAMPLE 1551 ----------
INSERT INTO GUEST VALUES(2551,'Dane','Dumond','DDumond@hotmail.com','1234 DaWrong Lane','Flonkerton','MD','12345','739-231-0231');
INSERT INTO RESERVATION VALUES ('20180921KJ3805737131317',2551,203,'KJ','2018-09-21','2018-09-26',null,'complete');
INSERT INTO INVOICECHARGE VALUES ('20180921KJ3805737131317-ch00001','20180921KJ3805737131317','2018-09-21',457.39,'Base room charge');
INSERT INTO INVOICECHARGE VALUES ('20180921KJ3805737131317-ch00002','20180921KJ3805737131317','2018-09-21',235.62,'Cleaning fee');
INSERT INTO PAYMENT (payment_id,invoice_id,payment_date,payment_type,payment_amount) VALUES ('20180921KJ3805737131317-p00001','20180921KJ3805737131317','2018-09-23','CA',693.01);
-- ------- SAMPLE 1552 ----------
INSERT INTO GUEST VALUES(2552,'James','Janey','JJaney@gmail.com','1234 DaWrong Lane','Flonkerton','MD','12345','872-762-9009');
INSERT INTO RESERVATION VALUES ('20200428QD2488639027398',2552,200,'QD','2020-04-28','2020-05-03',null,'complete');
INSERT INTO INVOICECHARGE VALUES ('20200428QD2488639027398-ch00001','20200428QD2488639027398','2020-04-28',479.76,'Base room charge');
INSERT INTO PAYMENT (payment_id,invoice_id,payment_date,payment_type,payment_amount) VALUES ('20200428QD2488639027398-p00001','20200428QD2488639027398','2020-04-30','CA',479.76);
-- ------- SAMPLE 1553 ----------
INSERT INTO GUEST VALUES(2553,'Danette','Dammann','DDammann@yahoo.com','1234 DaWrong Lane','Flonkerton','MD','12345','199-604-9583');
INSERT INTO RESERVATION VALUES ('20190306QS8062685952584',2553,113,'QS','2019-03-06','2019-03-11',null,'complete');
INSERT INTO INVOICECHARGE VALUES ('20190306QS8062685952584-ch00001','20190306QS8062685952584','2019-03-06',469.11,'Base room charge');
INSERT INTO PAYMENT VALUES ('20190306QS8062685952584-p00001','20190306QS8062685952584','2019-03-08','CC',469.11,'Danette Dammann','1895446225935724',10,2021,924,'Mastercard');
-- ------- SAMPLE 1554 ----------
INSERT INTO GUEST VALUES(2554,'Len','Linquist','LLinquist@yahoo.com','1234 DaWrong Lane','Flonkerton','MD','12345','005-539-7093');
INSERT INTO RESERVATION VALUES ('20200303KJ6914353366383',2554,203,'KJ','2020-03-03','2020-03-04',null,'complete');
INSERT INTO INVOICECHARGE VALUES ('20200303KJ6914353366383-ch00001','20200303KJ6914353366383','2020-03-03',91.48,'Base room charge');
INSERT INTO INVOICECHARGE VALUES ('20200303KJ6914353366383-ch00002','20200303KJ6914353366383','2020-03-03',47.12,'Room Service');
INSERT INTO PAYMENT VALUES ('20200303KJ6914353366383-p00001','20200303KJ6914353366383','2020-03-05','CC',138.6,'Len Linquist','7365594816673478',9,2026,900,'Mastercard');
-- ------- SAMPLE 1555 ----------
INSERT INTO GUEST VALUES(2555,'Asa','Allan','AAllan@gmail.com','1234 DaWrong Lane','Flonkerton','MD','12345','183-345-9806');
INSERT INTO RESERVATION VALUES ('20191225KS3859473404382',2555,107,'KS','2019-12-25','2019-12-30',null,'complete');
INSERT INTO INVOICECHARGE VALUES ('20191225KS3859473404382-ch00001','20191225KS3859473404382','2019-12-25',351.83,'Base room charge');
INSERT INTO INVOICECHARGE VALUES ('20191225KS3859473404382-ch00002','20191225KS3859473404382','2019-12-25',181.24,'Room Service');
INSERT INTO PAYMENT (payment_id,invoice_id,payment_date,payment_type,payment_amount) VALUES ('20191225KS3859473404382-p00001','20191225KS3859473404382','2019-12-27','CA',533.07);
-- ------- SAMPLE 1556 ----------
INSERT INTO GUEST VALUES(2556,'Shawn','Stefanski','SStefanski@gmail.com','1234 DaWrong Lane','Flonkerton','MD','12345','633-249-1829');
INSERT INTO RESERVATION VALUES ('20190413KS8641101534837',2556,107,'KS','2019-04-13','2019-04-18',null,'complete');
INSERT INTO INVOICECHARGE VALUES ('20190413KS8641101534837-ch00001','20190413KS8641101534837','2019-04-13',351.83,'Base room charge');
INSERT INTO INVOICECHARGE VALUES ('20190413KS8641101534837-ch00002','20190413KS8641101534837','2019-04-13',181.24,'Room Service');
INSERT INTO PAYMENT VALUES ('20190413KS8641101534837-p00001','20190413KS8641101534837','2019-04-15','CC',533.07,'Shawn Stefanski','5915086519585799',12,2022,309,'Mastercard');
-- ------- SAMPLE 1557 ----------
INSERT INTO GUEST VALUES(2557,'Hedwig','Hinz','HHinz@yahoo.com','1234 DaWrong Lane','Flonkerton','MD','12345','168-431-9728');
INSERT INTO RESERVATION VALUES ('20200103KJ6990884712174',2557,119,'KJ','2020-01-03','2020-01-07',null,'complete');
INSERT INTO INVOICECHARGE VALUES ('20200103KJ6990884712174-ch00001','20200103KJ6990884712174','2020-01-03',554.41,'Base room charge');
INSERT INTO PAYMENT VALUES ('20200103KJ6990884712174-p00001','20200103KJ6990884712174','2020-01-05','CC',554.41,'Hedwig Hinz','5990054938137621',2,2024,951,'Mastercard');
-- ------- SAMPLE 1558 ----------
INSERT INTO GUEST VALUES(2558,'Selene','Staiger','SStaiger@gmail.com','1234 DaWrong Lane','Flonkerton','MD','12345','845-224-3946');
INSERT INTO RESERVATION VALUES ('20190717QD5715136666410',2558,205,'QD','2019-07-17','2019-07-20',null,'complete');
INSERT INTO INVOICECHARGE VALUES ('20190717QD5715136666410-ch00001','20190717QD5715136666410','2019-07-17',189.98,'Base room charge');
INSERT INTO INVOICECHARGE VALUES ('20190717QD5715136666410-ch00002','20190717QD5715136666410','2019-07-17',97.87,'Room Service');
INSERT INTO PAYMENT VALUES ('20190717QD5715136666410-p00001','20190717QD5715136666410','2019-07-19','CC',287.86,'Selene Staiger','6542656681137932',7,2021,578,'Mastercard');
-- ------- SAMPLE 1559 ----------
INSERT INTO GUEST VALUES(2559,'Stacie','Schupp','SSchupp@yahoo.com','1234 DaWrong Lane','Flonkerton','MD','12345','926-977-1100');
INSERT INTO RESERVATION VALUES ('20201221KS3847855704820',2559,null,'KS','2020-12-21','2020-12-23',null,'cancelled');
-- ------- SAMPLE 1560 ----------
INSERT INTO GUEST VALUES(2560,'Elfriede','Esslinger','EEsslinger@gmail.com','1234 DaWrong Lane','Flonkerton','MD','12345','122-659-3655');
INSERT INTO RESERVATION VALUES ('20200622QS3921770270140',2560,null,'QS','2020-06-22','2020-06-24',null,'cancelled');
INSERT INTO INVOICECHARGE VALUES ('20200622QS3921770270140-ch00001','20200622QS3921770270140','2020-06-22',154.81,'Base room charge');
INSERT INTO INVOICECHARGE VALUES ('20200622QS3921770270140-ch00002','20200622QS3921770270140','2020-06-22',79.75,'Cleaning fee');
INSERT INTO PAYMENT VALUES ('20200622QS3921770270140-p00001','20200622QS3921770270140','2020-06-24','CC',234.55,'Elfriede Esslinger','5453864929436002',5,2025,551,'Mastercard');
-- ------- SAMPLE 1561 ----------
INSERT INTO GUEST VALUES(2561,'Lucius','Liles','LLiles@yahoo.com','1234 DaWrong Lane','Flonkerton','MD','12345','216-203-7120');
INSERT INTO RESERVATION VALUES ('20210104KI8050089868189',2561,null,'KI','2021-01-04','2021-01-06',null,'active');
INSERT INTO INVOICECHARGE VALUES ('20210104KI8050089868189-ch00001','20210104KI8050089868189','2021-01-04',170.58,'Base room charge');
INSERT INTO PAYMENT VALUES ('20210104KI8050089868189-p00001','20210104KI8050089868189','2021-01-06','CC',170.58,'Lucius Liles','1743792585949684',3,2027,661,'Mastercard');
-- ------- SAMPLE 1562 ----------
INSERT INTO GUEST VALUES(2562,'Aretha','Acy','AAcy@hotmail.com','1234 DaWrong Lane','Flonkerton','MD','12345','605-592-1368');
INSERT INTO RESERVATION VALUES ('20180515KI2704095526548',2562,105,'KI','2018-05-15','2018-05-19',null,'complete');
INSERT INTO INVOICECHARGE VALUES ('20180515KI2704095526548-ch00001','20180515KI2704095526548','2018-05-15',225.16,'Base room charge');
INSERT INTO INVOICECHARGE VALUES ('20180515KI2704095526548-ch00002','20180515KI2704095526548','2018-05-15',115.99,'Room Service');
INSERT INTO PAYMENT (payment_id,invoice_id,payment_date,payment_type,payment_amount) VALUES ('20180515KI2704095526548-p00001','20180515KI2704095526548','2018-05-17','CA',341.16);
-- ------- SAMPLE 1563 ----------
INSERT INTO GUEST VALUES(2563,'Deandra','Dimauro','DDimauro@hotmail.com','1234 DaWrong Lane','Flonkerton','MD','12345','824-086-7175');
INSERT INTO RESERVATION VALUES ('20191001KJ9600470580500',2563,114,'KJ','2019-10-01','2019-10-02',null,'complete');
INSERT INTO INVOICECHARGE VALUES ('20191001KJ9600470580500-ch00001','20191001KJ9600470580500','2019-10-01',91.48,'Base room charge');
INSERT INTO INVOICECHARGE VALUES ('20191001KJ9600470580500-ch00002','20191001KJ9600470580500','2019-10-01',47.12,'Cleaning fee');
INSERT INTO PAYMENT VALUES ('20191001KJ9600470580500-p00001','20191001KJ9600470580500','2019-10-03','CC',138.6,'Deandra Dimauro','6988207031377910',11,2025,692,'Mastercard');
-- ------- SAMPLE 1564 ----------
INSERT INTO GUEST VALUES(2564,'Lorean','Loden','LLoden@hotmail.com','1234 DaWrong Lane','Flonkerton','MD','12345','060-215-0005');
INSERT INTO RESERVATION VALUES ('20201208QD8792756041898',2564,null,'QD','2020-12-08','2020-12-11',null,'active');
-- ------- SAMPLE 1565 ----------
INSERT INTO GUEST VALUES(2565,'Marcelino','Meisner','MMeisner@gmail.com','1234 DaWrong Lane','Flonkerton','MD','12345','737-257-1605');
INSERT INTO RESERVATION VALUES ('20201211QS6535086456242',2565,null,'QS','2020-12-11','2020-12-16',null,'active');
INSERT INTO INVOICECHARGE VALUES ('20201211QS6535086456242-ch00001','20201211QS6535086456242','2020-12-11',586.38,'Base room charge');
INSERT INTO PAYMENT VALUES ('20201211QS6535086456242-p00001','20201211QS6535086456242','2020-12-13','CC',586.38,'Marcelino Meisner','5698923511908558',8,2025,904,'Mastercard');
-- ------- SAMPLE 1566 ----------
INSERT INTO GUEST VALUES(2566,'Danette','Dammann','DDammann@gmail.com','1234 DaWrong Lane','Flonkerton','MD','12345','847-123-2862');
INSERT INTO RESERVATION VALUES ('20180626KJ3990917649620',2566,203,'KJ','2018-06-26','2018-06-30',null,'cancelled');
INSERT INTO INVOICECHARGE VALUES ('20180626KJ3990917649620-ch00001','20180626KJ3990917649620','2018-06-26',554.41,'Base room charge');
INSERT INTO PAYMENT VALUES ('20180626KJ3990917649620-p00001','20180626KJ3990917649620','2018-06-28','CC',554.41,'Danette Dammann','7547515662295399',3,2023,859,'Mastercard');
-- ------- SAMPLE 1567 ----------
INSERT INTO GUEST VALUES(2567,'Stan','Schnell','SSchnell@hotmail.com','1234 DaWrong Lane','Flonkerton','MD','12345','073-737-5478');
INSERT INTO RESERVATION VALUES ('20190906KS4857343998985',2567,102,'KS','2019-09-06','2019-09-09',null,'complete');
INSERT INTO INVOICECHARGE VALUES ('20190906KS4857343998985-ch00001','20190906KS4857343998985','2019-09-06',319.84,'Base room charge');
INSERT INTO PAYMENT VALUES ('20190906KS4857343998985-p00001','20190906KS4857343998985','2019-09-08','CC',319.84,'Stan Schnell','8122195937952679',9,2021,956,'Mastercard');
-- ------- SAMPLE 1568 ----------
INSERT INTO GUEST VALUES(2568,'Deangelo','Deloera','DDeloera@gmail.com','1234 DaWrong Lane','Flonkerton','MD','12345','442-663-8717');
INSERT INTO RESERVATION VALUES ('20200131KI7594780737577',2568,209,'KI','2020-01-31','2020-02-04',null,'complete');
INSERT INTO INVOICECHARGE VALUES ('20200131KI7594780737577-ch00001','20200131KI7594780737577','2020-01-31',225.16,'Base room charge');
INSERT INTO INVOICECHARGE VALUES ('20200131KI7594780737577-ch00002','20200131KI7594780737577','2020-01-31',115.99,'Cleaning fee');
INSERT INTO PAYMENT VALUES ('20200131KI7594780737577-p00001','20200131KI7594780737577','2020-02-02','CC',341.16,'Deangelo Deloera','6160982035621015',10,2023,72,'Mastercard');
-- ------- SAMPLE 1569 ----------
INSERT INTO GUEST VALUES(2569,'Eryn','Edenfield','EEdenfield@hotmail.com','1234 DaWrong Lane','Flonkerton','MD','12345','334-065-0532');
INSERT INTO RESERVATION VALUES ('20210225KJ5634253590208',2569,null,'KJ','2021-02-25','2021-02-26',null,'active');
INSERT INTO INVOICECHARGE VALUES ('20210225KJ5634253590208-ch00001','20210225KJ5634253590208','2021-02-25',91.48,'Base room charge');
INSERT INTO INVOICECHARGE VALUES ('20210225KJ5634253590208-ch00002','20210225KJ5634253590208','2021-02-25',47.12,'Cleaning fee');
INSERT INTO PAYMENT VALUES ('20210225KJ5634253590208-p00001','20210225KJ5634253590208','2021-02-27','CC',7,'Eryn Edenfield','8513945543422656',5,2026,861,'Mastercard');
-- ------- SAMPLE 1570 ----------
INSERT INTO GUEST VALUES(2570,'Romaine','Reck','RReck@yahoo.com','1234 DaWrong Lane','Flonkerton','MD','12345','391-297-8553');
INSERT INTO RESERVATION VALUES ('20210429QS7409963176673',2570,null,'QS','2021-04-29','2021-05-02',null,'active');
INSERT INTO INVOICECHARGE VALUES ('20210429QS7409963176673-ch00001','20210429QS7409963176673','2021-04-29',351.83,'Base room charge');
INSERT INTO PAYMENT VALUES ('20210429QS7409963176673-p00001','20210429QS7409963176673','2021-05-01','CC',351.83,'Romaine Reck','7171699409497603',12,2026,337,'Mastercard');
-- ------- SAMPLE 1571 ----------
INSERT INTO GUEST VALUES(2571,'Kathlyn','Kinser','KKinser@gmail.com','1234 DaWrong Lane','Flonkerton','MD','12345','779-298-8576');
INSERT INTO RESERVATION VALUES ('20190926KJ6907178331434',2571,119,'KJ','2019-09-26','2019-09-27',null,'complete');
INSERT INTO INVOICECHARGE VALUES ('20190926KJ6907178331434-ch00001','20190926KJ6907178331434','2019-09-26',138.6,'Base room charge');
INSERT INTO PAYMENT (payment_id,invoice_id,payment_date,payment_type,payment_amount) VALUES ('20190926KJ6907178331434-p00001','20190926KJ6907178331434','2019-09-28','CA',138.6);
-- ------- SAMPLE 1572 ----------
INSERT INTO GUEST VALUES(2572,'Len','Linquist','LLinquist@hotmail.com','1234 DaWrong Lane','Flonkerton','MD','12345','062-145-1823');
INSERT INTO RESERVATION VALUES ('20201007QS7058990067589',2572,null,'QS','2020-10-07','2020-10-12',null,'active');
INSERT INTO INVOICECHARGE VALUES ('20201007QS7058990067589-ch00001','20201007QS7058990067589','2020-10-07',387.01,'Base room charge');
INSERT INTO INVOICECHARGE VALUES ('20201007QS7058990067589-ch00002','20201007QS7058990067589','2020-10-07',199.37,'Room Service');
INSERT INTO PAYMENT (payment_id,invoice_id,payment_date,payment_type,payment_amount) VALUES ('20201007QS7058990067589-p00001','20201007QS7058990067589','2020-10-09','CA',253);
-- ------- SAMPLE 1573 ----------
INSERT INTO GUEST VALUES(2573,'Liliana','Lueck','LLueck@yahoo.com','1234 DaWrong Lane','Flonkerton','MD','12345','266-380-5558');
INSERT INTO RESERVATION VALUES ('20190724KJ8454281597589',2573,114,'KJ','2019-07-24','2019-07-29',null,'complete');
INSERT INTO INVOICECHARGE VALUES ('20190724KJ8454281597589-ch00001','20190724KJ8454281597589','2019-07-24',693.01,'Base room charge');
INSERT INTO PAYMENT VALUES ('20190724KJ8454281597589-p00001','20190724KJ8454281597589','2019-07-26','CC',693.01,'Liliana Lueck','5045827465663451',7,2023,644,'Mastercard');
-- ------- SAMPLE 1574 ----------
INSERT INTO GUEST VALUES(2574,'Tanner','Tomasello','TTomasello@gmail.com','1234 DaWrong Lane','Flonkerton','MD','12345','135-522-0825');
INSERT INTO RESERVATION VALUES ('20180719QD3970419870114',2574,101,'QD','2018-07-19','2018-07-20',null,'complete');
INSERT INTO INVOICECHARGE VALUES ('20180719QD3970419870114-ch00001','20180719QD3970419870114','2018-07-19',95.95,'Base room charge');
INSERT INTO PAYMENT VALUES ('20180719QD3970419870114-p00001','20180719QD3970419870114','2018-07-21','CC',95.95,'Tanner Tomasello','2263243483477226',2,2022,85,'Mastercard');
-- ------- SAMPLE 1575 ----------
INSERT INTO GUEST VALUES(2575,'Gwyneth','Gamber','GGamber@hotmail.com','1234 DaWrong Lane','Flonkerton','MD','12345','320-602-4171');
INSERT INTO RESERVATION VALUES ('20200822KJ6078418054104',2575,null,'KJ','2020-08-22','2020-08-24',null,'active');
INSERT INTO INVOICECHARGE VALUES ('20200822KJ6078418054104-ch00001','20200822KJ6078418054104','2020-08-22',182.95,'Base room charge');
INSERT INTO INVOICECHARGE VALUES ('20200822KJ6078418054104-ch00002','20200822KJ6078418054104','2020-08-22',94.25,'Room Service');
INSERT INTO PAYMENT VALUES ('20200822KJ6078418054104-p00001','20200822KJ6078418054104','2020-08-24','CC',277.2,'Gwyneth Gamber','2092090610677823',3,2021,991,'Mastercard');
-- ------- SAMPLE 1576 ----------
INSERT INTO GUEST VALUES(2576,'Dorothea','Dipaolo','DDipaolo@yahoo.com','1234 DaWrong Lane','Flonkerton','MD','12345','748-128-9929');
INSERT INTO RESERVATION VALUES ('20210123KI2345045307243',2576,null,'KI','2021-01-23','2021-01-28',null,'active');
INSERT INTO INVOICECHARGE VALUES ('20210123KI2345045307243-ch00001','20210123KI2345045307243','2021-01-23',281.45,'Base room charge');
INSERT INTO INVOICECHARGE VALUES ('20210123KI2345045307243-ch00002','20210123KI2345045307243','2021-01-23',144.99,'Room Service');
INSERT INTO PAYMENT VALUES ('20210123KI2345045307243-p00001','20210123KI2345045307243','2021-01-25','CC',426.45,'Dorothea Dipaolo','4018403185580411',10,2021,525,'Mastercard');
-- ------- SAMPLE 1577 ----------
INSERT INTO GUEST VALUES(2577,'Vicky','Vanderhoff','VVanderhoff@hotmail.com','1234 DaWrong Lane','Flonkerton','MD','12345','517-970-8416');
INSERT INTO RESERVATION VALUES ('20200711KS1766583471008',2577,null,'KS','2020-07-11','2020-07-14',null,'active');
INSERT INTO INVOICECHARGE VALUES ('20200711KS1766583471008-ch00001','20200711KS1766583471008','2020-07-11',319.84,'Base room charge');
INSERT INTO PAYMENT VALUES ('20200711KS1766583471008-p00001','20200711KS1766583471008','2020-07-13','CC',319.84,'Vicky Vanderhoff','3461883423964672',11,2026,898,'Mastercard');
-- ------- SAMPLE 1578 ----------
INSERT INTO GUEST VALUES(2578,'Katerine','Kawakami','KKawakami@hotmail.com','1234 DaWrong Lane','Flonkerton','MD','12345','857-433-3180');
INSERT INTO RESERVATION VALUES ('20190304QS6028912883074',2578,113,'QS','2019-03-04','2019-03-09',null,'complete');
INSERT INTO INVOICECHARGE VALUES ('20190304QS6028912883074-ch00001','20190304QS6028912883074','2019-03-04',387.01,'Base room charge');
INSERT INTO INVOICECHARGE VALUES ('20190304QS6028912883074-ch00002','20190304QS6028912883074','2019-03-04',199.37,'Cleaning fee');
INSERT INTO PAYMENT VALUES ('20190304QS6028912883074-p00001','20190304QS6028912883074','2019-03-06','CC',586.38,'Katerine Kawakami','4389609169792244',1,2025,921,'Mastercard');
-- ------- SAMPLE 1579 ----------
INSERT INTO GUEST VALUES(2579,'Elfriede','Esslinger','EEsslinger@hotmail.com','1234 DaWrong Lane','Flonkerton','MD','12345','859-938-3630');
INSERT INTO RESERVATION VALUES ('20210224QS8510105679579',2579,null,'QS','2021-02-24','2021-02-26',null,'active');
-- ------- SAMPLE 1580 ----------
INSERT INTO GUEST VALUES(2580,'Melony','Mcmartin','MMcmartin@yahoo.com','1234 DaWrong Lane','Flonkerton','MD','12345','062-860-3528');
INSERT INTO RESERVATION VALUES ('20201012KS5942380516967',2580,null,'KS','2020-10-12','2020-10-15',null,'cancelled');
INSERT INTO INVOICECHARGE VALUES ('20201012KS5942380516967-ch00001','20201012KS5942380516967','2020-10-12',319.84,'Base room charge');
INSERT INTO PAYMENT VALUES ('20201012KS5942380516967-p00001','20201012KS5942380516967','2020-10-14','CC',199,'Melony Mcmartin','2624015123652126',5,2027,630,'Mastercard');
-- ------- SAMPLE 1581 ----------
INSERT INTO GUEST VALUES(2581,'Laraine','Lazar','LLazar@yahoo.com','1234 DaWrong Lane','Flonkerton','MD','12345','725-092-0552');
INSERT INTO RESERVATION VALUES ('20190228QD3056904886226',2581,111,'QD','2019-02-28','2019-03-04',null,'complete');
INSERT INTO INVOICECHARGE VALUES ('20190228QD3056904886226-ch00001','20190228QD3056904886226','2019-02-28',253.31,'Base room charge');
INSERT INTO INVOICECHARGE VALUES ('20190228QD3056904886226-ch00002','20190228QD3056904886226','2019-02-28',130.49,'Room Service');
INSERT INTO PAYMENT VALUES ('20190228QD3056904886226-p00001','20190228QD3056904886226','2019-03-02','CC',383.81,'Laraine Lazar','4014207340459670',2,2027,282,'Mastercard');
-- ------- SAMPLE 1582 ----------
INSERT INTO GUEST VALUES(2582,'Delsie','Dunstan','DDunstan@yahoo.com','1234 DaWrong Lane','Flonkerton','MD','12345','041-012-0000');
INSERT INTO RESERVATION VALUES ('20201015KJ4574886406952',2582,null,'KJ','2020-10-15','2020-10-20',null,'active');
-- ------- SAMPLE 1583 ----------
INSERT INTO GUEST VALUES(2583,'Lynda','Linda','LLinda@hotmail.com','1234 DaWrong Lane','Flonkerton','MD','12345','991-290-3502');
INSERT INTO RESERVATION VALUES ('20181126QS8806581032477',2583,118,'QS','2018-11-26','2018-11-27',null,'complete');
INSERT INTO INVOICECHARGE VALUES ('20181126QS8806581032477-ch00001','20181126QS8806581032477','2018-11-26',117.28,'Base room charge');
INSERT INTO PAYMENT VALUES ('20181126QS8806581032477-p00001','20181126QS8806581032477','2018-11-28','CC',117.28,'Lynda Linda','1484006226257434',9,2025,720,'Mastercard');
-- ------- SAMPLE 1584 ----------
INSERT INTO GUEST VALUES(2584,'Eda','Elmendorf','EElmendorf@hotmail.com','1234 DaWrong Lane','Flonkerton','MD','12345','157-732-6189');
INSERT INTO RESERVATION VALUES ('20200626KI1994227248860',2584,null,'KI','2020-06-26','2020-06-29',null,'active');
-- ------- SAMPLE 1585 ----------
INSERT INTO GUEST VALUES(2585,'Freida','Forbis','FForbis@yahoo.com','1234 DaWrong Lane','Flonkerton','MD','12345','146-386-3654');
INSERT INTO RESERVATION VALUES ('20191125KS7675673016390',2585,117,'KS','2019-11-25','2019-11-29',null,'complete');
INSERT INTO INVOICECHARGE VALUES ('20191125KS7675673016390-ch00001','20191125KS7675673016390','2019-11-25',426.46,'Base room charge');
INSERT INTO PAYMENT VALUES ('20191125KS7675673016390-p00001','20191125KS7675673016390','2019-11-27','CC',426.46,'Freida Forbis','8436058788115333',12,2022,963,'Mastercard');
-- ------- SAMPLE 1586 ----------
INSERT INTO GUEST VALUES(2586,'Adrianna','Aungst','AAungst@hotmail.com','1234 DaWrong Lane','Flonkerton','MD','12345','383-492-3204');
INSERT INTO RESERVATION VALUES ('20200504KI1083825328456',2586,204,'KI','2020-05-04','2020-05-06',null,'complete');
INSERT INTO INVOICECHARGE VALUES ('20200504KI1083825328456-ch00001','20200504KI1083825328456','2020-05-04',170.58,'Base room charge');
INSERT INTO PAYMENT VALUES ('20200504KI1083825328456-p00001','20200504KI1083825328456','2020-05-06','CC',170.58,'Adrianna Aungst','9916142969011292',12,2026,671,'Mastercard');
-- ------- SAMPLE 1587 ----------
INSERT INTO GUEST VALUES(2587,'Margorie','Mcnish','MMcnish@gmail.com','1234 DaWrong Lane','Flonkerton','MD','12345','590-210-2979');
INSERT INTO RESERVATION VALUES ('20200305QS4056775546580',2587,113,'QS','2020-03-05','2020-03-06',null,'complete');
INSERT INTO INVOICECHARGE VALUES ('20200305QS4056775546580-ch00001','20200305QS4056775546580','2020-03-05',117.28,'Base room charge');
INSERT INTO PAYMENT (payment_id,invoice_id,payment_date,payment_type,payment_amount) VALUES ('20200305QS4056775546580-p00001','20200305QS4056775546580','2020-03-07','CA',117.28);
-- ------- SAMPLE 1588 ----------
INSERT INTO GUEST VALUES(2588,'Delora','Delph','DDelph@gmail.com','1234 DaWrong Lane','Flonkerton','MD','12345','861-850-1940');
INSERT INTO RESERVATION VALUES ('20210226KS5147145847197',2588,null,'KS','2021-02-26','2021-02-28',null,'active');
INSERT INTO INVOICECHARGE VALUES ('20210226KS5147145847197-ch00001','20210226KS5147145847197','2021-02-26',140.73,'Base room charge');
INSERT INTO INVOICECHARGE VALUES ('20210226KS5147145847197-ch00002','20210226KS5147145847197','2021-02-26',72.5,'Room Service');
INSERT INTO PAYMENT VALUES ('20210226KS5147145847197-p00001','20210226KS5147145847197','2021-02-28','CC',213.23,'Delora Delph','5576963897432619',9,2026,187,'Mastercard');
-- ------- SAMPLE 1589 ----------
INSERT INTO GUEST VALUES(2589,'Gwyneth','Gamber','GGamber@yahoo.com','1234 DaWrong Lane','Flonkerton','MD','12345','519-812-6960');
INSERT INTO RESERVATION VALUES ('20190725KI9267713049078',2589,110,'KI','2019-07-25','2019-07-28',null,'complete');
INSERT INTO INVOICECHARGE VALUES ('20190725KI9267713049078-ch00001','20190725KI9267713049078','2019-07-25',168.87,'Base room charge');
INSERT INTO INVOICECHARGE VALUES ('20190725KI9267713049078-ch00002','20190725KI9267713049078','2019-07-25',87,'Cleaning fee');
INSERT INTO PAYMENT VALUES ('20190725KI9267713049078-p00001','20190725KI9267713049078','2019-07-27','CC',255.87,'Gwyneth Gamber','2598307240302974',3,2021,320,'Mastercard');
-- ------- SAMPLE 1590 ----------
INSERT INTO GUEST VALUES(2590,'Francie','Fairbank','FFairbank@yahoo.com','1234 DaWrong Lane','Flonkerton','MD','12345','575-194-4726');
INSERT INTO RESERVATION VALUES ('20190130QS7336527928690',2590,103,'QS','2019-01-30','2019-01-31',null,'complete');
INSERT INTO INVOICECHARGE VALUES ('20190130QS7336527928690-ch00001','20190130QS7336527928690','2019-01-30',77.4,'Base room charge');
INSERT INTO INVOICECHARGE VALUES ('20190130QS7336527928690-ch00002','20190130QS7336527928690','2019-01-30',39.87,'Room Service');
INSERT INTO PAYMENT VALUES ('20190130QS7336527928690-p00001','20190130QS7336527928690','2019-02-01','CC',117.28,'Francie Fairbank','3989367540298008',5,2026,357,'Mastercard');
-- ------- SAMPLE 1591 ----------
INSERT INTO GUEST VALUES(2591,'Jamey','Jen','JJen@yahoo.com','1234 DaWrong Lane','Flonkerton','MD','12345','906-915-8179');
INSERT INTO RESERVATION VALUES ('20190906KJ6796204403822',2591,119,'KJ','2019-09-06','2019-09-10',null,'complete');
INSERT INTO INVOICECHARGE VALUES ('20190906KJ6796204403822-ch00001','20190906KJ6796204403822','2019-09-06',365.91,'Base room charge');
INSERT INTO INVOICECHARGE VALUES ('20190906KJ6796204403822-ch00002','20190906KJ6796204403822','2019-09-06',188.5,'Room Service');
INSERT INTO PAYMENT VALUES ('20190906KJ6796204403822-p00001','20190906KJ6796204403822','2019-09-08','CC',554.41,'Jamey Jen','1066597092334712',7,2027,740,'Mastercard');
-- ------- SAMPLE 1592 ----------
INSERT INTO GUEST VALUES(2592,'Piedad','Proctor','PProctor@hotmail.com','1234 DaWrong Lane','Flonkerton','MD','12345','576-294-3901');
INSERT INTO RESERVATION VALUES ('20180715KS3171390954728',2592,206,'KS','2018-07-15','2018-07-20',null,'complete');
INSERT INTO INVOICECHARGE VALUES ('20180715KS3171390954728-ch00001','20180715KS3171390954728','2018-07-15',533.07,'Base room charge');
INSERT INTO PAYMENT VALUES ('20180715KS3171390954728-p00001','20180715KS3171390954728','2018-07-17','CC',533.07,'Piedad Proctor','1722338622443000',8,2027,699,'Mastercard');
-- ------- SAMPLE 1593 ----------
INSERT INTO GUEST VALUES(2593,'Raisa','Romito','RRomito@yahoo.com','1234 DaWrong Lane','Flonkerton','MD','12345','390-436-0220');
INSERT INTO RESERVATION VALUES ('20200318KJ2500515650661',2593,203,'KJ','2020-03-18','2020-03-22',null,'complete');
INSERT INTO INVOICECHARGE VALUES ('20200318KJ2500515650661-ch00001','20200318KJ2500515650661','2020-03-18',554.41,'Base room charge');
INSERT INTO PAYMENT VALUES ('20200318KJ2500515650661-p00001','20200318KJ2500515650661','2020-03-20','CC',554.41,'Raisa Romito','9751184702597234',3,2023,642,'Mastercard');
-- ------- SAMPLE 1594 ----------
INSERT INTO GUEST VALUES(2594,'Kenisha','Kane','KKane@hotmail.com','1234 DaWrong Lane','Flonkerton','MD','12345','420-494-8613');
INSERT INTO RESERVATION VALUES ('20191208QS1954636378477',2594,207,'QS','2019-12-08','2019-12-12',null,'complete');
INSERT INTO INVOICECHARGE VALUES ('20191208QS1954636378477-ch00001','20191208QS1954636378477','2019-12-08',309.61,'Base room charge');
INSERT INTO INVOICECHARGE VALUES ('20191208QS1954636378477-ch00002','20191208QS1954636378477','2019-12-08',159.5,'Cleaning fee');
INSERT INTO PAYMENT VALUES ('20191208QS1954636378477-p00001','20191208QS1954636378477','2019-12-10','CC',469.11,'Kenisha Kane','9135838099465363',9,2027,455,'Mastercard');
-- ------- SAMPLE 1595 ----------
INSERT INTO GUEST VALUES(2595,'Yuette','Yetman','YYetman@hotmail.com','1234 DaWrong Lane','Flonkerton','MD','12345','670-646-7093');
INSERT INTO RESERVATION VALUES ('20210101KI3912426116699',2595,null,'KI','2021-01-01','2021-01-05',null,'active');
INSERT INTO INVOICECHARGE VALUES ('20210101KI3912426116699-ch00001','20210101KI3912426116699','2021-01-01',341.16,'Base room charge');
INSERT INTO PAYMENT VALUES ('20210101KI3912426116699-p00001','20210101KI3912426116699','2021-01-03','CC',341.16,'Yuette Yetman','2653909281142507',12,2026,590,'Mastercard');
-- ------- SAMPLE 1596 ----------
INSERT INTO GUEST VALUES(2596,'Delsie','Delong','DDelong@hotmail.com','1234 DaWrong Lane','Flonkerton','MD','12345','625-721-5462');
INSERT INTO RESERVATION VALUES ('20200712QD3075863513215',2596,null,'QD','2020-07-12','2020-07-15',null,'active');
-- ------- SAMPLE 1597 ----------
INSERT INTO GUEST VALUES(2597,'Shae','Sansom','SSansom@yahoo.com','1234 DaWrong Lane','Flonkerton','MD','12345','652-609-9889');
INSERT INTO RESERVATION VALUES ('20201006QS4922317471933',2597,null,'QS','2020-10-06','2020-10-11',null,'active');
-- ------- SAMPLE 1598 ----------
INSERT INTO GUEST VALUES(2598,'Linwood','Layden','LLayden@yahoo.com','1234 DaWrong Lane','Flonkerton','MD','12345','456-481-3744');
INSERT INTO RESERVATION VALUES ('20181015QS5045964123210',2598,108,'QS','2018-10-15','2018-10-16',null,'complete');
INSERT INTO INVOICECHARGE VALUES ('20181015QS5045964123210-ch00001','20181015QS5045964123210','2018-10-15',117.28,'Base room charge');
INSERT INTO PAYMENT VALUES ('20181015QS5045964123210-p00001','20181015QS5045964123210','2018-10-17','CC',117.28,'Linwood Layden','9502333540700240',9,2027,835,'Mastercard');
-- ------- SAMPLE 1599 ----------
INSERT INTO GUEST VALUES(2599,'Margorie','Mcnish','MMcnish@gmail.com','1234 DaWrong Lane','Flonkerton','MD','12345','389-058-5198');
INSERT INTO RESERVATION VALUES ('20200212KI2098004981128',2599,105,'KI','2020-02-12','2020-02-17',null,'complete');
INSERT INTO INVOICECHARGE VALUES ('20200212KI2098004981128-ch00001','20200212KI2098004981128','2020-02-12',281.45,'Base room charge');
INSERT INTO INVOICECHARGE VALUES ('20200212KI2098004981128-ch00002','20200212KI2098004981128','2020-02-12',144.99,'Cleaning fee');
INSERT INTO PAYMENT VALUES ('20200212KI2098004981128-p00001','20200212KI2098004981128','2020-02-14','CC',426.45,'Margorie Mcnish','3954036228095796',3,2023,971,'Mastercard');
-- ------- SAMPLE 1600 ----------
INSERT INTO GUEST VALUES(2600,'Rossana','Running','RRunning@yahoo.com','1234 DaWrong Lane','Flonkerton','MD','12345','810-515-1934');
INSERT INTO RESERVATION VALUES ('20210128KJ5717387758487',2600,null,'KJ','2021-01-28','2021-02-01',null,'active');
INSERT INTO INVOICECHARGE VALUES ('20210128KJ5717387758487-ch00001','20210128KJ5717387758487','2021-01-28',554.41,'Base room charge');
INSERT INTO PAYMENT VALUES ('20210128KJ5717387758487-p00001','20210128KJ5717387758487','2021-01-30','CC',397,'Rossana Running','7909763982776888',11,2027,950,'Mastercard');
-- ------- SAMPLE 1601 ----------
INSERT INTO GUEST VALUES(2601,'Boris','Berner','BBerner@yahoo.com','1234 DaWrong Lane','Flonkerton','MD','12345','976-077-7605');
INSERT INTO RESERVATION VALUES ('20210204KS1806157946636',2601,null,'KS','2021-02-04','2021-02-07',null,'active');
INSERT INTO INVOICECHARGE VALUES ('20210204KS1806157946636-ch00001','20210204KS1806157946636','2021-02-04',319.84,'Base room charge');
INSERT INTO PAYMENT VALUES ('20210204KS1806157946636-p00001','20210204KS1806157946636','2021-02-06','CC',319.84,'Boris Berner','1693890729172631',11,2027,752,'Mastercard');
-- ------- SAMPLE 1602 ----------
INSERT INTO GUEST VALUES(2602,'Len','Linquist','LLinquist@gmail.com','1234 DaWrong Lane','Flonkerton','MD','12345','636-396-7253');
INSERT INTO RESERVATION VALUES ('20210111KI8946729375545',2602,null,'KI','2021-01-11','2021-01-14',null,'active');
INSERT INTO INVOICECHARGE VALUES ('20210111KI8946729375545-ch00001','20210111KI8946729375545','2021-01-11',255.87,'Base room charge');
INSERT INTO PAYMENT VALUES ('20210111KI8946729375545-p00001','20210111KI8946729375545','2021-01-13','CC',60,'Len Linquist','4939071788006366',9,2021,7,'Mastercard');
-- ------- SAMPLE 1603 ----------
INSERT INTO GUEST VALUES(2603,'Piedad','Proctor','PProctor@gmail.com','1234 DaWrong Lane','Flonkerton','MD','12345','808-497-3623');
INSERT INTO RESERVATION VALUES ('20210127KS1044264700925',2603,null,'KS','2021-01-27','2021-01-28',null,'active');
INSERT INTO INVOICECHARGE VALUES ('20210127KS1044264700925-ch00001','20210127KS1044264700925','2021-01-27',70.37,'Base room charge');
INSERT INTO INVOICECHARGE VALUES ('20210127KS1044264700925-ch00002','20210127KS1044264700925','2021-01-27',36.25,'Room Service');
INSERT INTO PAYMENT VALUES ('20210127KS1044264700925-p00001','20210127KS1044264700925','2021-01-29','CC',106.61,'Piedad Proctor','4618854093216931',9,2027,349,'Mastercard');
-- ------- SAMPLE 1604 ----------
INSERT INTO GUEST VALUES(2604,'Keturah','Kagawa','KKagawa@gmail.com','1234 DaWrong Lane','Flonkerton','MD','12345','501-660-6755');
INSERT INTO RESERVATION VALUES ('20190402KS8929406787875',2604,112,'KS','2019-04-02','2019-04-06',null,'complete');
INSERT INTO INVOICECHARGE VALUES ('20190402KS8929406787875-ch00001','20190402KS8929406787875','2019-04-02',426.46,'Base room charge');
INSERT INTO PAYMENT VALUES ('20190402KS8929406787875-p00001','20190402KS8929406787875','2019-04-04','CC',426.46,'Keturah Kagawa','5852347536456204',5,2024,403,'Mastercard');
-- ------- SAMPLE 1605 ----------
INSERT INTO GUEST VALUES(2605,'Dane','Dumond','DDumond@gmail.com','1234 DaWrong Lane','Flonkerton','MD','12345','655-431-7407');
INSERT INTO RESERVATION VALUES ('20181103KI3343616415728',2605,105,'KI','2018-11-03','2018-11-04',null,'complete');
INSERT INTO INVOICECHARGE VALUES ('20181103KI3343616415728-ch00001','20181103KI3343616415728','2018-11-03',85.29,'Base room charge');
INSERT INTO PAYMENT VALUES ('20181103KI3343616415728-p00001','20181103KI3343616415728','2018-11-05','CC',85.29,'Dane Dumond','6256599048415109',3,2025,523,'Mastercard');
-- ------- SAMPLE 1606 ----------
INSERT INTO GUEST VALUES(2606,'Demarcus','Dearborn','DDearborn@hotmail.com','1234 DaWrong Lane','Flonkerton','MD','12345','997-686-5010');
INSERT INTO RESERVATION VALUES ('20191202KJ7058776858067',2606,109,'KJ','2019-12-02','2019-12-03',null,'complete');
INSERT INTO INVOICECHARGE VALUES ('20191202KJ7058776858067-ch00001','20191202KJ7058776858067','2019-12-02',91.48,'Base room charge');
INSERT INTO INVOICECHARGE VALUES ('20191202KJ7058776858067-ch00002','20191202KJ7058776858067','2019-12-02',47.12,'Cleaning fee');
INSERT INTO PAYMENT (payment_id,invoice_id,payment_date,payment_type,payment_amount) VALUES ('20191202KJ7058776858067-p00001','20191202KJ7058776858067','2019-12-04','CA',138.6);
-- ------- SAMPLE 1607 ----------
INSERT INTO GUEST VALUES(2607,'Rachell','Riser','RRiser@gmail.com','1234 DaWrong Lane','Flonkerton','MD','12345','795-587-0052');
INSERT INTO RESERVATION VALUES ('20210317KS6534338345303',2607,null,'KS','2021-03-17','2021-03-22',null,'cancelled');
-- ------- SAMPLE 1608 ----------
INSERT INTO GUEST VALUES(2608,'Mandi','Mcwain','MMcwain@gmail.com','1234 DaWrong Lane','Flonkerton','MD','12345','222-062-1988');
INSERT INTO RESERVATION VALUES ('20180624QS9436352319238',2608,108,'QS','2018-06-24','2018-06-25',null,'cancelled');
INSERT INTO INVOICECHARGE VALUES ('20180624QS9436352319238-ch00001','20180624QS9436352319238','2018-06-24',117.28,'Base room charge');
INSERT INTO PAYMENT (payment_id,invoice_id,payment_date,payment_type,payment_amount) VALUES ('20180624QS9436352319238-p00001','20180624QS9436352319238','2018-06-26','CA',117.28);
-- ------- SAMPLE 1609 ----------
INSERT INTO GUEST VALUES(2609,'Romelia','Rigdon','RRigdon@hotmail.com','1234 DaWrong Lane','Flonkerton','MD','12345','259-081-5525');
INSERT INTO RESERVATION VALUES ('20191218QD7946742751956',2609,116,'QD','2019-12-18','2019-12-22',null,'complete');
INSERT INTO INVOICECHARGE VALUES ('20191218QD7946742751956-ch00001','20191218QD7946742751956','2019-12-18',383.81,'Base room charge');
INSERT INTO PAYMENT VALUES ('20191218QD7946742751956-p00001','20191218QD7946742751956','2019-12-20','CC',383.81,'Romelia Rigdon','9482480860238299',7,2021,381,'Mastercard');
-- ------- SAMPLE 1610 ----------
INSERT INTO GUEST VALUES(2610,'Georgianne','Guadarrama','GGuadarrama@gmail.com','1234 DaWrong Lane','Flonkerton','MD','12345','436-377-8614');
INSERT INTO RESERVATION VALUES ('20190414QD2801263071588',2610,111,'QD','2019-04-14','2019-04-16',null,'complete');
INSERT INTO INVOICECHARGE VALUES ('20190414QD2801263071588-ch00001','20190414QD2801263071588','2019-04-14',126.66,'Base room charge');
INSERT INTO INVOICECHARGE VALUES ('20190414QD2801263071588-ch00002','20190414QD2801263071588','2019-04-14',65.25,'Cleaning fee');
INSERT INTO PAYMENT VALUES ('20190414QD2801263071588-p00001','20190414QD2801263071588','2019-04-16','CC',191.9,'Georgianne Guadarrama','9598905492587374',4,2023,753,'Mastercard');
-- ------- SAMPLE 1611 ----------
INSERT INTO GUEST VALUES(2611,'Eryn','Edenfield','EEdenfield@gmail.com','1234 DaWrong Lane','Flonkerton','MD','12345','448-856-5965');
INSERT INTO RESERVATION VALUES ('20180613QS1629879449085',2611,113,'QS','2018-06-13','2018-06-15',null,'complete');
INSERT INTO INVOICECHARGE VALUES ('20180613QS1629879449085-ch00001','20180613QS1629879449085','2018-06-13',154.81,'Base room charge');
INSERT INTO INVOICECHARGE VALUES ('20180613QS1629879449085-ch00002','20180613QS1629879449085','2018-06-13',79.75,'Cleaning fee');
INSERT INTO PAYMENT VALUES ('20180613QS1629879449085-p00001','20180613QS1629879449085','2018-06-15','CC',234.55,'Eryn Edenfield','4436095345817120',4,2025,424,'Mastercard');
-- ------- SAMPLE 1612 ----------
INSERT INTO GUEST VALUES(2612,'Liliana','Lueck','LLueck@gmail.com','1234 DaWrong Lane','Flonkerton','MD','12345','550-320-7135');
INSERT INTO RESERVATION VALUES ('20191229QS3933039192271',2612,207,'QS','2019-12-29','2020-01-02',null,'complete');
INSERT INTO INVOICECHARGE VALUES ('20191229QS3933039192271-ch00001','20191229QS3933039192271','2019-12-29',309.61,'Base room charge');
INSERT INTO INVOICECHARGE VALUES ('20191229QS3933039192271-ch00002','20191229QS3933039192271','2019-12-29',159.5,'Room Service');
INSERT INTO PAYMENT VALUES ('20191229QS3933039192271-p00001','20191229QS3933039192271','2019-12-31','CC',469.11,'Liliana Lueck','5443611214956541',9,2026,936,'Mastercard');
-- ------- SAMPLE 1613 ----------
INSERT INTO GUEST VALUES(2613,'Romelia','Rigdon','RRigdon@gmail.com','1234 DaWrong Lane','Flonkerton','MD','12345','046-354-6302');
INSERT INTO RESERVATION VALUES ('20200404QD1857088217344',2613,101,'QD','2020-04-04','2020-04-07',null,'complete');
INSERT INTO INVOICECHARGE VALUES ('20200404QD1857088217344-ch00001','20200404QD1857088217344','2020-04-04',287.86,'Base room charge');
INSERT INTO PAYMENT (payment_id,invoice_id,payment_date,payment_type,payment_amount) VALUES ('20200404QD1857088217344-p00001','20200404QD1857088217344','2020-04-06','CA',287.86);
-- ------- SAMPLE 1614 ----------
INSERT INTO GUEST VALUES(2614,'Dorothea','Dipaolo','DDipaolo@gmail.com','1234 DaWrong Lane','Flonkerton','MD','12345','484-404-3983');
INSERT INTO RESERVATION VALUES ('20190304QS5164997555950',2614,207,'QS','2019-03-04','2019-03-07',null,'complete');
INSERT INTO INVOICECHARGE VALUES ('20190304QS5164997555950-ch00001','20190304QS5164997555950','2019-03-04',232.21,'Base room charge');
INSERT INTO INVOICECHARGE VALUES ('20190304QS5164997555950-ch00002','20190304QS5164997555950','2019-03-04',119.62,'Room Service');
INSERT INTO PAYMENT (payment_id,invoice_id,payment_date,payment_type,payment_amount) VALUES ('20190304QS5164997555950-p00001','20190304QS5164997555950','2019-03-06','CA',351.83);
-- ------- SAMPLE 1615 ----------
INSERT INTO GUEST VALUES(2615,'James','Janey','JJaney@hotmail.com','1234 DaWrong Lane','Flonkerton','MD','12345','426-361-2215');
INSERT INTO RESERVATION VALUES ('20190314KS3304884136769',2615,107,'KS','2019-03-14','2019-03-18',null,'complete');
INSERT INTO INVOICECHARGE VALUES ('20190314KS3304884136769-ch00001','20190314KS3304884136769','2019-03-14',426.46,'Base room charge');
INSERT INTO PAYMENT VALUES ('20190314KS3304884136769-p00001','20190314KS3304884136769','2019-03-16','CC',426.46,'James Janey','3934597557546003',11,2023,834,'Mastercard');
-- ------- SAMPLE 1616 ----------
INSERT INTO GUEST VALUES(2616,'Kaley','Kilmon','KKilmon@hotmail.com','1234 DaWrong Lane','Flonkerton','MD','12345','560-923-3362');
INSERT INTO RESERVATION VALUES ('20200816KS9055885114112',2616,null,'KS','2020-08-16','2020-08-17',null,'active');
INSERT INTO INVOICECHARGE VALUES ('20200816KS9055885114112-ch00001','20200816KS9055885114112','2020-08-16',70.37,'Base room charge');
INSERT INTO INVOICECHARGE VALUES ('20200816KS9055885114112-ch00002','20200816KS9055885114112','2020-08-16',36.25,'Room Service');
INSERT INTO PAYMENT (payment_id,invoice_id,payment_date,payment_type,payment_amount) VALUES ('20200816KS9055885114112-p00001','20200816KS9055885114112','2020-08-18','CA',106.61);
-- ------- SAMPLE 1617 ----------
INSERT INTO GUEST VALUES(2617,'Kathey','Kingston','KKingston@gmail.com','1234 DaWrong Lane','Flonkerton','MD','12345','875-116-3552');
INSERT INTO RESERVATION VALUES ('20190819KI2683004785559',2617,120,'KI','2019-08-19','2019-08-20',null,'complete');
INSERT INTO INVOICECHARGE VALUES ('20190819KI2683004785559-ch00001','20190819KI2683004785559','2019-08-19',56.29,'Base room charge');
INSERT INTO INVOICECHARGE VALUES ('20190819KI2683004785559-ch00002','20190819KI2683004785559','2019-08-19',29,'Room Service');
INSERT INTO PAYMENT VALUES ('20190819KI2683004785559-p00001','20190819KI2683004785559','2019-08-21','CC',85.29,'Kathey Kingston','8707299680809155',7,2023,675,'Mastercard');
-- ------- SAMPLE 1618 ----------
INSERT INTO GUEST VALUES(2618,'Margorie','Mcnish','MMcnish@gmail.com','1234 DaWrong Lane','Flonkerton','MD','12345','383-721-5789');
INSERT INTO RESERVATION VALUES ('20200513QD1989421931595',2618,null,'QD','2020-05-13','2020-05-18',null,'cancelled');
INSERT INTO INVOICECHARGE VALUES ('20200513QD1989421931595-ch00001','20200513QD1989421931595','2020-05-13',479.76,'Base room charge');
INSERT INTO PAYMENT (payment_id,invoice_id,payment_date,payment_type,payment_amount) VALUES ('20200513QD1989421931595-p00001','20200513QD1989421931595','2020-05-15','CA',479.76);
-- ------- SAMPLE 1619 ----------
INSERT INTO GUEST VALUES(2619,'Joann','Joplin','JJoplin@yahoo.com','1234 DaWrong Lane','Flonkerton','MD','12345','922-215-1195');
INSERT INTO RESERVATION VALUES ('20210316QS8670410293098',2619,null,'QS','2021-03-16','2021-03-19',null,'active');
INSERT INTO INVOICECHARGE VALUES ('20210316QS8670410293098-ch00001','20210316QS8670410293098','2021-03-16',351.83,'Base room charge');
INSERT INTO PAYMENT (payment_id,invoice_id,payment_date,payment_type,payment_amount) VALUES ('20210316QS8670410293098-p00001','20210316QS8670410293098','2021-03-18','CA',98);
-- ------- SAMPLE 1620 ----------
INSERT INTO GUEST VALUES(2620,'Melony','Mcmartin','MMcmartin@gmail.com','1234 DaWrong Lane','Flonkerton','MD','12345','855-208-0749');
INSERT INTO RESERVATION VALUES ('20210111KI8829449220713',2620,null,'KI','2021-01-11','2021-01-15',null,'active');
INSERT INTO INVOICECHARGE VALUES ('20210111KI8829449220713-ch00001','20210111KI8829449220713','2021-01-11',341.16,'Base room charge');
INSERT INTO PAYMENT VALUES ('20210111KI8829449220713-p00001','20210111KI8829449220713','2021-01-13','CC',341.16,'Melony Mcmartin','7577079074993073',8,2021,806,'Mastercard');
-- ------- SAMPLE 1621 ----------
INSERT INTO GUEST VALUES(2621,'Deangelo','Deloera','DDeloera@hotmail.com','1234 DaWrong Lane','Flonkerton','MD','12345','780-302-0978');
INSERT INTO RESERVATION VALUES ('20210209KJ8922150455838',2621,null,'KJ','2021-02-09','2021-02-12',null,'active');
INSERT INTO INVOICECHARGE VALUES ('20210209KJ8922150455838-ch00001','20210209KJ8922150455838','2021-02-09',415.81,'Base room charge');
INSERT INTO PAYMENT VALUES ('20210209KJ8922150455838-p00001','20210209KJ8922150455838','2021-02-11','CC',415.81,'Deangelo Deloera','8251591406042940',2,2026,696,'Mastercard');
-- ------- SAMPLE 1622 ----------
INSERT INTO GUEST VALUES(2622,'Walter','Wellington','WWellington@gmail.com','1234 DaWrong Lane','Flonkerton','MD','12345','985-200-5453');
INSERT INTO RESERVATION VALUES ('20210317QS8420713389518',2622,null,'QS','2021-03-17','2021-03-19',null,'active');
INSERT INTO INVOICECHARGE VALUES ('20210317QS8420713389518-ch00001','20210317QS8420713389518','2021-03-17',154.81,'Base room charge');
INSERT INTO INVOICECHARGE VALUES ('20210317QS8420713389518-ch00002','20210317QS8420713389518','2021-03-17',79.75,'Room Service');
INSERT INTO PAYMENT VALUES ('20210317QS8420713389518-p00001','20210317QS8420713389518','2021-03-19','CC',234.55,'Walter Wellington','2701936099697323',9,2026,398,'Mastercard');
-- ------- SAMPLE 1623 ----------
INSERT INTO GUEST VALUES(2623,'Tish','Tusing','TTusing@gmail.com','1234 DaWrong Lane','Flonkerton','MD','12345','844-626-6461');
INSERT INTO RESERVATION VALUES ('20190104KS6827351540830',2623,102,'KS','2019-01-04','2019-01-07',null,'complete');
INSERT INTO INVOICECHARGE VALUES ('20190104KS6827351540830-ch00001','20190104KS6827351540830','2019-01-04',319.84,'Base room charge');
INSERT INTO PAYMENT VALUES ('20190104KS6827351540830-p00001','20190104KS6827351540830','2019-01-06','CC',319.84,'Tish Tusing','9636909443335679',2,2027,340,'Mastercard');
-- ------- SAMPLE 1624 ----------
INSERT INTO GUEST VALUES(2624,'Sherrie','Stultz','SStultz@gmail.com','1234 DaWrong Lane','Flonkerton','MD','12345','637-886-8414');
INSERT INTO RESERVATION VALUES ('20180515KJ3700384176831',2624,104,'KJ','2018-05-15','2018-05-18',null,'complete');
INSERT INTO INVOICECHARGE VALUES ('20180515KJ3700384176831-ch00001','20180515KJ3700384176831','2018-05-15',415.81,'Base room charge');
INSERT INTO PAYMENT VALUES ('20180515KJ3700384176831-p00001','20180515KJ3700384176831','2018-05-17','CC',415.81,'Sherrie Stultz','3925718702806919',1,2023,773,'Mastercard');
-- ------- SAMPLE 1625 ----------
INSERT INTO GUEST VALUES(2625,'Natalya','Neathery','NNeathery@gmail.com','1234 DaWrong Lane','Flonkerton','MD','12345','227-801-2779');
INSERT INTO RESERVATION VALUES ('20180815KI6974635518676',2625,120,'KI','2018-08-15','2018-08-18',null,'complete');
INSERT INTO INVOICECHARGE VALUES ('20180815KI6974635518676-ch00001','20180815KI6974635518676','2018-08-15',255.87,'Base room charge');
INSERT INTO PAYMENT VALUES ('20180815KI6974635518676-p00001','20180815KI6974635518676','2018-08-17','CC',255.87,'Natalya Neathery','5455021056160695',11,2023,95,'Mastercard');
-- ------- SAMPLE 1626 ----------
INSERT INTO GUEST VALUES(2626,'Lillia','Linen','LLinen@gmail.com','1234 DaWrong Lane','Flonkerton','MD','12345','650-169-1613');
INSERT INTO RESERVATION VALUES ('20181228KJ2542007594296',2626,119,'KJ','2018-12-28','2018-12-29',null,'complete');
INSERT INTO INVOICECHARGE VALUES ('20181228KJ2542007594296-ch00001','20181228KJ2542007594296','2018-12-28',91.48,'Base room charge');
INSERT INTO INVOICECHARGE VALUES ('20181228KJ2542007594296-ch00002','20181228KJ2542007594296','2018-12-28',47.12,'Room Service');
INSERT INTO PAYMENT VALUES ('20181228KJ2542007594296-p00001','20181228KJ2542007594296','2018-12-30','CC',138.6,'Lillia Linen','5538664656555908',3,2022,265,'Mastercard');
-- ------- SAMPLE 1627 ----------
INSERT INTO GUEST VALUES(2627,'Shae','Sansom','SSansom@gmail.com','1234 DaWrong Lane','Flonkerton','MD','12345','330-458-3797');
INSERT INTO RESERVATION VALUES ('20190306KS6761643506310',2627,112,'KS','2019-03-06','2019-03-09',null,'cancelled');
INSERT INTO INVOICECHARGE VALUES ('20190306KS6761643506310-ch00001','20190306KS6761643506310','2019-03-06',319.84,'Base room charge');
INSERT INTO PAYMENT (payment_id,invoice_id,payment_date,payment_type,payment_amount) VALUES ('20190306KS6761643506310-p00001','20190306KS6761643506310','2019-03-08','CA',319.84);
-- ------- SAMPLE 1628 ----------
INSERT INTO GUEST VALUES(2628,'Leonore','Losh','LLosh@yahoo.com','1234 DaWrong Lane','Flonkerton','MD','12345','349-656-1426');
INSERT INTO RESERVATION VALUES ('20191024KJ3255204151975',2628,208,'KJ','2019-10-24','2019-10-25',null,'complete');
INSERT INTO INVOICECHARGE VALUES ('20191024KJ3255204151975-ch00001','20191024KJ3255204151975','2019-10-24',138.6,'Base room charge');
INSERT INTO PAYMENT VALUES ('20191024KJ3255204151975-p00001','20191024KJ3255204151975','2019-10-26','CC',138.6,'Leonore Losh','7563427975253131',4,2026,121,'Mastercard');
-- ------- SAMPLE 1629 ----------
INSERT INTO GUEST VALUES(2629,'Louisa','Laroque','LLaroque@yahoo.com','1234 DaWrong Lane','Flonkerton','MD','12345','420-782-4352');
INSERT INTO RESERVATION VALUES ('20190616KS4825625752548',2629,201,'KS','2019-06-16','2019-06-19',null,'complete');
INSERT INTO INVOICECHARGE VALUES ('20190616KS4825625752548-ch00001','20190616KS4825625752548','2019-06-16',211.1,'Base room charge');
INSERT INTO INVOICECHARGE VALUES ('20190616KS4825625752548-ch00002','20190616KS4825625752548','2019-06-16',108.75,'Room Service');
INSERT INTO PAYMENT VALUES ('20190616KS4825625752548-p00001','20190616KS4825625752548','2019-06-18','CC',319.84,'Louisa Laroque','4081790328021961',11,2025,165,'Mastercard');
-- ------- SAMPLE 1630 ----------
INSERT INTO GUEST VALUES(2630,'Sherrie','Stultz','SStultz@gmail.com','1234 DaWrong Lane','Flonkerton','MD','12345','174-933-4237');
INSERT INTO RESERVATION VALUES ('20200511QD3021391085634',2630,null,'QD','2020-05-11','2020-05-14',null,'active');
INSERT INTO INVOICECHARGE VALUES ('20200511QD3021391085634-ch00001','20200511QD3021391085634','2020-05-11',189.98,'Base room charge');
INSERT INTO INVOICECHARGE VALUES ('20200511QD3021391085634-ch00002','20200511QD3021391085634','2020-05-11',97.87,'Cleaning fee');
INSERT INTO PAYMENT VALUES ('20200511QD3021391085634-p00001','20200511QD3021391085634','2020-05-13','CC',287.86,'Sherrie Stultz','8924166473668685',12,2025,299,'Mastercard');
-- ------- SAMPLE 1631 ----------
INSERT INTO GUEST VALUES(2631,'Dorian','Delbosque','DDelbosque@yahoo.com','1234 DaWrong Lane','Flonkerton','MD','12345','471-704-5337');
INSERT INTO RESERVATION VALUES ('20190606KJ3199855249838',2631,119,'KJ','2019-06-06','2019-06-11',null,'complete');
INSERT INTO INVOICECHARGE VALUES ('20190606KJ3199855249838-ch00001','20190606KJ3199855249838','2019-06-06',457.39,'Base room charge');
INSERT INTO INVOICECHARGE VALUES ('20190606KJ3199855249838-ch00002','20190606KJ3199855249838','2019-06-06',235.62,'Cleaning fee');
INSERT INTO PAYMENT VALUES ('20190606KJ3199855249838-p00001','20190606KJ3199855249838','2019-06-08','CC',693.01,'Dorian Delbosque','8675180358295546',4,2024,515,'Mastercard');
-- ------- SAMPLE 1632 ----------
INSERT INTO GUEST VALUES(2632,'Laraine','Lazar','LLazar@gmail.com','1234 DaWrong Lane','Flonkerton','MD','12345','337-452-6185');
INSERT INTO RESERVATION VALUES ('20200703QD5865358326767',2632,null,'QD','2020-07-03','2020-07-06',null,'active');
INSERT INTO INVOICECHARGE VALUES ('20200703QD5865358326767-ch00001','20200703QD5865358326767','2020-07-03',189.98,'Base room charge');
INSERT INTO INVOICECHARGE VALUES ('20200703QD5865358326767-ch00002','20200703QD5865358326767','2020-07-03',97.87,'Room Service');
INSERT INTO PAYMENT (payment_id,invoice_id,payment_date,payment_type,payment_amount) VALUES ('20200703QD5865358326767-p00001','20200703QD5865358326767','2020-07-05','CA',192);
-- ------- SAMPLE 1633 ----------
INSERT INTO GUEST VALUES(2633,'Hedwig','Hinz','HHinz@gmail.com','1234 DaWrong Lane','Flonkerton','MD','12345','601-101-9704');
INSERT INTO RESERVATION VALUES ('20200225KI4465303592038',2633,105,'KI','2020-02-25','2020-02-28',null,'complete');
INSERT INTO INVOICECHARGE VALUES ('20200225KI4465303592038-ch00001','20200225KI4465303592038','2020-02-25',255.87,'Base room charge');
INSERT INTO PAYMENT (payment_id,invoice_id,payment_date,payment_type,payment_amount) VALUES ('20200225KI4465303592038-p00001','20200225KI4465303592038','2020-02-27','CA',255.87);
-- ------- SAMPLE 1634 ----------
INSERT INTO GUEST VALUES(2634,'Pearlene','Priestly','PPriestly@hotmail.com','1234 DaWrong Lane','Flonkerton','MD','12345','184-972-6747');
INSERT INTO RESERVATION VALUES ('20210322KI6998771615386',2634,null,'KI','2021-03-22','2021-03-23',null,'active');
INSERT INTO INVOICECHARGE VALUES ('20210322KI6998771615386-ch00001','20210322KI6998771615386','2021-03-22',85.29,'Base room charge');
INSERT INTO PAYMENT (payment_id,invoice_id,payment_date,payment_type,payment_amount) VALUES ('20210322KI6998771615386-p00001','20210322KI6998771615386','2021-03-24','CA',85.29);
-- ------- SAMPLE 1635 ----------
INSERT INTO GUEST VALUES(2635,'Marylynn','Musson','MMusson@gmail.com','1234 DaWrong Lane','Flonkerton','MD','12345','420-405-0655');
INSERT INTO RESERVATION VALUES ('20190124KI4989905146383',2635,105,'KI','2019-01-24','2019-01-28',null,'complete');
INSERT INTO INVOICECHARGE VALUES ('20190124KI4989905146383-ch00001','20190124KI4989905146383','2019-01-24',225.16,'Base room charge');
INSERT INTO INVOICECHARGE VALUES ('20190124KI4989905146383-ch00002','20190124KI4989905146383','2019-01-24',115.99,'Cleaning fee');
INSERT INTO PAYMENT VALUES ('20190124KI4989905146383-p00001','20190124KI4989905146383','2019-01-26','CC',341.16,'Marylynn Musson','9770197087494576',7,2022,244,'Mastercard');
-- ------- SAMPLE 1636 ----------
INSERT INTO GUEST VALUES(2636,'Fredericka','Farney','FFarney@gmail.com','1234 DaWrong Lane','Flonkerton','MD','12345','523-300-2002');
INSERT INTO RESERVATION VALUES ('20190319KJ2275576382445',2636,208,'KJ','2019-03-19','2019-03-24',null,'complete');
INSERT INTO INVOICECHARGE VALUES ('20190319KJ2275576382445-ch00001','20190319KJ2275576382445','2019-03-19',457.39,'Base room charge');
INSERT INTO INVOICECHARGE VALUES ('20190319KJ2275576382445-ch00002','20190319KJ2275576382445','2019-03-19',235.62,'Room Service');
INSERT INTO PAYMENT VALUES ('20190319KJ2275576382445-p00001','20190319KJ2275576382445','2019-03-21','CC',693.01,'Fredericka Farney','1385284796415745',9,2023,89,'Mastercard');
-- ------- SAMPLE 1637 ----------
INSERT INTO GUEST VALUES(2637,'Leighann','Leith','LLeith@gmail.com','1234 DaWrong Lane','Flonkerton','MD','12345','180-799-5530');
INSERT INTO RESERVATION VALUES ('20190521KS4371963295286',2637,201,'KS','2019-05-21','2019-05-26',null,'complete');
INSERT INTO INVOICECHARGE VALUES ('20190521KS4371963295286-ch00001','20190521KS4371963295286','2019-05-21',351.83,'Base room charge');
INSERT INTO INVOICECHARGE VALUES ('20190521KS4371963295286-ch00002','20190521KS4371963295286','2019-05-21',181.24,'Cleaning fee');
INSERT INTO PAYMENT VALUES ('20190521KS4371963295286-p00001','20190521KS4371963295286','2019-05-23','CC',533.07,'Leighann Leith','8611697916338898',10,2025,810,'Mastercard');
-- ------- SAMPLE 1638 ----------
INSERT INTO GUEST VALUES(2638,'Lakenya','Langston','LLangston@yahoo.com','1234 DaWrong Lane','Flonkerton','MD','12345','554-239-0374');
INSERT INTO RESERVATION VALUES ('20191024QD7868699547290',2638,111,'QD','2019-10-24','2019-10-25',null,'complete');
INSERT INTO INVOICECHARGE VALUES ('20191024QD7868699547290-ch00001','20191024QD7868699547290','2019-10-24',63.33,'Base room charge');
INSERT INTO INVOICECHARGE VALUES ('20191024QD7868699547290-ch00002','20191024QD7868699547290','2019-10-24',32.62,'Cleaning fee');
INSERT INTO PAYMENT VALUES ('20191024QD7868699547290-p00001','20191024QD7868699547290','2019-10-26','CC',95.95,'Lakenya Langston','7971884665407259',3,2023,53,'Mastercard');
-- ------- SAMPLE 1639 ----------
INSERT INTO GUEST VALUES(2639,'Annie','Albrecht','AAlbrecht@gmail.com','1234 DaWrong Lane','Flonkerton','MD','12345','045-032-5711');
INSERT INTO RESERVATION VALUES ('20190420QD9844884791090',2639,101,'QD','2019-04-20','2019-04-21',null,'complete');
INSERT INTO INVOICECHARGE VALUES ('20190420QD9844884791090-ch00001','20190420QD9844884791090','2019-04-20',63.33,'Base room charge');
INSERT INTO INVOICECHARGE VALUES ('20190420QD9844884791090-ch00002','20190420QD9844884791090','2019-04-20',32.62,'Cleaning fee');
INSERT INTO PAYMENT VALUES ('20190420QD9844884791090-p00001','20190420QD9844884791090','2019-04-22','CC',95.95,'Annie Albrecht','3098080331153764',6,2024,226,'Mastercard');
-- ------- SAMPLE 1640 ----------
INSERT INTO GUEST VALUES(2640,'Florentino','Feth','FFeth@hotmail.com','1234 DaWrong Lane','Flonkerton','MD','12345','902-872-7546');
INSERT INTO RESERVATION VALUES ('20201018KS1207103592786',2640,null,'KS','2020-10-18','2020-10-23',null,'active');
-- ------- SAMPLE 1641 ----------
INSERT INTO GUEST VALUES(2641,'Sherrie','Stultz','SStultz@yahoo.com','1234 DaWrong Lane','Flonkerton','MD','12345','183-636-2157');
INSERT INTO RESERVATION VALUES ('20201127QD5080236111058',2641,null,'QD','2020-11-27','2020-11-30',null,'cancelled');
INSERT INTO INVOICECHARGE VALUES ('20201127QD5080236111058-ch00001','20201127QD5080236111058','2020-11-27',287.86,'Base room charge');
INSERT INTO PAYMENT VALUES ('20201127QD5080236111058-p00001','20201127QD5080236111058','2020-11-29','CC',287.86,'Sherrie Stultz','4487713797472471',7,2027,497,'Mastercard');
-- ------- SAMPLE 1642 ----------
INSERT INTO GUEST VALUES(2642,'Serafina','Singh','SSingh@hotmail.com','1234 DaWrong Lane','Flonkerton','MD','12345','493-958-8299');
INSERT INTO RESERVATION VALUES ('20210127KI1559084439077',2642,null,'KI','2021-01-27','2021-01-29',null,'active');
-- ------- SAMPLE 1643 ----------
INSERT INTO GUEST VALUES(2643,'Natalia','Nowacki','NNowacki@hotmail.com','1234 DaWrong Lane','Flonkerton','MD','12345','380-675-4414');
INSERT INTO RESERVATION VALUES ('20200208KS9920957855769',2643,107,'KS','2020-02-08','2020-02-10',null,'complete');
INSERT INTO INVOICECHARGE VALUES ('20200208KS9920957855769-ch00001','20200208KS9920957855769','2020-02-08',213.23,'Base room charge');
INSERT INTO PAYMENT VALUES ('20200208KS9920957855769-p00001','20200208KS9920957855769','2020-02-10','CC',213.23,'Natalia Nowacki','6343752536076790',7,2026,932,'Mastercard');
-- ------- SAMPLE 1644 ----------
INSERT INTO GUEST VALUES(2644,'Jamey','Jen','JJen@yahoo.com','1234 DaWrong Lane','Flonkerton','MD','12345','797-968-4560');
INSERT INTO RESERVATION VALUES ('20201010KI9279856612380',2644,null,'KI','2020-10-10','2020-10-14',null,'active');
INSERT INTO INVOICECHARGE VALUES ('20201010KI9279856612380-ch00001','20201010KI9279856612380','2020-10-10',341.16,'Base room charge');
INSERT INTO PAYMENT (payment_id,invoice_id,payment_date,payment_type,payment_amount) VALUES ('20201010KI9279856612380-p00001','20201010KI9279856612380','2020-10-12','CA',75);
-- ------- SAMPLE 1645 ----------
INSERT INTO GUEST VALUES(2645,'Mandi','Mcwain','MMcwain@gmail.com','1234 DaWrong Lane','Flonkerton','MD','12345','726-077-7734');
INSERT INTO RESERVATION VALUES ('20180522KS1991686003096',2645,206,'KS','2018-05-22','2018-05-23',null,'complete');
INSERT INTO INVOICECHARGE VALUES ('20180522KS1991686003096-ch00001','20180522KS1991686003096','2018-05-22',70.37,'Base room charge');
INSERT INTO INVOICECHARGE VALUES ('20180522KS1991686003096-ch00002','20180522KS1991686003096','2018-05-22',36.25,'Cleaning fee');
INSERT INTO PAYMENT VALUES ('20180522KS1991686003096-p00001','20180522KS1991686003096','2018-05-24','CC',106.61,'Mandi Mcwain','7696872463314937',7,2022,397,'Mastercard');
-- ------- SAMPLE 1646 ----------
INSERT INTO GUEST VALUES(2646,'Kandra','Kelty','KKelty@yahoo.com','1234 DaWrong Lane','Flonkerton','MD','12345','894-746-4122');
INSERT INTO RESERVATION VALUES ('20180613QD1403778614504',2646,111,'QD','2018-06-13','2018-06-18',null,'complete');
INSERT INTO INVOICECHARGE VALUES ('20180613QD1403778614504-ch00001','20180613QD1403778614504','2018-06-13',316.64,'Base room charge');
INSERT INTO INVOICECHARGE VALUES ('20180613QD1403778614504-ch00002','20180613QD1403778614504','2018-06-13',163.12,'Cleaning fee');
INSERT INTO PAYMENT VALUES ('20180613QD1403778614504-p00001','20180613QD1403778614504','2018-06-15','CC',479.76,'Kandra Kelty','7623593884303310',3,2022,354,'Mastercard');
-- ------- SAMPLE 1647 ----------
INSERT INTO GUEST VALUES(2647,'Shawn','Stefanski','SStefanski@gmail.com','1234 DaWrong Lane','Flonkerton','MD','12345','307-126-0003');
INSERT INTO RESERVATION VALUES ('20200608KJ1834062247086',2647,null,'KJ','2020-06-08','2020-06-11',null,'active');
INSERT INTO INVOICECHARGE VALUES ('20200608KJ1834062247086-ch00001','20200608KJ1834062247086','2020-06-08',274.43,'Base room charge');
INSERT INTO INVOICECHARGE VALUES ('20200608KJ1834062247086-ch00002','20200608KJ1834062247086','2020-06-08',141.37,'Room Service');
INSERT INTO PAYMENT VALUES ('20200608KJ1834062247086-p00001','20200608KJ1834062247086','2020-06-10','CC',415.81,'Shawn Stefanski','3004388475744246',5,2021,118,'Mastercard');
-- ------- SAMPLE 1648 ----------
INSERT INTO GUEST VALUES(2648,'Mario','Macdowell','MMacdowell@hotmail.com','1234 DaWrong Lane','Flonkerton','MD','12345','666-622-5795');
INSERT INTO RESERVATION VALUES ('20190715KS9160357102875',2648,206,'KS','2019-07-15','2019-07-20',null,'cancelled');
INSERT INTO INVOICECHARGE VALUES ('20190715KS9160357102875-ch00001','20190715KS9160357102875','2019-07-15',533.07,'Base room charge');
INSERT INTO PAYMENT VALUES ('20190715KS9160357102875-p00001','20190715KS9160357102875','2019-07-17','CC',533.07,'Mario Macdowell','6145190496380976',1,2022,470,'Mastercard');
-- ------- SAMPLE 1649 ----------
INSERT INTO GUEST VALUES(2649,'Floy','Feinstein','FFeinstein@gmail.com','1234 DaWrong Lane','Flonkerton','MD','12345','291-442-5677');
INSERT INTO RESERVATION VALUES ('20190307KJ8902255626280',2649,119,'KJ','2019-03-07','2019-03-12',null,'cancelled');
INSERT INTO INVOICECHARGE VALUES ('20190307KJ8902255626280-ch00001','20190307KJ8902255626280','2019-03-07',554.41,'Base room charge');
INSERT INTO PAYMENT VALUES ('20190307KJ8902255626280-p00001','20190307KJ8902255626280','2019-03-09','CC',554.41,'Floy Feinstein','5136806204459879',5,2024,573,'Mastercard');
-- ------- SAMPLE 1650 ----------
INSERT INTO GUEST VALUES(2650,'Bessie','Buhler','BBuhler@gmail.com','1234 DaWrong Lane','Flonkerton','MD','12345','926-707-0256');
INSERT INTO RESERVATION VALUES ('20190508KI5289958633999',2650,115,'KI','2019-05-08','2019-05-13',null,'complete');
INSERT INTO INVOICECHARGE VALUES ('20190508KI5289958633999-ch00001','20190508KI5289958633999','2019-05-08',426.45,'Base room charge');
INSERT INTO PAYMENT VALUES ('20190508KI5289958633999-p00001','20190508KI5289958633999','2019-05-10','CC',426.45,'Bessie Buhler','6342447163808801',9,2026,239,'Mastercard');
-- ------- SAMPLE 1651 ----------
INSERT INTO GUEST VALUES(2651,'Theodora','Trickey','TTrickey@yahoo.com','1234 DaWrong Lane','Flonkerton','MD','12345','925-753-1877');
INSERT INTO RESERVATION VALUES ('20200520KS4403563138928',2651,null,'KS','2020-05-20','2020-05-24',null,'active');
-- ------- SAMPLE 1652 ----------
INSERT INTO GUEST VALUES(2652,'Lynda','Linda','LLinda@gmail.com','1234 DaWrong Lane','Flonkerton','MD','12345','776-545-4913');
INSERT INTO RESERVATION VALUES ('20200429QS2456204886968',2652,108,'QS','2020-04-29','2020-04-30',null,'complete');
INSERT INTO INVOICECHARGE VALUES ('20200429QS2456204886968-ch00001','20200429QS2456204886968','2020-04-29',117.28,'Base room charge');
INSERT INTO PAYMENT (payment_id,invoice_id,payment_date,payment_type,payment_amount) VALUES ('20200429QS2456204886968-p00001','20200429QS2456204886968','2020-05-01','CA',117.28);
-- ------- SAMPLE 1653 ----------
INSERT INTO GUEST VALUES(2653,'Julene','Jahn','JJahn@gmail.com','1234 DaWrong Lane','Flonkerton','MD','12345','583-756-8407');
INSERT INTO RESERVATION VALUES ('20210123QS6125222732333',2653,null,'QS','2021-01-23','2021-01-24',null,'active');
INSERT INTO INVOICECHARGE VALUES ('20210123QS6125222732333-ch00001','20210123QS6125222732333','2021-01-23',77.4,'Base room charge');
INSERT INTO INVOICECHARGE VALUES ('20210123QS6125222732333-ch00002','20210123QS6125222732333','2021-01-23',39.87,'Cleaning fee');
INSERT INTO PAYMENT VALUES ('20210123QS6125222732333-p00001','20210123QS6125222732333','2021-01-25','CC',117.28,'Julene Jahn','5894780838705882',4,2024,657,'Mastercard');
-- ------- SAMPLE 1654 ----------
INSERT INTO GUEST VALUES(2654,'Maryann','Mccutcheon','MMccutcheon@gmail.com','1234 DaWrong Lane','Flonkerton','MD','12345','800-610-2621');
INSERT INTO RESERVATION VALUES ('20190120KS2814376094433',2654,112,'KS','2019-01-20','2019-01-21',null,'complete');
INSERT INTO INVOICECHARGE VALUES ('20190120KS2814376094433-ch00001','20190120KS2814376094433','2019-01-20',106.61,'Base room charge');
INSERT INTO PAYMENT VALUES ('20190120KS2814376094433-p00001','20190120KS2814376094433','2019-01-22','CC',106.61,'Maryann Mccutcheon','5232922504916399',6,2022,260,'Mastercard');
-- ------- SAMPLE 1655 ----------
INSERT INTO GUEST VALUES(2655,'Kasey','Kipp','KKipp@yahoo.com','1234 DaWrong Lane','Flonkerton','MD','12345','605-845-3369');
INSERT INTO RESERVATION VALUES ('20200902QD3882126917595',2655,null,'QD','2020-09-02','2020-09-05',null,'active');
-- ------- SAMPLE 1656 ----------
INSERT INTO GUEST VALUES(2656,'Georgianne','Guadarrama','GGuadarrama@hotmail.com','1234 DaWrong Lane','Flonkerton','MD','12345','873-595-4313');
INSERT INTO RESERVATION VALUES ('20210317KI4275276609098',2656,null,'KI','2021-03-17','2021-03-22',null,'active');
INSERT INTO INVOICECHARGE VALUES ('20210317KI4275276609098-ch00001','20210317KI4275276609098','2021-03-17',426.45,'Base room charge');
INSERT INTO PAYMENT VALUES ('20210317KI4275276609098-p00001','20210317KI4275276609098','2021-03-19','CC',426.45,'Georgianne Guadarrama','6554301015392040',6,2024,873,'Mastercard');
-- ------- SAMPLE 1657 ----------
INSERT INTO GUEST VALUES(2657,'Walter','Wellington','WWellington@gmail.com','1234 DaWrong Lane','Flonkerton','MD','12345','983-947-5452');
INSERT INTO RESERVATION VALUES ('20190323KI6286697673367',2657,105,'KI','2019-03-23','2019-03-25',null,'complete');
INSERT INTO INVOICECHARGE VALUES ('20190323KI6286697673367-ch00001','20190323KI6286697673367','2019-03-23',112.58,'Base room charge');
INSERT INTO INVOICECHARGE VALUES ('20190323KI6286697673367-ch00002','20190323KI6286697673367','2019-03-23',58,'Cleaning fee');
INSERT INTO PAYMENT VALUES ('20190323KI6286697673367-p00001','20190323KI6286697673367','2019-03-25','CC',170.58,'Walter Wellington','8074940760360728',2,2022,745,'Mastercard');
-- ------- SAMPLE 1658 ----------
INSERT INTO GUEST VALUES(2658,'Keturah','Kagawa','KKagawa@yahoo.com','1234 DaWrong Lane','Flonkerton','MD','12345','606-440-1887');
INSERT INTO RESERVATION VALUES ('20190809QD5106483103788',2658,116,'QD','2019-08-09','2019-08-14',null,'complete');
INSERT INTO INVOICECHARGE VALUES ('20190809QD5106483103788-ch00001','20190809QD5106483103788','2019-08-09',479.76,'Base room charge');
INSERT INTO PAYMENT VALUES ('20190809QD5106483103788-p00001','20190809QD5106483103788','2019-08-11','CC',479.76,'Keturah Kagawa','5261189649571888',12,2023,759,'Mastercard');
-- ------- SAMPLE 1659 ----------
INSERT INTO GUEST VALUES(2659,'Katerine','Kawakami','KKawakami@yahoo.com','1234 DaWrong Lane','Flonkerton','MD','12345','709-779-5240');
INSERT INTO RESERVATION VALUES ('20181018QD8681843239368',2659,106,'QD','2018-10-18','2018-10-20',null,'complete');
INSERT INTO INVOICECHARGE VALUES ('20181018QD8681843239368-ch00001','20181018QD8681843239368','2018-10-18',191.9,'Base room charge');
INSERT INTO PAYMENT VALUES ('20181018QD8681843239368-p00001','20181018QD8681843239368','2018-10-20','CC',191.9,'Katerine Kawakami','5906792613998243',11,2025,298,'Mastercard');
-- ------- SAMPLE 1660 ----------
INSERT INTO GUEST VALUES(2660,'Rachell','Riser','RRiser@hotmail.com','1234 DaWrong Lane','Flonkerton','MD','12345','159-298-0697');
INSERT INTO RESERVATION VALUES ('20181023KJ1067621592947',2660,104,'KJ','2018-10-23','2018-10-25',null,'cancelled');
INSERT INTO INVOICECHARGE VALUES ('20181023KJ1067621592947-ch00001','20181023KJ1067621592947','2018-10-23',182.95,'Base room charge');
INSERT INTO INVOICECHARGE VALUES ('20181023KJ1067621592947-ch00002','20181023KJ1067621592947','2018-10-23',94.25,'Room Service');
INSERT INTO PAYMENT VALUES ('20181023KJ1067621592947-p00001','20181023KJ1067621592947','2018-10-25','CC',277.2,'Rachell Riser','6503610040061821',3,2022,568,'Mastercard');
-- ------- SAMPLE 1661 ----------
INSERT INTO GUEST VALUES(2661,'Rose','Royall','RRoyall@gmail.com','1234 DaWrong Lane','Flonkerton','MD','12345','467-751-7809');
INSERT INTO RESERVATION VALUES ('20190828KI1817393013334',2661,105,'KI','2019-08-28','2019-08-29',null,'complete');
INSERT INTO INVOICECHARGE VALUES ('20190828KI1817393013334-ch00001','20190828KI1817393013334','2019-08-28',85.29,'Base room charge');
INSERT INTO PAYMENT VALUES ('20190828KI1817393013334-p00001','20190828KI1817393013334','2019-08-30','CC',85.29,'Rose Royall','8271013470475870',8,2023,126,'Mastercard');
-- ------- SAMPLE 1662 ----------
INSERT INTO GUEST VALUES(2662,'Kathern','Korn','KKorn@hotmail.com','1234 DaWrong Lane','Flonkerton','MD','12345','964-620-9205');
INSERT INTO RESERVATION VALUES ('20191117KS2581295069467',2662,107,'KS','2019-11-17','2019-11-18',null,'complete');
INSERT INTO INVOICECHARGE VALUES ('20191117KS2581295069467-ch00001','20191117KS2581295069467','2019-11-17',70.37,'Base room charge');
INSERT INTO INVOICECHARGE VALUES ('20191117KS2581295069467-ch00002','20191117KS2581295069467','2019-11-17',36.25,'Room Service');
INSERT INTO PAYMENT VALUES ('20191117KS2581295069467-p00001','20191117KS2581295069467','2019-11-19','CC',106.61,'Kathern Korn','9243458052728988',9,2021,687,'Mastercard');
-- ------- SAMPLE 1663 ----------
INSERT INTO GUEST VALUES(2663,'Shera','Shorter','SShorter@hotmail.com','1234 DaWrong Lane','Flonkerton','MD','12345','663-818-5574');
INSERT INTO RESERVATION VALUES ('20191114KJ1906408967652',2663,208,'KJ','2019-11-14','2019-11-18',null,'complete');
INSERT INTO INVOICECHARGE VALUES ('20191114KJ1906408967652-ch00001','20191114KJ1906408967652','2019-11-14',554.41,'Base room charge');
INSERT INTO PAYMENT VALUES ('20191114KJ1906408967652-p00001','20191114KJ1906408967652','2019-11-16','CC',554.41,'Shera Shorter','8347119589568664',1,2021,760,'Mastercard');
-- ------- SAMPLE 1664 ----------
INSERT INTO GUEST VALUES(2664,'Margorie','Mcnish','MMcnish@hotmail.com','1234 DaWrong Lane','Flonkerton','MD','12345','606-369-5903');
INSERT INTO RESERVATION VALUES ('20180508QS2150642745256',2664,202,'QS','2018-05-08','2018-05-13',null,'complete');
INSERT INTO INVOICECHARGE VALUES ('20180508QS2150642745256-ch00001','20180508QS2150642745256','2018-05-08',586.38,'Base room charge');
INSERT INTO PAYMENT VALUES ('20180508QS2150642745256-p00001','20180508QS2150642745256','2018-05-10','CC',586.38,'Margorie Mcnish','1584657490849880',7,2024,782,'Mastercard');
-- ------- SAMPLE 1665 ----------
INSERT INTO GUEST VALUES(2665,'Linwood','Layden','LLayden@gmail.com','1234 DaWrong Lane','Flonkerton','MD','12345','400-690-1550');
INSERT INTO RESERVATION VALUES ('20180622QD8328975218605',2665,205,'QD','2018-06-22','2018-06-24',null,'complete');
INSERT INTO INVOICECHARGE VALUES ('20180622QD8328975218605-ch00001','20180622QD8328975218605','2018-06-22',126.66,'Base room charge');
INSERT INTO INVOICECHARGE VALUES ('20180622QD8328975218605-ch00002','20180622QD8328975218605','2018-06-22',65.25,'Cleaning fee');
INSERT INTO PAYMENT VALUES ('20180622QD8328975218605-p00001','20180622QD8328975218605','2018-06-24','CC',191.9,'Linwood Layden','5602322429762863',11,2026,782,'Mastercard');
-- ------- SAMPLE 1666 ----------
INSERT INTO GUEST VALUES(2666,'Lincoln','Lattea','LLattea@hotmail.com','1234 DaWrong Lane','Flonkerton','MD','12345','346-608-3356');
INSERT INTO RESERVATION VALUES ('20181214KI6220983468505',2666,115,'KI','2018-12-14','2018-12-18',null,'complete');
INSERT INTO INVOICECHARGE VALUES ('20181214KI6220983468505-ch00001','20181214KI6220983468505','2018-12-14',341.16,'Base room charge');
INSERT INTO PAYMENT VALUES ('20181214KI6220983468505-p00001','20181214KI6220983468505','2018-12-16','CC',341.16,'Lincoln Lattea','1083718801917495',11,2024,420,'Mastercard');
-- ------- SAMPLE 1667 ----------
INSERT INTO GUEST VALUES(2667,'Deandra','Dimauro','DDimauro@hotmail.com','1234 DaWrong Lane','Flonkerton','MD','12345','375-597-2011');
INSERT INTO RESERVATION VALUES ('20201123KJ1002905728971',2667,null,'KJ','2020-11-23','2020-11-24',null,'active');
INSERT INTO INVOICECHARGE VALUES ('20201123KJ1002905728971-ch00001','20201123KJ1002905728971','2020-11-23',138.6,'Base room charge');
INSERT INTO PAYMENT (payment_id,invoice_id,payment_date,payment_type,payment_amount) VALUES ('20201123KJ1002905728971-p00001','20201123KJ1002905728971','2020-11-25','CA',138.6);
-- ------- SAMPLE 1668 ----------
INSERT INTO GUEST VALUES(2668,'Shena','Sandoz','SSandoz@gmail.com','1234 DaWrong Lane','Flonkerton','MD','12345','247-664-7483');
INSERT INTO RESERVATION VALUES ('20180613KI9656155675961',2668,209,'KI','2018-06-13','2018-06-15',null,'complete');
INSERT INTO INVOICECHARGE VALUES ('20180613KI9656155675961-ch00001','20180613KI9656155675961','2018-06-13',170.58,'Base room charge');
INSERT INTO PAYMENT VALUES ('20180613KI9656155675961-p00001','20180613KI9656155675961','2018-06-15','CC',170.58,'Shena Sandoz','8822172438399878',3,2026,152,'Mastercard');
-- ------- SAMPLE 1669 ----------
INSERT INTO GUEST VALUES(2669,'Hanna','Hastie','HHastie@gmail.com','1234 DaWrong Lane','Flonkerton','MD','12345','623-995-6024');
INSERT INTO RESERVATION VALUES ('20190612KS5343324003883',2669,112,'KS','2019-06-12','2019-06-13',null,'complete');
INSERT INTO INVOICECHARGE VALUES ('20190612KS5343324003883-ch00001','20190612KS5343324003883','2019-06-12',106.61,'Base room charge');
INSERT INTO PAYMENT VALUES ('20190612KS5343324003883-p00001','20190612KS5343324003883','2019-06-14','CC',106.61,'Hanna Hastie','3355742402574808',7,2026,702,'Mastercard');
-- ------- SAMPLE 1670 ----------
INSERT INTO GUEST VALUES(2670,'Melony','Mcmartin','MMcmartin@hotmail.com','1234 DaWrong Lane','Flonkerton','MD','12345','348-971-6116');
INSERT INTO RESERVATION VALUES ('20200211QD9412962605145',2670,111,'QD','2020-02-11','2020-02-13',null,'complete');
INSERT INTO INVOICECHARGE VALUES ('20200211QD9412962605145-ch00001','20200211QD9412962605145','2020-02-11',191.9,'Base room charge');
INSERT INTO PAYMENT (payment_id,invoice_id,payment_date,payment_type,payment_amount) VALUES ('20200211QD9412962605145-p00001','20200211QD9412962605145','2020-02-13','CA',191.9);
-- ------- SAMPLE 1671 ----------
INSERT INTO GUEST VALUES(2671,'Lucius','Liles','LLiles@hotmail.com','1234 DaWrong Lane','Flonkerton','MD','12345','869-866-4221');
INSERT INTO RESERVATION VALUES ('20181206KJ9656453140505',2671,114,'KJ','2018-12-06','2018-12-11',null,'complete');
INSERT INTO INVOICECHARGE VALUES ('20181206KJ9656453140505-ch00001','20181206KJ9656453140505','2018-12-06',457.39,'Base room charge');
INSERT INTO INVOICECHARGE VALUES ('20181206KJ9656453140505-ch00002','20181206KJ9656453140505','2018-12-06',235.62,'Cleaning fee');
INSERT INTO PAYMENT VALUES ('20181206KJ9656453140505-p00001','20181206KJ9656453140505','2018-12-08','CC',693.01,'Lucius Liles','7815044578174645',5,2021,866,'Mastercard');
-- ------- SAMPLE 1672 ----------
INSERT INTO GUEST VALUES(2672,'Jamey','Jen','JJen@yahoo.com','1234 DaWrong Lane','Flonkerton','MD','12345','149-670-2010');
INSERT INTO RESERVATION VALUES ('20200312KS1991980726190',2672,117,'KS','2020-03-12','2020-03-17',null,'complete');
INSERT INTO INVOICECHARGE VALUES ('20200312KS1991980726190-ch00001','20200312KS1991980726190','2020-03-12',533.07,'Base room charge');
INSERT INTO PAYMENT (payment_id,invoice_id,payment_date,payment_type,payment_amount) VALUES ('20200312KS1991980726190-p00001','20200312KS1991980726190','2020-03-14','CA',533.07);
-- ------- SAMPLE 1673 ----------
INSERT INTO GUEST VALUES(2673,'Jenna','Jesse','JJesse@yahoo.com','1234 DaWrong Lane','Flonkerton','MD','12345','378-612-1463');
INSERT INTO RESERVATION VALUES ('20200513QD1450587403602',2673,null,'QD','2020-05-13','2020-05-16',null,'active');
INSERT INTO INVOICECHARGE VALUES ('20200513QD1450587403602-ch00001','20200513QD1450587403602','2020-05-13',287.86,'Base room charge');
INSERT INTO PAYMENT VALUES ('20200513QD1450587403602-p00001','20200513QD1450587403602','2020-05-15','CC',287.86,'Jenna Jesse','3320574223249186',1,2023,287,'Mastercard');
-- ------- SAMPLE 1674 ----------
INSERT INTO GUEST VALUES(2674,'Floy','Feinstein','FFeinstein@hotmail.com','1234 DaWrong Lane','Flonkerton','MD','12345','453-255-4714');
INSERT INTO RESERVATION VALUES ('20190804KJ2568580657440',2674,109,'KJ','2019-08-04','2019-08-08',null,'complete');
INSERT INTO INVOICECHARGE VALUES ('20190804KJ2568580657440-ch00001','20190804KJ2568580657440','2019-08-04',554.41,'Base room charge');
INSERT INTO PAYMENT VALUES ('20190804KJ2568580657440-p00001','20190804KJ2568580657440','2019-08-06','CC',554.41,'Floy Feinstein','8121409472314550',2,2021,443,'Mastercard');
-- ------- SAMPLE 1675 ----------
INSERT INTO GUEST VALUES(2675,'Tai','Tookes','TTookes@hotmail.com','1234 DaWrong Lane','Flonkerton','MD','12345','286-010-6946');
INSERT INTO RESERVATION VALUES ('20210224QD7344614639085',2675,null,'QD','2021-02-24','2021-02-26',null,'active');
INSERT INTO INVOICECHARGE VALUES ('20210224QD7344614639085-ch00001','20210224QD7344614639085','2021-02-24',126.66,'Base room charge');
INSERT INTO INVOICECHARGE VALUES ('20210224QD7344614639085-ch00002','20210224QD7344614639085','2021-02-24',65.25,'Cleaning fee');
INSERT INTO PAYMENT VALUES ('20210224QD7344614639085-p00001','20210224QD7344614639085','2021-02-26','CC',191.9,'Tai Tookes','7499889079775530',8,2027,883,'Mastercard');
-- ------- SAMPLE 1676 ----------
INSERT INTO GUEST VALUES(2676,'Boris','Berner','BBerner@hotmail.com','1234 DaWrong Lane','Flonkerton','MD','12345','155-070-0140');
INSERT INTO RESERVATION VALUES ('20201102KI4990333873231',2676,null,'KI','2020-11-02','2020-11-05',null,'active');
-- ------- SAMPLE 1677 ----------
INSERT INTO GUEST VALUES(2677,'Kasey','Kipp','KKipp@gmail.com','1234 DaWrong Lane','Flonkerton','MD','12345','684-932-8577');
INSERT INTO RESERVATION VALUES ('20180824KS1100816442116',2677,107,'KS','2018-08-24','2018-08-28',null,'complete');
INSERT INTO INVOICECHARGE VALUES ('20180824KS1100816442116-ch00001','20180824KS1100816442116','2018-08-24',281.46,'Base room charge');
INSERT INTO INVOICECHARGE VALUES ('20180824KS1100816442116-ch00002','20180824KS1100816442116','2018-08-24',145,'Room Service');
INSERT INTO PAYMENT (payment_id,invoice_id,payment_date,payment_type,payment_amount) VALUES ('20180824KS1100816442116-p00001','20180824KS1100816442116','2018-08-26','CA',426.46);
-- ------- SAMPLE 1678 ----------
INSERT INTO GUEST VALUES(2678,'Rachell','Riser','RRiser@hotmail.com','1234 DaWrong Lane','Flonkerton','MD','12345','087-668-9887');
INSERT INTO RESERVATION VALUES ('20210328KJ9191279505021',2678,null,'KJ','2021-03-28','2021-04-02',null,'active');
INSERT INTO INVOICECHARGE VALUES ('20210328KJ9191279505021-ch00001','20210328KJ9191279505021','2021-03-28',693.01,'Base room charge');
INSERT INTO PAYMENT VALUES ('20210328KJ9191279505021-p00001','20210328KJ9191279505021','2021-03-30','CC',693.01,'Rachell Riser','4012717254874540',12,2027,102,'Mastercard');
-- ------- SAMPLE 1679 ----------
INSERT INTO GUEST VALUES(2679,'Rosemarie','Roeser','RRoeser@yahoo.com','1234 DaWrong Lane','Flonkerton','MD','12345','891-358-0913');
INSERT INTO RESERVATION VALUES ('20210103KS6781441067730',2679,null,'KS','2021-01-03','2021-01-07',null,'active');
INSERT INTO INVOICECHARGE VALUES ('20210103KS6781441067730-ch00001','20210103KS6781441067730','2021-01-03',426.46,'Base room charge');
INSERT INTO PAYMENT VALUES ('20210103KS6781441067730-p00001','20210103KS6781441067730','2021-01-05','CC',158,'Rosemarie Roeser','4887010101344343',11,2023,108,'Mastercard');
-- ------- SAMPLE 1680 ----------
INSERT INTO GUEST VALUES(2680,'Stan','Schnell','SSchnell@hotmail.com','1234 DaWrong Lane','Flonkerton','MD','12345','635-254-2686');
INSERT INTO RESERVATION VALUES ('20180806KJ1333890175986',2680,114,'KJ','2018-08-06','2018-08-08',null,'complete');
INSERT INTO INVOICECHARGE VALUES ('20180806KJ1333890175986-ch00001','20180806KJ1333890175986','2018-08-06',277.2,'Base room charge');
INSERT INTO PAYMENT VALUES ('20180806KJ1333890175986-p00001','20180806KJ1333890175986','2018-08-08','CC',277.2,'Stan Schnell','6567941547158345',4,2024,311,'Mastercard');
-- ------- SAMPLE 1681 ----------
INSERT INTO GUEST VALUES(2681,'Daron','Dycus','DDycus@gmail.com','1234 DaWrong Lane','Flonkerton','MD','12345','081-789-2300');
INSERT INTO RESERVATION VALUES ('20200214QS4290845911830',2681,113,'QS','2020-02-14','2020-02-19',null,'complete');
INSERT INTO INVOICECHARGE VALUES ('20200214QS4290845911830-ch00001','20200214QS4290845911830','2020-02-14',586.38,'Base room charge');
INSERT INTO PAYMENT VALUES ('20200214QS4290845911830-p00001','20200214QS4290845911830','2020-02-16','CC',586.38,'Daron Dycus','6436024635077382',6,2025,401,'Mastercard');
-- ------- SAMPLE 1682 ----------
INSERT INTO GUEST VALUES(2682,'Jamey','Jen','JJen@yahoo.com','1234 DaWrong Lane','Flonkerton','MD','12345','444-970-9406');
INSERT INTO RESERVATION VALUES ('20201201QD1047273072867',2682,null,'QD','2020-12-01','2020-12-03',null,'active');
INSERT INTO INVOICECHARGE VALUES ('20201201QD1047273072867-ch00001','20201201QD1047273072867','2020-12-01',126.66,'Base room charge');
INSERT INTO INVOICECHARGE VALUES ('20201201QD1047273072867-ch00002','20201201QD1047273072867','2020-12-01',65.25,'Room Service');
INSERT INTO PAYMENT VALUES ('20201201QD1047273072867-p00001','20201201QD1047273072867','2020-12-03','CC',169,'Jamey Jen','3683178301818319',7,2025,708,'Mastercard');
-- ------- SAMPLE 1683 ----------
INSERT INTO GUEST VALUES(2683,'Anita','Amezcua','AAmezcua@hotmail.com','1234 DaWrong Lane','Flonkerton','MD','12345','383-759-4305');
INSERT INTO RESERVATION VALUES ('20190115KS7458963698883',2683,206,'KS','2019-01-15','2019-01-20',null,'complete');
INSERT INTO INVOICECHARGE VALUES ('20190115KS7458963698883-ch00001','20190115KS7458963698883','2019-01-15',351.83,'Base room charge');
INSERT INTO INVOICECHARGE VALUES ('20190115KS7458963698883-ch00002','20190115KS7458963698883','2019-01-15',181.24,'Cleaning fee');
INSERT INTO PAYMENT (payment_id,invoice_id,payment_date,payment_type,payment_amount) VALUES ('20190115KS7458963698883-p00001','20190115KS7458963698883','2019-01-17','CA',533.07);
-- ------- SAMPLE 1684 ----------
INSERT INTO GUEST VALUES(2684,'Lucius','Liles','LLiles@yahoo.com','1234 DaWrong Lane','Flonkerton','MD','12345','399-936-1391');
INSERT INTO RESERVATION VALUES ('20210126KS2043702166249',2684,null,'KS','2021-01-26','2021-01-29',null,'active');
INSERT INTO INVOICECHARGE VALUES ('20210126KS2043702166249-ch00001','20210126KS2043702166249','2021-01-26',211.1,'Base room charge');
INSERT INTO INVOICECHARGE VALUES ('20210126KS2043702166249-ch00002','20210126KS2043702166249','2021-01-26',108.75,'Room Service');
INSERT INTO PAYMENT (payment_id,invoice_id,payment_date,payment_type,payment_amount) VALUES ('20210126KS2043702166249-p00001','20210126KS2043702166249','2021-01-28','CA',194);
-- ------- SAMPLE 1685 ----------
INSERT INTO GUEST VALUES(2685,'Shaneka','Stribling','SStribling@yahoo.com','1234 DaWrong Lane','Flonkerton','MD','12345','081-542-7758');
INSERT INTO RESERVATION VALUES ('20210214KI1040335059090',2685,null,'KI','2021-02-14','2021-02-19',null,'active');
-- ------- SAMPLE 1686 ----------
INSERT INTO GUEST VALUES(2686,'Melony','Mcmartin','MMcmartin@hotmail.com','1234 DaWrong Lane','Flonkerton','MD','12345','526-946-1065');
INSERT INTO RESERVATION VALUES ('20210110QD7228315431079',2686,null,'QD','2021-01-10','2021-01-11',null,'active');
INSERT INTO INVOICECHARGE VALUES ('20210110QD7228315431079-ch00001','20210110QD7228315431079','2021-01-10',95.95,'Base room charge');
INSERT INTO PAYMENT (payment_id,invoice_id,payment_date,payment_type,payment_amount) VALUES ('20210110QD7228315431079-p00001','20210110QD7228315431079','2021-01-12','CA',95.95);
-- ------- SAMPLE 1687 ----------
INSERT INTO GUEST VALUES(2687,'Reita','Rudder','RRudder@yahoo.com','1234 DaWrong Lane','Flonkerton','MD','12345','165-397-4184');
INSERT INTO RESERVATION VALUES ('20190514KJ1597934400852',2687,208,'KJ','2019-05-14','2019-05-19',null,'complete');
INSERT INTO INVOICECHARGE VALUES ('20190514KJ1597934400852-ch00001','20190514KJ1597934400852','2019-05-14',693.01,'Base room charge');
INSERT INTO PAYMENT VALUES ('20190514KJ1597934400852-p00001','20190514KJ1597934400852','2019-05-16','CC',693.01,'Reita Rudder','6692395791014553',4,2025,757,'Mastercard');
-- ------- SAMPLE 1688 ----------
INSERT INTO GUEST VALUES(2688,'Erminia','Eckard','EEckard@gmail.com','1234 DaWrong Lane','Flonkerton','MD','12345','659-403-5486');
INSERT INTO RESERVATION VALUES ('20200717QS6562517238078',2688,null,'QS','2020-07-17','2020-07-20',null,'active');
INSERT INTO INVOICECHARGE VALUES ('20200717QS6562517238078-ch00001','20200717QS6562517238078','2020-07-17',351.83,'Base room charge');
INSERT INTO PAYMENT (payment_id,invoice_id,payment_date,payment_type,payment_amount) VALUES ('20200717QS6562517238078-p00001','20200717QS6562517238078','2020-07-19','CA',36);
-- ------- SAMPLE 1689 ----------
INSERT INTO GUEST VALUES(2689,'Selene','Staiger','SStaiger@gmail.com','1234 DaWrong Lane','Flonkerton','MD','12345','025-089-0415');
INSERT INTO RESERVATION VALUES ('20180602QS7956063389357',2689,113,'QS','2018-06-02','2018-06-06',null,'complete');
INSERT INTO INVOICECHARGE VALUES ('20180602QS7956063389357-ch00001','20180602QS7956063389357','2018-06-02',309.61,'Base room charge');
INSERT INTO INVOICECHARGE VALUES ('20180602QS7956063389357-ch00002','20180602QS7956063389357','2018-06-02',159.5,'Room Service');
INSERT INTO PAYMENT VALUES ('20180602QS7956063389357-p00001','20180602QS7956063389357','2018-06-04','CC',469.11,'Selene Staiger','1768057338987520',3,2023,763,'Mastercard');
-- ------- SAMPLE 1690 ----------
INSERT INTO GUEST VALUES(2690,'Mario','Macdowell','MMacdowell@yahoo.com','1234 DaWrong Lane','Flonkerton','MD','12345','313-772-9388');
INSERT INTO RESERVATION VALUES ('20201223KS4802841031228',2690,null,'KS','2020-12-23','2020-12-27',null,'active');
INSERT INTO INVOICECHARGE VALUES ('20201223KS4802841031228-ch00001','20201223KS4802841031228','2020-12-23',281.46,'Base room charge');
INSERT INTO INVOICECHARGE VALUES ('20201223KS4802841031228-ch00002','20201223KS4802841031228','2020-12-23',145,'Room Service');
INSERT INTO PAYMENT VALUES ('20201223KS4802841031228-p00001','20201223KS4802841031228','2020-12-25','CC',426.46,'Mario Macdowell','5329517835717453',7,2025,455,'Mastercard');
-- ------- SAMPLE 1691 ----------
INSERT INTO GUEST VALUES(2691,'Lucius','Liles','LLiles@yahoo.com','1234 DaWrong Lane','Flonkerton','MD','12345','230-112-3197');
INSERT INTO RESERVATION VALUES ('20181012KS8402480129674',2691,107,'KS','2018-10-12','2018-10-15',null,'complete');
INSERT INTO INVOICECHARGE VALUES ('20181012KS8402480129674-ch00001','20181012KS8402480129674','2018-10-12',319.84,'Base room charge');
INSERT INTO PAYMENT VALUES ('20181012KS8402480129674-p00001','20181012KS8402480129674','2018-10-14','CC',319.84,'Lucius Liles','1953197416296597',2,2025,45,'Mastercard');
-- ------- SAMPLE 1692 ----------
INSERT INTO GUEST VALUES(2692,'Sherrie','Stultz','SStultz@yahoo.com','1234 DaWrong Lane','Flonkerton','MD','12345','064-234-3865');
INSERT INTO RESERVATION VALUES ('20181209KS6626407375267',2692,112,'KS','2018-12-09','2018-12-13',null,'complete');
INSERT INTO INVOICECHARGE VALUES ('20181209KS6626407375267-ch00001','20181209KS6626407375267','2018-12-09',281.46,'Base room charge');
INSERT INTO INVOICECHARGE VALUES ('20181209KS6626407375267-ch00002','20181209KS6626407375267','2018-12-09',145,'Cleaning fee');
INSERT INTO PAYMENT VALUES ('20181209KS6626407375267-p00001','20181209KS6626407375267','2018-12-11','CC',426.46,'Sherrie Stultz','8783695723723498',9,2026,578,'Mastercard');
-- ------- SAMPLE 1693 ----------
INSERT INTO GUEST VALUES(2693,'Abel','Alire','AAlire@gmail.com','1234 DaWrong Lane','Flonkerton','MD','12345','833-733-8789');
INSERT INTO RESERVATION VALUES ('20200308KJ4254310909177',2693,104,'KJ','2020-03-08','2020-03-10',null,'complete');
INSERT INTO INVOICECHARGE VALUES ('20200308KJ4254310909177-ch00001','20200308KJ4254310909177','2020-03-08',277.2,'Base room charge');
INSERT INTO PAYMENT (payment_id,invoice_id,payment_date,payment_type,payment_amount) VALUES ('20200308KJ4254310909177-p00001','20200308KJ4254310909177','2020-03-10','CA',277.2);
-- ------- SAMPLE 1694 ----------
INSERT INTO GUEST VALUES(2694,'Joann','Joplin','JJoplin@hotmail.com','1234 DaWrong Lane','Flonkerton','MD','12345','399-320-6599');
INSERT INTO RESERVATION VALUES ('20201220KI1895418207905',2694,null,'KI','2020-12-20','2020-12-24',null,'active');
INSERT INTO INVOICECHARGE VALUES ('20201220KI1895418207905-ch00001','20201220KI1895418207905','2020-12-20',341.16,'Base room charge');
INSERT INTO PAYMENT VALUES ('20201220KI1895418207905-p00001','20201220KI1895418207905','2020-12-22','CC',90,'Joann Joplin','5008445778650488',9,2021,766,'Mastercard');
-- ------- SAMPLE 1695 ----------
INSERT INTO GUEST VALUES(2695,'Liliana','Lueck','LLueck@gmail.com','1234 DaWrong Lane','Flonkerton','MD','12345','374-329-7237');
INSERT INTO RESERVATION VALUES ('20200906KJ3254126514320',2695,null,'KJ','2020-09-06','2020-09-11',null,'active');
INSERT INTO INVOICECHARGE VALUES ('20200906KJ3254126514320-ch00001','20200906KJ3254126514320','2020-09-06',457.39,'Base room charge');
INSERT INTO INVOICECHARGE VALUES ('20200906KJ3254126514320-ch00002','20200906KJ3254126514320','2020-09-06',235.62,'Cleaning fee');
INSERT INTO PAYMENT VALUES ('20200906KJ3254126514320-p00001','20200906KJ3254126514320','2020-09-08','CC',693.01,'Liliana Lueck','5734497610293532',3,2021,165,'Mastercard');
-- ------- SAMPLE 1696 ----------
INSERT INTO GUEST VALUES(2696,'Walter','Wellington','WWellington@gmail.com','1234 DaWrong Lane','Flonkerton','MD','12345','465-379-0655');
INSERT INTO RESERVATION VALUES ('20200323QS4466643627369',2696,103,'QS','2020-03-23','2020-03-27',null,'complete');
INSERT INTO INVOICECHARGE VALUES ('20200323QS4466643627369-ch00001','20200323QS4466643627369','2020-03-23',309.61,'Base room charge');
INSERT INTO INVOICECHARGE VALUES ('20200323QS4466643627369-ch00002','20200323QS4466643627369','2020-03-23',159.5,'Cleaning fee');
INSERT INTO PAYMENT VALUES ('20200323QS4466643627369-p00001','20200323QS4466643627369','2020-03-25','CC',469.11,'Walter Wellington','6190872934859410',4,2022,795,'Mastercard');
-- ------- SAMPLE 1697 ----------
INSERT INTO GUEST VALUES(2697,'Marcelino','Meisner','MMeisner@gmail.com','1234 DaWrong Lane','Flonkerton','MD','12345','357-755-7734');
INSERT INTO RESERVATION VALUES ('20201113KI5735335991943',2697,null,'KI','2020-11-13','2020-11-15',null,'active');
-- ------- SAMPLE 1698 ----------
INSERT INTO GUEST VALUES(2698,'Francie','Fairbank','FFairbank@gmail.com','1234 DaWrong Lane','Flonkerton','MD','12345','347-889-9223');
INSERT INTO RESERVATION VALUES ('20191027QD6029353861621',2698,205,'QD','2019-10-27','2019-10-28',null,'complete');
INSERT INTO INVOICECHARGE VALUES ('20191027QD6029353861621-ch00001','20191027QD6029353861621','2019-10-27',95.95,'Base room charge');
INSERT INTO PAYMENT VALUES ('20191027QD6029353861621-p00001','20191027QD6029353861621','2019-10-29','CC',95.95,'Francie Fairbank','9228013037125730',8,2021,488,'Mastercard');
-- ------- SAMPLE 1699 ----------
INSERT INTO GUEST VALUES(2699,'Sherryl','Shurtleff','SShurtleff@yahoo.com','1234 DaWrong Lane','Flonkerton','MD','12345','895-601-8648');
INSERT INTO RESERVATION VALUES ('20200819KS8181308979809',2699,null,'KS','2020-08-19','2020-08-22',null,'active');
INSERT INTO INVOICECHARGE VALUES ('20200819KS8181308979809-ch00001','20200819KS8181308979809','2020-08-19',319.84,'Base room charge');
INSERT INTO PAYMENT (payment_id,invoice_id,payment_date,payment_type,payment_amount) VALUES ('20200819KS8181308979809-p00001','20200819KS8181308979809','2020-08-21','CA',201);
-- ------- SAMPLE 1700 ----------
INSERT INTO GUEST VALUES(2700,'Jamey','Jen','JJen@yahoo.com','1234 DaWrong Lane','Flonkerton','MD','12345','041-984-6510');
INSERT INTO RESERVATION VALUES ('20181226KI9890872172978',2700,120,'KI','2018-12-26','2018-12-28',null,'complete');
INSERT INTO INVOICECHARGE VALUES ('20181226KI9890872172978-ch00001','20181226KI9890872172978','2018-12-26',112.58,'Base room charge');
INSERT INTO INVOICECHARGE VALUES ('20181226KI9890872172978-ch00002','20181226KI9890872172978','2018-12-26',58,'Cleaning fee');
INSERT INTO PAYMENT VALUES ('20181226KI9890872172978-p00001','20181226KI9890872172978','2018-12-28','CC',170.58,'Jamey Jen','4038796829321806',5,2021,780,'Mastercard');
-- ------- SAMPLE 1701 ----------
INSERT INTO GUEST VALUES(2701,'Kathlyn','Kinser','KKinser@hotmail.com','1234 DaWrong Lane','Flonkerton','MD','12345','480-092-8169');
INSERT INTO RESERVATION VALUES ('20210304KJ2070460457903',2701,null,'KJ','2021-03-04','2021-03-09',null,'active');
-- ------- SAMPLE 1702 ----------
INSERT INTO GUEST VALUES(2702,'Stacie','Schupp','SSchupp@yahoo.com','1234 DaWrong Lane','Flonkerton','MD','12345','454-141-4685');
INSERT INTO RESERVATION VALUES ('20200822QD1280982754348',2702,null,'QD','2020-08-22','2020-08-25',null,'active');
INSERT INTO INVOICECHARGE VALUES ('20200822QD1280982754348-ch00001','20200822QD1280982754348','2020-08-22',189.98,'Base room charge');
INSERT INTO INVOICECHARGE VALUES ('20200822QD1280982754348-ch00002','20200822QD1280982754348','2020-08-22',97.87,'Cleaning fee');
INSERT INTO PAYMENT VALUES ('20200822QD1280982754348-p00001','20200822QD1280982754348','2020-08-24','CC',287.86,'Stacie Schupp','7766742108450033',11,2024,655,'Mastercard');
-- ------- SAMPLE 1703 ----------
INSERT INTO GUEST VALUES(2703,'Heather','Hartin','HHartin@yahoo.com','1234 DaWrong Lane','Flonkerton','MD','12345','900-624-8685');
INSERT INTO RESERVATION VALUES ('20191018KI9759368439625',2703,115,'KI','2019-10-18','2019-10-20',null,'complete');
INSERT INTO INVOICECHARGE VALUES ('20191018KI9759368439625-ch00001','20191018KI9759368439625','2019-10-18',170.58,'Base room charge');
INSERT INTO PAYMENT (payment_id,invoice_id,payment_date,payment_type,payment_amount) VALUES ('20191018KI9759368439625-p00001','20191018KI9759368439625','2019-10-20','CA',170.58);
-- ------- SAMPLE 1704 ----------
INSERT INTO GUEST VALUES(2704,'Rickie','Redfern','RRedfern@hotmail.com','1234 DaWrong Lane','Flonkerton','MD','12345','578-530-7941');
INSERT INTO RESERVATION VALUES ('20200814QS2852095242166',2704,null,'QS','2020-08-14','2020-08-16',null,'active');
INSERT INTO INVOICECHARGE VALUES ('20200814QS2852095242166-ch00001','20200814QS2852095242166','2020-08-14',234.55,'Base room charge');
INSERT INTO PAYMENT (payment_id,invoice_id,payment_date,payment_type,payment_amount) VALUES ('20200814QS2852095242166-p00001','20200814QS2852095242166','2020-08-16','CA',234.55);
-- ------- SAMPLE 1705 ----------
INSERT INTO GUEST VALUES(2705,'Kandra','Kelty','KKelty@gmail.com','1234 DaWrong Lane','Flonkerton','MD','12345','587-488-1172');
INSERT INTO RESERVATION VALUES ('20190326QS7356293373026',2705,113,'QS','2019-03-26','2019-03-29',null,'complete');
INSERT INTO INVOICECHARGE VALUES ('20190326QS7356293373026-ch00001','20190326QS7356293373026','2019-03-26',351.83,'Base room charge');
INSERT INTO PAYMENT (payment_id,invoice_id,payment_date,payment_type,payment_amount) VALUES ('20190326QS7356293373026-p00001','20190326QS7356293373026','2019-03-28','CA',351.83);
-- ------- SAMPLE 1706 ----------
INSERT INTO GUEST VALUES(2706,'Yuette','Yetman','YYetman@yahoo.com','1234 DaWrong Lane','Flonkerton','MD','12345','371-949-9092');
INSERT INTO RESERVATION VALUES ('20201027QD5018446246059',2706,null,'QD','2020-10-27','2020-10-29',null,'cancelled');
-- ------- SAMPLE 1707 ----------
INSERT INTO GUEST VALUES(2707,'Nena','Nunez','NNunez@hotmail.com','1234 DaWrong Lane','Flonkerton','MD','12345','150-190-7528');
INSERT INTO RESERVATION VALUES ('20200302QS4200198894596',2707,202,'QS','2020-03-02','2020-03-05',null,'complete');
INSERT INTO INVOICECHARGE VALUES ('20200302QS4200198894596-ch00001','20200302QS4200198894596','2020-03-02',232.21,'Base room charge');
INSERT INTO INVOICECHARGE VALUES ('20200302QS4200198894596-ch00002','20200302QS4200198894596','2020-03-02',119.62,'Cleaning fee');
INSERT INTO PAYMENT VALUES ('20200302QS4200198894596-p00001','20200302QS4200198894596','2020-03-04','CC',351.83,'Nena Nunez','4458724455360588',6,2025,100,'Mastercard');
-- ------- SAMPLE 1708 ----------
INSERT INTO GUEST VALUES(2708,'Kaley','Kilmon','KKilmon@yahoo.com','1234 DaWrong Lane','Flonkerton','MD','12345','279-327-8146');
INSERT INTO RESERVATION VALUES ('20200820KI4055523191256',2708,null,'KI','2020-08-20','2020-08-24',null,'active');
INSERT INTO INVOICECHARGE VALUES ('20200820KI4055523191256-ch00001','20200820KI4055523191256','2020-08-20',341.16,'Base room charge');
INSERT INTO PAYMENT VALUES ('20200820KI4055523191256-p00001','20200820KI4055523191256','2020-08-22','CC',165,'Kaley Kilmon','6642069149598981',1,2027,173,'Mastercard');
-- ------- SAMPLE 1709 ----------
INSERT INTO GUEST VALUES(2709,'Clara','Crimmins','CCrimmins@hotmail.com','1234 DaWrong Lane','Flonkerton','MD','12345','353-472-3214');
INSERT INTO RESERVATION VALUES ('20200806QD7279571495156',2709,null,'QD','2020-08-06','2020-08-09',null,'active');
INSERT INTO INVOICECHARGE VALUES ('20200806QD7279571495156-ch00001','20200806QD7279571495156','2020-08-06',189.98,'Base room charge');
INSERT INTO INVOICECHARGE VALUES ('20200806QD7279571495156-ch00002','20200806QD7279571495156','2020-08-06',97.87,'Cleaning fee');
INSERT INTO PAYMENT VALUES ('20200806QD7279571495156-p00001','20200806QD7279571495156','2020-08-08','CC',287.86,'Clara Crimmins','4192976972310948',2,2022,244,'Mastercard');
-- ------- SAMPLE 1710 ----------
INSERT INTO GUEST VALUES(2710,'Jamey','Jen','JJen@gmail.com','1234 DaWrong Lane','Flonkerton','MD','12345','894-394-1454');
INSERT INTO RESERVATION VALUES ('20191117KI4839373204542',2710,110,'KI','2019-11-17','2019-11-21',null,'complete');
INSERT INTO INVOICECHARGE VALUES ('20191117KI4839373204542-ch00001','20191117KI4839373204542','2019-11-17',341.16,'Base room charge');
INSERT INTO PAYMENT VALUES ('20191117KI4839373204542-p00001','20191117KI4839373204542','2019-11-19','CC',341.16,'Jamey Jen','8442591067870320',1,2024,733,'Mastercard');
-- ------- SAMPLE 1711 ----------
INSERT INTO GUEST VALUES(2711,'Kathey','Kingston','KKingston@gmail.com','1234 DaWrong Lane','Flonkerton','MD','12345','329-788-9170');
INSERT INTO RESERVATION VALUES ('20190710KS5577080287591',2711,201,'KS','2019-07-10','2019-07-12',null,'complete');
INSERT INTO INVOICECHARGE VALUES ('20190710KS5577080287591-ch00001','20190710KS5577080287591','2019-07-10',213.23,'Base room charge');
INSERT INTO PAYMENT VALUES ('20190710KS5577080287591-p00001','20190710KS5577080287591','2019-07-12','CC',213.23,'Kathey Kingston','5310172983028155',3,2023,234,'Mastercard');
-- ------- SAMPLE 1712 ----------
INSERT INTO GUEST VALUES(2712,'Lucius','Liles','LLiles@hotmail.com','1234 DaWrong Lane','Flonkerton','MD','12345','762-834-6867');
INSERT INTO RESERVATION VALUES ('20200712KJ9186703613707',2712,null,'KJ','2020-07-12','2020-07-17',null,'active');
INSERT INTO INVOICECHARGE VALUES ('20200712KJ9186703613707-ch00001','20200712KJ9186703613707','2020-07-12',693.01,'Base room charge');
INSERT INTO PAYMENT VALUES ('20200712KJ9186703613707-p00001','20200712KJ9186703613707','2020-07-14','CC',693.01,'Lucius Liles','2450135897297833',12,2021,563,'Mastercard');
-- ------- SAMPLE 1713 ----------
INSERT INTO GUEST VALUES(2713,'Cherry','Chiarello','CChiarello@yahoo.com','1234 DaWrong Lane','Flonkerton','MD','12345','918-340-4157');
INSERT INTO RESERVATION VALUES ('20180802QS4118344055663',2713,202,'QS','2018-08-02','2018-08-07',null,'complete');
INSERT INTO INVOICECHARGE VALUES ('20180802QS4118344055663-ch00001','20180802QS4118344055663','2018-08-02',387.01,'Base room charge');
INSERT INTO INVOICECHARGE VALUES ('20180802QS4118344055663-ch00002','20180802QS4118344055663','2018-08-02',199.37,'Room Service');
INSERT INTO PAYMENT VALUES ('20180802QS4118344055663-p00001','20180802QS4118344055663','2018-08-04','CC',586.38,'Cherry Chiarello','8136725549896354',2,2027,316,'Mastercard');
-- ------- SAMPLE 1714 ----------
INSERT INTO GUEST VALUES(2714,'Joann','Joplin','JJoplin@hotmail.com','1234 DaWrong Lane','Flonkerton','MD','12345','791-933-6775');
INSERT INTO RESERVATION VALUES ('20190625KI6460128321751',2714,209,'KI','2019-06-25','2019-06-27',null,'complete');
INSERT INTO INVOICECHARGE VALUES ('20190625KI6460128321751-ch00001','20190625KI6460128321751','2019-06-25',112.58,'Base room charge');
INSERT INTO INVOICECHARGE VALUES ('20190625KI6460128321751-ch00002','20190625KI6460128321751','2019-06-25',58,'Room Service');
INSERT INTO PAYMENT VALUES ('20190625KI6460128321751-p00001','20190625KI6460128321751','2019-06-27','CC',170.58,'Joann Joplin','2992086734195346',9,2025,222,'Mastercard');
-- ------- SAMPLE 1715 ----------
INSERT INTO GUEST VALUES(2715,'Fredericka','Farney','FFarney@yahoo.com','1234 DaWrong Lane','Flonkerton','MD','12345','671-754-3968');
INSERT INTO RESERVATION VALUES ('20180818QD7225056862132',2715,101,'QD','2018-08-18','2018-08-20',null,'complete');
INSERT INTO INVOICECHARGE VALUES ('20180818QD7225056862132-ch00001','20180818QD7225056862132','2018-08-18',126.66,'Base room charge');
INSERT INTO INVOICECHARGE VALUES ('20180818QD7225056862132-ch00002','20180818QD7225056862132','2018-08-18',65.25,'Cleaning fee');
INSERT INTO PAYMENT VALUES ('20180818QD7225056862132-p00001','20180818QD7225056862132','2018-08-20','CC',191.9,'Fredericka Farney','9966304470152803',4,2023,945,'Mastercard');
-- ------- SAMPLE 1716 ----------
INSERT INTO GUEST VALUES(2716,'Irma','Irby','IIrby@gmail.com','1234 DaWrong Lane','Flonkerton','MD','12345','325-458-4568');
INSERT INTO RESERVATION VALUES ('20200421QD4281313223014',2716,200,'QD','2020-04-21','2020-04-23',null,'complete');
INSERT INTO INVOICECHARGE VALUES ('20200421QD4281313223014-ch00001','20200421QD4281313223014','2020-04-21',191.9,'Base room charge');
INSERT INTO PAYMENT VALUES ('20200421QD4281313223014-p00001','20200421QD4281313223014','2020-04-23','CC',191.9,'Irma Irby','4035204578791816',6,2026,432,'Mastercard');
-- ------- SAMPLE 1717 ----------
INSERT INTO GUEST VALUES(2717,'Lillia','Linen','LLinen@gmail.com','1234 DaWrong Lane','Flonkerton','MD','12345','090-285-9192');
INSERT INTO RESERVATION VALUES ('20200105KI5895284579591',2717,110,'KI','2020-01-05','2020-01-10',null,'complete');
INSERT INTO INVOICECHARGE VALUES ('20200105KI5895284579591-ch00001','20200105KI5895284579591','2020-01-05',281.45,'Base room charge');
INSERT INTO INVOICECHARGE VALUES ('20200105KI5895284579591-ch00002','20200105KI5895284579591','2020-01-05',144.99,'Room Service');
INSERT INTO PAYMENT (payment_id,invoice_id,payment_date,payment_type,payment_amount) VALUES ('20200105KI5895284579591-p00001','20200105KI5895284579591','2020-01-07','CA',426.45);
-- ------- SAMPLE 1718 ----------
INSERT INTO GUEST VALUES(2718,'Delora','Delph','DDelph@gmail.com','1234 DaWrong Lane','Flonkerton','MD','12345','171-501-9183');
INSERT INTO RESERVATION VALUES ('20200501QS2933660090715',2718,103,'QS','2020-05-01','2020-05-04',null,'complete');
INSERT INTO INVOICECHARGE VALUES ('20200501QS2933660090715-ch00001','20200501QS2933660090715','2020-05-01',351.83,'Base room charge');
INSERT INTO PAYMENT VALUES ('20200501QS2933660090715-p00001','20200501QS2933660090715','2020-05-03','CC',351.83,'Delora Delph','8654088332299362',5,2025,87,'Mastercard');
-- ------- SAMPLE 1719 ----------
INSERT INTO GUEST VALUES(2719,'Keturah','Kagawa','KKagawa@hotmail.com','1234 DaWrong Lane','Flonkerton','MD','12345','995-937-5450');
INSERT INTO RESERVATION VALUES ('20190925QD3449347086474',2719,116,'QD','2019-09-25','2019-09-29',null,'complete');
INSERT INTO INVOICECHARGE VALUES ('20190925QD3449347086474-ch00001','20190925QD3449347086474','2019-09-25',253.31,'Base room charge');
INSERT INTO INVOICECHARGE VALUES ('20190925QD3449347086474-ch00002','20190925QD3449347086474','2019-09-25',130.49,'Room Service');
INSERT INTO PAYMENT (payment_id,invoice_id,payment_date,payment_type,payment_amount) VALUES ('20190925QD3449347086474-p00001','20190925QD3449347086474','2019-09-27','CA',383.81);
-- ------- SAMPLE 1720 ----------
INSERT INTO GUEST VALUES(2720,'Claribel','Catanzaro','CCatanzaro@hotmail.com','1234 DaWrong Lane','Flonkerton','MD','12345','907-985-1470');
INSERT INTO RESERVATION VALUES ('20191130KJ6162626223877',2720,203,'KJ','2019-11-30','2019-12-03',null,'complete');
INSERT INTO INVOICECHARGE VALUES ('20191130KJ6162626223877-ch00001','20191130KJ6162626223877','2019-11-30',274.43,'Base room charge');
INSERT INTO INVOICECHARGE VALUES ('20191130KJ6162626223877-ch00002','20191130KJ6162626223877','2019-11-30',141.37,'Cleaning fee');
INSERT INTO PAYMENT VALUES ('20191130KJ6162626223877-p00001','20191130KJ6162626223877','2019-12-02','CC',415.81,'Claribel Catanzaro','5291927021791472',11,2022,336,'Mastercard');
-- ------- SAMPLE 1721 ----------
INSERT INTO GUEST VALUES(2721,'Melony','Mcmartin','MMcmartin@hotmail.com','1234 DaWrong Lane','Flonkerton','MD','12345','273-051-4773');
INSERT INTO RESERVATION VALUES ('20200303KI1657543002605',2721,204,'KI','2020-03-03','2020-03-07',null,'complete');
INSERT INTO INVOICECHARGE VALUES ('20200303KI1657543002605-ch00001','20200303KI1657543002605','2020-03-03',225.16,'Base room charge');
INSERT INTO INVOICECHARGE VALUES ('20200303KI1657543002605-ch00002','20200303KI1657543002605','2020-03-03',115.99,'Room Service');
INSERT INTO PAYMENT VALUES ('20200303KI1657543002605-p00001','20200303KI1657543002605','2020-03-05','CC',341.16,'Melony Mcmartin','2489137945012660',3,2021,820,'Mastercard');
-- ------- SAMPLE 1722 ----------
INSERT INTO GUEST VALUES(2722,'Fiona','Figgs','FFiggs@yahoo.com','1234 DaWrong Lane','Flonkerton','MD','12345','883-540-7731');
INSERT INTO RESERVATION VALUES ('20200507QS8308633587588',2722,null,'QS','2020-05-07','2020-05-11',null,'cancelled');
-- ------- SAMPLE 1723 ----------
INSERT INTO GUEST VALUES(2723,'Francie','Fairbank','FFairbank@hotmail.com','1234 DaWrong Lane','Flonkerton','MD','12345','502-306-1268');
INSERT INTO RESERVATION VALUES ('20210501KS3961945675267',2723,null,'KS','2021-05-01','2021-05-02',null,'active');
INSERT INTO INVOICECHARGE VALUES ('20210501KS3961945675267-ch00001','20210501KS3961945675267','2021-05-01',106.61,'Base room charge');
INSERT INTO PAYMENT VALUES ('20210501KS3961945675267-p00001','20210501KS3961945675267','2021-05-03','CC',106.61,'Francie Fairbank','6258177105203032',10,2027,227,'Mastercard');
-- ------- SAMPLE 1724 ----------
INSERT INTO GUEST VALUES(2724,'Julene','Jahn','JJahn@hotmail.com','1234 DaWrong Lane','Flonkerton','MD','12345','472-382-7253');
INSERT INTO RESERVATION VALUES ('20201005KS2239453256109',2724,null,'KS','2020-10-05','2020-10-10',null,'active');
-- ------- SAMPLE 1725 ----------
INSERT INTO GUEST VALUES(2725,'Boris','Berner','BBerner@yahoo.com','1234 DaWrong Lane','Flonkerton','MD','12345','669-167-3995');
INSERT INTO RESERVATION VALUES ('20190612QS7369916879658',2725,202,'QS','2019-06-12','2019-06-16',null,'complete');
INSERT INTO INVOICECHARGE VALUES ('20190612QS7369916879658-ch00001','20190612QS7369916879658','2019-06-12',469.11,'Base room charge');
INSERT INTO PAYMENT VALUES ('20190612QS7369916879658-p00001','20190612QS7369916879658','2019-06-14','CC',469.11,'Boris Berner','3560820942137276',1,2024,736,'Mastercard');
-- ------- SAMPLE 1726 ----------
INSERT INTO GUEST VALUES(2726,'Yuette','Yetman','YYetman@gmail.com','1234 DaWrong Lane','Flonkerton','MD','12345','530-009-7155');
INSERT INTO RESERVATION VALUES ('20180521KS6076690343248',2726,107,'KS','2018-05-21','2018-05-23',null,'complete');
INSERT INTO INVOICECHARGE VALUES ('20180521KS6076690343248-ch00001','20180521KS6076690343248','2018-05-21',213.23,'Base room charge');
INSERT INTO PAYMENT VALUES ('20180521KS6076690343248-p00001','20180521KS6076690343248','2018-05-23','CC',213.23,'Yuette Yetman','8273827208351414',1,2023,726,'Mastercard');
-- ------- SAMPLE 1727 ----------
INSERT INTO GUEST VALUES(2727,'Leanora','Locke','LLocke@gmail.com','1234 DaWrong Lane','Flonkerton','MD','12345','332-821-3063');
INSERT INTO RESERVATION VALUES ('20180725KJ7774760411561',2727,114,'KJ','2018-07-25','2018-07-27',null,'complete');
INSERT INTO INVOICECHARGE VALUES ('20180725KJ7774760411561-ch00001','20180725KJ7774760411561','2018-07-25',182.95,'Base room charge');
INSERT INTO INVOICECHARGE VALUES ('20180725KJ7774760411561-ch00002','20180725KJ7774760411561','2018-07-25',94.25,'Room Service');
INSERT INTO PAYMENT VALUES ('20180725KJ7774760411561-p00001','20180725KJ7774760411561','2018-07-27','CC',277.2,'Leanora Locke','4760014385234607',11,2022,805,'Mastercard');
-- ------- SAMPLE 1728 ----------
INSERT INTO GUEST VALUES(2728,'Erminia','Eckard','EEckard@gmail.com','1234 DaWrong Lane','Flonkerton','MD','12345','180-674-0378');
INSERT INTO RESERVATION VALUES ('20200322KI7854481831828',2728,115,'KI','2020-03-22','2020-03-25',null,'complete');
INSERT INTO INVOICECHARGE VALUES ('20200322KI7854481831828-ch00001','20200322KI7854481831828','2020-03-22',255.87,'Base room charge');
INSERT INTO PAYMENT VALUES ('20200322KI7854481831828-p00001','20200322KI7854481831828','2020-03-24','CC',255.87,'Erminia Eckard','1793401698656694',2,2025,985,'Mastercard');
-- ------- SAMPLE 1729 ----------
INSERT INTO GUEST VALUES(2729,'Boyce','Bate','BBate@hotmail.com','1234 DaWrong Lane','Flonkerton','MD','12345','281-073-3425');
INSERT INTO RESERVATION VALUES ('20200311KJ5284466529518',2729,114,'KJ','2020-03-11','2020-03-14',null,'complete');
INSERT INTO INVOICECHARGE VALUES ('20200311KJ5284466529518-ch00001','20200311KJ5284466529518','2020-03-11',274.43,'Base room charge');
INSERT INTO INVOICECHARGE VALUES ('20200311KJ5284466529518-ch00002','20200311KJ5284466529518','2020-03-11',141.37,'Room Service');
INSERT INTO PAYMENT VALUES ('20200311KJ5284466529518-p00001','20200311KJ5284466529518','2020-03-13','CC',415.81,'Boyce Bate','7122794426618923',9,2024,859,'Mastercard');
-- ------- SAMPLE 1730 ----------
INSERT INTO GUEST VALUES(2730,'Julene','Jahn','JJahn@yahoo.com','1234 DaWrong Lane','Flonkerton','MD','12345','458-854-3085');
INSERT INTO RESERVATION VALUES ('20190129QS8966509015545',2730,113,'QS','2019-01-29','2019-01-30',null,'cancelled');
INSERT INTO INVOICECHARGE VALUES ('20190129QS8966509015545-ch00001','20190129QS8966509015545','2019-01-29',77.4,'Base room charge');
INSERT INTO INVOICECHARGE VALUES ('20190129QS8966509015545-ch00002','20190129QS8966509015545','2019-01-29',39.87,'Room Service');
INSERT INTO PAYMENT VALUES ('20190129QS8966509015545-p00001','20190129QS8966509015545','2019-01-31','CC',117.28,'Julene Jahn','2981842463580391',2,2024,213,'Mastercard');
-- ------- SAMPLE 1731 ----------
INSERT INTO GUEST VALUES(2731,'Major','Meng','MMeng@hotmail.com','1234 DaWrong Lane','Flonkerton','MD','12345','519-754-3433');
INSERT INTO RESERVATION VALUES ('20181208KI1884572148145',2731,204,'KI','2018-12-08','2018-12-12',null,'complete');
INSERT INTO INVOICECHARGE VALUES ('20181208KI1884572148145-ch00001','20181208KI1884572148145','2018-12-08',341.16,'Base room charge');
INSERT INTO PAYMENT (payment_id,invoice_id,payment_date,payment_type,payment_amount) VALUES ('20181208KI1884572148145-p00001','20181208KI1884572148145','2018-12-10','CA',341.16);
-- ------- SAMPLE 1732 ----------
INSERT INTO GUEST VALUES(2732,'Irma','Irby','IIrby@gmail.com','1234 DaWrong Lane','Flonkerton','MD','12345','138-933-8316');
INSERT INTO RESERVATION VALUES ('20201226KJ3183197212609',2732,null,'KJ','2020-12-26','2020-12-28',null,'active');
INSERT INTO INVOICECHARGE VALUES ('20201226KJ3183197212609-ch00001','20201226KJ3183197212609','2020-12-26',182.95,'Base room charge');
INSERT INTO INVOICECHARGE VALUES ('20201226KJ3183197212609-ch00002','20201226KJ3183197212609','2020-12-26',94.25,'Cleaning fee');
INSERT INTO PAYMENT VALUES ('20201226KJ3183197212609-p00001','20201226KJ3183197212609','2020-12-28','CC',277.2,'Irma Irby','8605164730187832',2,2024,785,'Mastercard');
-- ------- SAMPLE 1733 ----------
INSERT INTO GUEST VALUES(2733,'Erminia','Eckard','EEckard@yahoo.com','1234 DaWrong Lane','Flonkerton','MD','12345','808-409-5948');
INSERT INTO RESERVATION VALUES ('20180514KI7630665763387',2733,204,'KI','2018-05-14','2018-05-15',null,'complete');
INSERT INTO INVOICECHARGE VALUES ('20180514KI7630665763387-ch00001','20180514KI7630665763387','2018-05-14',56.29,'Base room charge');
INSERT INTO INVOICECHARGE VALUES ('20180514KI7630665763387-ch00002','20180514KI7630665763387','2018-05-14',29,'Cleaning fee');
INSERT INTO PAYMENT VALUES ('20180514KI7630665763387-p00001','20180514KI7630665763387','2018-05-16','CC',85.29,'Erminia Eckard','8872192230878733',6,2023,616,'Mastercard');
-- ------- SAMPLE 1734 ----------
INSERT INTO GUEST VALUES(2734,'Serafina','Singh','SSingh@yahoo.com','1234 DaWrong Lane','Flonkerton','MD','12345','310-387-6064');
INSERT INTO RESERVATION VALUES ('20201201KS7014195353478',2734,null,'KS','2020-12-01','2020-12-06',null,'active');
-- ------- SAMPLE 1735 ----------
INSERT INTO GUEST VALUES(2735,'Reita','Rudder','RRudder@hotmail.com','1234 DaWrong Lane','Flonkerton','MD','12345','041-842-4703');
INSERT INTO RESERVATION VALUES ('20200118KJ2044016226278',2735,119,'KJ','2020-01-18','2020-01-19',null,'complete');
INSERT INTO INVOICECHARGE VALUES ('20200118KJ2044016226278-ch00001','20200118KJ2044016226278','2020-01-18',91.48,'Base room charge');
INSERT INTO INVOICECHARGE VALUES ('20200118KJ2044016226278-ch00002','20200118KJ2044016226278','2020-01-18',47.12,'Cleaning fee');
INSERT INTO PAYMENT VALUES ('20200118KJ2044016226278-p00001','20200118KJ2044016226278','2020-01-20','CC',138.6,'Reita Rudder','7080841557458013',12,2024,190,'Mastercard');
-- ------- SAMPLE 1736 ----------
INSERT INTO GUEST VALUES(2736,'Lucius','Liles','LLiles@gmail.com','1234 DaWrong Lane','Flonkerton','MD','12345','918-233-5690');
INSERT INTO RESERVATION VALUES ('20190525QD9026259641325',2736,111,'QD','2019-05-25','2019-05-27',null,'complete');
INSERT INTO INVOICECHARGE VALUES ('20190525QD9026259641325-ch00001','20190525QD9026259641325','2019-05-25',126.66,'Base room charge');
INSERT INTO INVOICECHARGE VALUES ('20190525QD9026259641325-ch00002','20190525QD9026259641325','2019-05-25',65.25,'Room Service');
INSERT INTO PAYMENT VALUES ('20190525QD9026259641325-p00001','20190525QD9026259641325','2019-05-27','CC',191.9,'Lucius Liles','6281158029704539',6,2024,379,'Mastercard');
-- ------- SAMPLE 1737 ----------
INSERT INTO GUEST VALUES(2737,'Bradley','Bently','BBently@yahoo.com','1234 DaWrong Lane','Flonkerton','MD','12345','411-753-5235');
INSERT INTO RESERVATION VALUES ('20180528KJ1804676780053',2737,203,'KJ','2018-05-28','2018-06-01',null,'complete');
INSERT INTO INVOICECHARGE VALUES ('20180528KJ1804676780053-ch00001','20180528KJ1804676780053','2018-05-28',365.91,'Base room charge');
INSERT INTO INVOICECHARGE VALUES ('20180528KJ1804676780053-ch00002','20180528KJ1804676780053','2018-05-28',188.5,'Cleaning fee');
INSERT INTO PAYMENT (payment_id,invoice_id,payment_date,payment_type,payment_amount) VALUES ('20180528KJ1804676780053-p00001','20180528KJ1804676780053','2018-05-30','CA',554.41);
-- ------- SAMPLE 1738 ----------
INSERT INTO GUEST VALUES(2738,'Floy','Feinstein','FFeinstein@gmail.com','1234 DaWrong Lane','Flonkerton','MD','12345','792-831-3945');
INSERT INTO RESERVATION VALUES ('20190908QD1228866919562',2738,205,'QD','2019-09-08','2019-09-11',null,'cancelled');
INSERT INTO INVOICECHARGE VALUES ('20190908QD1228866919562-ch00001','20190908QD1228866919562','2019-09-08',287.86,'Base room charge');
INSERT INTO PAYMENT VALUES ('20190908QD1228866919562-p00001','20190908QD1228866919562','2019-09-10','CC',287.86,'Floy Feinstein','8759887278599222',1,2022,886,'Mastercard');
-- ------- SAMPLE 1739 ----------
INSERT INTO GUEST VALUES(2739,'Kenisha','Kane','KKane@gmail.com','1234 DaWrong Lane','Flonkerton','MD','12345','509-462-3185');
INSERT INTO RESERVATION VALUES ('20180707KJ8184449836328',2739,114,'KJ','2018-07-07','2018-07-11',null,'complete');
INSERT INTO INVOICECHARGE VALUES ('20180707KJ8184449836328-ch00001','20180707KJ8184449836328','2018-07-07',365.91,'Base room charge');
INSERT INTO INVOICECHARGE VALUES ('20180707KJ8184449836328-ch00002','20180707KJ8184449836328','2018-07-07',188.5,'Cleaning fee');
INSERT INTO PAYMENT VALUES ('20180707KJ8184449836328-p00001','20180707KJ8184449836328','2018-07-09','CC',554.41,'Kenisha Kane','4473580736601255',10,2027,923,'Mastercard');
-- ------- SAMPLE 1740 ----------
INSERT INTO GUEST VALUES(2740,'Raisa','Romito','RRomito@gmail.com','1234 DaWrong Lane','Flonkerton','MD','12345','970-509-8962');
INSERT INTO RESERVATION VALUES ('20190206QD1236559304336',2740,106,'QD','2019-02-06','2019-02-08',null,'complete');
INSERT INTO INVOICECHARGE VALUES ('20190206QD1236559304336-ch00001','20190206QD1236559304336','2019-02-06',191.9,'Base room charge');
INSERT INTO PAYMENT VALUES ('20190206QD1236559304336-p00001','20190206QD1236559304336','2019-02-08','CC',191.9,'Raisa Romito','8099422006148177',5,2023,540,'Mastercard');
-- ------- SAMPLE 1741 ----------
INSERT INTO GUEST VALUES(2741,'Missy','Mcclintock','MMcclintock@yahoo.com','1234 DaWrong Lane','Flonkerton','MD','12345','229-225-4557');
INSERT INTO RESERVATION VALUES ('20200927QS6742856699468',2741,null,'QS','2020-09-27','2020-10-02',null,'active');
-- ------- SAMPLE 1742 ----------
INSERT INTO GUEST VALUES(2742,'Heather','Hartin','HHartin@yahoo.com','1234 DaWrong Lane','Flonkerton','MD','12345','187-661-7640');
INSERT INTO RESERVATION VALUES ('20201014KS1456158075997',2742,null,'KS','2020-10-14','2020-10-15',null,'active');
INSERT INTO INVOICECHARGE VALUES ('20201014KS1456158075997-ch00001','20201014KS1456158075997','2020-10-14',106.61,'Base room charge');
INSERT INTO PAYMENT VALUES ('20201014KS1456158075997-p00001','20201014KS1456158075997','2020-10-16','CC',106.61,'Heather Hartin','3404241592154418',6,2025,316,'Mastercard');
-- ------- SAMPLE 1743 ----------
INSERT INTO GUEST VALUES(2743,'Laraine','Lazar','LLazar@yahoo.com','1234 DaWrong Lane','Flonkerton','MD','12345','702-373-2581');
INSERT INTO RESERVATION VALUES ('20180825KJ1884204012189',2743,104,'KJ','2018-08-25','2018-08-30',null,'complete');
INSERT INTO INVOICECHARGE VALUES ('20180825KJ1884204012189-ch00001','20180825KJ1884204012189','2018-08-25',693.01,'Base room charge');
INSERT INTO PAYMENT VALUES ('20180825KJ1884204012189-p00001','20180825KJ1884204012189','2018-08-27','CC',693.01,'Laraine Lazar','5535514803627951',6,2025,745,'Mastercard');
-- ------- SAMPLE 1744 ----------
INSERT INTO GUEST VALUES(2744,'Shera','Shorter','SShorter@hotmail.com','1234 DaWrong Lane','Flonkerton','MD','12345','503-595-4627');
INSERT INTO RESERVATION VALUES ('20190421KS4661294540541',2744,206,'KS','2019-04-21','2019-04-25',null,'complete');
INSERT INTO INVOICECHARGE VALUES ('20190421KS4661294540541-ch00001','20190421KS4661294540541','2019-04-21',426.46,'Base room charge');
INSERT INTO PAYMENT VALUES ('20190421KS4661294540541-p00001','20190421KS4661294540541','2019-04-23','CC',426.46,'Shera Shorter','2106304545025575',4,2026,27,'Mastercard');
-- ------- SAMPLE 1745 ----------
INSERT INTO GUEST VALUES(2745,'Theodora','Trickey','TTrickey@gmail.com','1234 DaWrong Lane','Flonkerton','MD','12345','601-024-1025');
INSERT INTO RESERVATION VALUES ('20180712QD1845468616547',2745,200,'QD','2018-07-12','2018-07-15',null,'complete');
INSERT INTO INVOICECHARGE VALUES ('20180712QD1845468616547-ch00001','20180712QD1845468616547','2018-07-12',287.86,'Base room charge');
INSERT INTO PAYMENT VALUES ('20180712QD1845468616547-p00001','20180712QD1845468616547','2018-07-14','CC',287.86,'Theodora Trickey','6920497444218840',11,2025,764,'Mastercard');
-- ------- SAMPLE 1746 ----------
INSERT INTO GUEST VALUES(2746,'Dewey','Dye','DDye@hotmail.com','1234 DaWrong Lane','Flonkerton','MD','12345','626-732-2810');
INSERT INTO RESERVATION VALUES ('20180920KJ1296598601459',2746,119,'KJ','2018-09-20','2018-09-22',null,'complete');
INSERT INTO INVOICECHARGE VALUES ('20180920KJ1296598601459-ch00001','20180920KJ1296598601459','2018-09-20',277.2,'Base room charge');
INSERT INTO PAYMENT VALUES ('20180920KJ1296598601459-p00001','20180920KJ1296598601459','2018-09-22','CC',277.2,'Dewey Dye','1041154929987625',7,2025,345,'Mastercard');
-- ------- SAMPLE 1747 ----------
INSERT INTO GUEST VALUES(2747,'Dorian','Delbosque','DDelbosque@gmail.com','1234 DaWrong Lane','Flonkerton','MD','12345','550-417-0434');
INSERT INTO RESERVATION VALUES ('20200808KJ1486679194289',2747,null,'KJ','2020-08-08','2020-08-11',null,'active');
INSERT INTO INVOICECHARGE VALUES ('20200808KJ1486679194289-ch00001','20200808KJ1486679194289','2020-08-08',415.81,'Base room charge');
INSERT INTO PAYMENT VALUES ('20200808KJ1486679194289-p00001','20200808KJ1486679194289','2020-08-10','CC',415.81,'Dorian Delbosque','1854279100219076',2,2021,220,'Mastercard');
-- ------- SAMPLE 1748 ----------
INSERT INTO GUEST VALUES(2748,'Claribel','Catanzaro','CCatanzaro@hotmail.com','1234 DaWrong Lane','Flonkerton','MD','12345','761-418-4187');
INSERT INTO RESERVATION VALUES ('20191029QS6925831155898',2748,108,'QS','2019-10-29','2019-11-01',null,'complete');
INSERT INTO INVOICECHARGE VALUES ('20191029QS6925831155898-ch00001','20191029QS6925831155898','2019-10-29',232.21,'Base room charge');
INSERT INTO INVOICECHARGE VALUES ('20191029QS6925831155898-ch00002','20191029QS6925831155898','2019-10-29',119.62,'Cleaning fee');
INSERT INTO PAYMENT (payment_id,invoice_id,payment_date,payment_type,payment_amount) VALUES ('20191029QS6925831155898-p00001','20191029QS6925831155898','2019-10-31','CA',351.83);
-- ------- SAMPLE 1749 ----------
INSERT INTO GUEST VALUES(2749,'Aretha','Acy','AAcy@gmail.com','1234 DaWrong Lane','Flonkerton','MD','12345','881-201-9812');
INSERT INTO RESERVATION VALUES ('20200207QS3468667068203',2749,207,'QS','2020-02-07','2020-02-09',null,'complete');
INSERT INTO INVOICECHARGE VALUES ('20200207QS3468667068203-ch00001','20200207QS3468667068203','2020-02-07',234.55,'Base room charge');
INSERT INTO PAYMENT VALUES ('20200207QS3468667068203-p00001','20200207QS3468667068203','2020-02-09','CC',234.55,'Aretha Acy','1671604157584608',5,2027,526,'Mastercard');
-- ------- SAMPLE 1750 ----------
INSERT INTO GUEST VALUES(2750,'Rachell','Riser','RRiser@hotmail.com','1234 DaWrong Lane','Flonkerton','MD','12345','454-509-0527');
INSERT INTO RESERVATION VALUES ('20181009KJ7079507213664',2750,109,'KJ','2018-10-09','2018-10-14',null,'complete');
INSERT INTO INVOICECHARGE VALUES ('20181009KJ7079507213664-ch00001','20181009KJ7079507213664','2018-10-09',457.39,'Base room charge');
INSERT INTO INVOICECHARGE VALUES ('20181009KJ7079507213664-ch00002','20181009KJ7079507213664','2018-10-09',235.62,'Room Service');
INSERT INTO PAYMENT (payment_id,invoice_id,payment_date,payment_type,payment_amount) VALUES ('20181009KJ7079507213664-p00001','20181009KJ7079507213664','2018-10-11','CA',693.01);
-- ------- SAMPLE 1751 ----------
INSERT INTO GUEST VALUES(2751,'Julene','Jahn','JJahn@gmail.com','1234 DaWrong Lane','Flonkerton','MD','12345','967-642-4734');
INSERT INTO RESERVATION VALUES ('20191111QD4357336073723',2751,116,'QD','2019-11-11','2019-11-13',null,'complete');
INSERT INTO INVOICECHARGE VALUES ('20191111QD4357336073723-ch00001','20191111QD4357336073723','2019-11-11',191.9,'Base room charge');
INSERT INTO PAYMENT VALUES ('20191111QD4357336073723-p00001','20191111QD4357336073723','2019-11-13','CC',191.9,'Julene Jahn','4728925795749623',9,2026,822,'Mastercard');
-- ------- SAMPLE 1752 ----------
INSERT INTO GUEST VALUES(2752,'James','Janey','JJaney@hotmail.com','1234 DaWrong Lane','Flonkerton','MD','12345','739-859-0921');
INSERT INTO RESERVATION VALUES ('20190815KS7691695651423',2752,102,'KS','2019-08-15','2019-08-19',null,'complete');
INSERT INTO INVOICECHARGE VALUES ('20190815KS7691695651423-ch00001','20190815KS7691695651423','2019-08-15',281.46,'Base room charge');
INSERT INTO INVOICECHARGE VALUES ('20190815KS7691695651423-ch00002','20190815KS7691695651423','2019-08-15',145,'Cleaning fee');
INSERT INTO PAYMENT VALUES ('20190815KS7691695651423-p00001','20190815KS7691695651423','2019-08-17','CC',426.46,'James Janey','6331413466984133',2,2026,439,'Mastercard');
-- ------- SAMPLE 1753 ----------
INSERT INTO GUEST VALUES(2753,'Missy','Mcclintock','MMcclintock@yahoo.com','1234 DaWrong Lane','Flonkerton','MD','12345','752-658-8558');
INSERT INTO RESERVATION VALUES ('20190222KI1101330589778',2753,120,'KI','2019-02-22','2019-02-24',null,'complete');
INSERT INTO INVOICECHARGE VALUES ('20190222KI1101330589778-ch00001','20190222KI1101330589778','2019-02-22',112.58,'Base room charge');
INSERT INTO INVOICECHARGE VALUES ('20190222KI1101330589778-ch00002','20190222KI1101330589778','2019-02-22',58,'Cleaning fee');
INSERT INTO PAYMENT VALUES ('20190222KI1101330589778-p00001','20190222KI1101330589778','2019-02-24','CC',170.58,'Missy Mcclintock','1901220629027303',9,2027,635,'Mastercard');
-- ------- SAMPLE 1754 ----------
INSERT INTO GUEST VALUES(2754,'Alverta','Arce','AArce@hotmail.com','1234 DaWrong Lane','Flonkerton','MD','12345','723-080-2133');
INSERT INTO RESERVATION VALUES ('20181030KS2396250103612',2754,201,'KS','2018-10-30','2018-11-02',null,'complete');
INSERT INTO INVOICECHARGE VALUES ('20181030KS2396250103612-ch00001','20181030KS2396250103612','2018-10-30',211.1,'Base room charge');
INSERT INTO INVOICECHARGE VALUES ('20181030KS2396250103612-ch00002','20181030KS2396250103612','2018-10-30',108.75,'Room Service');
INSERT INTO PAYMENT VALUES ('20181030KS2396250103612-p00001','20181030KS2396250103612','2018-11-01','CC',319.84,'Alverta Arce','5502790210326095',7,2021,178,'Mastercard');
-- ------- SAMPLE 1755 ----------
INSERT INTO GUEST VALUES(2755,'Kenisha','Kane','KKane@gmail.com','1234 DaWrong Lane','Flonkerton','MD','12345','348-833-0991');
INSERT INTO RESERVATION VALUES ('20181013KI2772154874779',2755,120,'KI','2018-10-13','2018-10-16',null,'complete');
INSERT INTO INVOICECHARGE VALUES ('20181013KI2772154874779-ch00001','20181013KI2772154874779','2018-10-13',168.87,'Base room charge');
INSERT INTO INVOICECHARGE VALUES ('20181013KI2772154874779-ch00002','20181013KI2772154874779','2018-10-13',87,'Room Service');
INSERT INTO PAYMENT VALUES ('20181013KI2772154874779-p00001','20181013KI2772154874779','2018-10-15','CC',255.87,'Kenisha Kane','3366721567381954',1,2022,19,'Mastercard');
-- ------- SAMPLE 1756 ----------
INSERT INTO GUEST VALUES(2756,'Ngan','Nalley','NNalley@yahoo.com','1234 DaWrong Lane','Flonkerton','MD','12345','805-046-2731');
INSERT INTO RESERVATION VALUES ('20180801QS7599038860723',2756,202,'QS','2018-08-01','2018-08-04',null,'complete');
INSERT INTO INVOICECHARGE VALUES ('20180801QS7599038860723-ch00001','20180801QS7599038860723','2018-08-01',232.21,'Base room charge');
INSERT INTO INVOICECHARGE VALUES ('20180801QS7599038860723-ch00002','20180801QS7599038860723','2018-08-01',119.62,'Cleaning fee');
INSERT INTO PAYMENT VALUES ('20180801QS7599038860723-p00001','20180801QS7599038860723','2018-08-03','CC',351.83,'Ngan Nalley','9841939410928319',8,2021,696,'Mastercard');
-- ------- SAMPLE 1757 ----------
INSERT INTO GUEST VALUES(2757,'Shawn','Stefanski','SStefanski@yahoo.com','1234 DaWrong Lane','Flonkerton','MD','12345','032-110-0900');
INSERT INTO RESERVATION VALUES ('20180915QS1642464536393',2757,118,'QS','2018-09-15','2018-09-20',null,'complete');
INSERT INTO INVOICECHARGE VALUES ('20180915QS1642464536393-ch00001','20180915QS1642464536393','2018-09-15',586.38,'Base room charge');
INSERT INTO PAYMENT VALUES ('20180915QS1642464536393-p00001','20180915QS1642464536393','2018-09-17','CC',586.38,'Shawn Stefanski','3954497569098143',1,2027,42,'Mastercard');
-- ------- SAMPLE 1758 ----------
INSERT INTO GUEST VALUES(2758,'Fiona','Figgs','FFiggs@gmail.com','1234 DaWrong Lane','Flonkerton','MD','12345','306-430-8810');
INSERT INTO RESERVATION VALUES ('20200426KI1354291782446',2758,120,'KI','2020-04-26','2020-04-27',null,'complete');
INSERT INTO INVOICECHARGE VALUES ('20200426KI1354291782446-ch00001','20200426KI1354291782446','2020-04-26',56.29,'Base room charge');
INSERT INTO INVOICECHARGE VALUES ('20200426KI1354291782446-ch00002','20200426KI1354291782446','2020-04-26',29,'Room Service');
INSERT INTO PAYMENT VALUES ('20200426KI1354291782446-p00001','20200426KI1354291782446','2020-04-28','CC',85.29,'Fiona Figgs','8281459675960848',12,2027,814,'Mastercard');
-- ------- SAMPLE 1759 ----------
INSERT INTO GUEST VALUES(2759,'Shera','Shorter','SShorter@yahoo.com','1234 DaWrong Lane','Flonkerton','MD','12345','912-037-8844');
INSERT INTO RESERVATION VALUES ('20200127KS3498980276649',2759,206,'KS','2020-01-27','2020-01-28',null,'complete');
INSERT INTO INVOICECHARGE VALUES ('20200127KS3498980276649-ch00001','20200127KS3498980276649','2020-01-27',106.61,'Base room charge');
INSERT INTO PAYMENT VALUES ('20200127KS3498980276649-p00001','20200127KS3498980276649','2020-01-29','CC',106.61,'Shera Shorter','3611399265875461',10,2023,156,'Mastercard');
-- ------- SAMPLE 1760 ----------
INSERT INTO GUEST VALUES(2760,'Doyle','Dykema','DDykema@gmail.com','1234 DaWrong Lane','Flonkerton','MD','12345','564-685-0607');
INSERT INTO RESERVATION VALUES ('20201210KJ3117035130347',2760,null,'KJ','2020-12-10','2020-12-13',null,'active');
-- ------- SAMPLE 1761 ----------
INSERT INTO GUEST VALUES(2761,'Jammie','Jo','JJo@hotmail.com','1234 DaWrong Lane','Flonkerton','MD','12345','708-859-4126');
INSERT INTO RESERVATION VALUES ('20200117KJ4693579077866',2761,109,'KJ','2020-01-17','2020-01-22',null,'complete');
INSERT INTO INVOICECHARGE VALUES ('20200117KJ4693579077866-ch00001','20200117KJ4693579077866','2020-01-17',457.39,'Base room charge');
INSERT INTO INVOICECHARGE VALUES ('20200117KJ4693579077866-ch00002','20200117KJ4693579077866','2020-01-17',235.62,'Cleaning fee');
INSERT INTO PAYMENT VALUES ('20200117KJ4693579077866-p00001','20200117KJ4693579077866','2020-01-19','CC',693.01,'Jammie Jo','3938580529837539',12,2022,409,'Mastercard');
-- ------- SAMPLE 1762 ----------
INSERT INTO GUEST VALUES(2762,'Delsie','Dunstan','DDunstan@yahoo.com','1234 DaWrong Lane','Flonkerton','MD','12345','799-568-3614');
INSERT INTO RESERVATION VALUES ('20190530KI5420902436815',2762,115,'KI','2019-05-30','2019-06-01',null,'complete');
INSERT INTO INVOICECHARGE VALUES ('20190530KI5420902436815-ch00001','20190530KI5420902436815','2019-05-30',170.58,'Base room charge');
INSERT INTO PAYMENT VALUES ('20190530KI5420902436815-p00001','20190530KI5420902436815','2019-06-01','CC',170.58,'Delsie Dunstan','7416281677982050',5,2021,997,'Mastercard');
-- ------- SAMPLE 1763 ----------
INSERT INTO GUEST VALUES(2763,'Shena','Sandoz','SSandoz@hotmail.com','1234 DaWrong Lane','Flonkerton','MD','12345','589-480-1020');
INSERT INTO RESERVATION VALUES ('20210313KJ4056760733110',2763,null,'KJ','2021-03-13','2021-03-17',null,'active');
INSERT INTO INVOICECHARGE VALUES ('20210313KJ4056760733110-ch00001','20210313KJ4056760733110','2021-03-13',415.81,'Base room charge');
INSERT INTO PAYMENT VALUES ('20210313KJ4056760733110-p00001','20210313KJ4056760733110','2021-03-15','CC',415.81,'Shena Sandoz','1890385962665934',9,2025,799,'Mastercard');
-- ------- SAMPLE 1764 ----------
INSERT INTO GUEST VALUES(2764,'Joann','Joplin','JJoplin@gmail.com','1234 DaWrong Lane','Flonkerton','MD','12345','954-839-6933');
INSERT INTO RESERVATION VALUES ('20190806KI6359035168706',2764,105,'KI','2019-08-06','2019-08-07',null,'complete');
INSERT INTO INVOICECHARGE VALUES ('20190806KI6359035168706-ch00001','20190806KI6359035168706','2019-08-06',85.29,'Base room charge');
INSERT INTO PAYMENT VALUES ('20190806KI6359035168706-p00001','20190806KI6359035168706','2019-08-08','CC',85.29,'Joann Joplin','3127059626214167',6,2022,469,'Mastercard');
-- ------- SAMPLE 1765 ----------
INSERT INTO GUEST VALUES(2765,'Melony','Mcmartin','MMcmartin@gmail.com','1234 DaWrong Lane','Flonkerton','MD','12345','366-907-3345');
INSERT INTO RESERVATION VALUES ('20191120QS3626927872957',2765,207,'QS','2019-11-20','2019-11-24',null,'complete');
INSERT INTO INVOICECHARGE VALUES ('20191120QS3626927872957-ch00001','20191120QS3626927872957','2019-11-20',309.61,'Base room charge');
INSERT INTO INVOICECHARGE VALUES ('20191120QS3626927872957-ch00002','20191120QS3626927872957','2019-11-20',159.5,'Room Service');
INSERT INTO PAYMENT (payment_id,invoice_id,payment_date,payment_type,payment_amount) VALUES ('20191120QS3626927872957-p00001','20191120QS3626927872957','2019-11-22','CA',469.11);
-- ------- SAMPLE 1766 ----------
INSERT INTO GUEST VALUES(2766,'Alverta','Arce','AArce@yahoo.com','1234 DaWrong Lane','Flonkerton','MD','12345','580-837-6653');
INSERT INTO RESERVATION VALUES ('20210224QS4430990034121',2766,null,'QS','2021-02-24','2021-02-25',null,'active');
INSERT INTO INVOICECHARGE VALUES ('20210224QS4430990034121-ch00001','20210224QS4430990034121','2021-02-24',77.4,'Base room charge');
INSERT INTO INVOICECHARGE VALUES ('20210224QS4430990034121-ch00002','20210224QS4430990034121','2021-02-24',39.87,'Room Service');
INSERT INTO PAYMENT VALUES ('20210224QS4430990034121-p00001','20210224QS4430990034121','2021-02-26','CC',87,'Alverta Arce','5104002764408933',10,2026,882,'Mastercard');
-- ------- SAMPLE 1767 ----------
INSERT INTO GUEST VALUES(2767,'Malia','Molden','MMolden@hotmail.com','1234 DaWrong Lane','Flonkerton','MD','12345','669-041-4724');
INSERT INTO RESERVATION VALUES ('20190912KS9615443019329',2767,112,'KS','2019-09-12','2019-09-15',null,'complete');
INSERT INTO INVOICECHARGE VALUES ('20190912KS9615443019329-ch00001','20190912KS9615443019329','2019-09-12',319.84,'Base room charge');
INSERT INTO PAYMENT VALUES ('20190912KS9615443019329-p00001','20190912KS9615443019329','2019-09-14','CC',319.84,'Malia Molden','1240512150527112',7,2022,550,'Mastercard');
-- ------- SAMPLE 1768 ----------
INSERT INTO GUEST VALUES(2768,'Delora','Delph','DDelph@yahoo.com','1234 DaWrong Lane','Flonkerton','MD','12345','737-309-3226');
INSERT INTO RESERVATION VALUES ('20210503KI7622149378267',2768,null,'KI','2021-05-03','2021-05-04',null,'active');
-- ------- SAMPLE 1769 ----------
INSERT INTO GUEST VALUES(2769,'Kathern','Korn','KKorn@yahoo.com','1234 DaWrong Lane','Flonkerton','MD','12345','393-239-5349');
INSERT INTO RESERVATION VALUES ('20200623QS8689639027439',2769,null,'QS','2020-06-23','2020-06-24',null,'cancelled');
INSERT INTO INVOICECHARGE VALUES ('20200623QS8689639027439-ch00001','20200623QS8689639027439','2020-06-23',117.28,'Base room charge');
INSERT INTO PAYMENT VALUES ('20200623QS8689639027439-p00001','20200623QS8689639027439','2020-06-25','CC',117.28,'Kathern Korn','8266450673332891',6,2026,426,'Mastercard');
-- ------- SAMPLE 1770 ----------
INSERT INTO GUEST VALUES(2770,'Shawn','Stefanski','SStefanski@hotmail.com','1234 DaWrong Lane','Flonkerton','MD','12345','123-670-1000');
INSERT INTO RESERVATION VALUES ('20190118QS9002998907169',2770,103,'QS','2019-01-18','2019-01-21',null,'complete');
INSERT INTO INVOICECHARGE VALUES ('20190118QS9002998907169-ch00001','20190118QS9002998907169','2019-01-18',351.83,'Base room charge');
INSERT INTO PAYMENT VALUES ('20190118QS9002998907169-p00001','20190118QS9002998907169','2019-01-20','CC',351.83,'Shawn Stefanski','1996242774604848',11,2025,647,'Mastercard');
-- ------- SAMPLE 1771 ----------
INSERT INTO GUEST VALUES(2771,'Mandi','Mcwain','MMcwain@hotmail.com','1234 DaWrong Lane','Flonkerton','MD','12345','891-514-0109');
INSERT INTO RESERVATION VALUES ('20200120KJ5597779079705',2771,119,'KJ','2020-01-20','2020-01-22',null,'complete');
INSERT INTO INVOICECHARGE VALUES ('20200120KJ5597779079705-ch00001','20200120KJ5597779079705','2020-01-20',182.95,'Base room charge');
INSERT INTO INVOICECHARGE VALUES ('20200120KJ5597779079705-ch00002','20200120KJ5597779079705','2020-01-20',94.25,'Room Service');
INSERT INTO PAYMENT VALUES ('20200120KJ5597779079705-p00001','20200120KJ5597779079705','2020-01-22','CC',277.2,'Mandi Mcwain','8163622417291290',2,2023,674,'Mastercard');
-- ------- SAMPLE 1772 ----------
INSERT INTO GUEST VALUES(2772,'Shawna','Schmit','SSchmit@yahoo.com','1234 DaWrong Lane','Flonkerton','MD','12345','619-904-9726');
INSERT INTO RESERVATION VALUES ('20210125KS8729968306469',2772,null,'KS','2021-01-25','2021-01-29',null,'active');
INSERT INTO INVOICECHARGE VALUES ('20210125KS8729968306469-ch00001','20210125KS8729968306469','2021-01-25',426.46,'Base room charge');
INSERT INTO PAYMENT VALUES ('20210125KS8729968306469-p00001','20210125KS8729968306469','2021-01-27','CC',426.46,'Shawna Schmit','8018009116587409',5,2027,413,'Mastercard');
-- ------- SAMPLE 1773 ----------
INSERT INTO GUEST VALUES(2773,'Major','Meng','MMeng@hotmail.com','1234 DaWrong Lane','Flonkerton','MD','12345','255-270-7455');
INSERT INTO RESERVATION VALUES ('20210130KS2754846170695',2773,null,'KS','2021-01-30','2021-02-03',null,'active');
INSERT INTO INVOICECHARGE VALUES ('20210130KS2754846170695-ch00001','20210130KS2754846170695','2021-01-30',426.46,'Base room charge');
INSERT INTO PAYMENT (payment_id,invoice_id,payment_date,payment_type,payment_amount) VALUES ('20210130KS2754846170695-p00001','20210130KS2754846170695','2021-02-01','CA',426.46);
-- ------- SAMPLE 1774 ----------
INSERT INTO GUEST VALUES(2774,'Pearlene','Priestly','PPriestly@gmail.com','1234 DaWrong Lane','Flonkerton','MD','12345','255-525-2892');
INSERT INTO RESERVATION VALUES ('20181219KI8654005811750',2774,209,'KI','2018-12-19','2018-12-20',null,'complete');
INSERT INTO INVOICECHARGE VALUES ('20181219KI8654005811750-ch00001','20181219KI8654005811750','2018-12-19',85.29,'Base room charge');
INSERT INTO PAYMENT VALUES ('20181219KI8654005811750-p00001','20181219KI8654005811750','2018-12-21','CC',85.29,'Pearlene Priestly','2173792564145665',2,2023,59,'Mastercard');
-- ------- SAMPLE 1775 ----------
INSERT INTO GUEST VALUES(2775,'Mandi','Mcwain','MMcwain@hotmail.com','1234 DaWrong Lane','Flonkerton','MD','12345','978-700-0539');
INSERT INTO RESERVATION VALUES ('20200412QS5607846773420',2775,103,'QS','2020-04-12','2020-04-17',null,'complete');
INSERT INTO INVOICECHARGE VALUES ('20200412QS5607846773420-ch00001','20200412QS5607846773420','2020-04-12',387.01,'Base room charge');
INSERT INTO INVOICECHARGE VALUES ('20200412QS5607846773420-ch00002','20200412QS5607846773420','2020-04-12',199.37,'Cleaning fee');
INSERT INTO PAYMENT VALUES ('20200412QS5607846773420-p00001','20200412QS5607846773420','2020-04-14','CC',586.38,'Mandi Mcwain','5186846618955846',9,2021,730,'Mastercard');
-- ------- SAMPLE 1776 ----------
INSERT INTO GUEST VALUES(2776,'Julene','Jahn','JJahn@yahoo.com','1234 DaWrong Lane','Flonkerton','MD','12345','851-384-4590');
INSERT INTO RESERVATION VALUES ('20190127QD4903455128773',2776,111,'QD','2019-01-27','2019-01-30',null,'complete');
INSERT INTO INVOICECHARGE VALUES ('20190127QD4903455128773-ch00001','20190127QD4903455128773','2019-01-27',287.86,'Base room charge');
INSERT INTO PAYMENT VALUES ('20190127QD4903455128773-p00001','20190127QD4903455128773','2019-01-29','CC',287.86,'Julene Jahn','6933082912560911',7,2024,731,'Mastercard');
-- ------- SAMPLE 1777 ----------
INSERT INTO GUEST VALUES(2777,'Lakenya','Langston','LLangston@yahoo.com','1234 DaWrong Lane','Flonkerton','MD','12345','499-369-3367');
INSERT INTO RESERVATION VALUES ('20190722QS7693519663744',2777,118,'QS','2019-07-22','2019-07-26',null,'complete');
INSERT INTO INVOICECHARGE VALUES ('20190722QS7693519663744-ch00001','20190722QS7693519663744','2019-07-22',309.61,'Base room charge');
INSERT INTO INVOICECHARGE VALUES ('20190722QS7693519663744-ch00002','20190722QS7693519663744','2019-07-22',159.5,'Cleaning fee');
INSERT INTO PAYMENT VALUES ('20190722QS7693519663744-p00001','20190722QS7693519663744','2019-07-24','CC',469.11,'Lakenya Langston','8650105058932802',3,2023,594,'Mastercard');
-- ------- SAMPLE 1778 ----------
INSERT INTO GUEST VALUES(2778,'Marylynn','Musson','MMusson@yahoo.com','1234 DaWrong Lane','Flonkerton','MD','12345','723-488-1864');
INSERT INTO RESERVATION VALUES ('20180928KJ5985837128610',2778,208,'KJ','2018-09-28','2018-10-01',null,'complete');
INSERT INTO INVOICECHARGE VALUES ('20180928KJ5985837128610-ch00001','20180928KJ5985837128610','2018-09-28',274.43,'Base room charge');
INSERT INTO INVOICECHARGE VALUES ('20180928KJ5985837128610-ch00002','20180928KJ5985837128610','2018-09-28',141.37,'Cleaning fee');
INSERT INTO PAYMENT VALUES ('20180928KJ5985837128610-p00001','20180928KJ5985837128610','2018-09-30','CC',415.81,'Marylynn Musson','8720293412629642',1,2027,309,'Mastercard');
-- ------- SAMPLE 1779 ----------
INSERT INTO GUEST VALUES(2779,'Kaley','Kilmon','KKilmon@gmail.com','1234 DaWrong Lane','Flonkerton','MD','12345','307-149-9942');
INSERT INTO RESERVATION VALUES ('20200405KJ6650110735176',2779,104,'KJ','2020-04-05','2020-04-10',null,'complete');
INSERT INTO INVOICECHARGE VALUES ('20200405KJ6650110735176-ch00001','20200405KJ6650110735176','2020-04-05',693.01,'Base room charge');
INSERT INTO PAYMENT VALUES ('20200405KJ6650110735176-p00001','20200405KJ6650110735176','2020-04-07','CC',693.01,'Kaley Kilmon','4646464934658483',2,2022,548,'Mastercard');
-- ------- SAMPLE 1780 ----------
INSERT INTO GUEST VALUES(2780,'Selene','Staiger','SStaiger@yahoo.com','1234 DaWrong Lane','Flonkerton','MD','12345','732-261-2345');
INSERT INTO RESERVATION VALUES ('20180706KS8259720841180',2780,112,'KS','2018-07-06','2018-07-08',null,'complete');
INSERT INTO INVOICECHARGE VALUES ('20180706KS8259720841180-ch00001','20180706KS8259720841180','2018-07-06',213.23,'Base room charge');
INSERT INTO PAYMENT VALUES ('20180706KS8259720841180-p00001','20180706KS8259720841180','2018-07-08','CC',213.23,'Selene Staiger','1485646041634078',10,2023,430,'Mastercard');
-- ------- SAMPLE 1781 ----------
INSERT INTO GUEST VALUES(2781,'Freida','Forbis','FForbis@gmail.com','1234 DaWrong Lane','Flonkerton','MD','12345','031-433-8835');
INSERT INTO RESERVATION VALUES ('20210111KS9764717775644',2781,null,'KS','2021-01-11','2021-01-15',null,'active');
INSERT INTO INVOICECHARGE VALUES ('20210111KS9764717775644-ch00001','20210111KS9764717775644','2021-01-11',281.46,'Base room charge');
INSERT INTO INVOICECHARGE VALUES ('20210111KS9764717775644-ch00002','20210111KS9764717775644','2021-01-11',145,'Cleaning fee');
INSERT INTO PAYMENT (payment_id,invoice_id,payment_date,payment_type,payment_amount) VALUES ('20210111KS9764717775644-p00001','20210111KS9764717775644','2021-01-13','CA',426.46);
-- ------- SAMPLE 1782 ----------
INSERT INTO GUEST VALUES(2782,'Danette','Dammann','DDammann@yahoo.com','1234 DaWrong Lane','Flonkerton','MD','12345','592-002-6330');
INSERT INTO RESERVATION VALUES ('20181014KS9036894695282',2782,112,'KS','2018-10-14','2018-10-18',null,'complete');
INSERT INTO INVOICECHARGE VALUES ('20181014KS9036894695282-ch00001','20181014KS9036894695282','2018-10-14',281.46,'Base room charge');
INSERT INTO INVOICECHARGE VALUES ('20181014KS9036894695282-ch00002','20181014KS9036894695282','2018-10-14',145,'Room Service');
INSERT INTO PAYMENT VALUES ('20181014KS9036894695282-p00001','20181014KS9036894695282','2018-10-16','CC',426.46,'Danette Dammann','8617557864431189',10,2026,544,'Mastercard');
-- ------- SAMPLE 1783 ----------
INSERT INTO GUEST VALUES(2783,'Stan','Schnell','SSchnell@hotmail.com','1234 DaWrong Lane','Flonkerton','MD','12345','498-192-4036');
INSERT INTO RESERVATION VALUES ('20180521KI3515921086710',2783,120,'KI','2018-05-21','2018-05-22',null,'complete');
INSERT INTO INVOICECHARGE VALUES ('20180521KI3515921086710-ch00001','20180521KI3515921086710','2018-05-21',85.29,'Base room charge');
INSERT INTO PAYMENT VALUES ('20180521KI3515921086710-p00001','20180521KI3515921086710','2018-05-23','CC',85.29,'Stan Schnell','8624003302332307',7,2023,105,'Mastercard');
-- ------- SAMPLE 1784 ----------
INSERT INTO GUEST VALUES(2784,'Lincoln','Lattea','LLattea@hotmail.com','1234 DaWrong Lane','Flonkerton','MD','12345','336-017-0366');
INSERT INTO RESERVATION VALUES ('20200211KS3428396817239',2784,206,'KS','2020-02-11','2020-02-15',null,'complete');
INSERT INTO INVOICECHARGE VALUES ('20200211KS3428396817239-ch00001','20200211KS3428396817239','2020-02-11',426.46,'Base room charge');
INSERT INTO PAYMENT (payment_id,invoice_id,payment_date,payment_type,payment_amount) VALUES ('20200211KS3428396817239-p00001','20200211KS3428396817239','2020-02-13','CA',426.46);
-- ------- SAMPLE 1785 ----------
INSERT INTO GUEST VALUES(2785,'Lakenya','Langston','LLangston@hotmail.com','1234 DaWrong Lane','Flonkerton','MD','12345','381-366-2601');
INSERT INTO RESERVATION VALUES ('20200418QD2995972239389',2785,106,'QD','2020-04-18','2020-04-23',null,'cancelled');
INSERT INTO INVOICECHARGE VALUES ('20200418QD2995972239389-ch00001','20200418QD2995972239389','2020-04-18',316.64,'Base room charge');
INSERT INTO INVOICECHARGE VALUES ('20200418QD2995972239389-ch00002','20200418QD2995972239389','2020-04-18',163.12,'Room Service');
INSERT INTO PAYMENT VALUES ('20200418QD2995972239389-p00001','20200418QD2995972239389','2020-04-20','CC',479.76,'Lakenya Langston','6608664796911043',11,2024,254,'Mastercard');
-- ------- SAMPLE 1786 ----------
INSERT INTO GUEST VALUES(2786,'Shawna','Schmit','SSchmit@gmail.com','1234 DaWrong Lane','Flonkerton','MD','12345','321-073-8289');
INSERT INTO RESERVATION VALUES ('20180808QD1990078778994',2786,116,'QD','2018-08-08','2018-08-09',null,'complete');
INSERT INTO INVOICECHARGE VALUES ('20180808QD1990078778994-ch00001','20180808QD1990078778994','2018-08-08',63.33,'Base room charge');
INSERT INTO INVOICECHARGE VALUES ('20180808QD1990078778994-ch00002','20180808QD1990078778994','2018-08-08',32.62,'Room Service');
INSERT INTO PAYMENT VALUES ('20180808QD1990078778994-p00001','20180808QD1990078778994','2018-08-10','CC',95.95,'Shawna Schmit','7427499730242784',3,2022,566,'Mastercard');
-- ------- SAMPLE 1787 ----------
INSERT INTO GUEST VALUES(2787,'Aretha','Acy','AAcy@hotmail.com','1234 DaWrong Lane','Flonkerton','MD','12345','713-587-7947');
INSERT INTO RESERVATION VALUES ('20181205QD5103598562176',2787,200,'QD','2018-12-05','2018-12-06',null,'complete');
INSERT INTO INVOICECHARGE VALUES ('20181205QD5103598562176-ch00001','20181205QD5103598562176','2018-12-05',63.33,'Base room charge');
INSERT INTO INVOICECHARGE VALUES ('20181205QD5103598562176-ch00002','20181205QD5103598562176','2018-12-05',32.62,'Cleaning fee');
INSERT INTO PAYMENT (payment_id,invoice_id,payment_date,payment_type,payment_amount) VALUES ('20181205QD5103598562176-p00001','20181205QD5103598562176','2018-12-07','CA',95.95);
-- ------- SAMPLE 1788 ----------
INSERT INTO GUEST VALUES(2788,'Boris','Berner','BBerner@hotmail.com','1234 DaWrong Lane','Flonkerton','MD','12345','178-539-3771');
INSERT INTO RESERVATION VALUES ('20201109QS7964983405882',2788,null,'QS','2020-11-09','2020-11-10',null,'active');
-- ------- SAMPLE 1789 ----------
INSERT INTO GUEST VALUES(2789,'Delsie','Dunstan','DDunstan@gmail.com','1234 DaWrong Lane','Flonkerton','MD','12345','785-921-8319');
INSERT INTO RESERVATION VALUES ('20190620KJ5602218626167',2789,203,'KJ','2019-06-20','2019-06-25',null,'complete');
INSERT INTO INVOICECHARGE VALUES ('20190620KJ5602218626167-ch00001','20190620KJ5602218626167','2019-06-20',457.39,'Base room charge');
INSERT INTO INVOICECHARGE VALUES ('20190620KJ5602218626167-ch00002','20190620KJ5602218626167','2019-06-20',235.62,'Room Service');
INSERT INTO PAYMENT VALUES ('20190620KJ5602218626167-p00001','20190620KJ5602218626167','2019-06-22','CC',693.01,'Delsie Dunstan','9479252075056282',10,2026,536,'Mastercard');
-- ------- SAMPLE 1790 ----------
INSERT INTO GUEST VALUES(2790,'Christine','Ciampa','CCiampa@yahoo.com','1234 DaWrong Lane','Flonkerton','MD','12345','202-256-9100');
INSERT INTO RESERVATION VALUES ('20200724QD2118696105995',2790,null,'QD','2020-07-24','2020-07-25',null,'active');
INSERT INTO INVOICECHARGE VALUES ('20200724QD2118696105995-ch00001','20200724QD2118696105995','2020-07-24',95.95,'Base room charge');
INSERT INTO PAYMENT VALUES ('20200724QD2118696105995-p00001','20200724QD2118696105995','2020-07-26','CC',95.95,'Christine Ciampa','8706148803070428',6,2026,722,'Mastercard');
-- ------- SAMPLE 1791 ----------
INSERT INTO GUEST VALUES(2791,'Marcelino','Meisner','MMeisner@yahoo.com','1234 DaWrong Lane','Flonkerton','MD','12345','099-809-2243');
INSERT INTO RESERVATION VALUES ('20190905QS7491552824201',2791,207,'QS','2019-09-05','2019-09-09',null,'complete');
INSERT INTO INVOICECHARGE VALUES ('20190905QS7491552824201-ch00001','20190905QS7491552824201','2019-09-05',309.61,'Base room charge');
INSERT INTO INVOICECHARGE VALUES ('20190905QS7491552824201-ch00002','20190905QS7491552824201','2019-09-05',159.5,'Cleaning fee');
INSERT INTO PAYMENT VALUES ('20190905QS7491552824201-p00001','20190905QS7491552824201','2019-09-07','CC',469.11,'Marcelino Meisner','4444330283401885',7,2022,259,'Mastercard');
-- ------- SAMPLE 1792 ----------
INSERT INTO GUEST VALUES(2792,'Corene','Carmody','CCarmody@gmail.com','1234 DaWrong Lane','Flonkerton','MD','12345','252-652-7711');
INSERT INTO RESERVATION VALUES ('20200411KS5201262994283',2792,201,'KS','2020-04-11','2020-04-15',null,'complete');
INSERT INTO INVOICECHARGE VALUES ('20200411KS5201262994283-ch00001','20200411KS5201262994283','2020-04-11',426.46,'Base room charge');
INSERT INTO PAYMENT VALUES ('20200411KS5201262994283-p00001','20200411KS5201262994283','2020-04-13','CC',426.46,'Corene Carmody','4184362625588961',9,2025,680,'Mastercard');
-- ------- SAMPLE 1793 ----------
INSERT INTO GUEST VALUES(2793,'Ngan','Nalley','NNalley@yahoo.com','1234 DaWrong Lane','Flonkerton','MD','12345','693-514-9085');
INSERT INTO RESERVATION VALUES ('20191208KS7199083825673',2793,206,'KS','2019-12-08','2019-12-13',null,'complete');
INSERT INTO INVOICECHARGE VALUES ('20191208KS7199083825673-ch00001','20191208KS7199083825673','2019-12-08',533.07,'Base room charge');
INSERT INTO PAYMENT VALUES ('20191208KS7199083825673-p00001','20191208KS7199083825673','2019-12-10','CC',533.07,'Ngan Nalley','5437939983327037',6,2026,324,'Mastercard');
-- ------- SAMPLE 1794 ----------
INSERT INTO GUEST VALUES(2794,'Kandra','Kelty','KKelty@hotmail.com','1234 DaWrong Lane','Flonkerton','MD','12345','827-630-9241');
INSERT INTO RESERVATION VALUES ('20210207KS4858346264265',2794,null,'KS','2021-02-07','2021-02-08',null,'active');
-- ------- SAMPLE 1795 ----------
INSERT INTO GUEST VALUES(2795,'Delsie','Delong','DDelong@hotmail.com','1234 DaWrong Lane','Flonkerton','MD','12345','105-978-6673');
INSERT INTO RESERVATION VALUES ('20190723QD9079267317600',2795,116,'QD','2019-07-23','2019-07-28',null,'complete');
INSERT INTO INVOICECHARGE VALUES ('20190723QD9079267317600-ch00001','20190723QD9079267317600','2019-07-23',479.76,'Base room charge');
INSERT INTO PAYMENT (payment_id,invoice_id,payment_date,payment_type,payment_amount) VALUES ('20190723QD9079267317600-p00001','20190723QD9079267317600','2019-07-25','CA',479.76);
-- ------- SAMPLE 1796 ----------
INSERT INTO GUEST VALUES(2796,'Boris','Berner','BBerner@yahoo.com','1234 DaWrong Lane','Flonkerton','MD','12345','168-253-1832');
INSERT INTO RESERVATION VALUES ('20210407QS1747352330107',2796,null,'QS','2021-04-07','2021-04-08',null,'active');
-- ------- SAMPLE 1797 ----------
INSERT INTO GUEST VALUES(2797,'Demarcus','Dearborn','DDearborn@yahoo.com','1234 DaWrong Lane','Flonkerton','MD','12345','523-170-6809');
INSERT INTO RESERVATION VALUES ('20180511QS1966883688312',2797,113,'QS','2018-05-11','2018-05-15',null,'complete');
INSERT INTO INVOICECHARGE VALUES ('20180511QS1966883688312-ch00001','20180511QS1966883688312','2018-05-11',309.61,'Base room charge');
INSERT INTO INVOICECHARGE VALUES ('20180511QS1966883688312-ch00002','20180511QS1966883688312','2018-05-11',159.5,'Room Service');
INSERT INTO PAYMENT VALUES ('20180511QS1966883688312-p00001','20180511QS1966883688312','2018-05-13','CC',469.11,'Demarcus Dearborn','9051510953906017',3,2021,894,'Mastercard');
-- ------- SAMPLE 1798 ----------
INSERT INTO GUEST VALUES(2798,'Julene','Jahn','JJahn@yahoo.com','1234 DaWrong Lane','Flonkerton','MD','12345','233-380-7206');
INSERT INTO RESERVATION VALUES ('20180813KS7480573021682',2798,201,'KS','2018-08-13','2018-08-18',null,'complete');
INSERT INTO INVOICECHARGE VALUES ('20180813KS7480573021682-ch00001','20180813KS7480573021682','2018-08-13',533.07,'Base room charge');
INSERT INTO PAYMENT VALUES ('20180813KS7480573021682-p00001','20180813KS7480573021682','2018-08-15','CC',533.07,'Julene Jahn','2319352290289371',11,2022,397,'Mastercard');
-- ------- SAMPLE 1799 ----------
INSERT INTO GUEST VALUES(2799,'Missy','Mcclintock','MMcclintock@gmail.com','1234 DaWrong Lane','Flonkerton','MD','12345','071-173-0508');
INSERT INTO RESERVATION VALUES ('20190629KJ7071238320923',2799,109,'KJ','2019-06-29','2019-07-02',null,'complete');
INSERT INTO INVOICECHARGE VALUES ('20190629KJ7071238320923-ch00001','20190629KJ7071238320923','2019-06-29',274.43,'Base room charge');
INSERT INTO INVOICECHARGE VALUES ('20190629KJ7071238320923-ch00002','20190629KJ7071238320923','2019-06-29',141.37,'Cleaning fee');
INSERT INTO PAYMENT (payment_id,invoice_id,payment_date,payment_type,payment_amount) VALUES ('20190629KJ7071238320923-p00001','20190629KJ7071238320923','2019-07-01','CA',415.81);
-- ------- SAMPLE 1800 ----------
INSERT INTO GUEST VALUES(2800,'Missy','Mcclintock','MMcclintock@gmail.com','1234 DaWrong Lane','Flonkerton','MD','12345','761-374-6772');
INSERT INTO RESERVATION VALUES ('20180510KI3277456275718',2800,209,'KI','2018-05-10','2018-05-14',null,'complete');
INSERT INTO INVOICECHARGE VALUES ('20180510KI3277456275718-ch00001','20180510KI3277456275718','2018-05-10',225.16,'Base room charge');
INSERT INTO INVOICECHARGE VALUES ('20180510KI3277456275718-ch00002','20180510KI3277456275718','2018-05-10',115.99,'Room Service');
INSERT INTO PAYMENT VALUES ('20180510KI3277456275718-p00001','20180510KI3277456275718','2018-05-12','CC',341.16,'Missy Mcclintock','1965554321722352',4,2025,638,'Mastercard');
-- ------- SAMPLE 1801 ----------
INSERT INTO GUEST VALUES(2801,'Romaine','Reck','RReck@hotmail.com','1234 DaWrong Lane','Flonkerton','MD','12345','925-753-9897');
INSERT INTO RESERVATION VALUES ('20200211QD4082031841936',2801,101,'QD','2020-02-11','2020-02-12',null,'complete');
INSERT INTO INVOICECHARGE VALUES ('20200211QD4082031841936-ch00001','20200211QD4082031841936','2020-02-11',95.95,'Base room charge');
INSERT INTO PAYMENT (payment_id,invoice_id,payment_date,payment_type,payment_amount) VALUES ('20200211QD4082031841936-p00001','20200211QD4082031841936','2020-02-13','CA',95.95);
-- ------- SAMPLE 1802 ----------
INSERT INTO GUEST VALUES(2802,'Fleta','Fickel','FFickel@gmail.com','1234 DaWrong Lane','Flonkerton','MD','12345','605-778-7377');
INSERT INTO RESERVATION VALUES ('20201014KI2040012331551',2802,null,'KI','2020-10-14','2020-10-17',null,'active');
-- ------- SAMPLE 1803 ----------
INSERT INTO GUEST VALUES(2803,'Liliana','Lueck','LLueck@hotmail.com','1234 DaWrong Lane','Flonkerton','MD','12345','663-332-5307');
INSERT INTO RESERVATION VALUES ('20180629KI7228053093138',2803,110,'KI','2018-06-29','2018-07-04',null,'complete');
INSERT INTO INVOICECHARGE VALUES ('20180629KI7228053093138-ch00001','20180629KI7228053093138','2018-06-29',281.45,'Base room charge');
INSERT INTO INVOICECHARGE VALUES ('20180629KI7228053093138-ch00002','20180629KI7228053093138','2018-06-29',144.99,'Room Service');
INSERT INTO PAYMENT VALUES ('20180629KI7228053093138-p00001','20180629KI7228053093138','2018-07-01','CC',426.45,'Liliana Lueck','5685777671837107',5,2025,760,'Mastercard');
-- ------- SAMPLE 1804 ----------
INSERT INTO GUEST VALUES(2804,'Jeanene','Jacobo','JJacobo@hotmail.com','1234 DaWrong Lane','Flonkerton','MD','12345','402-183-9555');
INSERT INTO RESERVATION VALUES ('20200621KS3224500789614',2804,null,'KS','2020-06-21','2020-06-24',null,'active');
INSERT INTO INVOICECHARGE VALUES ('20200621KS3224500789614-ch00001','20200621KS3224500789614','2020-06-21',319.84,'Base room charge');
INSERT INTO PAYMENT (payment_id,invoice_id,payment_date,payment_type,payment_amount) VALUES ('20200621KS3224500789614-p00001','20200621KS3224500789614','2020-06-23','CA',319.84);
-- ------- SAMPLE 1805 ----------
INSERT INTO GUEST VALUES(2805,'Audrey','Aikens','AAikens@yahoo.com','1234 DaWrong Lane','Flonkerton','MD','12345','431-743-0340');
INSERT INTO RESERVATION VALUES ('20200624KI3569821709021',2805,null,'KI','2020-06-24','2020-06-27',null,'active');
INSERT INTO INVOICECHARGE VALUES ('20200624KI3569821709021-ch00001','20200624KI3569821709021','2020-06-24',255.87,'Base room charge');
INSERT INTO PAYMENT VALUES ('20200624KI3569821709021-p00001','20200624KI3569821709021','2020-06-26','CC',255.87,'Audrey Aikens','1688057301360461',8,2025,438,'Mastercard');
-- ------- SAMPLE 1806 ----------
INSERT INTO GUEST VALUES(2806,'Natalya','Neathery','NNeathery@gmail.com','1234 DaWrong Lane','Flonkerton','MD','12345','306-873-0763');
INSERT INTO RESERVATION VALUES ('20210111KJ3717376288550',2806,null,'KJ','2021-01-11','2021-01-16',null,'active');
INSERT INTO INVOICECHARGE VALUES ('20210111KJ3717376288550-ch00001','20210111KJ3717376288550','2021-01-11',693.01,'Base room charge');
INSERT INTO PAYMENT VALUES ('20210111KJ3717376288550-p00001','20210111KJ3717376288550','2021-01-13','CC',467,'Natalya Neathery','4193960309803612',6,2021,303,'Mastercard');
-- ------- SAMPLE 1807 ----------
INSERT INTO GUEST VALUES(2807,'Ngan','Nalley','NNalley@hotmail.com','1234 DaWrong Lane','Flonkerton','MD','12345','691-606-8243');
INSERT INTO RESERVATION VALUES ('20200729QD6444302935904',2807,null,'QD','2020-07-29','2020-08-03',null,'active');
INSERT INTO INVOICECHARGE VALUES ('20200729QD6444302935904-ch00001','20200729QD6444302935904','2020-07-29',479.76,'Base room charge');
INSERT INTO PAYMENT VALUES ('20200729QD6444302935904-p00001','20200729QD6444302935904','2020-07-31','CC',479.76,'Ngan Nalley','1547245183766538',4,2024,40,'Mastercard');
-- ------- SAMPLE 1808 ----------
INSERT INTO GUEST VALUES(2808,'Florentino','Feth','FFeth@yahoo.com','1234 DaWrong Lane','Flonkerton','MD','12345','246-698-3763');
INSERT INTO RESERVATION VALUES ('20190505QS6332982258720',2808,202,'QS','2019-05-05','2019-05-06',null,'complete');
INSERT INTO INVOICECHARGE VALUES ('20190505QS6332982258720-ch00001','20190505QS6332982258720','2019-05-05',117.28,'Base room charge');
INSERT INTO PAYMENT VALUES ('20190505QS6332982258720-p00001','20190505QS6332982258720','2019-05-07','CC',117.28,'Florentino Feth','9506329906333872',6,2026,598,'Mastercard');
-- ------- SAMPLE 1809 ----------
INSERT INTO GUEST VALUES(2809,'Randal','Rohman','RRohman@gmail.com','1234 DaWrong Lane','Flonkerton','MD','12345','451-022-9392');
INSERT INTO RESERVATION VALUES ('20190712QD2048132296651',2809,101,'QD','2019-07-12','2019-07-15',null,'complete');
INSERT INTO INVOICECHARGE VALUES ('20190712QD2048132296651-ch00001','20190712QD2048132296651','2019-07-12',287.86,'Base room charge');
INSERT INTO PAYMENT (payment_id,invoice_id,payment_date,payment_type,payment_amount) VALUES ('20190712QD2048132296651-p00001','20190712QD2048132296651','2019-07-14','CA',287.86);
-- ------- SAMPLE 1810 ----------
INSERT INTO GUEST VALUES(2810,'Selene','Staiger','SStaiger@gmail.com','1234 DaWrong Lane','Flonkerton','MD','12345','890-761-2960');
INSERT INTO RESERVATION VALUES ('20201127QS9005243870461',2810,null,'QS','2020-11-27','2020-11-30',null,'active');
INSERT INTO INVOICECHARGE VALUES ('20201127QS9005243870461-ch00001','20201127QS9005243870461','2020-11-27',232.21,'Base room charge');
INSERT INTO INVOICECHARGE VALUES ('20201127QS9005243870461-ch00002','20201127QS9005243870461','2020-11-27',119.62,'Cleaning fee');
INSERT INTO PAYMENT VALUES ('20201127QS9005243870461-p00001','20201127QS9005243870461','2020-11-29','CC',351.83,'Selene Staiger','9174251072155300',1,2025,820,'Mastercard');
-- ------- SAMPLE 1811 ----------
INSERT INTO GUEST VALUES(2811,'Jarrett','Janelle','JJanelle@hotmail.com','1234 DaWrong Lane','Flonkerton','MD','12345','663-589-0573');
INSERT INTO RESERVATION VALUES ('20210215KS6208130626019',2811,null,'KS','2021-02-15','2021-02-20',null,'active');
-- ------- SAMPLE 1812 ----------
INSERT INTO GUEST VALUES(2812,'Kathern','Korn','KKorn@gmail.com','1234 DaWrong Lane','Flonkerton','MD','12345','453-334-6961');
INSERT INTO RESERVATION VALUES ('20190328KJ8846632098885',2812,114,'KJ','2019-03-28','2019-03-31',null,'complete');
INSERT INTO INVOICECHARGE VALUES ('20190328KJ8846632098885-ch00001','20190328KJ8846632098885','2019-03-28',415.81,'Base room charge');
INSERT INTO PAYMENT (payment_id,invoice_id,payment_date,payment_type,payment_amount) VALUES ('20190328KJ8846632098885-p00001','20190328KJ8846632098885','2019-03-30','CA',415.81);
-- ------- SAMPLE 1813 ----------
INSERT INTO GUEST VALUES(2813,'Delora','Delph','DDelph@gmail.com','1234 DaWrong Lane','Flonkerton','MD','12345','563-853-7348');
INSERT INTO RESERVATION VALUES ('20190913QS9091061673309',2813,207,'QS','2019-09-13','2019-09-14',null,'complete');
INSERT INTO INVOICECHARGE VALUES ('20190913QS9091061673309-ch00001','20190913QS9091061673309','2019-09-13',117.28,'Base room charge');
INSERT INTO PAYMENT VALUES ('20190913QS9091061673309-p00001','20190913QS9091061673309','2019-09-15','CC',117.28,'Delora Delph','7246933401978889',9,2025,978,'Mastercard');
-- ------- SAMPLE 1814 ----------
INSERT INTO GUEST VALUES(2814,'Fiona','Figgs','FFiggs@hotmail.com','1234 DaWrong Lane','Flonkerton','MD','12345','504-675-6144');
INSERT INTO RESERVATION VALUES ('20191225QD4639174789651',2814,200,'QD','2019-12-25','2019-12-30',null,'complete');
INSERT INTO INVOICECHARGE VALUES ('20191225QD4639174789651-ch00001','20191225QD4639174789651','2019-12-25',316.64,'Base room charge');
INSERT INTO INVOICECHARGE VALUES ('20191225QD4639174789651-ch00002','20191225QD4639174789651','2019-12-25',163.12,'Room Service');
INSERT INTO PAYMENT VALUES ('20191225QD4639174789651-p00001','20191225QD4639174789651','2019-12-27','CC',479.76,'Fiona Figgs','5477029045302162',10,2024,372,'Mastercard');
-- ------- SAMPLE 1815 ----------
INSERT INTO GUEST VALUES(2815,'Lynda','Linda','LLinda@gmail.com','1234 DaWrong Lane','Flonkerton','MD','12345','284-865-1437');
INSERT INTO RESERVATION VALUES ('20180805QD8753768854948',2815,111,'QD','2018-08-05','2018-08-10',null,'complete');
INSERT INTO INVOICECHARGE VALUES ('20180805QD8753768854948-ch00001','20180805QD8753768854948','2018-08-05',479.76,'Base room charge');
INSERT INTO PAYMENT (payment_id,invoice_id,payment_date,payment_type,payment_amount) VALUES ('20180805QD8753768854948-p00001','20180805QD8753768854948','2018-08-07','CA',479.76);
-- ------- SAMPLE 1816 ----------
INSERT INTO GUEST VALUES(2816,'Antwan','Albury','AAlbury@yahoo.com','1234 DaWrong Lane','Flonkerton','MD','12345','084-324-4974');
INSERT INTO RESERVATION VALUES ('20190725KI5530700094718',2816,209,'KI','2019-07-25','2019-07-28',null,'complete');
INSERT INTO INVOICECHARGE VALUES ('20190725KI5530700094718-ch00001','20190725KI5530700094718','2019-07-25',168.87,'Base room charge');
INSERT INTO INVOICECHARGE VALUES ('20190725KI5530700094718-ch00002','20190725KI5530700094718','2019-07-25',87,'Room Service');
INSERT INTO PAYMENT (payment_id,invoice_id,payment_date,payment_type,payment_amount) VALUES ('20190725KI5530700094718-p00001','20190725KI5530700094718','2019-07-27','CA',255.87);
-- ------- SAMPLE 1817 ----------
INSERT INTO GUEST VALUES(2817,'Tai','Tookes','TTookes@hotmail.com','1234 DaWrong Lane','Flonkerton','MD','12345','473-710-4774');
INSERT INTO RESERVATION VALUES ('20191004KS5074192748659',2817,201,'KS','2019-10-04','2019-10-06',null,'complete');
INSERT INTO INVOICECHARGE VALUES ('20191004KS5074192748659-ch00001','20191004KS5074192748659','2019-10-04',140.73,'Base room charge');
INSERT INTO INVOICECHARGE VALUES ('20191004KS5074192748659-ch00002','20191004KS5074192748659','2019-10-04',72.5,'Room Service');
INSERT INTO PAYMENT VALUES ('20191004KS5074192748659-p00001','20191004KS5074192748659','2019-10-06','CC',213.23,'Tai Tookes','7745692832952198',2,2025,136,'Mastercard');
-- ------- SAMPLE 1818 ----------
INSERT INTO GUEST VALUES(2818,'Stan','Schnell','SSchnell@yahoo.com','1234 DaWrong Lane','Flonkerton','MD','12345','102-535-0312');
INSERT INTO RESERVATION VALUES ('20210411QD5070715027259',2818,null,'QD','2021-04-11','2021-04-15',null,'active');
INSERT INTO INVOICECHARGE VALUES ('20210411QD5070715027259-ch00001','20210411QD5070715027259','2021-04-11',253.31,'Base room charge');
INSERT INTO INVOICECHARGE VALUES ('20210411QD5070715027259-ch00002','20210411QD5070715027259','2021-04-11',130.49,'Cleaning fee');
INSERT INTO PAYMENT VALUES ('20210411QD5070715027259-p00001','20210411QD5070715027259','2021-04-13','CC',383.81,'Stan Schnell','8559750518576988',5,2025,692,'Mastercard');
-- ------- SAMPLE 1819 ----------
INSERT INTO GUEST VALUES(2819,'Deandra','Dimauro','DDimauro@gmail.com','1234 DaWrong Lane','Flonkerton','MD','12345','397-171-3419');
INSERT INTO RESERVATION VALUES ('20200527QD9166427700675',2819,null,'QD','2020-05-27','2020-05-31',null,'active');
INSERT INTO INVOICECHARGE VALUES ('20200527QD9166427700675-ch00001','20200527QD9166427700675','2020-05-27',253.31,'Base room charge');
INSERT INTO INVOICECHARGE VALUES ('20200527QD9166427700675-ch00002','20200527QD9166427700675','2020-05-27',130.49,'Cleaning fee');
INSERT INTO PAYMENT (payment_id,invoice_id,payment_date,payment_type,payment_amount) VALUES ('20200527QD9166427700675-p00001','20200527QD9166427700675','2020-05-29','CA',383.81);
-- ------- SAMPLE 1820 ----------
INSERT INTO GUEST VALUES(2820,'Kerstin','Khalaf','KKhalaf@gmail.com','1234 DaWrong Lane','Flonkerton','MD','12345','413-989-3510');
INSERT INTO RESERVATION VALUES ('20190606KS6300170464118',2820,102,'KS','2019-06-06','2019-06-11',null,'cancelled');
INSERT INTO INVOICECHARGE VALUES ('20190606KS6300170464118-ch00001','20190606KS6300170464118','2019-06-06',351.83,'Base room charge');
INSERT INTO INVOICECHARGE VALUES ('20190606KS6300170464118-ch00002','20190606KS6300170464118','2019-06-06',181.24,'Cleaning fee');
INSERT INTO PAYMENT VALUES ('20190606KS6300170464118-p00001','20190606KS6300170464118','2019-06-08','CC',533.07,'Kerstin Khalaf','6024275584096268',3,2022,489,'Mastercard');
-- ------- SAMPLE 1821 ----------
INSERT INTO GUEST VALUES(2821,'Delsie','Delong','DDelong@yahoo.com','1234 DaWrong Lane','Flonkerton','MD','12345','633-601-4413');
INSERT INTO RESERVATION VALUES ('20190609KI9136360195140',2821,105,'KI','2019-06-09','2019-06-13',null,'complete');
INSERT INTO INVOICECHARGE VALUES ('20190609KI9136360195140-ch00001','20190609KI9136360195140','2019-06-09',225.16,'Base room charge');
INSERT INTO INVOICECHARGE VALUES ('20190609KI9136360195140-ch00002','20190609KI9136360195140','2019-06-09',115.99,'Cleaning fee');
INSERT INTO PAYMENT VALUES ('20190609KI9136360195140-p00001','20190609KI9136360195140','2019-06-11','CC',341.16,'Delsie Delong','7543655998933392',8,2024,159,'Mastercard');
-- ------- SAMPLE 1822 ----------
INSERT INTO GUEST VALUES(2822,'Lakenya','Langston','LLangston@gmail.com','1234 DaWrong Lane','Flonkerton','MD','12345','120-302-3224');
INSERT INTO RESERVATION VALUES ('20191130QS2310070285562',2822,118,'QS','2019-11-30','2019-12-05',null,'complete');
INSERT INTO INVOICECHARGE VALUES ('20191130QS2310070285562-ch00001','20191130QS2310070285562','2019-11-30',387.01,'Base room charge');
INSERT INTO INVOICECHARGE VALUES ('20191130QS2310070285562-ch00002','20191130QS2310070285562','2019-11-30',199.37,'Room Service');
INSERT INTO PAYMENT VALUES ('20191130QS2310070285562-p00001','20191130QS2310070285562','2019-12-02','CC',586.38,'Lakenya Langston','9134439504041073',8,2026,509,'Mastercard');
-- ------- SAMPLE 1823 ----------
INSERT INTO GUEST VALUES(2823,'Walter','Wellington','WWellington@yahoo.com','1234 DaWrong Lane','Flonkerton','MD','12345','628-802-3500');
INSERT INTO RESERVATION VALUES ('20180527QS9180232451052',2823,207,'QS','2018-05-27','2018-05-29',null,'complete');
INSERT INTO INVOICECHARGE VALUES ('20180527QS9180232451052-ch00001','20180527QS9180232451052','2018-05-27',154.81,'Base room charge');
INSERT INTO INVOICECHARGE VALUES ('20180527QS9180232451052-ch00002','20180527QS9180232451052','2018-05-27',79.75,'Room Service');
INSERT INTO PAYMENT VALUES ('20180527QS9180232451052-p00001','20180527QS9180232451052','2018-05-29','CC',234.55,'Walter Wellington','6168956587634969',11,2022,537,'Mastercard');
-- ------- SAMPLE 1824 ----------
INSERT INTO GUEST VALUES(2824,'Abram','Adolph','AAdolph@yahoo.com','1234 DaWrong Lane','Flonkerton','MD','12345','009-784-7769');
INSERT INTO RESERVATION VALUES ('20200415QS7251413236973',2824,202,'QS','2020-04-15','2020-04-17',null,'complete');
INSERT INTO INVOICECHARGE VALUES ('20200415QS7251413236973-ch00001','20200415QS7251413236973','2020-04-15',234.55,'Base room charge');
INSERT INTO PAYMENT VALUES ('20200415QS7251413236973-p00001','20200415QS7251413236973','2020-04-17','CC',234.55,'Abram Adolph','2440907825584773',4,2023,829,'Mastercard');
-- ------- SAMPLE 1825 ----------
INSERT INTO GUEST VALUES(2825,'Jamey','Jen','JJen@gmail.com','1234 DaWrong Lane','Flonkerton','MD','12345','956-309-1056');
INSERT INTO RESERVATION VALUES ('20190323KJ2283805785408',2825,208,'KJ','2019-03-23','2019-03-28',null,'complete');
INSERT INTO INVOICECHARGE VALUES ('20190323KJ2283805785408-ch00001','20190323KJ2283805785408','2019-03-23',457.39,'Base room charge');
INSERT INTO INVOICECHARGE VALUES ('20190323KJ2283805785408-ch00002','20190323KJ2283805785408','2019-03-23',235.62,'Room Service');
INSERT INTO PAYMENT VALUES ('20190323KJ2283805785408-p00001','20190323KJ2283805785408','2019-03-25','CC',693.01,'Jamey Jen','6966087056442044',5,2027,816,'Mastercard');
-- ------- SAMPLE 1826 ----------
INSERT INTO GUEST VALUES(2826,'Kathey','Kingston','KKingston@hotmail.com','1234 DaWrong Lane','Flonkerton','MD','12345','542-041-5150');
INSERT INTO RESERVATION VALUES ('20181101KS3384016605225',2826,107,'KS','2018-11-01','2018-11-03',null,'complete');
INSERT INTO INVOICECHARGE VALUES ('20181101KS3384016605225-ch00001','20181101KS3384016605225','2018-11-01',140.73,'Base room charge');
INSERT INTO INVOICECHARGE VALUES ('20181101KS3384016605225-ch00002','20181101KS3384016605225','2018-11-01',72.5,'Cleaning fee');
INSERT INTO PAYMENT (payment_id,invoice_id,payment_date,payment_type,payment_amount) VALUES ('20181101KS3384016605225-p00001','20181101KS3384016605225','2018-11-03','CA',213.23);
-- ------- SAMPLE 1827 ----------
INSERT INTO GUEST VALUES(2827,'Deangelo','Deloera','DDeloera@gmail.com','1234 DaWrong Lane','Flonkerton','MD','12345','460-968-2377');
INSERT INTO RESERVATION VALUES ('20200526KI3010330839336',2827,null,'KI','2020-05-26','2020-05-30',null,'cancelled');
INSERT INTO INVOICECHARGE VALUES ('20200526KI3010330839336-ch00001','20200526KI3010330839336','2020-05-26',225.16,'Base room charge');
INSERT INTO INVOICECHARGE VALUES ('20200526KI3010330839336-ch00002','20200526KI3010330839336','2020-05-26',115.99,'Cleaning fee');
INSERT INTO PAYMENT VALUES ('20200526KI3010330839336-p00001','20200526KI3010330839336','2020-05-28','CC',341.16,'Deangelo Deloera','9977995395614906',2,2024,11,'Mastercard');
-- ------- SAMPLE 1828 ----------
INSERT INTO GUEST VALUES(2828,'Delsie','Dunstan','DDunstan@yahoo.com','1234 DaWrong Lane','Flonkerton','MD','12345','524-760-6805');
INSERT INTO RESERVATION VALUES ('20190514KI2539225568814',2828,204,'KI','2019-05-14','2019-05-18',null,'complete');
INSERT INTO INVOICECHARGE VALUES ('20190514KI2539225568814-ch00001','20190514KI2539225568814','2019-05-14',225.16,'Base room charge');
INSERT INTO INVOICECHARGE VALUES ('20190514KI2539225568814-ch00002','20190514KI2539225568814','2019-05-14',115.99,'Room Service');
INSERT INTO PAYMENT VALUES ('20190514KI2539225568814-p00001','20190514KI2539225568814','2019-05-16','CC',341.16,'Delsie Dunstan','6887579236655043',6,2025,977,'Mastercard');
-- ------- SAMPLE 1829 ----------
INSERT INTO GUEST VALUES(2829,'Natalia','Nowacki','NNowacki@yahoo.com','1234 DaWrong Lane','Flonkerton','MD','12345','582-740-1364');
INSERT INTO RESERVATION VALUES ('20180606KI3204963706555',2829,120,'KI','2018-06-06','2018-06-08',null,'complete');
INSERT INTO INVOICECHARGE VALUES ('20180606KI3204963706555-ch00001','20180606KI3204963706555','2018-06-06',170.58,'Base room charge');
INSERT INTO PAYMENT VALUES ('20180606KI3204963706555-p00001','20180606KI3204963706555','2018-06-08','CC',170.58,'Natalia Nowacki','5886103825978659',8,2025,191,'Mastercard');
-- ------- SAMPLE 1830 ----------
INSERT INTO GUEST VALUES(2830,'Shera','Shorter','SShorter@yahoo.com','1234 DaWrong Lane','Flonkerton','MD','12345','100-823-5352');
INSERT INTO RESERVATION VALUES ('20190703KI9034625642169',2830,209,'KI','2019-07-03','2019-07-08',null,'cancelled');
INSERT INTO INVOICECHARGE VALUES ('20190703KI9034625642169-ch00001','20190703KI9034625642169','2019-07-03',426.45,'Base room charge');
INSERT INTO PAYMENT VALUES ('20190703KI9034625642169-p00001','20190703KI9034625642169','2019-07-05','CC',426.45,'Shera Shorter','4092855476924648',6,2023,918,'Mastercard');
-- ------- SAMPLE 1831 ----------
INSERT INTO GUEST VALUES(2831,'Shena','Sandoz','SSandoz@yahoo.com','1234 DaWrong Lane','Flonkerton','MD','12345','296-253-3830');
INSERT INTO RESERVATION VALUES ('20190828QS4527971694362',2831,113,'QS','2019-08-28','2019-08-30',null,'complete');
INSERT INTO INVOICECHARGE VALUES ('20190828QS4527971694362-ch00001','20190828QS4527971694362','2019-08-28',154.81,'Base room charge');
INSERT INTO INVOICECHARGE VALUES ('20190828QS4527971694362-ch00002','20190828QS4527971694362','2019-08-28',79.75,'Room Service');
INSERT INTO PAYMENT VALUES ('20190828QS4527971694362-p00001','20190828QS4527971694362','2019-08-30','CC',234.55,'Shena Sandoz','1963795518173572',3,2025,756,'Mastercard');
-- ------- SAMPLE 1832 ----------
INSERT INTO GUEST VALUES(2832,'Leonore','Losh','LLosh@gmail.com','1234 DaWrong Lane','Flonkerton','MD','12345','849-459-9689');
INSERT INTO RESERVATION VALUES ('20190820KS1399901103576',2832,112,'KS','2019-08-20','2019-08-21',null,'complete');
INSERT INTO INVOICECHARGE VALUES ('20190820KS1399901103576-ch00001','20190820KS1399901103576','2019-08-20',70.37,'Base room charge');
INSERT INTO INVOICECHARGE VALUES ('20190820KS1399901103576-ch00002','20190820KS1399901103576','2019-08-20',36.25,'Room Service');
INSERT INTO PAYMENT VALUES ('20190820KS1399901103576-p00001','20190820KS1399901103576','2019-08-22','CC',106.61,'Leonore Losh','3780986489935832',3,2023,823,'Mastercard');
-- ------- SAMPLE 1833 ----------
INSERT INTO GUEST VALUES(2833,'Deangelo','Deloera','DDeloera@hotmail.com','1234 DaWrong Lane','Flonkerton','MD','12345','689-175-8176');
INSERT INTO RESERVATION VALUES ('20190926KJ6083522848536',2833,203,'KJ','2019-09-26','2019-09-30',null,'complete');
INSERT INTO INVOICECHARGE VALUES ('20190926KJ6083522848536-ch00001','20190926KJ6083522848536','2019-09-26',365.91,'Base room charge');
INSERT INTO INVOICECHARGE VALUES ('20190926KJ6083522848536-ch00002','20190926KJ6083522848536','2019-09-26',188.5,'Room Service');
INSERT INTO PAYMENT (payment_id,invoice_id,payment_date,payment_type,payment_amount) VALUES ('20190926KJ6083522848536-p00001','20190926KJ6083522848536','2019-09-28','CA',554.41);
-- ------- SAMPLE 1834 ----------
INSERT INTO GUEST VALUES(2834,'Tomika','Teran','TTeran@gmail.com','1234 DaWrong Lane','Flonkerton','MD','12345','981-114-5285');
INSERT INTO RESERVATION VALUES ('20191031KS8580992228487',2834,102,'KS','2019-10-31','2019-11-03',null,'complete');
INSERT INTO INVOICECHARGE VALUES ('20191031KS8580992228487-ch00001','20191031KS8580992228487','2019-10-31',319.84,'Base room charge');
INSERT INTO PAYMENT (payment_id,invoice_id,payment_date,payment_type,payment_amount) VALUES ('20191031KS8580992228487-p00001','20191031KS8580992228487','2019-11-02','CA',319.84);
-- ------- SAMPLE 1835 ----------
INSERT INTO GUEST VALUES(2835,'Keturah','Kagawa','KKagawa@yahoo.com','1234 DaWrong Lane','Flonkerton','MD','12345','826-769-8123');
INSERT INTO RESERVATION VALUES ('20180806KJ1731281824527',2835,109,'KJ','2018-08-06','2018-08-10',null,'cancelled');
INSERT INTO INVOICECHARGE VALUES ('20180806KJ1731281824527-ch00001','20180806KJ1731281824527','2018-08-06',554.41,'Base room charge');
INSERT INTO PAYMENT VALUES ('20180806KJ1731281824527-p00001','20180806KJ1731281824527','2018-08-08','CC',554.41,'Keturah Kagawa','2831936010166975',8,2022,375,'Mastercard');
-- ------- SAMPLE 1836 ----------
INSERT INTO GUEST VALUES(2836,'Kandra','Kelty','KKelty@yahoo.com','1234 DaWrong Lane','Flonkerton','MD','12345','785-675-8435');
INSERT INTO RESERVATION VALUES ('20201227KJ2710707521513',2836,null,'KJ','2020-12-27','2020-12-28',null,'active');
-- ------- SAMPLE 1837 ----------
INSERT INTO GUEST VALUES(2837,'Delora','Delph','DDelph@gmail.com','1234 DaWrong Lane','Flonkerton','MD','12345','198-413-6747');
INSERT INTO RESERVATION VALUES ('20190908QS9787127118717',2837,118,'QS','2019-09-08','2019-09-13',null,'complete');
INSERT INTO INVOICECHARGE VALUES ('20190908QS9787127118717-ch00001','20190908QS9787127118717','2019-09-08',387.01,'Base room charge');
INSERT INTO INVOICECHARGE VALUES ('20190908QS9787127118717-ch00002','20190908QS9787127118717','2019-09-08',199.37,'Cleaning fee');
INSERT INTO PAYMENT VALUES ('20190908QS9787127118717-p00001','20190908QS9787127118717','2019-09-10','CC',586.38,'Delora Delph','9504716092414872',9,2024,576,'Mastercard');
-- ------- SAMPLE 1838 ----------
INSERT INTO GUEST VALUES(2838,'Tanner','Tomasello','TTomasello@hotmail.com','1234 DaWrong Lane','Flonkerton','MD','12345','603-401-5492');
INSERT INTO RESERVATION VALUES ('20180527KJ2670168048978',2838,208,'KJ','2018-05-27','2018-05-30',null,'complete');
INSERT INTO INVOICECHARGE VALUES ('20180527KJ2670168048978-ch00001','20180527KJ2670168048978','2018-05-27',415.81,'Base room charge');
INSERT INTO PAYMENT (payment_id,invoice_id,payment_date,payment_type,payment_amount) VALUES ('20180527KJ2670168048978-p00001','20180527KJ2670168048978','2018-05-29','CA',415.81);
-- ------- SAMPLE 1839 ----------
INSERT INTO GUEST VALUES(2839,'Mario','Macdowell','MMacdowell@hotmail.com','1234 DaWrong Lane','Flonkerton','MD','12345','908-341-2942');
INSERT INTO RESERVATION VALUES ('20200530KS3987946254170',2839,null,'KS','2020-05-30','2020-06-04',null,'active');
INSERT INTO INVOICECHARGE VALUES ('20200530KS3987946254170-ch00001','20200530KS3987946254170','2020-05-30',533.07,'Base room charge');
INSERT INTO PAYMENT VALUES ('20200530KS3987946254170-p00001','20200530KS3987946254170','2020-06-01','CC',533.07,'Mario Macdowell','3136134605199536',12,2022,200,'Mastercard');
-- ------- SAMPLE 1840 ----------
INSERT INTO GUEST VALUES(2840,'Eryn','Edenfield','EEdenfield@yahoo.com','1234 DaWrong Lane','Flonkerton','MD','12345','247-728-5602');
INSERT INTO RESERVATION VALUES ('20200302KI8895273057236',2840,209,'KI','2020-03-02','2020-03-06',null,'complete');
INSERT INTO INVOICECHARGE VALUES ('20200302KI8895273057236-ch00001','20200302KI8895273057236','2020-03-02',341.16,'Base room charge');
INSERT INTO PAYMENT VALUES ('20200302KI8895273057236-p00001','20200302KI8895273057236','2020-03-04','CC',341.16,'Eryn Edenfield','6858091790742764',5,2021,641,'Mastercard');
-- ------- SAMPLE 1841 ----------
INSERT INTO GUEST VALUES(2841,'Dane','Dumond','DDumond@gmail.com','1234 DaWrong Lane','Flonkerton','MD','12345','210-551-1164');
INSERT INTO RESERVATION VALUES ('20190312KI8992222299633',2841,209,'KI','2019-03-12','2019-03-13',null,'complete');
INSERT INTO INVOICECHARGE VALUES ('20190312KI8992222299633-ch00001','20190312KI8992222299633','2019-03-12',56.29,'Base room charge');
INSERT INTO INVOICECHARGE VALUES ('20190312KI8992222299633-ch00002','20190312KI8992222299633','2019-03-12',29,'Room Service');
INSERT INTO PAYMENT VALUES ('20190312KI8992222299633-p00001','20190312KI8992222299633','2019-03-14','CC',85.29,'Dane Dumond','9000280132153519',8,2023,784,'Mastercard');
-- ------- SAMPLE 1842 ----------
INSERT INTO GUEST VALUES(2842,'Dane','Dumond','DDumond@gmail.com','1234 DaWrong Lane','Flonkerton','MD','12345','752-822-8547');
INSERT INTO RESERVATION VALUES ('20181212KJ9225551345536',2842,104,'KJ','2018-12-12','2018-12-15',null,'cancelled');
INSERT INTO INVOICECHARGE VALUES ('20181212KJ9225551345536-ch00001','20181212KJ9225551345536','2018-12-12',415.81,'Base room charge');
INSERT INTO PAYMENT VALUES ('20181212KJ9225551345536-p00001','20181212KJ9225551345536','2018-12-14','CC',415.81,'Dane Dumond','7212462707104575',2,2021,30,'Mastercard');
-- ------- SAMPLE 1843 ----------
INSERT INTO GUEST VALUES(2843,'Natalya','Neathery','NNeathery@hotmail.com','1234 DaWrong Lane','Flonkerton','MD','12345','449-770-2950');
INSERT INTO RESERVATION VALUES ('20180602KJ3226432196187',2843,208,'KJ','2018-06-02','2018-06-04',null,'complete');
INSERT INTO INVOICECHARGE VALUES ('20180602KJ3226432196187-ch00001','20180602KJ3226432196187','2018-06-02',182.95,'Base room charge');
INSERT INTO INVOICECHARGE VALUES ('20180602KJ3226432196187-ch00002','20180602KJ3226432196187','2018-06-02',94.25,'Cleaning fee');
INSERT INTO PAYMENT VALUES ('20180602KJ3226432196187-p00001','20180602KJ3226432196187','2018-06-04','CC',277.2,'Natalya Neathery','7061248455074090',7,2023,211,'Mastercard');
-- ------- SAMPLE 1844 ----------
INSERT INTO GUEST VALUES(2844,'Yuette','Yetman','YYetman@hotmail.com','1234 DaWrong Lane','Flonkerton','MD','12345','301-499-6068');
INSERT INTO RESERVATION VALUES ('20191213KS2972042365275',2844,107,'KS','2019-12-13','2019-12-14',null,'complete');
INSERT INTO INVOICECHARGE VALUES ('20191213KS2972042365275-ch00001','20191213KS2972042365275','2019-12-13',106.61,'Base room charge');
INSERT INTO PAYMENT VALUES ('20191213KS2972042365275-p00001','20191213KS2972042365275','2019-12-15','CC',106.61,'Yuette Yetman','9287223259593974',4,2022,768,'Mastercard');
-- ------- SAMPLE 1845 ----------
INSERT INTO GUEST VALUES(2845,'Floy','Feinstein','FFeinstein@yahoo.com','1234 DaWrong Lane','Flonkerton','MD','12345','093-286-7256');
INSERT INTO RESERVATION VALUES ('20210221KI4808329307695',2845,null,'KI','2021-02-21','2021-02-22',null,'active');
INSERT INTO INVOICECHARGE VALUES ('20210221KI4808329307695-ch00001','20210221KI4808329307695','2021-02-21',85.29,'Base room charge');
INSERT INTO PAYMENT VALUES ('20210221KI4808329307695-p00001','20210221KI4808329307695','2021-02-23','CC',73,'Floy Feinstein','8783295299618070',6,2022,836,'Mastercard');
-- ------- SAMPLE 1846 ----------
INSERT INTO GUEST VALUES(2846,'Shera','Shorter','SShorter@hotmail.com','1234 DaWrong Lane','Flonkerton','MD','12345','247-752-4015');
INSERT INTO RESERVATION VALUES ('20200912KS2626301670090',2846,null,'KS','2020-09-12','2020-09-17',null,'active');
-- ------- SAMPLE 1847 ----------
INSERT INTO GUEST VALUES(2847,'Bradley','Bently','BBently@hotmail.com','1234 DaWrong Lane','Flonkerton','MD','12345','612-176-8968');
INSERT INTO RESERVATION VALUES ('20200224KS6347143588827',2847,107,'KS','2020-02-24','2020-02-29',null,'complete');
INSERT INTO INVOICECHARGE VALUES ('20200224KS6347143588827-ch00001','20200224KS6347143588827','2020-02-24',533.07,'Base room charge');
INSERT INTO PAYMENT VALUES ('20200224KS6347143588827-p00001','20200224KS6347143588827','2020-02-26','CC',533.07,'Bradley Bently','2465883650492023',2,2021,660,'Mastercard');
-- ------- SAMPLE 1848 ----------
INSERT INTO GUEST VALUES(2848,'Deandre','Defore','DDefore@gmail.com','1234 DaWrong Lane','Flonkerton','MD','12345','831-491-6488');
INSERT INTO RESERVATION VALUES ('20200719KJ5617053051783',2848,null,'KJ','2020-07-19','2020-07-22',null,'active');
INSERT INTO INVOICECHARGE VALUES ('20200719KJ5617053051783-ch00001','20200719KJ5617053051783','2020-07-19',274.43,'Base room charge');
INSERT INTO INVOICECHARGE VALUES ('20200719KJ5617053051783-ch00002','20200719KJ5617053051783','2020-07-19',141.37,'Cleaning fee');
INSERT INTO PAYMENT (payment_id,invoice_id,payment_date,payment_type,payment_amount) VALUES ('20200719KJ5617053051783-p00001','20200719KJ5617053051783','2020-07-21','CA',99);
-- ------- SAMPLE 1849 ----------
INSERT INTO GUEST VALUES(2849,'Rose','Royall','RRoyall@yahoo.com','1234 DaWrong Lane','Flonkerton','MD','12345','524-291-7862');
INSERT INTO RESERVATION VALUES ('20180915QD2986879000954',2849,101,'QD','2018-09-15','2018-09-16',null,'complete');
INSERT INTO INVOICECHARGE VALUES ('20180915QD2986879000954-ch00001','20180915QD2986879000954','2018-09-15',95.95,'Base room charge');
INSERT INTO PAYMENT VALUES ('20180915QD2986879000954-p00001','20180915QD2986879000954','2018-09-17','CC',95.95,'Rose Royall','6157270639519142',4,2025,411,'Mastercard');
-- ------- SAMPLE 1850 ----------
INSERT INTO GUEST VALUES(2850,'Tifany','Temple','TTemple@gmail.com','1234 DaWrong Lane','Flonkerton','MD','12345','210-553-3257');
INSERT INTO RESERVATION VALUES ('20180713KS9484413751556',2850,206,'KS','2018-07-13','2018-07-15',null,'cancelled');
INSERT INTO INVOICECHARGE VALUES ('20180713KS9484413751556-ch00001','20180713KS9484413751556','2018-07-13',213.23,'Base room charge');
INSERT INTO PAYMENT VALUES ('20180713KS9484413751556-p00001','20180713KS9484413751556','2018-07-15','CC',213.23,'Tifany Temple','7394915266239399',5,2025,977,'Mastercard');
-- ------- SAMPLE 1851 ----------
INSERT INTO GUEST VALUES(2851,'Shena','Sandoz','SSandoz@yahoo.com','1234 DaWrong Lane','Flonkerton','MD','12345','014-335-6844');
INSERT INTO RESERVATION VALUES ('20191004KI7584243740020',2851,115,'KI','2019-10-04','2019-10-09',null,'complete');
INSERT INTO INVOICECHARGE VALUES ('20191004KI7584243740020-ch00001','20191004KI7584243740020','2019-10-04',281.45,'Base room charge');
INSERT INTO INVOICECHARGE VALUES ('20191004KI7584243740020-ch00002','20191004KI7584243740020','2019-10-04',144.99,'Cleaning fee');
INSERT INTO PAYMENT VALUES ('20191004KI7584243740020-p00001','20191004KI7584243740020','2019-10-06','CC',426.45,'Shena Sandoz','3903217142663764',8,2023,843,'Mastercard');
-- ------- SAMPLE 1852 ----------
INSERT INTO GUEST VALUES(2852,'Alverta','Arce','AArce@hotmail.com','1234 DaWrong Lane','Flonkerton','MD','12345','662-906-7147');
INSERT INTO RESERVATION VALUES ('20210425QS9935136681279',2852,null,'QS','2021-04-25','2021-04-30',null,'active');
INSERT INTO INVOICECHARGE VALUES ('20210425QS9935136681279-ch00001','20210425QS9935136681279','2021-04-25',586.38,'Base room charge');
INSERT INTO PAYMENT (payment_id,invoice_id,payment_date,payment_type,payment_amount) VALUES ('20210425QS9935136681279-p00001','20210425QS9935136681279','2021-04-27','CA',536);
-- ------- SAMPLE 1853 ----------
INSERT INTO GUEST VALUES(2853,'Shaneka','Stribling','SStribling@gmail.com','1234 DaWrong Lane','Flonkerton','MD','12345','079-237-1038');
INSERT INTO RESERVATION VALUES ('20200211KI8065245188646',2853,115,'KI','2020-02-11','2020-02-12',null,'complete');
INSERT INTO INVOICECHARGE VALUES ('20200211KI8065245188646-ch00001','20200211KI8065245188646','2020-02-11',56.29,'Base room charge');
INSERT INTO INVOICECHARGE VALUES ('20200211KI8065245188646-ch00002','20200211KI8065245188646','2020-02-11',29,'Cleaning fee');
INSERT INTO PAYMENT VALUES ('20200211KI8065245188646-p00001','20200211KI8065245188646','2020-02-13','CC',85.29,'Shaneka Stribling','4673625088262858',2,2021,905,'Mastercard');
-- ------- SAMPLE 1854 ----------
INSERT INTO GUEST VALUES(2854,'Raven','Rybicki','RRybicki@hotmail.com','1234 DaWrong Lane','Flonkerton','MD','12345','236-337-9151');
INSERT INTO RESERVATION VALUES ('20181017QS9586869298480',2854,108,'QS','2018-10-17','2018-10-20',null,'complete');
INSERT INTO INVOICECHARGE VALUES ('20181017QS9586869298480-ch00001','20181017QS9586869298480','2018-10-17',351.83,'Base room charge');
INSERT INTO PAYMENT VALUES ('20181017QS9586869298480-p00001','20181017QS9586869298480','2018-10-19','CC',351.83,'Raven Rybicki','3773956554357194',9,2022,361,'Mastercard');
-- ------- SAMPLE 1855 ----------
INSERT INTO GUEST VALUES(2855,'Stan','Schnell','SSchnell@yahoo.com','1234 DaWrong Lane','Flonkerton','MD','12345','723-904-5192');
INSERT INTO RESERVATION VALUES ('20200622KI7487611473235',2855,null,'KI','2020-06-22','2020-06-27',null,'cancelled');
INSERT INTO INVOICECHARGE VALUES ('20200622KI7487611473235-ch00001','20200622KI7487611473235','2020-06-22',281.45,'Base room charge');
INSERT INTO INVOICECHARGE VALUES ('20200622KI7487611473235-ch00002','20200622KI7487611473235','2020-06-22',144.99,'Room Service');
INSERT INTO PAYMENT VALUES ('20200622KI7487611473235-p00001','20200622KI7487611473235','2020-06-24','CC',81,'Stan Schnell','7086343058806296',1,2026,99,'Mastercard');
-- ------- SAMPLE 1856 ----------
INSERT INTO GUEST VALUES(2856,'Linwood','Layden','LLayden@gmail.com','1234 DaWrong Lane','Flonkerton','MD','12345','709-177-9918');
INSERT INTO RESERVATION VALUES ('20190627KJ3781414869747',2856,104,'KJ','2019-06-27','2019-06-29',null,'complete');
INSERT INTO INVOICECHARGE VALUES ('20190627KJ3781414869747-ch00001','20190627KJ3781414869747','2019-06-27',277.2,'Base room charge');
INSERT INTO PAYMENT VALUES ('20190627KJ3781414869747-p00001','20190627KJ3781414869747','2019-06-29','CC',277.2,'Linwood Layden','2070539520930689',6,2026,335,'Mastercard');
-- ------- SAMPLE 1857 ----------
INSERT INTO GUEST VALUES(2857,'Fredericka','Farney','FFarney@gmail.com','1234 DaWrong Lane','Flonkerton','MD','12345','082-781-7940');
INSERT INTO RESERVATION VALUES ('20200504QD2553130806565',2857,106,'QD','2020-05-04','2020-05-08',null,'cancelled');
-- ------- SAMPLE 1858 ----------
INSERT INTO GUEST VALUES(2858,'Lynda','Linda','LLinda@gmail.com','1234 DaWrong Lane','Flonkerton','MD','12345','863-472-3102');
INSERT INTO RESERVATION VALUES ('20181121QD2651568697389',2858,205,'QD','2018-11-21','2018-11-22',null,'cancelled');
INSERT INTO INVOICECHARGE VALUES ('20181121QD2651568697389-ch00001','20181121QD2651568697389','2018-11-21',95.95,'Base room charge');
INSERT INTO PAYMENT VALUES ('20181121QD2651568697389-p00001','20181121QD2651568697389','2018-11-23','CC',95.95,'Lynda Linda','6137519099004941',3,2021,517,'Mastercard');
-- ------- SAMPLE 1859 ----------
INSERT INTO GUEST VALUES(2859,'Clara','Crimmins','CCrimmins@hotmail.com','1234 DaWrong Lane','Flonkerton','MD','12345','694-379-1187');
INSERT INTO RESERVATION VALUES ('20210303KI2413763465951',2859,null,'KI','2021-03-03','2021-03-08',null,'active');
INSERT INTO INVOICECHARGE VALUES ('20210303KI2413763465951-ch00001','20210303KI2413763465951','2021-03-03',281.45,'Base room charge');
INSERT INTO INVOICECHARGE VALUES ('20210303KI2413763465951-ch00002','20210303KI2413763465951','2021-03-03',144.99,'Room Service');
INSERT INTO PAYMENT (payment_id,invoice_id,payment_date,payment_type,payment_amount) VALUES ('20210303KI2413763465951-p00001','20210303KI2413763465951','2021-03-05','CA',426.45);
-- ------- SAMPLE 1860 ----------
INSERT INTO GUEST VALUES(2860,'Fonda','Foreman','FForeman@gmail.com','1234 DaWrong Lane','Flonkerton','MD','12345','727-543-5197');
INSERT INTO RESERVATION VALUES ('20210314KJ7767272853827',2860,null,'KJ','2021-03-14','2021-03-16',null,'active');
-- ------- SAMPLE 1861 ----------
INSERT INTO GUEST VALUES(2861,'Yuette','Yetman','YYetman@hotmail.com','1234 DaWrong Lane','Flonkerton','MD','12345','800-628-5905');
INSERT INTO RESERVATION VALUES ('20180721QS2232266165463',2861,108,'QS','2018-07-21','2018-07-26',null,'complete');
INSERT INTO INVOICECHARGE VALUES ('20180721QS2232266165463-ch00001','20180721QS2232266165463','2018-07-21',586.38,'Base room charge');
INSERT INTO PAYMENT VALUES ('20180721QS2232266165463-p00001','20180721QS2232266165463','2018-07-23','CC',586.38,'Yuette Yetman','9927003825868041',4,2022,259,'Mastercard');
-- ------- SAMPLE 1862 ----------
INSERT INTO GUEST VALUES(2862,'Boyce','Bate','BBate@yahoo.com','1234 DaWrong Lane','Flonkerton','MD','12345','662-463-3541');
INSERT INTO RESERVATION VALUES ('20201120KI7735093719936',2862,null,'KI','2020-11-20','2020-11-22',null,'active');
INSERT INTO INVOICECHARGE VALUES ('20201120KI7735093719936-ch00001','20201120KI7735093719936','2020-11-20',112.58,'Base room charge');
INSERT INTO INVOICECHARGE VALUES ('20201120KI7735093719936-ch00002','20201120KI7735093719936','2020-11-20',58,'Cleaning fee');
INSERT INTO PAYMENT VALUES ('20201120KI7735093719936-p00001','20201120KI7735093719936','2020-11-22','CC',170.58,'Boyce Bate','4930831402817712',3,2021,478,'Mastercard');
-- ------- SAMPLE 1863 ----------
INSERT INTO GUEST VALUES(2863,'Kaley','Kilmon','KKilmon@yahoo.com','1234 DaWrong Lane','Flonkerton','MD','12345','999-402-9891');
INSERT INTO RESERVATION VALUES ('20200703KS9537887913993',2863,null,'KS','2020-07-03','2020-07-05',null,'active');
-- ------- SAMPLE 1864 ----------
INSERT INTO GUEST VALUES(2864,'Gwyneth','Gamber','GGamber@yahoo.com','1234 DaWrong Lane','Flonkerton','MD','12345','302-173-7705');
INSERT INTO RESERVATION VALUES ('20190116KI2905689833046',2864,115,'KI','2019-01-16','2019-01-19',null,'complete');
INSERT INTO INVOICECHARGE VALUES ('20190116KI2905689833046-ch00001','20190116KI2905689833046','2019-01-16',255.87,'Base room charge');
INSERT INTO PAYMENT VALUES ('20190116KI2905689833046-p00001','20190116KI2905689833046','2019-01-18','CC',255.87,'Gwyneth Gamber','4553649374402198',2,2025,758,'Mastercard');
-- ------- SAMPLE 1865 ----------
INSERT INTO GUEST VALUES(2865,'Rose','Royall','RRoyall@yahoo.com','1234 DaWrong Lane','Flonkerton','MD','12345','850-850-2985');
INSERT INTO RESERVATION VALUES ('20191002KJ1375455658483',2865,109,'KJ','2019-10-02','2019-10-05',null,'complete');
INSERT INTO INVOICECHARGE VALUES ('20191002KJ1375455658483-ch00001','20191002KJ1375455658483','2019-10-02',274.43,'Base room charge');
INSERT INTO INVOICECHARGE VALUES ('20191002KJ1375455658483-ch00002','20191002KJ1375455658483','2019-10-02',141.37,'Cleaning fee');
INSERT INTO PAYMENT VALUES ('20191002KJ1375455658483-p00001','20191002KJ1375455658483','2019-10-04','CC',415.81,'Rose Royall','3178680364583153',9,2022,602,'Mastercard');
-- ------- SAMPLE 1866 ----------
INSERT INTO GUEST VALUES(2866,'Louisa','Laroque','LLaroque@hotmail.com','1234 DaWrong Lane','Flonkerton','MD','12345','524-910-5492');
INSERT INTO RESERVATION VALUES ('20190622KJ6131309724605',2866,208,'KJ','2019-06-22','2019-06-24',null,'complete');
INSERT INTO INVOICECHARGE VALUES ('20190622KJ6131309724605-ch00001','20190622KJ6131309724605','2019-06-22',277.2,'Base room charge');
INSERT INTO PAYMENT (payment_id,invoice_id,payment_date,payment_type,payment_amount) VALUES ('20190622KJ6131309724605-p00001','20190622KJ6131309724605','2019-06-24','CA',277.2);
-- ------- SAMPLE 1867 ----------
INSERT INTO GUEST VALUES(2867,'Lucius','Liles','LLiles@hotmail.com','1234 DaWrong Lane','Flonkerton','MD','12345','211-651-1886');
INSERT INTO RESERVATION VALUES ('20191124QD3035511385613',2867,101,'QD','2019-11-24','2019-11-25',null,'complete');
INSERT INTO INVOICECHARGE VALUES ('20191124QD3035511385613-ch00001','20191124QD3035511385613','2019-11-24',95.95,'Base room charge');
INSERT INTO PAYMENT VALUES ('20191124QD3035511385613-p00001','20191124QD3035511385613','2019-11-26','CC',95.95,'Lucius Liles','9093655050161075',4,2024,373,'Mastercard');
-- ------- SAMPLE 1868 ----------
INSERT INTO GUEST VALUES(2868,'Shae','Sansom','SSansom@hotmail.com','1234 DaWrong Lane','Flonkerton','MD','12345','893-467-2446');
INSERT INTO RESERVATION VALUES ('20180829QD9217902843053',2868,200,'QD','2018-08-29','2018-09-01',null,'cancelled');
INSERT INTO INVOICECHARGE VALUES ('20180829QD9217902843053-ch00001','20180829QD9217902843053','2018-08-29',189.98,'Base room charge');
INSERT INTO INVOICECHARGE VALUES ('20180829QD9217902843053-ch00002','20180829QD9217902843053','2018-08-29',97.87,'Cleaning fee');
INSERT INTO PAYMENT (payment_id,invoice_id,payment_date,payment_type,payment_amount) VALUES ('20180829QD9217902843053-p00001','20180829QD9217902843053','2018-08-31','CA',287.86);
-- ------- SAMPLE 1869 ----------
INSERT INTO GUEST VALUES(2869,'Delora','Delph','DDelph@gmail.com','1234 DaWrong Lane','Flonkerton','MD','12345','988-775-4261');
INSERT INTO RESERVATION VALUES ('20191216QS9211305447816',2869,113,'QS','2019-12-16','2019-12-20',null,'complete');
INSERT INTO INVOICECHARGE VALUES ('20191216QS9211305447816-ch00001','20191216QS9211305447816','2019-12-16',309.61,'Base room charge');
INSERT INTO INVOICECHARGE VALUES ('20191216QS9211305447816-ch00002','20191216QS9211305447816','2019-12-16',159.5,'Room Service');
INSERT INTO PAYMENT VALUES ('20191216QS9211305447816-p00001','20191216QS9211305447816','2019-12-18','CC',469.11,'Delora Delph','6132208723578602',6,2025,785,'Mastercard');
-- ------- SAMPLE 1870 ----------
INSERT INTO GUEST VALUES(2870,'Bessie','Buhler','BBuhler@gmail.com','1234 DaWrong Lane','Flonkerton','MD','12345','026-014-2648');
INSERT INTO RESERVATION VALUES ('20200201QS1277705789426',2870,108,'QS','2020-02-01','2020-02-03',null,'complete');
INSERT INTO INVOICECHARGE VALUES ('20200201QS1277705789426-ch00001','20200201QS1277705789426','2020-02-01',154.81,'Base room charge');
INSERT INTO INVOICECHARGE VALUES ('20200201QS1277705789426-ch00002','20200201QS1277705789426','2020-02-01',79.75,'Room Service');
INSERT INTO PAYMENT VALUES ('20200201QS1277705789426-p00001','20200201QS1277705789426','2020-02-03','CC',234.55,'Bessie Buhler','7398824998870035',5,2026,599,'Mastercard');
-- ------- SAMPLE 1871 ----------
INSERT INTO GUEST VALUES(2871,'Julene','Jahn','JJahn@gmail.com','1234 DaWrong Lane','Flonkerton','MD','12345','955-489-9099');
INSERT INTO RESERVATION VALUES ('20210130QD3003978254713',2871,null,'QD','2021-01-30','2021-02-01',null,'active');
INSERT INTO INVOICECHARGE VALUES ('20210130QD3003978254713-ch00001','20210130QD3003978254713','2021-01-30',126.66,'Base room charge');
INSERT INTO INVOICECHARGE VALUES ('20210130QD3003978254713-ch00002','20210130QD3003978254713','2021-01-30',65.25,'Room Service');
INSERT INTO PAYMENT VALUES ('20210130QD3003978254713-p00001','20210130QD3003978254713','2021-02-01','CC',146,'Julene Jahn','9254236109771374',9,2027,576,'Mastercard');
-- ------- SAMPLE 1872 ----------
INSERT INTO GUEST VALUES(2872,'Darrin','Drum','DDrum@yahoo.com','1234 DaWrong Lane','Flonkerton','MD','12345','558-987-9708');
INSERT INTO RESERVATION VALUES ('20210114QS6151422674523',2872,null,'QS','2021-01-14','2021-01-15',null,'active');
INSERT INTO INVOICECHARGE VALUES ('20210114QS6151422674523-ch00001','20210114QS6151422674523','2021-01-14',77.4,'Base room charge');
INSERT INTO INVOICECHARGE VALUES ('20210114QS6151422674523-ch00002','20210114QS6151422674523','2021-01-14',39.87,'Cleaning fee');
INSERT INTO PAYMENT (payment_id,invoice_id,payment_date,payment_type,payment_amount) VALUES ('20210114QS6151422674523-p00001','20210114QS6151422674523','2021-01-16','CA',67);
-- ------- SAMPLE 1873 ----------
INSERT INTO GUEST VALUES(2873,'Clara','Crimmins','CCrimmins@hotmail.com','1234 DaWrong Lane','Flonkerton','MD','12345','287-485-0713');
INSERT INTO RESERVATION VALUES ('20191004KS5112656274774',2873,112,'KS','2019-10-04','2019-10-07',null,'complete');
INSERT INTO INVOICECHARGE VALUES ('20191004KS5112656274774-ch00001','20191004KS5112656274774','2019-10-04',319.84,'Base room charge');
INSERT INTO PAYMENT VALUES ('20191004KS5112656274774-p00001','20191004KS5112656274774','2019-10-06','CC',319.84,'Clara Crimmins','4180819655063839',12,2024,952,'Mastercard');
-- ------- SAMPLE 1874 ----------
INSERT INTO GUEST VALUES(2874,'Ngan','Nalley','NNalley@yahoo.com','1234 DaWrong Lane','Flonkerton','MD','12345','956-463-6208');
INSERT INTO RESERVATION VALUES ('20201119QS1851587458368',2874,null,'QS','2020-11-19','2020-11-23',null,'active');
INSERT INTO INVOICECHARGE VALUES ('20201119QS1851587458368-ch00001','20201119QS1851587458368','2020-11-19',469.11,'Base room charge');
INSERT INTO PAYMENT VALUES ('20201119QS1851587458368-p00001','20201119QS1851587458368','2020-11-21','CC',469.11,'Ngan Nalley','8380781399320180',5,2027,426,'Mastercard');
-- ------- SAMPLE 1875 ----------
INSERT INTO GUEST VALUES(2875,'Darrin','Drum','DDrum@gmail.com','1234 DaWrong Lane','Flonkerton','MD','12345','570-395-3649');
INSERT INTO RESERVATION VALUES ('20200814KJ7359830206689',2875,null,'KJ','2020-08-14','2020-08-17',null,'cancelled');
INSERT INTO INVOICECHARGE VALUES ('20200814KJ7359830206689-ch00001','20200814KJ7359830206689','2020-08-14',274.43,'Base room charge');
INSERT INTO INVOICECHARGE VALUES ('20200814KJ7359830206689-ch00002','20200814KJ7359830206689','2020-08-14',141.37,'Room Service');
INSERT INTO PAYMENT VALUES ('20200814KJ7359830206689-p00001','20200814KJ7359830206689','2020-08-16','CC',209,'Darrin Drum','1136912096294236',10,2027,419,'Mastercard');
-- ------- SAMPLE 1876 ----------
INSERT INTO GUEST VALUES(2876,'Francie','Fairbank','FFairbank@yahoo.com','1234 DaWrong Lane','Flonkerton','MD','12345','187-300-6689');
INSERT INTO RESERVATION VALUES ('20200415KI6931702821960',2876,115,'KI','2020-04-15','2020-04-20',null,'complete');
INSERT INTO INVOICECHARGE VALUES ('20200415KI6931702821960-ch00001','20200415KI6931702821960','2020-04-15',426.45,'Base room charge');
INSERT INTO PAYMENT VALUES ('20200415KI6931702821960-p00001','20200415KI6931702821960','2020-04-17','CC',426.45,'Francie Fairbank','8982994083017051',3,2026,490,'Mastercard');
-- ------- SAMPLE 1877 ----------
INSERT INTO GUEST VALUES(2877,'Len','Linquist','LLinquist@hotmail.com','1234 DaWrong Lane','Flonkerton','MD','12345','734-308-9150');
INSERT INTO RESERVATION VALUES ('20190605QS2635385475528',2877,202,'QS','2019-06-05','2019-06-09',null,'complete');
INSERT INTO INVOICECHARGE VALUES ('20190605QS2635385475528-ch00001','20190605QS2635385475528','2019-06-05',309.61,'Base room charge');
INSERT INTO INVOICECHARGE VALUES ('20190605QS2635385475528-ch00002','20190605QS2635385475528','2019-06-05',159.5,'Room Service');
INSERT INTO PAYMENT VALUES ('20190605QS2635385475528-p00001','20190605QS2635385475528','2019-06-07','CC',469.11,'Len Linquist','9647766903299202',10,2024,646,'Mastercard');
-- ------- SAMPLE 1878 ----------
INSERT INTO GUEST VALUES(2878,'Sherrie','Stultz','SStultz@yahoo.com','1234 DaWrong Lane','Flonkerton','MD','12345','924-554-0074');
INSERT INTO RESERVATION VALUES ('20181230QD7193758611054',2878,116,'QD','2018-12-30','2019-01-02',null,'complete');
INSERT INTO INVOICECHARGE VALUES ('20181230QD7193758611054-ch00001','20181230QD7193758611054','2018-12-30',189.98,'Base room charge');
INSERT INTO INVOICECHARGE VALUES ('20181230QD7193758611054-ch00002','20181230QD7193758611054','2018-12-30',97.87,'Cleaning fee');
INSERT INTO PAYMENT (payment_id,invoice_id,payment_date,payment_type,payment_amount) VALUES ('20181230QD7193758611054-p00001','20181230QD7193758611054','2019-01-01','CA',287.86);
-- ------- SAMPLE 1879 ----------
INSERT INTO GUEST VALUES(2879,'Clara','Crimmins','CCrimmins@hotmail.com','1234 DaWrong Lane','Flonkerton','MD','12345','042-962-6966');
INSERT INTO RESERVATION VALUES ('20200311KJ5651804824369',2879,208,'KJ','2020-03-11','2020-03-13',null,'complete');
INSERT INTO INVOICECHARGE VALUES ('20200311KJ5651804824369-ch00001','20200311KJ5651804824369','2020-03-11',182.95,'Base room charge');
INSERT INTO INVOICECHARGE VALUES ('20200311KJ5651804824369-ch00002','20200311KJ5651804824369','2020-03-11',94.25,'Room Service');
INSERT INTO PAYMENT VALUES ('20200311KJ5651804824369-p00001','20200311KJ5651804824369','2020-03-13','CC',277.2,'Clara Crimmins','5954149283046501',11,2025,470,'Mastercard');
-- ------- SAMPLE 1880 ----------
INSERT INTO GUEST VALUES(2880,'Pearlene','Priestly','PPriestly@gmail.com','1234 DaWrong Lane','Flonkerton','MD','12345','208-887-7516');
INSERT INTO RESERVATION VALUES ('20200712KJ5021162898338',2880,null,'KJ','2020-07-12','2020-07-13',null,'active');
INSERT INTO INVOICECHARGE VALUES ('20200712KJ5021162898338-ch00001','20200712KJ5021162898338','2020-07-12',138.6,'Base room charge');
INSERT INTO PAYMENT VALUES ('20200712KJ5021162898338-p00001','20200712KJ5021162898338','2020-07-14','CC',138.6,'Pearlene Priestly','9402388849439964',1,2025,644,'Mastercard');
-- ------- SAMPLE 1881 ----------
INSERT INTO GUEST VALUES(2881,'Natalya','Neathery','NNeathery@gmail.com','1234 DaWrong Lane','Flonkerton','MD','12345','765-108-3913');
INSERT INTO RESERVATION VALUES ('20190719KJ9258659331919',2881,104,'KJ','2019-07-19','2019-07-21',null,'complete');
INSERT INTO INVOICECHARGE VALUES ('20190719KJ9258659331919-ch00001','20190719KJ9258659331919','2019-07-19',277.2,'Base room charge');
INSERT INTO PAYMENT VALUES ('20190719KJ9258659331919-p00001','20190719KJ9258659331919','2019-07-21','CC',277.2,'Natalya Neathery','8271063840083604',12,2026,399,'Mastercard');
-- ------- SAMPLE 1882 ----------
INSERT INTO GUEST VALUES(2882,'Shawna','Schmit','SSchmit@gmail.com','1234 DaWrong Lane','Flonkerton','MD','12345','068-336-1061');
INSERT INTO RESERVATION VALUES ('20200818QD2799013314207',2882,null,'QD','2020-08-18','2020-08-23',null,'active');
INSERT INTO INVOICECHARGE VALUES ('20200818QD2799013314207-ch00001','20200818QD2799013314207','2020-08-18',479.76,'Base room charge');
INSERT INTO PAYMENT (payment_id,invoice_id,payment_date,payment_type,payment_amount) VALUES ('20200818QD2799013314207-p00001','20200818QD2799013314207','2020-08-20','CA',479.76);
-- ------- SAMPLE 1883 ----------
INSERT INTO GUEST VALUES(2883,'Darrin','Drum','DDrum@hotmail.com','1234 DaWrong Lane','Flonkerton','MD','12345','327-559-5584');
INSERT INTO RESERVATION VALUES ('20210305QD3191761445267',2883,null,'QD','2021-03-05','2021-03-08',null,'active');
INSERT INTO INVOICECHARGE VALUES ('20210305QD3191761445267-ch00001','20210305QD3191761445267','2021-03-05',189.98,'Base room charge');
INSERT INTO INVOICECHARGE VALUES ('20210305QD3191761445267-ch00002','20210305QD3191761445267','2021-03-05',97.87,'Room Service');
INSERT INTO PAYMENT VALUES ('20210305QD3191761445267-p00001','20210305QD3191761445267','2021-03-07','CC',181,'Darrin Drum','5268273409337603',1,2021,616,'Mastercard');
-- ------- SAMPLE 1884 ----------
INSERT INTO GUEST VALUES(2884,'Floy','Feinstein','FFeinstein@yahoo.com','1234 DaWrong Lane','Flonkerton','MD','12345','374-053-1771');
INSERT INTO RESERVATION VALUES ('20190325QS2531866764076',2884,202,'QS','2019-03-25','2019-03-28',null,'complete');
INSERT INTO INVOICECHARGE VALUES ('20190325QS2531866764076-ch00001','20190325QS2531866764076','2019-03-25',351.83,'Base room charge');
INSERT INTO PAYMENT VALUES ('20190325QS2531866764076-p00001','20190325QS2531866764076','2019-03-27','CC',351.83,'Floy Feinstein','9900232300070172',2,2022,958,'Mastercard');
-- ------- SAMPLE 1885 ----------
INSERT INTO GUEST VALUES(2885,'Asa','Allan','AAllan@hotmail.com','1234 DaWrong Lane','Flonkerton','MD','12345','108-933-5264');
INSERT INTO RESERVATION VALUES ('20181122KJ5821326396642',2885,109,'KJ','2018-11-22','2018-11-26',null,'complete');
INSERT INTO INVOICECHARGE VALUES ('20181122KJ5821326396642-ch00001','20181122KJ5821326396642','2018-11-22',365.91,'Base room charge');
INSERT INTO INVOICECHARGE VALUES ('20181122KJ5821326396642-ch00002','20181122KJ5821326396642','2018-11-22',188.5,'Cleaning fee');
INSERT INTO PAYMENT (payment_id,invoice_id,payment_date,payment_type,payment_amount) VALUES ('20181122KJ5821326396642-p00001','20181122KJ5821326396642','2018-11-24','CA',554.41);
-- ------- SAMPLE 1886 ----------
INSERT INTO GUEST VALUES(2886,'Rosemarie','Roeser','RRoeser@gmail.com','1234 DaWrong Lane','Flonkerton','MD','12345','799-760-2032');
INSERT INTO RESERVATION VALUES ('20181106QD2360448809573',2886,101,'QD','2018-11-06','2018-11-11',null,'complete');
INSERT INTO INVOICECHARGE VALUES ('20181106QD2360448809573-ch00001','20181106QD2360448809573','2018-11-06',479.76,'Base room charge');
INSERT INTO PAYMENT VALUES ('20181106QD2360448809573-p00001','20181106QD2360448809573','2018-11-08','CC',479.76,'Rosemarie Roeser','1838831929903473',4,2027,876,'Mastercard');
-- ------- SAMPLE 1887 ----------
INSERT INTO GUEST VALUES(2887,'Abram','Adolph','AAdolph@hotmail.com','1234 DaWrong Lane','Flonkerton','MD','12345','706-506-9287');
INSERT INTO RESERVATION VALUES ('20210104KJ2426078816815',2887,null,'KJ','2021-01-04','2021-01-08',null,'cancelled');
-- ------- SAMPLE 1888 ----------
INSERT INTO GUEST VALUES(2888,'Corene','Carmody','CCarmody@hotmail.com','1234 DaWrong Lane','Flonkerton','MD','12345','704-622-7117');
INSERT INTO RESERVATION VALUES ('20190726KJ7830439530920',2888,104,'KJ','2019-07-26','2019-07-28',null,'cancelled');
INSERT INTO INVOICECHARGE VALUES ('20190726KJ7830439530920-ch00001','20190726KJ7830439530920','2019-07-26',277.2,'Base room charge');
INSERT INTO PAYMENT VALUES ('20190726KJ7830439530920-p00001','20190726KJ7830439530920','2019-07-28','CC',277.2,'Corene Carmody','5358760856573563',9,2024,732,'Mastercard');
-- ------- SAMPLE 1889 ----------
INSERT INTO GUEST VALUES(2889,'Delsie','Delong','DDelong@hotmail.com','1234 DaWrong Lane','Flonkerton','MD','12345','607-769-4315');
INSERT INTO RESERVATION VALUES ('20201027KJ1069171958789',2889,null,'KJ','2020-10-27','2020-10-29',null,'active');
INSERT INTO INVOICECHARGE VALUES ('20201027KJ1069171958789-ch00001','20201027KJ1069171958789','2020-10-27',277.2,'Base room charge');
INSERT INTO PAYMENT VALUES ('20201027KJ1069171958789-p00001','20201027KJ1069171958789','2020-10-29','CC',277.2,'Delsie Delong','9746506590438448',8,2024,160,'Mastercard');
-- ------- SAMPLE 1890 ----------
INSERT INTO GUEST VALUES(2890,'Shera','Shorter','SShorter@hotmail.com','1234 DaWrong Lane','Flonkerton','MD','12345','951-316-5720');
INSERT INTO RESERVATION VALUES ('20210114KI5632898564807',2890,null,'KI','2021-01-14','2021-01-15',null,'active');
INSERT INTO INVOICECHARGE VALUES ('20210114KI5632898564807-ch00001','20210114KI5632898564807','2021-01-14',56.29,'Base room charge');
INSERT INTO INVOICECHARGE VALUES ('20210114KI5632898564807-ch00002','20210114KI5632898564807','2021-01-14',29,'Cleaning fee');
INSERT INTO PAYMENT (payment_id,invoice_id,payment_date,payment_type,payment_amount) VALUES ('20210114KI5632898564807-p00001','20210114KI5632898564807','2021-01-16','CA',85.29);
-- ------- SAMPLE 1891 ----------
INSERT INTO GUEST VALUES(2891,'Selene','Staiger','SStaiger@gmail.com','1234 DaWrong Lane','Flonkerton','MD','12345','934-979-4288');
INSERT INTO RESERVATION VALUES ('20200419KI6922557721048',2891,120,'KI','2020-04-19','2020-04-23',null,'cancelled');
INSERT INTO INVOICECHARGE VALUES ('20200419KI6922557721048-ch00001','20200419KI6922557721048','2020-04-19',341.16,'Base room charge');
INSERT INTO PAYMENT (payment_id,invoice_id,payment_date,payment_type,payment_amount) VALUES ('20200419KI6922557721048-p00001','20200419KI6922557721048','2020-04-21','CA',341.16);
-- ------- SAMPLE 1892 ----------
INSERT INTO GUEST VALUES(2892,'Katerine','Kawakami','KKawakami@gmail.com','1234 DaWrong Lane','Flonkerton','MD','12345','537-898-2432');
INSERT INTO RESERVATION VALUES ('20200928KS7560958492710',2892,null,'KS','2020-09-28','2020-10-02',null,'active');
-- ------- SAMPLE 1893 ----------
INSERT INTO GUEST VALUES(2893,'Dorian','Delbosque','DDelbosque@gmail.com','1234 DaWrong Lane','Flonkerton','MD','12345','360-527-8368');
INSERT INTO RESERVATION VALUES ('20200729QD9309589360827',2893,null,'QD','2020-07-29','2020-07-31',null,'active');
INSERT INTO INVOICECHARGE VALUES ('20200729QD9309589360827-ch00001','20200729QD9309589360827','2020-07-29',191.9,'Base room charge');
INSERT INTO PAYMENT (payment_id,invoice_id,payment_date,payment_type,payment_amount) VALUES ('20200729QD9309589360827-p00001','20200729QD9309589360827','2020-07-31','CA',191.9);
-- ------- SAMPLE 1894 ----------
INSERT INTO GUEST VALUES(2894,'Rose','Royall','RRoyall@gmail.com','1234 DaWrong Lane','Flonkerton','MD','12345','551-243-7917');
INSERT INTO RESERVATION VALUES ('20181116KJ7010347996531',2894,203,'KJ','2018-11-16','2018-11-19',null,'cancelled');
INSERT INTO INVOICECHARGE VALUES ('20181116KJ7010347996531-ch00001','20181116KJ7010347996531','2018-11-16',274.43,'Base room charge');
INSERT INTO INVOICECHARGE VALUES ('20181116KJ7010347996531-ch00002','20181116KJ7010347996531','2018-11-16',141.37,'Cleaning fee');
INSERT INTO PAYMENT (payment_id,invoice_id,payment_date,payment_type,payment_amount) VALUES ('20181116KJ7010347996531-p00001','20181116KJ7010347996531','2018-11-18','CA',415.81);
-- ------- SAMPLE 1895 ----------
INSERT INTO GUEST VALUES(2895,'Abel','Alire','AAlire@hotmail.com','1234 DaWrong Lane','Flonkerton','MD','12345','533-939-4370');
INSERT INTO RESERVATION VALUES ('20190710KI9776598132533',2895,110,'KI','2019-07-10','2019-07-13',null,'complete');
INSERT INTO INVOICECHARGE VALUES ('20190710KI9776598132533-ch00001','20190710KI9776598132533','2019-07-10',168.87,'Base room charge');
INSERT INTO INVOICECHARGE VALUES ('20190710KI9776598132533-ch00002','20190710KI9776598132533','2019-07-10',87,'Room Service');
INSERT INTO PAYMENT (payment_id,invoice_id,payment_date,payment_type,payment_amount) VALUES ('20190710KI9776598132533-p00001','20190710KI9776598132533','2019-07-12','CA',255.87);
-- ------- SAMPLE 1896 ----------
INSERT INTO GUEST VALUES(2896,'Aretha','Acy','AAcy@yahoo.com','1234 DaWrong Lane','Flonkerton','MD','12345','899-859-4146');
INSERT INTO RESERVATION VALUES ('20190722QD3631112962158',2896,200,'QD','2019-07-22','2019-07-27',null,'complete');
INSERT INTO INVOICECHARGE VALUES ('20190722QD3631112962158-ch00001','20190722QD3631112962158','2019-07-22',316.64,'Base room charge');
INSERT INTO INVOICECHARGE VALUES ('20190722QD3631112962158-ch00002','20190722QD3631112962158','2019-07-22',163.12,'Cleaning fee');
INSERT INTO PAYMENT VALUES ('20190722QD3631112962158-p00001','20190722QD3631112962158','2019-07-24','CC',479.76,'Aretha Acy','7674143073969159',4,2027,591,'Mastercard');
-- ------- SAMPLE 1897 ----------
INSERT INTO GUEST VALUES(2897,'Audrey','Aikens','AAikens@yahoo.com','1234 DaWrong Lane','Flonkerton','MD','12345','802-809-3093');
INSERT INTO RESERVATION VALUES ('20190220QD4866268466943',2897,200,'QD','2019-02-20','2019-02-22',null,'complete');
INSERT INTO INVOICECHARGE VALUES ('20190220QD4866268466943-ch00001','20190220QD4866268466943','2019-02-20',191.9,'Base room charge');
INSERT INTO PAYMENT VALUES ('20190220QD4866268466943-p00001','20190220QD4866268466943','2019-02-22','CC',191.9,'Audrey Aikens','9152839644059308',12,2025,498,'Mastercard');
-- ------- SAMPLE 1898 ----------
INSERT INTO GUEST VALUES(2898,'Randal','Rohman','RRohman@hotmail.com','1234 DaWrong Lane','Flonkerton','MD','12345','593-535-8909');
INSERT INTO RESERVATION VALUES ('20200628KI9113257857694',2898,null,'KI','2020-06-28','2020-07-01',null,'active');
INSERT INTO INVOICECHARGE VALUES ('20200628KI9113257857694-ch00001','20200628KI9113257857694','2020-06-28',168.87,'Base room charge');
INSERT INTO INVOICECHARGE VALUES ('20200628KI9113257857694-ch00002','20200628KI9113257857694','2020-06-28',87,'Cleaning fee');
INSERT INTO PAYMENT (payment_id,invoice_id,payment_date,payment_type,payment_amount) VALUES ('20200628KI9113257857694-p00001','20200628KI9113257857694','2020-06-30','CA',255.87);
-- ------- SAMPLE 1899 ----------
INSERT INTO GUEST VALUES(2899,'Lucius','Liles','LLiles@yahoo.com','1234 DaWrong Lane','Flonkerton','MD','12345','978-106-2723');
INSERT INTO RESERVATION VALUES ('20190722QD1775775639424',2899,116,'QD','2019-07-22','2019-07-27',null,'complete');
INSERT INTO INVOICECHARGE VALUES ('20190722QD1775775639424-ch00001','20190722QD1775775639424','2019-07-22',479.76,'Base room charge');
INSERT INTO PAYMENT VALUES ('20190722QD1775775639424-p00001','20190722QD1775775639424','2019-07-24','CC',479.76,'Lucius Liles','9753541983468304',4,2022,591,'Mastercard');
-- ------- SAMPLE 1900 ----------
INSERT INTO GUEST VALUES(2900,'Marylynn','Musson','MMusson@gmail.com','1234 DaWrong Lane','Flonkerton','MD','12345','544-680-1699');
INSERT INTO RESERVATION VALUES ('20190507KI3161480304474',2900,105,'KI','2019-05-07','2019-05-08',null,'complete');
INSERT INTO INVOICECHARGE VALUES ('20190507KI3161480304474-ch00001','20190507KI3161480304474','2019-05-07',56.29,'Base room charge');
INSERT INTO INVOICECHARGE VALUES ('20190507KI3161480304474-ch00002','20190507KI3161480304474','2019-05-07',29,'Room Service');
INSERT INTO PAYMENT VALUES ('20190507KI3161480304474-p00001','20190507KI3161480304474','2019-05-09','CC',85.29,'Marylynn Musson','4275059686026708',12,2024,295,'Mastercard');
-- ------- SAMPLE 1901 ----------
INSERT INTO GUEST VALUES(2901,'Joann','Joplin','JJoplin@hotmail.com','1234 DaWrong Lane','Flonkerton','MD','12345','720-742-8737');
INSERT INTO RESERVATION VALUES ('20191228KI5978816484900',2901,105,'KI','2019-12-28','2020-01-02',null,'complete');
INSERT INTO INVOICECHARGE VALUES ('20191228KI5978816484900-ch00001','20191228KI5978816484900','2019-12-28',426.45,'Base room charge');
INSERT INTO PAYMENT VALUES ('20191228KI5978816484900-p00001','20191228KI5978816484900','2019-12-30','CC',426.45,'Joann Joplin','9567178336101402',6,2025,842,'Mastercard');
-- ------- SAMPLE 1902 ----------
INSERT INTO GUEST VALUES(2902,'Collin','Chaparro','CChaparro@yahoo.com','1234 DaWrong Lane','Flonkerton','MD','12345','504-743-1654');
INSERT INTO RESERVATION VALUES ('20181125KI9575421957921',2902,115,'KI','2018-11-25','2018-11-27',null,'complete');
INSERT INTO INVOICECHARGE VALUES ('20181125KI9575421957921-ch00001','20181125KI9575421957921','2018-11-25',112.58,'Base room charge');
INSERT INTO INVOICECHARGE VALUES ('20181125KI9575421957921-ch00002','20181125KI9575421957921','2018-11-25',58,'Cleaning fee');
INSERT INTO PAYMENT VALUES ('20181125KI9575421957921-p00001','20181125KI9575421957921','2018-11-27','CC',170.58,'Collin Chaparro','6250920439461278',1,2023,629,'Mastercard');
-- ------- SAMPLE 1903 ----------
INSERT INTO GUEST VALUES(2903,'Claribel','Catanzaro','CCatanzaro@gmail.com','1234 DaWrong Lane','Flonkerton','MD','12345','272-065-8155');
INSERT INTO RESERVATION VALUES ('20190701KJ8556838502512',2903,208,'KJ','2019-07-01','2019-07-02',null,'complete');
INSERT INTO INVOICECHARGE VALUES ('20190701KJ8556838502512-ch00001','20190701KJ8556838502512','2019-07-01',138.6,'Base room charge');
INSERT INTO PAYMENT VALUES ('20190701KJ8556838502512-p00001','20190701KJ8556838502512','2019-07-03','CC',138.6,'Claribel Catanzaro','5841468790765380',7,2022,766,'Mastercard');
-- ------- SAMPLE 1904 ----------
INSERT INTO GUEST VALUES(2904,'Tish','Tusing','TTusing@yahoo.com','1234 DaWrong Lane','Flonkerton','MD','12345','996-114-4353');
INSERT INTO RESERVATION VALUES ('20181019QD3087964617923',2904,205,'QD','2018-10-19','2018-10-22',null,'complete');
INSERT INTO INVOICECHARGE VALUES ('20181019QD3087964617923-ch00001','20181019QD3087964617923','2018-10-19',287.86,'Base room charge');
INSERT INTO PAYMENT (payment_id,invoice_id,payment_date,payment_type,payment_amount) VALUES ('20181019QD3087964617923-p00001','20181019QD3087964617923','2018-10-21','CA',287.86);
-- ------- SAMPLE 1905 ----------
INSERT INTO GUEST VALUES(2905,'Luella','Lundstrom','LLundstrom@hotmail.com','1234 DaWrong Lane','Flonkerton','MD','12345','395-240-8986');
INSERT INTO RESERVATION VALUES ('20180718QS5588211166085',2905,118,'QS','2018-07-18','2018-07-20',null,'complete');
INSERT INTO INVOICECHARGE VALUES ('20180718QS5588211166085-ch00001','20180718QS5588211166085','2018-07-18',154.81,'Base room charge');
INSERT INTO INVOICECHARGE VALUES ('20180718QS5588211166085-ch00002','20180718QS5588211166085','2018-07-18',79.75,'Cleaning fee');
INSERT INTO PAYMENT VALUES ('20180718QS5588211166085-p00001','20180718QS5588211166085','2018-07-20','CC',234.55,'Luella Lundstrom','4675228765507020',1,2025,83,'Mastercard');
-- ------- SAMPLE 1906 ----------
INSERT INTO GUEST VALUES(2906,'Keturah','Kagawa','KKagawa@yahoo.com','1234 DaWrong Lane','Flonkerton','MD','12345','903-861-1063');
INSERT INTO RESERVATION VALUES ('20181019QS1352021819436',2906,113,'QS','2018-10-19','2018-10-21',null,'complete');
INSERT INTO INVOICECHARGE VALUES ('20181019QS1352021819436-ch00001','20181019QS1352021819436','2018-10-19',234.55,'Base room charge');
INSERT INTO PAYMENT (payment_id,invoice_id,payment_date,payment_type,payment_amount) VALUES ('20181019QS1352021819436-p00001','20181019QS1352021819436','2018-10-21','CA',234.55);
-- ------- SAMPLE 1907 ----------
INSERT INTO GUEST VALUES(2907,'Adrianna','Aungst','AAungst@yahoo.com','1234 DaWrong Lane','Flonkerton','MD','12345','441-289-8607');
INSERT INTO RESERVATION VALUES ('20190726KJ8681680351906',2907,119,'KJ','2019-07-26','2019-07-27',null,'complete');
INSERT INTO INVOICECHARGE VALUES ('20190726KJ8681680351906-ch00001','20190726KJ8681680351906','2019-07-26',91.48,'Base room charge');
INSERT INTO INVOICECHARGE VALUES ('20190726KJ8681680351906-ch00002','20190726KJ8681680351906','2019-07-26',47.12,'Cleaning fee');
INSERT INTO PAYMENT VALUES ('20190726KJ8681680351906-p00001','20190726KJ8681680351906','2019-07-28','CC',138.6,'Adrianna Aungst','1721362288332806',8,2022,434,'Mastercard');
-- ------- SAMPLE 1908 ----------
INSERT INTO GUEST VALUES(2908,'Clara','Crimmins','CCrimmins@hotmail.com','1234 DaWrong Lane','Flonkerton','MD','12345','176-530-2777');
INSERT INTO RESERVATION VALUES ('20200705KJ2193634223817',2908,null,'KJ','2020-07-05','2020-07-08',null,'active');
-- ------- SAMPLE 1909 ----------
INSERT INTO GUEST VALUES(2909,'Linwood','Layden','LLayden@gmail.com','1234 DaWrong Lane','Flonkerton','MD','12345','126-286-6663');
INSERT INTO RESERVATION VALUES ('20210309KS3044971805018',2909,null,'KS','2021-03-09','2021-03-13',null,'active');
INSERT INTO INVOICECHARGE VALUES ('20210309KS3044971805018-ch00001','20210309KS3044971805018','2021-03-09',281.46,'Base room charge');
INSERT INTO INVOICECHARGE VALUES ('20210309KS3044971805018-ch00002','20210309KS3044971805018','2021-03-09',145,'Room Service');
INSERT INTO PAYMENT (payment_id,invoice_id,payment_date,payment_type,payment_amount) VALUES ('20210309KS3044971805018-p00001','20210309KS3044971805018','2021-03-11','CA',426.46);
-- ------- SAMPLE 1910 ----------
INSERT INTO GUEST VALUES(2910,'Willian','Wiest','WWiest@hotmail.com','1234 DaWrong Lane','Flonkerton','MD','12345','655-657-1167');
INSERT INTO RESERVATION VALUES ('20201106QS1954650622897',2910,null,'QS','2020-11-06','2020-11-08',null,'active');
INSERT INTO INVOICECHARGE VALUES ('20201106QS1954650622897-ch00001','20201106QS1954650622897','2020-11-06',154.81,'Base room charge');
INSERT INTO INVOICECHARGE VALUES ('20201106QS1954650622897-ch00002','20201106QS1954650622897','2020-11-06',79.75,'Cleaning fee');
INSERT INTO PAYMENT (payment_id,invoice_id,payment_date,payment_type,payment_amount) VALUES ('20201106QS1954650622897-p00001','20201106QS1954650622897','2020-11-08','CA',234.55);
-- ------- SAMPLE 1911 ----------
INSERT INTO GUEST VALUES(2911,'Leanora','Locke','LLocke@yahoo.com','1234 DaWrong Lane','Flonkerton','MD','12345','959-378-8422');
INSERT INTO RESERVATION VALUES ('20190824KI6743574858594',2911,110,'KI','2019-08-24','2019-08-28',null,'complete');
INSERT INTO INVOICECHARGE VALUES ('20190824KI6743574858594-ch00001','20190824KI6743574858594','2019-08-24',341.16,'Base room charge');
INSERT INTO PAYMENT VALUES ('20190824KI6743574858594-p00001','20190824KI6743574858594','2019-08-26','CC',341.16,'Leanora Locke','3553106811255847',9,2023,613,'Mastercard');
-- ------- SAMPLE 1912 ----------
INSERT INTO GUEST VALUES(2912,'Jarrett','Janelle','JJanelle@gmail.com','1234 DaWrong Lane','Flonkerton','MD','12345','599-103-4059');
INSERT INTO RESERVATION VALUES ('20190727KJ1074225658181',2912,109,'KJ','2019-07-27','2019-07-29',null,'complete');
INSERT INTO INVOICECHARGE VALUES ('20190727KJ1074225658181-ch00001','20190727KJ1074225658181','2019-07-27',277.2,'Base room charge');
INSERT INTO PAYMENT (payment_id,invoice_id,payment_date,payment_type,payment_amount) VALUES ('20190727KJ1074225658181-p00001','20190727KJ1074225658181','2019-07-29','CA',277.2);
-- ------- SAMPLE 1913 ----------
INSERT INTO GUEST VALUES(2913,'Rossana','Running','RRunning@hotmail.com','1234 DaWrong Lane','Flonkerton','MD','12345','956-361-7646');
INSERT INTO RESERVATION VALUES ('20201004KS2682005048369',2913,null,'KS','2020-10-04','2020-10-07',null,'active');
INSERT INTO INVOICECHARGE VALUES ('20201004KS2682005048369-ch00001','20201004KS2682005048369','2020-10-04',319.84,'Base room charge');
INSERT INTO PAYMENT (payment_id,invoice_id,payment_date,payment_type,payment_amount) VALUES ('20201004KS2682005048369-p00001','20201004KS2682005048369','2020-10-06','CA',319.84);
-- ------- SAMPLE 1914 ----------
INSERT INTO GUEST VALUES(2914,'Willian','Wiest','WWiest@yahoo.com','1234 DaWrong Lane','Flonkerton','MD','12345','460-483-8123');
INSERT INTO RESERVATION VALUES ('20201110KI1784857698904',2914,null,'KI','2020-11-10','2020-11-12',null,'active');
-- ------- SAMPLE 1915 ----------
INSERT INTO GUEST VALUES(2915,'Julene','Jahn','JJahn@yahoo.com','1234 DaWrong Lane','Flonkerton','MD','12345','845-556-2919');
INSERT INTO RESERVATION VALUES ('20200306KI5360281282435',2915,115,'KI','2020-03-06','2020-03-08',null,'complete');
INSERT INTO INVOICECHARGE VALUES ('20200306KI5360281282435-ch00001','20200306KI5360281282435','2020-03-06',56.29,'Base room charge');
INSERT INTO INVOICECHARGE VALUES ('20200306KI5360281282435-ch00002','20200306KI5360281282435','2020-03-06',29,'Cleaning fee');
INSERT INTO PAYMENT VALUES ('20200306KI5360281282435-p00001','20200306KI5360281282435','2020-03-08','CC',85.29,'Julene Jahn','1284091477461059',8,2027,802,'Mastercard');
-- ------- SAMPLE 1916 ----------
INSERT INTO GUEST VALUES(2916,'Natalia','Nowacki','NNowacki@gmail.com','1234 DaWrong Lane','Flonkerton','MD','12345','020-948-8886');
INSERT INTO RESERVATION VALUES ('20200802KI6920787186833',2916,null,'KI','2020-08-02','2020-08-04',null,'active');
-- ------- SAMPLE 1917 ----------
INSERT INTO GUEST VALUES(2917,'Rickie','Redfern','RRedfern@hotmail.com','1234 DaWrong Lane','Flonkerton','MD','12345','495-555-4678');
INSERT INTO RESERVATION VALUES ('20190308QD6784758023841',2917,111,'QD','2019-03-08','2019-03-13',null,'complete');
INSERT INTO INVOICECHARGE VALUES ('20190308QD6784758023841-ch00001','20190308QD6784758023841','2019-03-08',253.31,'Base room charge');
INSERT INTO INVOICECHARGE VALUES ('20190308QD6784758023841-ch00002','20190308QD6784758023841','2019-03-08',130.49,'Room Service');
INSERT INTO PAYMENT (payment_id,invoice_id,payment_date,payment_type,payment_amount) VALUES ('20190308QD6784758023841-p00001','20190308QD6784758023841','2019-03-10','CA',383.81);
-- ------- SAMPLE 1918 ----------
INSERT INTO GUEST VALUES(2918,'Raven','Rybicki','RRybicki@gmail.com','1234 DaWrong Lane','Flonkerton','MD','12345','560-244-2139');
INSERT INTO RESERVATION VALUES ('20210321KS9174671820863',2918,null,'KS','2021-03-21','2021-03-25',null,'active');
INSERT INTO INVOICECHARGE VALUES ('20210321KS9174671820863-ch00001','20210321KS9174671820863','2021-03-21',426.46,'Base room charge');
INSERT INTO PAYMENT VALUES ('20210321KS9174671820863-p00001','20210321KS9174671820863','2021-03-23','CC',426.46,'Raven Rybicki','4067034196456774',4,2022,460,'Mastercard');
-- ------- SAMPLE 1919 ----------
INSERT INTO GUEST VALUES(2919,'Kandra','Kelty','KKelty@gmail.com','1234 DaWrong Lane','Flonkerton','MD','12345','670-304-3256');
INSERT INTO RESERVATION VALUES ('20191225QS2761079032749',2919,202,'QS','2019-12-25','2019-12-27',null,'complete');
INSERT INTO INVOICECHARGE VALUES ('20191225QS2761079032749-ch00001','20191225QS2761079032749','2019-12-25',234.55,'Base room charge');
INSERT INTO PAYMENT (payment_id,invoice_id,payment_date,payment_type,payment_amount) VALUES ('20191225QS2761079032749-p00001','20191225QS2761079032749','2019-12-27','CA',234.55);
-- ------- SAMPLE 1920 ----------
INSERT INTO GUEST VALUES(2920,'Marylynn','Musson','MMusson@yahoo.com','1234 DaWrong Lane','Flonkerton','MD','12345','441-527-6791');
INSERT INTO RESERVATION VALUES ('20200515KS6298673433539',2920,null,'KS','2020-05-15','2020-05-17',null,'active');
INSERT INTO INVOICECHARGE VALUES ('20200515KS6298673433539-ch00001','20200515KS6298673433539','2020-05-15',213.23,'Base room charge');
INSERT INTO PAYMENT VALUES ('20200515KS6298673433539-p00001','20200515KS6298673433539','2020-05-17','CC',108,'Marylynn Musson','4403279654521566',3,2022,403,'Mastercard');
-- ------- SAMPLE 1921 ----------
INSERT INTO GUEST VALUES(2921,'Romelia','Rigdon','RRigdon@yahoo.com','1234 DaWrong Lane','Flonkerton','MD','12345','922-346-5781');
INSERT INTO RESERVATION VALUES ('20180929QS2654936919171',2921,118,'QS','2018-09-29','2018-09-30',null,'complete');
INSERT INTO INVOICECHARGE VALUES ('20180929QS2654936919171-ch00001','20180929QS2654936919171','2018-09-29',117.28,'Base room charge');
INSERT INTO PAYMENT VALUES ('20180929QS2654936919171-p00001','20180929QS2654936919171','2018-10-01','CC',117.28,'Romelia Rigdon','4696512688377912',6,2022,47,'Mastercard');
-- ------- SAMPLE 1922 ----------
INSERT INTO GUEST VALUES(2922,'Katerine','Kawakami','KKawakami@hotmail.com','1234 DaWrong Lane','Flonkerton','MD','12345','525-012-8077');
INSERT INTO RESERVATION VALUES ('20201001QD9767853111015',2922,null,'QD','2020-10-01','2020-10-04',null,'active');
-- ------- SAMPLE 1923 ----------
INSERT INTO GUEST VALUES(2923,'Demarcus','Dearborn','DDearborn@gmail.com','1234 DaWrong Lane','Flonkerton','MD','12345','540-823-6159');
INSERT INTO RESERVATION VALUES ('20180914QS2524691092013',2923,113,'QS','2018-09-14','2018-09-19',null,'cancelled');
INSERT INTO INVOICECHARGE VALUES ('20180914QS2524691092013-ch00001','20180914QS2524691092013','2018-09-14',387.01,'Base room charge');
INSERT INTO INVOICECHARGE VALUES ('20180914QS2524691092013-ch00002','20180914QS2524691092013','2018-09-14',199.37,'Cleaning fee');
INSERT INTO PAYMENT (payment_id,invoice_id,payment_date,payment_type,payment_amount) VALUES ('20180914QS2524691092013-p00001','20180914QS2524691092013','2018-09-16','CA',586.38);
-- ------- SAMPLE 1924 ----------
INSERT INTO GUEST VALUES(2924,'Margorie','Mcnish','MMcnish@gmail.com','1234 DaWrong Lane','Flonkerton','MD','12345','609-098-5709');
INSERT INTO RESERVATION VALUES ('20190530KI1708003854596',2924,115,'KI','2019-05-30','2019-06-02',null,'cancelled');
INSERT INTO INVOICECHARGE VALUES ('20190530KI1708003854596-ch00001','20190530KI1708003854596','2019-05-30',255.87,'Base room charge');
INSERT INTO PAYMENT VALUES ('20190530KI1708003854596-p00001','20190530KI1708003854596','2019-06-01','CC',255.87,'Margorie Mcnish','8045033038031185',4,2027,6,'Mastercard');
-- ------- SAMPLE 1925 ----------
INSERT INTO GUEST VALUES(2925,'Deangelo','Deloera','DDeloera@hotmail.com','1234 DaWrong Lane','Flonkerton','MD','12345','335-568-0082');
INSERT INTO RESERVATION VALUES ('20180706KI4905621911802',2925,204,'KI','2018-07-06','2018-07-08',null,'complete');
INSERT INTO INVOICECHARGE VALUES ('20180706KI4905621911802-ch00001','20180706KI4905621911802','2018-07-06',170.58,'Base room charge');
INSERT INTO PAYMENT VALUES ('20180706KI4905621911802-p00001','20180706KI4905621911802','2018-07-08','CC',170.58,'Deangelo Deloera','9289983725830117',5,2021,197,'Mastercard');
-- ------- SAMPLE 1926 ----------
INSERT INTO GUEST VALUES(2926,'Leighann','Leith','LLeith@hotmail.com','1234 DaWrong Lane','Flonkerton','MD','12345','038-972-8959');
INSERT INTO RESERVATION VALUES ('20190602QD9040052323056',2926,101,'QD','2019-06-02','2019-06-05',null,'complete');
INSERT INTO INVOICECHARGE VALUES ('20190602QD9040052323056-ch00001','20190602QD9040052323056','2019-06-02',287.86,'Base room charge');
INSERT INTO PAYMENT VALUES ('20190602QD9040052323056-p00001','20190602QD9040052323056','2019-06-04','CC',287.86,'Leighann Leith','8532017301630899',5,2026,846,'Mastercard');
-- ------- SAMPLE 1927 ----------
INSERT INTO GUEST VALUES(2927,'Alverta','Arce','AArce@yahoo.com','1234 DaWrong Lane','Flonkerton','MD','12345','553-608-9539');
INSERT INTO RESERVATION VALUES ('20200121KJ4089901969991',2927,203,'KJ','2020-01-21','2020-01-23',null,'complete');
INSERT INTO INVOICECHARGE VALUES ('20200121KJ4089901969991-ch00001','20200121KJ4089901969991','2020-01-21',277.2,'Base room charge');
INSERT INTO PAYMENT VALUES ('20200121KJ4089901969991-p00001','20200121KJ4089901969991','2020-01-23','CC',277.2,'Alverta Arce','9354753751447434',11,2025,436,'Mastercard');
-- ------- SAMPLE 1928 ----------
INSERT INTO GUEST VALUES(2928,'Asa','Allan','AAllan@yahoo.com','1234 DaWrong Lane','Flonkerton','MD','12345','854-869-4231');
INSERT INTO RESERVATION VALUES ('20210425KI9780715640855',2928,null,'KI','2021-04-25','2021-04-27',null,'active');
INSERT INTO INVOICECHARGE VALUES ('20210425KI9780715640855-ch00001','20210425KI9780715640855','2021-04-25',112.58,'Base room charge');
INSERT INTO INVOICECHARGE VALUES ('20210425KI9780715640855-ch00002','20210425KI9780715640855','2021-04-25',58,'Cleaning fee');
INSERT INTO PAYMENT VALUES ('20210425KI9780715640855-p00001','20210425KI9780715640855','2021-04-27','CC',54,'Asa Allan','8800761722928570',6,2024,78,'Mastercard');
-- ------- SAMPLE 1929 ----------
INSERT INTO GUEST VALUES(2929,'Rose','Royall','RRoyall@gmail.com','1234 DaWrong Lane','Flonkerton','MD','12345','417-333-2051');
INSERT INTO RESERVATION VALUES ('20180512KJ5737631097432',2929,104,'KJ','2018-05-12','2018-05-14',null,'complete');
INSERT INTO INVOICECHARGE VALUES ('20180512KJ5737631097432-ch00001','20180512KJ5737631097432','2018-05-12',277.2,'Base room charge');
INSERT INTO PAYMENT VALUES ('20180512KJ5737631097432-p00001','20180512KJ5737631097432','2018-05-14','CC',277.2,'Rose Royall','1106318443734353',5,2023,911,'Mastercard');
-- ------- SAMPLE 1930 ----------
INSERT INTO GUEST VALUES(2930,'Elfriede','Esslinger','EEsslinger@hotmail.com','1234 DaWrong Lane','Flonkerton','MD','12345','069-300-4528');
INSERT INTO RESERVATION VALUES ('20200622QS7558522730936',2930,null,'QS','2020-06-22','2020-06-26',null,'active');
INSERT INTO INVOICECHARGE VALUES ('20200622QS7558522730936-ch00001','20200622QS7558522730936','2020-06-22',469.11,'Base room charge');
INSERT INTO PAYMENT VALUES ('20200622QS7558522730936-p00001','20200622QS7558522730936','2020-06-24','CC',276,'Elfriede Esslinger','7382132855285908',6,2026,135,'Mastercard');
-- ------- SAMPLE 1931 ----------
INSERT INTO GUEST VALUES(2931,'Kathey','Kingston','KKingston@gmail.com','1234 DaWrong Lane','Flonkerton','MD','12345','000-661-1211');
INSERT INTO RESERVATION VALUES ('20200822KI1630103581689',2931,null,'KI','2020-08-22','2020-08-25',null,'active');
INSERT INTO INVOICECHARGE VALUES ('20200822KI1630103581689-ch00001','20200822KI1630103581689','2020-08-22',168.87,'Base room charge');
INSERT INTO INVOICECHARGE VALUES ('20200822KI1630103581689-ch00002','20200822KI1630103581689','2020-08-22',87,'Room Service');
INSERT INTO PAYMENT VALUES ('20200822KI1630103581689-p00001','20200822KI1630103581689','2020-08-24','CC',158,'Kathey Kingston','4387488781894648',7,2021,292,'Mastercard');
-- ------- SAMPLE 1932 ----------
INSERT INTO GUEST VALUES(2932,'Fredericka','Farney','FFarney@hotmail.com','1234 DaWrong Lane','Flonkerton','MD','12345','858-977-1923');
INSERT INTO RESERVATION VALUES ('20180516QD1627106673888',2932,116,'QD','2018-05-16','2018-05-19',null,'cancelled');
INSERT INTO INVOICECHARGE VALUES ('20180516QD1627106673888-ch00001','20180516QD1627106673888','2018-05-16',189.98,'Base room charge');
INSERT INTO INVOICECHARGE VALUES ('20180516QD1627106673888-ch00002','20180516QD1627106673888','2018-05-16',97.87,'Cleaning fee');
INSERT INTO PAYMENT VALUES ('20180516QD1627106673888-p00001','20180516QD1627106673888','2018-05-18','CC',287.86,'Fredericka Farney','3934328462466563',1,2021,415,'Mastercard');
-- ------- SAMPLE 1933 ----------
INSERT INTO GUEST VALUES(2933,'Shawna','Schmit','SSchmit@yahoo.com','1234 DaWrong Lane','Flonkerton','MD','12345','594-682-6895');
INSERT INTO RESERVATION VALUES ('20191227KJ6724089006186',2933,208,'KJ','2019-12-27','2019-12-30',null,'complete');
INSERT INTO INVOICECHARGE VALUES ('20191227KJ6724089006186-ch00001','20191227KJ6724089006186','2019-12-27',274.43,'Base room charge');
INSERT INTO INVOICECHARGE VALUES ('20191227KJ6724089006186-ch00002','20191227KJ6724089006186','2019-12-27',141.37,'Room Service');
INSERT INTO PAYMENT (payment_id,invoice_id,payment_date,payment_type,payment_amount) VALUES ('20191227KJ6724089006186-p00001','20191227KJ6724089006186','2019-12-29','CA',415.81);
-- ------- SAMPLE 1934 ----------
INSERT INTO GUEST VALUES(2934,'Lucius','Liles','LLiles@yahoo.com','1234 DaWrong Lane','Flonkerton','MD','12345','869-021-8319');
INSERT INTO RESERVATION VALUES ('20201124QD7594981637907',2934,null,'QD','2020-11-24','2020-11-28',null,'active');
INSERT INTO INVOICECHARGE VALUES ('20201124QD7594981637907-ch00001','20201124QD7594981637907','2020-11-24',383.81,'Base room charge');
INSERT INTO PAYMENT VALUES ('20201124QD7594981637907-p00001','20201124QD7594981637907','2020-11-26','CC',383.81,'Lucius Liles','5348600124919068',7,2025,265,'Mastercard');
-- ------- SAMPLE 1935 ----------
INSERT INTO GUEST VALUES(2935,'Adrianna','Aungst','AAungst@hotmail.com','1234 DaWrong Lane','Flonkerton','MD','12345','260-502-6525');
INSERT INTO RESERVATION VALUES ('20200617QS4818191758199',2935,null,'QS','2020-06-17','2020-06-22',null,'active');
INSERT INTO INVOICECHARGE VALUES ('20200617QS4818191758199-ch00001','20200617QS4818191758199','2020-06-17',387.01,'Base room charge');
INSERT INTO INVOICECHARGE VALUES ('20200617QS4818191758199-ch00002','20200617QS4818191758199','2020-06-17',199.37,'Cleaning fee');
INSERT INTO PAYMENT VALUES ('20200617QS4818191758199-p00001','20200617QS4818191758199','2020-06-19','CC',586.38,'Adrianna Aungst','5111276230322236',5,2024,899,'Mastercard');
-- ------- SAMPLE 1936 ----------
INSERT INTO GUEST VALUES(2936,'Lynda','Linda','LLinda@yahoo.com','1234 DaWrong Lane','Flonkerton','MD','12345','808-446-1711');
INSERT INTO RESERVATION VALUES ('20191010QS3536687882429',2936,113,'QS','2019-10-10','2019-10-15',null,'complete');
INSERT INTO INVOICECHARGE VALUES ('20191010QS3536687882429-ch00001','20191010QS3536687882429','2019-10-10',586.38,'Base room charge');
INSERT INTO PAYMENT VALUES ('20191010QS3536687882429-p00001','20191010QS3536687882429','2019-10-12','CC',586.38,'Lynda Linda','4297453294753981',1,2021,723,'Mastercard');
-- ------- SAMPLE 1937 ----------
INSERT INTO GUEST VALUES(2937,'Shawn','Stefanski','SStefanski@yahoo.com','1234 DaWrong Lane','Flonkerton','MD','12345','349-623-0061');
INSERT INTO RESERVATION VALUES ('20190122KS3950658518482',2937,206,'KS','2019-01-22','2019-01-24',null,'complete');
INSERT INTO INVOICECHARGE VALUES ('20190122KS3950658518482-ch00001','20190122KS3950658518482','2019-01-22',213.23,'Base room charge');
INSERT INTO PAYMENT VALUES ('20190122KS3950658518482-p00001','20190122KS3950658518482','2019-01-24','CC',213.23,'Shawn Stefanski','6347352325811963',2,2025,546,'Mastercard');
-- ------- SAMPLE 1938 ----------
INSERT INTO GUEST VALUES(2938,'Vicky','Vanderhoff','VVanderhoff@hotmail.com','1234 DaWrong Lane','Flonkerton','MD','12345','360-848-5593');
INSERT INTO RESERVATION VALUES ('20210207KJ7739083250274',2938,null,'KJ','2021-02-07','2021-02-12',null,'active');
-- ------- SAMPLE 1939 ----------
INSERT INTO GUEST VALUES(2939,'Collin','Chaparro','CChaparro@gmail.com','1234 DaWrong Lane','Flonkerton','MD','12345','079-675-2880');
INSERT INTO RESERVATION VALUES ('20200711KJ7041737947616',2939,null,'KJ','2020-07-11','2020-07-14',null,'active');
INSERT INTO INVOICECHARGE VALUES ('20200711KJ7041737947616-ch00001','20200711KJ7041737947616','2020-07-11',274.43,'Base room charge');
INSERT INTO INVOICECHARGE VALUES ('20200711KJ7041737947616-ch00002','20200711KJ7041737947616','2020-07-11',141.37,'Cleaning fee');
INSERT INTO PAYMENT VALUES ('20200711KJ7041737947616-p00001','20200711KJ7041737947616','2020-07-13','CC',415.81,'Collin Chaparro','1258284401150509',3,2024,234,'Mastercard');
-- ------- SAMPLE 1940 ----------
INSERT INTO GUEST VALUES(2940,'Collin','Chaparro','CChaparro@hotmail.com','1234 DaWrong Lane','Flonkerton','MD','12345','099-036-0443');
INSERT INTO RESERVATION VALUES ('20210323KS8183458128484',2940,null,'KS','2021-03-23','2021-03-26',null,'cancelled');
INSERT INTO INVOICECHARGE VALUES ('20210323KS8183458128484-ch00001','20210323KS8183458128484','2021-03-23',211.1,'Base room charge');
INSERT INTO INVOICECHARGE VALUES ('20210323KS8183458128484-ch00002','20210323KS8183458128484','2021-03-23',108.75,'Room Service');
INSERT INTO PAYMENT (payment_id,invoice_id,payment_date,payment_type,payment_amount) VALUES ('20210323KS8183458128484-p00001','20210323KS8183458128484','2021-03-25','CA',319.84);
-- ------- SAMPLE 1941 ----------
INSERT INTO GUEST VALUES(2941,'Tifany','Temple','TTemple@yahoo.com','1234 DaWrong Lane','Flonkerton','MD','12345','340-309-9874');
INSERT INTO RESERVATION VALUES ('20180728QS1468626981976',2941,103,'QS','2018-07-28','2018-07-30',null,'complete');
INSERT INTO INVOICECHARGE VALUES ('20180728QS1468626981976-ch00001','20180728QS1468626981976','2018-07-28',154.81,'Base room charge');
INSERT INTO INVOICECHARGE VALUES ('20180728QS1468626981976-ch00002','20180728QS1468626981976','2018-07-28',79.75,'Cleaning fee');
INSERT INTO PAYMENT VALUES ('20180728QS1468626981976-p00001','20180728QS1468626981976','2018-07-30','CC',234.55,'Tifany Temple','8731034589141093',2,2022,990,'Mastercard');
-- ------- SAMPLE 1942 ----------
INSERT INTO GUEST VALUES(2942,'Collin','Chaparro','CChaparro@yahoo.com','1234 DaWrong Lane','Flonkerton','MD','12345','010-052-4334');
INSERT INTO RESERVATION VALUES ('20190520QS8188428345096',2942,207,'QS','2019-05-20','2019-05-24',null,'complete');
INSERT INTO INVOICECHARGE VALUES ('20190520QS8188428345096-ch00001','20190520QS8188428345096','2019-05-20',469.11,'Base room charge');
INSERT INTO PAYMENT VALUES ('20190520QS8188428345096-p00001','20190520QS8188428345096','2019-05-22','CC',469.11,'Collin Chaparro','3891426084086537',1,2026,35,'Mastercard');
-- ------- SAMPLE 1943 ----------
INSERT INTO GUEST VALUES(2943,'Walter','Wellington','WWellington@yahoo.com','1234 DaWrong Lane','Flonkerton','MD','12345','067-278-7801');
INSERT INTO RESERVATION VALUES ('20201207KJ8409138187399',2943,null,'KJ','2020-12-07','2020-12-10',null,'active');
INSERT INTO INVOICECHARGE VALUES ('20201207KJ8409138187399-ch00001','20201207KJ8409138187399','2020-12-07',415.81,'Base room charge');
INSERT INTO PAYMENT VALUES ('20201207KJ8409138187399-p00001','20201207KJ8409138187399','2020-12-09','CC',118,'Walter Wellington','5028497527633715',3,2026,830,'Mastercard');
-- ------- SAMPLE 1944 ----------
INSERT INTO GUEST VALUES(2944,'Clara','Crimmins','CCrimmins@yahoo.com','1234 DaWrong Lane','Flonkerton','MD','12345','517-764-4389');
INSERT INTO RESERVATION VALUES ('20190814QD5960775329640',2944,116,'QD','2019-08-14','2019-08-16',null,'complete');
INSERT INTO INVOICECHARGE VALUES ('20190814QD5960775329640-ch00001','20190814QD5960775329640','2019-08-14',126.66,'Base room charge');
INSERT INTO INVOICECHARGE VALUES ('20190814QD5960775329640-ch00002','20190814QD5960775329640','2019-08-14',65.25,'Room Service');
INSERT INTO PAYMENT VALUES ('20190814QD5960775329640-p00001','20190814QD5960775329640','2019-08-16','CC',191.9,'Clara Crimmins','4609247016599397',4,2021,330,'Mastercard');
-- ------- SAMPLE 1945 ----------
INSERT INTO GUEST VALUES(2945,'Nena','Nunez','NNunez@hotmail.com','1234 DaWrong Lane','Flonkerton','MD','12345','178-324-2565');
INSERT INTO RESERVATION VALUES ('20200826QD8243520489986',2945,null,'QD','2020-08-26','2020-08-29',null,'active');
-- ------- SAMPLE 1946 ----------
INSERT INTO GUEST VALUES(2946,'Ceola','Carasco','CCarasco@hotmail.com','1234 DaWrong Lane','Flonkerton','MD','12345','739-147-1836');
INSERT INTO RESERVATION VALUES ('20180917KJ7065847994492',2946,203,'KJ','2018-09-17','2018-09-21',null,'complete');
INSERT INTO INVOICECHARGE VALUES ('20180917KJ7065847994492-ch00001','20180917KJ7065847994492','2018-09-17',554.41,'Base room charge');
INSERT INTO PAYMENT VALUES ('20180917KJ7065847994492-p00001','20180917KJ7065847994492','2018-09-19','CC',554.41,'Ceola Carasco','4651270257318148',2,2022,718,'Mastercard');
-- ------- SAMPLE 1947 ----------
INSERT INTO GUEST VALUES(2947,'Ella','Evanoff','EEvanoff@hotmail.com','1234 DaWrong Lane','Flonkerton','MD','12345','627-549-6864');
INSERT INTO RESERVATION VALUES ('20200410KJ4253863847943',2947,208,'KJ','2020-04-10','2020-04-15',null,'complete');
INSERT INTO INVOICECHARGE VALUES ('20200410KJ4253863847943-ch00001','20200410KJ4253863847943','2020-04-10',457.39,'Base room charge');
INSERT INTO INVOICECHARGE VALUES ('20200410KJ4253863847943-ch00002','20200410KJ4253863847943','2020-04-10',235.62,'Room Service');
INSERT INTO PAYMENT VALUES ('20200410KJ4253863847943-p00001','20200410KJ4253863847943','2020-04-12','CC',693.01,'Ella Evanoff','8600210181277296',4,2023,932,'Mastercard');
-- ------- SAMPLE 1948 ----------
INSERT INTO GUEST VALUES(2948,'Walter','Wellington','WWellington@yahoo.com','1234 DaWrong Lane','Flonkerton','MD','12345','361-439-6811');
INSERT INTO RESERVATION VALUES ('20201121KI3727035548751',2948,null,'KI','2020-11-21','2020-11-25',null,'active');
INSERT INTO INVOICECHARGE VALUES ('20201121KI3727035548751-ch00001','20201121KI3727035548751','2020-11-21',225.16,'Base room charge');
INSERT INTO INVOICECHARGE VALUES ('20201121KI3727035548751-ch00002','20201121KI3727035548751','2020-11-21',115.99,'Cleaning fee');
INSERT INTO PAYMENT VALUES ('20201121KI3727035548751-p00001','20201121KI3727035548751','2020-11-23','CC',199,'Walter Wellington','2901756015946400',2,2023,527,'Mastercard');
-- ------- SAMPLE 1949 ----------
INSERT INTO GUEST VALUES(2949,'Pearlene','Priestly','PPriestly@gmail.com','1234 DaWrong Lane','Flonkerton','MD','12345','489-468-2542');
INSERT INTO RESERVATION VALUES ('20190704QS1240305779277',2949,207,'QS','2019-07-04','2019-07-05',null,'complete');
INSERT INTO INVOICECHARGE VALUES ('20190704QS1240305779277-ch00001','20190704QS1240305779277','2019-07-04',117.28,'Base room charge');
INSERT INTO PAYMENT VALUES ('20190704QS1240305779277-p00001','20190704QS1240305779277','2019-07-06','CC',117.28,'Pearlene Priestly','2946374461967993',10,2025,549,'Mastercard');
-- ------- SAMPLE 1950 ----------
INSERT INTO GUEST VALUES(2950,'Melony','Mcmartin','MMcmartin@yahoo.com','1234 DaWrong Lane','Flonkerton','MD','12345','040-820-8209');
INSERT INTO RESERVATION VALUES ('20180716KS2374633435895',2950,206,'KS','2018-07-16','2018-07-20',null,'complete');
INSERT INTO INVOICECHARGE VALUES ('20180716KS2374633435895-ch00001','20180716KS2374633435895','2018-07-16',426.46,'Base room charge');
INSERT INTO PAYMENT (payment_id,invoice_id,payment_date,payment_type,payment_amount) VALUES ('20180716KS2374633435895-p00001','20180716KS2374633435895','2018-07-18','CA',426.46);
-- ------- SAMPLE 1951 ----------
INSERT INTO GUEST VALUES(2951,'Ella','Evanoff','EEvanoff@yahoo.com','1234 DaWrong Lane','Flonkerton','MD','12345','801-227-8075');
INSERT INTO RESERVATION VALUES ('20191217QD2969391920918',2951,106,'QD','2019-12-17','2019-12-18',null,'complete');
INSERT INTO INVOICECHARGE VALUES ('20191217QD2969391920918-ch00001','20191217QD2969391920918','2019-12-17',63.33,'Base room charge');
INSERT INTO INVOICECHARGE VALUES ('20191217QD2969391920918-ch00002','20191217QD2969391920918','2019-12-17',32.62,'Room Service');
INSERT INTO PAYMENT (payment_id,invoice_id,payment_date,payment_type,payment_amount) VALUES ('20191217QD2969391920918-p00001','20191217QD2969391920918','2019-12-19','CA',95.95);
-- ------- SAMPLE 1952 ----------
INSERT INTO GUEST VALUES(2952,'Shandi','Scharf','SScharf@hotmail.com','1234 DaWrong Lane','Flonkerton','MD','12345','137-021-5115');
INSERT INTO RESERVATION VALUES ('20190807QS8406884369301',2952,207,'QS','2019-08-07','2019-08-12',null,'complete');
INSERT INTO INVOICECHARGE VALUES ('20190807QS8406884369301-ch00001','20190807QS8406884369301','2019-08-07',387.01,'Base room charge');
INSERT INTO INVOICECHARGE VALUES ('20190807QS8406884369301-ch00002','20190807QS8406884369301','2019-08-07',199.37,'Room Service');
INSERT INTO PAYMENT VALUES ('20190807QS8406884369301-p00001','20190807QS8406884369301','2019-08-09','CC',586.38,'Shandi Scharf','4477259748017206',2,2021,612,'Mastercard');
-- ------- SAMPLE 1953 ----------
INSERT INTO GUEST VALUES(2953,'Luella','Lundstrom','LLundstrom@yahoo.com','1234 DaWrong Lane','Flonkerton','MD','12345','012-967-2369');
INSERT INTO RESERVATION VALUES ('20191030QD8513722970482',2953,101,'QD','2019-10-30','2019-11-03',null,'complete');
INSERT INTO INVOICECHARGE VALUES ('20191030QD8513722970482-ch00001','20191030QD8513722970482','2019-10-30',383.81,'Base room charge');
INSERT INTO PAYMENT VALUES ('20191030QD8513722970482-p00001','20191030QD8513722970482','2019-11-01','CC',383.81,'Luella Lundstrom','5537541732649531',5,2023,391,'Mastercard');
-- ------- SAMPLE 1954 ----------
INSERT INTO GUEST VALUES(2954,'Serafina','Singh','SSingh@yahoo.com','1234 DaWrong Lane','Flonkerton','MD','12345','185-209-7516');
INSERT INTO RESERVATION VALUES ('20190611KS5245304188166',2954,102,'KS','2019-06-11','2019-06-14',null,'complete');
INSERT INTO INVOICECHARGE VALUES ('20190611KS5245304188166-ch00001','20190611KS5245304188166','2019-06-11',211.1,'Base room charge');
INSERT INTO INVOICECHARGE VALUES ('20190611KS5245304188166-ch00002','20190611KS5245304188166','2019-06-11',108.75,'Cleaning fee');
INSERT INTO PAYMENT VALUES ('20190611KS5245304188166-p00001','20190611KS5245304188166','2019-06-13','CC',319.84,'Serafina Singh','1447014101653508',10,2022,867,'Mastercard');
-- ------- SAMPLE 1955 ----------
INSERT INTO GUEST VALUES(2955,'Lynda','Linda','LLinda@yahoo.com','1234 DaWrong Lane','Flonkerton','MD','12345','305-943-7169');
INSERT INTO RESERVATION VALUES ('20190511KI4970585295465',2955,209,'KI','2019-05-11','2019-05-16',null,'complete');
INSERT INTO INVOICECHARGE VALUES ('20190511KI4970585295465-ch00001','20190511KI4970585295465','2019-05-11',281.45,'Base room charge');
INSERT INTO INVOICECHARGE VALUES ('20190511KI4970585295465-ch00002','20190511KI4970585295465','2019-05-11',144.99,'Cleaning fee');
INSERT INTO PAYMENT (payment_id,invoice_id,payment_date,payment_type,payment_amount) VALUES ('20190511KI4970585295465-p00001','20190511KI4970585295465','2019-05-13','CA',426.45);
-- ------- SAMPLE 1956 ----------
INSERT INTO GUEST VALUES(2956,'Francie','Fairbank','FFairbank@hotmail.com','1234 DaWrong Lane','Flonkerton','MD','12345','999-311-7476');
INSERT INTO RESERVATION VALUES ('20191018KS1450692777897',2956,206,'KS','2019-10-18','2019-10-19',null,'complete');
INSERT INTO INVOICECHARGE VALUES ('20191018KS1450692777897-ch00001','20191018KS1450692777897','2019-10-18',106.61,'Base room charge');
INSERT INTO PAYMENT VALUES ('20191018KS1450692777897-p00001','20191018KS1450692777897','2019-10-20','CC',106.61,'Francie Fairbank','9754186453275858',9,2024,154,'Mastercard');
-- ------- SAMPLE 1957 ----------
INSERT INTO GUEST VALUES(2957,'Rachell','Riser','RRiser@yahoo.com','1234 DaWrong Lane','Flonkerton','MD','12345','773-701-1879');
INSERT INTO RESERVATION VALUES ('20191123QD6401012620986',2957,200,'QD','2019-11-23','2019-11-26',null,'complete');
INSERT INTO INVOICECHARGE VALUES ('20191123QD6401012620986-ch00001','20191123QD6401012620986','2019-11-23',189.98,'Base room charge');
INSERT INTO INVOICECHARGE VALUES ('20191123QD6401012620986-ch00002','20191123QD6401012620986','2019-11-23',97.87,'Room Service');
INSERT INTO PAYMENT (payment_id,invoice_id,payment_date,payment_type,payment_amount) VALUES ('20191123QD6401012620986-p00001','20191123QD6401012620986','2019-11-25','CA',287.86);
-- ------- SAMPLE 1958 ----------
INSERT INTO GUEST VALUES(2958,'Irma','Irby','IIrby@gmail.com','1234 DaWrong Lane','Flonkerton','MD','12345','187-537-4956');
INSERT INTO RESERVATION VALUES ('20201125QS8903413967619',2958,null,'QS','2020-11-25','2020-11-28',null,'active');
INSERT INTO INVOICECHARGE VALUES ('20201125QS8903413967619-ch00001','20201125QS8903413967619','2020-11-25',351.83,'Base room charge');
INSERT INTO PAYMENT (payment_id,invoice_id,payment_date,payment_type,payment_amount) VALUES ('20201125QS8903413967619-p00001','20201125QS8903413967619','2020-11-27','CA',351.83);
-- ------- SAMPLE 1959 ----------
INSERT INTO GUEST VALUES(2959,'Shad','Sitler','SSitler@yahoo.com','1234 DaWrong Lane','Flonkerton','MD','12345','348-786-4024');
INSERT INTO RESERVATION VALUES ('20201006KJ2209749321359',2959,null,'KJ','2020-10-06','2020-10-07',null,'active');
INSERT INTO INVOICECHARGE VALUES ('20201006KJ2209749321359-ch00001','20201006KJ2209749321359','2020-10-06',138.6,'Base room charge');
INSERT INTO PAYMENT VALUES ('20201006KJ2209749321359-p00001','20201006KJ2209749321359','2020-10-08','CC',138.6,'Shad Sitler','6739701903701671',4,2022,75,'Mastercard');
-- ------- SAMPLE 1960 ----------
INSERT INTO GUEST VALUES(2960,'Louisa','Laroque','LLaroque@yahoo.com','1234 DaWrong Lane','Flonkerton','MD','12345','791-020-7590');
INSERT INTO RESERVATION VALUES ('20200831KS5224438784808',2960,null,'KS','2020-08-31','2020-09-03',null,'active');
INSERT INTO INVOICECHARGE VALUES ('20200831KS5224438784808-ch00001','20200831KS5224438784808','2020-08-31',211.1,'Base room charge');
INSERT INTO INVOICECHARGE VALUES ('20200831KS5224438784808-ch00002','20200831KS5224438784808','2020-08-31',108.75,'Room Service');
INSERT INTO PAYMENT (payment_id,invoice_id,payment_date,payment_type,payment_amount) VALUES ('20200831KS5224438784808-p00001','20200831KS5224438784808','2020-09-02','CA',319.84);
-- ------- SAMPLE 1961 ----------
INSERT INTO GUEST VALUES(2961,'Buford','Biddy','BBiddy@gmail.com','1234 DaWrong Lane','Flonkerton','MD','12345','486-173-0788');
INSERT INTO RESERVATION VALUES ('20191022QS5612967794003',2961,103,'QS','2019-10-22','2019-10-25',null,'complete');
INSERT INTO INVOICECHARGE VALUES ('20191022QS5612967794003-ch00001','20191022QS5612967794003','2019-10-22',351.83,'Base room charge');
INSERT INTO PAYMENT (payment_id,invoice_id,payment_date,payment_type,payment_amount) VALUES ('20191022QS5612967794003-p00001','20191022QS5612967794003','2019-10-24','CA',351.83);
-- ------- SAMPLE 1962 ----------
INSERT INTO GUEST VALUES(2962,'Shena','Sandoz','SSandoz@gmail.com','1234 DaWrong Lane','Flonkerton','MD','12345','263-974-1006');
INSERT INTO RESERVATION VALUES ('20190708QD5732884117509',2962,101,'QD','2019-07-08','2019-07-11',null,'complete');
INSERT INTO INVOICECHARGE VALUES ('20190708QD5732884117509-ch00001','20190708QD5732884117509','2019-07-08',189.98,'Base room charge');
INSERT INTO INVOICECHARGE VALUES ('20190708QD5732884117509-ch00002','20190708QD5732884117509','2019-07-08',97.87,'Cleaning fee');
INSERT INTO PAYMENT (payment_id,invoice_id,payment_date,payment_type,payment_amount) VALUES ('20190708QD5732884117509-p00001','20190708QD5732884117509','2019-07-10','CA',287.86);
-- ------- SAMPLE 1963 ----------
INSERT INTO GUEST VALUES(2963,'Irma','Irby','IIrby@hotmail.com','1234 DaWrong Lane','Flonkerton','MD','12345','173-173-7542');
INSERT INTO RESERVATION VALUES ('20181026KJ5357510681507',2963,119,'KJ','2018-10-26','2018-10-30',null,'complete');
INSERT INTO INVOICECHARGE VALUES ('20181026KJ5357510681507-ch00001','20181026KJ5357510681507','2018-10-26',365.91,'Base room charge');
INSERT INTO INVOICECHARGE VALUES ('20181026KJ5357510681507-ch00002','20181026KJ5357510681507','2018-10-26',188.5,'Cleaning fee');
INSERT INTO PAYMENT (payment_id,invoice_id,payment_date,payment_type,payment_amount) VALUES ('20181026KJ5357510681507-p00001','20181026KJ5357510681507','2018-10-28','CA',554.41);
-- ------- SAMPLE 1964 ----------
INSERT INTO GUEST VALUES(2964,'Kathlyn','Kinser','KKinser@hotmail.com','1234 DaWrong Lane','Flonkerton','MD','12345','578-375-6989');
INSERT INTO RESERVATION VALUES ('20210328KI2156465787468',2964,null,'KI','2021-03-28','2021-03-31',null,'active');
INSERT INTO INVOICECHARGE VALUES ('20210328KI2156465787468-ch00001','20210328KI2156465787468','2021-03-28',255.87,'Base room charge');
INSERT INTO PAYMENT VALUES ('20210328KI2156465787468-p00001','20210328KI2156465787468','2021-03-30','CC',255.87,'Kathlyn Kinser','8314590550632304',12,2026,956,'Mastercard');
-- ------- SAMPLE 1965 ----------
INSERT INTO GUEST VALUES(2965,'Len','Linquist','LLinquist@yahoo.com','1234 DaWrong Lane','Flonkerton','MD','12345','235-106-7841');
INSERT INTO RESERVATION VALUES ('20190106QD3637165725016',2965,111,'QD','2019-01-06','2019-01-09',null,'complete');
INSERT INTO INVOICECHARGE VALUES ('20190106QD3637165725016-ch00001','20190106QD3637165725016','2019-01-06',189.98,'Base room charge');
INSERT INTO INVOICECHARGE VALUES ('20190106QD3637165725016-ch00002','20190106QD3637165725016','2019-01-06',97.87,'Cleaning fee');
INSERT INTO PAYMENT VALUES ('20190106QD3637165725016-p00001','20190106QD3637165725016','2019-01-08','CC',287.86,'Len Linquist','6963899597498091',11,2026,300,'Mastercard');
-- ------- SAMPLE 1966 ----------
INSERT INTO GUEST VALUES(2966,'Louisa','Laroque','LLaroque@yahoo.com','1234 DaWrong Lane','Flonkerton','MD','12345','936-024-8178');
INSERT INTO RESERVATION VALUES ('20201114KI4253154293917',2966,null,'KI','2020-11-14','2020-11-16',null,'active');
INSERT INTO INVOICECHARGE VALUES ('20201114KI4253154293917-ch00001','20201114KI4253154293917','2020-11-14',170.58,'Base room charge');
INSERT INTO PAYMENT VALUES ('20201114KI4253154293917-p00001','20201114KI4253154293917','2020-11-16','CC',141,'Louisa Laroque','7837610706362172',2,2022,360,'Mastercard');
-- ------- SAMPLE 1967 ----------
INSERT INTO GUEST VALUES(2967,'Piedad','Proctor','PProctor@hotmail.com','1234 DaWrong Lane','Flonkerton','MD','12345','014-687-5362');
INSERT INTO RESERVATION VALUES ('20190401QD1659971478045',2967,200,'QD','2019-04-01','2019-04-05',null,'cancelled');
INSERT INTO INVOICECHARGE VALUES ('20190401QD1659971478045-ch00001','20190401QD1659971478045','2019-04-01',383.81,'Base room charge');
INSERT INTO PAYMENT VALUES ('20190401QD1659971478045-p00001','20190401QD1659971478045','2019-04-03','CC',383.81,'Piedad Proctor','9515208663212459',7,2021,595,'Mastercard');
-- ------- SAMPLE 1968 ----------
INSERT INTO GUEST VALUES(2968,'Fleta','Fickel','FFickel@gmail.com','1234 DaWrong Lane','Flonkerton','MD','12345','699-878-9449');
INSERT INTO RESERVATION VALUES ('20200807KI2231970841491',2968,null,'KI','2020-08-07','2020-08-10',null,'active');
-- ------- SAMPLE 1969 ----------
INSERT INTO GUEST VALUES(2969,'Leanora','Locke','LLocke@gmail.com','1234 DaWrong Lane','Flonkerton','MD','12345','158-762-6450');
INSERT INTO RESERVATION VALUES ('20190131KS3143180181125',2969,107,'KS','2019-01-31','2019-02-02',null,'complete');
INSERT INTO INVOICECHARGE VALUES ('20190131KS3143180181125-ch00001','20190131KS3143180181125','2019-01-31',140.73,'Base room charge');
INSERT INTO INVOICECHARGE VALUES ('20190131KS3143180181125-ch00002','20190131KS3143180181125','2019-01-31',72.5,'Cleaning fee');
INSERT INTO PAYMENT (payment_id,invoice_id,payment_date,payment_type,payment_amount) VALUES ('20190131KS3143180181125-p00001','20190131KS3143180181125','2019-02-02','CA',213.23);
-- ------- SAMPLE 1970 ----------
INSERT INTO GUEST VALUES(2970,'Ceola','Carasco','CCarasco@yahoo.com','1234 DaWrong Lane','Flonkerton','MD','12345','840-663-4870');
INSERT INTO RESERVATION VALUES ('20180628KS3498706636988',2970,112,'KS','2018-06-28','2018-07-01',null,'complete');
INSERT INTO INVOICECHARGE VALUES ('20180628KS3498706636988-ch00001','20180628KS3498706636988','2018-06-28',211.1,'Base room charge');
INSERT INTO INVOICECHARGE VALUES ('20180628KS3498706636988-ch00002','20180628KS3498706636988','2018-06-28',108.75,'Room Service');
INSERT INTO PAYMENT (payment_id,invoice_id,payment_date,payment_type,payment_amount) VALUES ('20180628KS3498706636988-p00001','20180628KS3498706636988','2018-06-30','CA',319.84);
-- ------- SAMPLE 1971 ----------
INSERT INTO GUEST VALUES(2971,'Bessie','Buhler','BBuhler@yahoo.com','1234 DaWrong Lane','Flonkerton','MD','12345','059-274-4995');
INSERT INTO RESERVATION VALUES ('20200506QS4350802486520',2971,null,'QS','2020-05-06','2020-05-10',null,'active');
-- ------- SAMPLE 1972 ----------
INSERT INTO GUEST VALUES(2972,'Nena','Nunez','NNunez@gmail.com','1234 DaWrong Lane','Flonkerton','MD','12345','285-939-3192');
INSERT INTO RESERVATION VALUES ('20190221QD3934051629754',2972,101,'QD','2019-02-21','2019-02-26',null,'complete');
INSERT INTO INVOICECHARGE VALUES ('20190221QD3934051629754-ch00001','20190221QD3934051629754','2019-02-21',479.76,'Base room charge');
INSERT INTO PAYMENT VALUES ('20190221QD3934051629754-p00001','20190221QD3934051629754','2019-02-23','CC',479.76,'Nena Nunez','3668874307227933',3,2026,261,'Mastercard');
-- ------- SAMPLE 1973 ----------
INSERT INTO GUEST VALUES(2973,'Tomika','Teran','TTeran@yahoo.com','1234 DaWrong Lane','Flonkerton','MD','12345','673-336-8720');
INSERT INTO RESERVATION VALUES ('20200730KI3246605612796',2973,null,'KI','2020-07-30','2020-08-03',null,'active');
INSERT INTO INVOICECHARGE VALUES ('20200730KI3246605612796-ch00001','20200730KI3246605612796','2020-07-30',225.16,'Base room charge');
INSERT INTO INVOICECHARGE VALUES ('20200730KI3246605612796-ch00002','20200730KI3246605612796','2020-07-30',115.99,'Room Service');
INSERT INTO PAYMENT VALUES ('20200730KI3246605612796-p00001','20200730KI3246605612796','2020-08-01','CC',341.16,'Tomika Teran','8839316551135733',2,2021,216,'Mastercard');
-- ------- SAMPLE 1974 ----------
INSERT INTO GUEST VALUES(2974,'Aretha','Acy','AAcy@hotmail.com','1234 DaWrong Lane','Flonkerton','MD','12345','914-420-7448');
INSERT INTO RESERVATION VALUES ('20180831KJ5515339002462',2974,208,'KJ','2018-08-31','2018-09-05',null,'complete');
INSERT INTO INVOICECHARGE VALUES ('20180831KJ5515339002462-ch00001','20180831KJ5515339002462','2018-08-31',693.01,'Base room charge');
INSERT INTO PAYMENT VALUES ('20180831KJ5515339002462-p00001','20180831KJ5515339002462','2018-09-02','CC',693.01,'Aretha Acy','3963165074358965',10,2027,853,'Mastercard');
-- ------- SAMPLE 1975 ----------
INSERT INTO GUEST VALUES(2975,'Walter','Wellington','WWellington@gmail.com','1234 DaWrong Lane','Flonkerton','MD','12345','181-558-4447');
INSERT INTO RESERVATION VALUES ('20181104KI8753116306158',2975,115,'KI','2018-11-04','2018-11-07',null,'complete');
INSERT INTO INVOICECHARGE VALUES ('20181104KI8753116306158-ch00001','20181104KI8753116306158','2018-11-04',255.87,'Base room charge');
INSERT INTO PAYMENT VALUES ('20181104KI8753116306158-p00001','20181104KI8753116306158','2018-11-06','CC',255.87,'Walter Wellington','5659523241119239',3,2025,890,'Mastercard');
-- ------- SAMPLE 1976 ----------
INSERT INTO GUEST VALUES(2976,'Abel','Alire','AAlire@gmail.com','1234 DaWrong Lane','Flonkerton','MD','12345','570-798-6041');
INSERT INTO RESERVATION VALUES ('20201031KJ6906140353101',2976,null,'KJ','2020-10-31','2020-11-03',null,'cancelled');
INSERT INTO INVOICECHARGE VALUES ('20201031KJ6906140353101-ch00001','20201031KJ6906140353101','2020-10-31',415.81,'Base room charge');
INSERT INTO PAYMENT VALUES ('20201031KJ6906140353101-p00001','20201031KJ6906140353101','2020-11-02','CC',415.81,'Abel Alire','7982072825783511',5,2027,692,'Mastercard');
-- ------- SAMPLE 1977 ----------
INSERT INTO GUEST VALUES(2977,'Heather','Hartin','HHartin@gmail.com','1234 DaWrong Lane','Flonkerton','MD','12345','678-898-2607');
INSERT INTO RESERVATION VALUES ('20200902KI1445838117786',2977,null,'KI','2020-09-02','2020-09-04',null,'active');
INSERT INTO INVOICECHARGE VALUES ('20200902KI1445838117786-ch00001','20200902KI1445838117786','2020-09-02',170.58,'Base room charge');
INSERT INTO PAYMENT VALUES ('20200902KI1445838117786-p00001','20200902KI1445838117786','2020-09-04','CC',170.58,'Heather Hartin','9944573905108019',9,2025,373,'Mastercard');
-- ------- SAMPLE 1978 ----------
INSERT INTO GUEST VALUES(2978,'Cherry','Chiarello','CChiarello@yahoo.com','1234 DaWrong Lane','Flonkerton','MD','12345','609-247-9575');
INSERT INTO RESERVATION VALUES ('20180528QD4760857171955',2978,111,'QD','2018-05-28','2018-06-01',null,'complete');
INSERT INTO INVOICECHARGE VALUES ('20180528QD4760857171955-ch00001','20180528QD4760857171955','2018-05-28',253.31,'Base room charge');
INSERT INTO INVOICECHARGE VALUES ('20180528QD4760857171955-ch00002','20180528QD4760857171955','2018-05-28',130.49,'Cleaning fee');
INSERT INTO PAYMENT VALUES ('20180528QD4760857171955-p00001','20180528QD4760857171955','2018-05-30','CC',383.81,'Cherry Chiarello','2276160497638363',9,2021,205,'Mastercard');
-- ------- SAMPLE 1979 ----------
INSERT INTO GUEST VALUES(2979,'Nena','Nunez','NNunez@yahoo.com','1234 DaWrong Lane','Flonkerton','MD','12345','711-963-7228');
INSERT INTO RESERVATION VALUES ('20210215QS2291564600614',2979,null,'QS','2021-02-15','2021-02-19',null,'active');
INSERT INTO INVOICECHARGE VALUES ('20210215QS2291564600614-ch00001','20210215QS2291564600614','2021-02-15',309.61,'Base room charge');
INSERT INTO INVOICECHARGE VALUES ('20210215QS2291564600614-ch00002','20210215QS2291564600614','2021-02-15',159.5,'Cleaning fee');
INSERT INTO PAYMENT VALUES ('20210215QS2291564600614-p00001','20210215QS2291564600614','2021-02-17','CC',469.11,'Nena Nunez','2397398568919635',1,2027,221,'Mastercard');
-- ------- SAMPLE 1980 ----------
INSERT INTO GUEST VALUES(2980,'Delsie','Delong','DDelong@hotmail.com','1234 DaWrong Lane','Flonkerton','MD','12345','821-807-2394');
INSERT INTO RESERVATION VALUES ('20190109KS5815082987395',2980,117,'KS','2019-01-09','2019-01-10',null,'complete');
INSERT INTO INVOICECHARGE VALUES ('20190109KS5815082987395-ch00001','20190109KS5815082987395','2019-01-09',106.61,'Base room charge');
INSERT INTO PAYMENT VALUES ('20190109KS5815082987395-p00001','20190109KS5815082987395','2019-01-11','CC',106.61,'Delsie Delong','4398213180519626',9,2026,44,'Mastercard');
-- ------- SAMPLE 1981 ----------
INSERT INTO GUEST VALUES(2981,'Jeanene','Jacobo','JJacobo@gmail.com','1234 DaWrong Lane','Flonkerton','MD','12345','713-826-5800');
INSERT INTO RESERVATION VALUES ('20201223KI4983389951481',2981,null,'KI','2020-12-23','2020-12-28',null,'active');
INSERT INTO INVOICECHARGE VALUES ('20201223KI4983389951481-ch00001','20201223KI4983389951481','2020-12-23',281.45,'Base room charge');
INSERT INTO INVOICECHARGE VALUES ('20201223KI4983389951481-ch00002','20201223KI4983389951481','2020-12-23',144.99,'Cleaning fee');
INSERT INTO PAYMENT (payment_id,invoice_id,payment_date,payment_type,payment_amount) VALUES ('20201223KI4983389951481-p00001','20201223KI4983389951481','2020-12-25','CA',426.45);
-- ------- SAMPLE 1982 ----------
INSERT INTO GUEST VALUES(2982,'Kandra','Kelty','KKelty@hotmail.com','1234 DaWrong Lane','Flonkerton','MD','12345','606-577-5506');
INSERT INTO RESERVATION VALUES ('20190416KS8740016597327',2982,102,'KS','2019-04-16','2019-04-21',null,'cancelled');
INSERT INTO INVOICECHARGE VALUES ('20190416KS8740016597327-ch00001','20190416KS8740016597327','2019-04-16',533.07,'Base room charge');
INSERT INTO PAYMENT (payment_id,invoice_id,payment_date,payment_type,payment_amount) VALUES ('20190416KS8740016597327-p00001','20190416KS8740016597327','2019-04-18','CA',533.07);
-- ------- SAMPLE 1983 ----------
INSERT INTO GUEST VALUES(2983,'Elfriede','Esslinger','EEsslinger@hotmail.com','1234 DaWrong Lane','Flonkerton','MD','12345','403-587-7041');
INSERT INTO RESERVATION VALUES ('20200411KS8451298913100',2983,112,'KS','2020-04-11','2020-04-12',null,'complete');
INSERT INTO INVOICECHARGE VALUES ('20200411KS8451298913100-ch00001','20200411KS8451298913100','2020-04-11',106.61,'Base room charge');
INSERT INTO PAYMENT VALUES ('20200411KS8451298913100-p00001','20200411KS8451298913100','2020-04-13','CC',106.61,'Elfriede Esslinger','6619798465501559',1,2021,77,'Mastercard');
-- ------- SAMPLE 1984 ----------
INSERT INTO GUEST VALUES(2984,'Tish','Tusing','TTusing@gmail.com','1234 DaWrong Lane','Flonkerton','MD','12345','095-632-6842');
INSERT INTO RESERVATION VALUES ('20191110QD7077269672363',2984,106,'QD','2019-11-10','2019-11-11',null,'complete');
INSERT INTO INVOICECHARGE VALUES ('20191110QD7077269672363-ch00001','20191110QD7077269672363','2019-11-10',63.33,'Base room charge');
INSERT INTO INVOICECHARGE VALUES ('20191110QD7077269672363-ch00002','20191110QD7077269672363','2019-11-10',32.62,'Room Service');
INSERT INTO PAYMENT VALUES ('20191110QD7077269672363-p00001','20191110QD7077269672363','2019-11-12','CC',95.95,'Tish Tusing','2999875271259752',5,2027,845,'Mastercard');
-- ------- SAMPLE 1985 ----------
INSERT INTO GUEST VALUES(2985,'Buffy','Beattie','BBeattie@hotmail.com','1234 DaWrong Lane','Flonkerton','MD','12345','356-161-1952');
INSERT INTO RESERVATION VALUES ('20210110KI5111392169512',2985,null,'KI','2021-01-10','2021-01-15',null,'active');
INSERT INTO INVOICECHARGE VALUES ('20210110KI5111392169512-ch00001','20210110KI5111392169512','2021-01-10',281.45,'Base room charge');
INSERT INTO INVOICECHARGE VALUES ('20210110KI5111392169512-ch00002','20210110KI5111392169512','2021-01-10',144.99,'Room Service');
INSERT INTO PAYMENT VALUES ('20210110KI5111392169512-p00001','20210110KI5111392169512','2021-01-12','CC',426.45,'Buffy Beattie','6855677689986342',3,2021,717,'Mastercard');
-- ------- SAMPLE 1986 ----------
INSERT INTO GUEST VALUES(2986,'Freida','Forbis','FForbis@yahoo.com','1234 DaWrong Lane','Flonkerton','MD','12345','029-274-3350');
INSERT INTO RESERVATION VALUES ('20200421KI2455774843429',2986,115,'KI','2020-04-21','2020-04-26',null,'complete');
INSERT INTO INVOICECHARGE VALUES ('20200421KI2455774843429-ch00001','20200421KI2455774843429','2020-04-21',281.45,'Base room charge');
INSERT INTO INVOICECHARGE VALUES ('20200421KI2455774843429-ch00002','20200421KI2455774843429','2020-04-21',144.99,'Room Service');
INSERT INTO PAYMENT VALUES ('20200421KI2455774843429-p00001','20200421KI2455774843429','2020-04-23','CC',426.45,'Freida Forbis','7842543191686033',5,2021,17,'Mastercard');
-- ------- SAMPLE 1987 ----------
INSERT INTO GUEST VALUES(2987,'Malia','Molden','MMolden@yahoo.com','1234 DaWrong Lane','Flonkerton','MD','12345','244-332-4149');
INSERT INTO RESERVATION VALUES ('20200220QS1035115441670',2987,202,'QS','2020-02-20','2020-02-22',null,'complete');
INSERT INTO INVOICECHARGE VALUES ('20200220QS1035115441670-ch00001','20200220QS1035115441670','2020-02-20',234.55,'Base room charge');
INSERT INTO PAYMENT VALUES ('20200220QS1035115441670-p00001','20200220QS1035115441670','2020-02-22','CC',234.55,'Malia Molden','1628486740251672',12,2026,379,'Mastercard');
-- ------- SAMPLE 1988 ----------
INSERT INTO GUEST VALUES(2988,'Kasey','Kipp','KKipp@yahoo.com','1234 DaWrong Lane','Flonkerton','MD','12345','300-352-4310');
INSERT INTO RESERVATION VALUES ('20190731QD3668374999846',2988,116,'QD','2019-07-31','2019-08-02',null,'complete');
INSERT INTO INVOICECHARGE VALUES ('20190731QD3668374999846-ch00001','20190731QD3668374999846','2019-07-31',126.66,'Base room charge');
INSERT INTO INVOICECHARGE VALUES ('20190731QD3668374999846-ch00002','20190731QD3668374999846','2019-07-31',65.25,'Room Service');
INSERT INTO PAYMENT VALUES ('20190731QD3668374999846-p00001','20190731QD3668374999846','2019-08-02','CC',191.9,'Kasey Kipp','9633525161933752',10,2025,748,'Mastercard');
-- ------- SAMPLE 1989 ----------
INSERT INTO GUEST VALUES(2989,'Nena','Nunez','NNunez@hotmail.com','1234 DaWrong Lane','Flonkerton','MD','12345','192-686-7501');
INSERT INTO RESERVATION VALUES ('20210118KI7065203719044',2989,null,'KI','2021-01-18','2021-01-22',null,'active');
INSERT INTO INVOICECHARGE VALUES ('20210118KI7065203719044-ch00001','20210118KI7065203719044','2021-01-18',225.16,'Base room charge');
INSERT INTO INVOICECHARGE VALUES ('20210118KI7065203719044-ch00002','20210118KI7065203719044','2021-01-18',115.99,'Room Service');
INSERT INTO PAYMENT (payment_id,invoice_id,payment_date,payment_type,payment_amount) VALUES ('20210118KI7065203719044-p00001','20210118KI7065203719044','2021-01-20','CA',341.16);
-- ------- SAMPLE 1990 ----------
INSERT INTO GUEST VALUES(2990,'Leonore','Losh','LLosh@yahoo.com','1234 DaWrong Lane','Flonkerton','MD','12345','639-715-8995');
INSERT INTO RESERVATION VALUES ('20190727KI9932367386313',2990,204,'KI','2019-07-27','2019-07-29',null,'complete');
INSERT INTO INVOICECHARGE VALUES ('20190727KI9932367386313-ch00001','20190727KI9932367386313','2019-07-27',112.58,'Base room charge');
INSERT INTO INVOICECHARGE VALUES ('20190727KI9932367386313-ch00002','20190727KI9932367386313','2019-07-27',58,'Room Service');
INSERT INTO PAYMENT VALUES ('20190727KI9932367386313-p00001','20190727KI9932367386313','2019-07-29','CC',170.58,'Leonore Losh','6804257790714840',2,2023,281,'Mastercard');
-- ------- SAMPLE 1991 ----------
INSERT INTO GUEST VALUES(2991,'Raisa','Romito','RRomito@gmail.com','1234 DaWrong Lane','Flonkerton','MD','12345','797-353-4446');
INSERT INTO RESERVATION VALUES ('20200629QD6029865948370',2991,null,'QD','2020-06-29','2020-06-30',null,'active');
INSERT INTO INVOICECHARGE VALUES ('20200629QD6029865948370-ch00001','20200629QD6029865948370','2020-06-29',95.95,'Base room charge');
INSERT INTO PAYMENT VALUES ('20200629QD6029865948370-p00001','20200629QD6029865948370','2020-07-01','CC',95.95,'Raisa Romito','2114412298273723',5,2027,47,'Mastercard');
-- ------- SAMPLE 1992 ----------
INSERT INTO GUEST VALUES(2992,'Jeanene','Jacobo','JJacobo@hotmail.com','1234 DaWrong Lane','Flonkerton','MD','12345','767-864-9855');
INSERT INTO RESERVATION VALUES ('20200410QS6323575568601',2992,202,'QS','2020-04-10','2020-04-15',null,'cancelled');
INSERT INTO INVOICECHARGE VALUES ('20200410QS6323575568601-ch00001','20200410QS6323575568601','2020-04-10',387.01,'Base room charge');
INSERT INTO INVOICECHARGE VALUES ('20200410QS6323575568601-ch00002','20200410QS6323575568601','2020-04-10',199.37,'Room Service');
INSERT INTO PAYMENT (payment_id,invoice_id,payment_date,payment_type,payment_amount) VALUES ('20200410QS6323575568601-p00001','20200410QS6323575568601','2020-04-12','CA',586.38);
-- ------- SAMPLE 1993 ----------
INSERT INTO GUEST VALUES(2993,'Theodora','Trickey','TTrickey@gmail.com','1234 DaWrong Lane','Flonkerton','MD','12345','866-594-5479');
INSERT INTO RESERVATION VALUES ('20180803QD7776085173782',2993,200,'QD','2018-08-03','2018-08-08',null,'complete');
INSERT INTO INVOICECHARGE VALUES ('20180803QD7776085173782-ch00001','20180803QD7776085173782','2018-08-03',479.76,'Base room charge');
INSERT INTO PAYMENT VALUES ('20180803QD7776085173782-p00001','20180803QD7776085173782','2018-08-05','CC',479.76,'Theodora Trickey','8632607091754561',9,2025,256,'Mastercard');
-- ------- SAMPLE 1994 ----------
INSERT INTO GUEST VALUES(2994,'Ella','Evanoff','EEvanoff@gmail.com','1234 DaWrong Lane','Flonkerton','MD','12345','296-108-9191');
INSERT INTO RESERVATION VALUES ('20180614KS5802225983480',2994,201,'KS','2018-06-14','2018-06-16',null,'complete');
INSERT INTO INVOICECHARGE VALUES ('20180614KS5802225983480-ch00001','20180614KS5802225983480','2018-06-14',140.73,'Base room charge');
INSERT INTO INVOICECHARGE VALUES ('20180614KS5802225983480-ch00002','20180614KS5802225983480','2018-06-14',72.5,'Room Service');
INSERT INTO PAYMENT VALUES ('20180614KS5802225983480-p00001','20180614KS5802225983480','2018-06-16','CC',213.23,'Ella Evanoff','7737369284294568',2,2027,343,'Mastercard');
-- ------- SAMPLE 1995 ----------
INSERT INTO GUEST VALUES(2995,'Luella','Lundstrom','LLundstrom@gmail.com','1234 DaWrong Lane','Flonkerton','MD','12345','800-569-5875');
INSERT INTO RESERVATION VALUES ('20210110QS4843674179331',2995,null,'QS','2021-01-10','2021-01-12',null,'active');
-- ------- SAMPLE 1996 ----------
INSERT INTO GUEST VALUES(2996,'Eryn','Edenfield','EEdenfield@yahoo.com','1234 DaWrong Lane','Flonkerton','MD','12345','745-865-6850');
INSERT INTO RESERVATION VALUES ('20190404KI9401712959201',2996,110,'KI','2019-04-04','2019-04-09',null,'complete');
INSERT INTO INVOICECHARGE VALUES ('20190404KI9401712959201-ch00001','20190404KI9401712959201','2019-04-04',426.45,'Base room charge');
INSERT INTO PAYMENT VALUES ('20190404KI9401712959201-p00001','20190404KI9401712959201','2019-04-06','CC',426.45,'Eryn Edenfield','8493783325802031',3,2027,418,'Mastercard');
-- ------- SAMPLE 1997 ----------
INSERT INTO GUEST VALUES(2997,'Adrianna','Aungst','AAungst@gmail.com','1234 DaWrong Lane','Flonkerton','MD','12345','539-654-1060');
INSERT INTO RESERVATION VALUES ('20200502QD9630750082664',2997,200,'QD','2020-05-02','2020-05-05',null,'complete');
INSERT INTO INVOICECHARGE VALUES ('20200502QD9630750082664-ch00001','20200502QD9630750082664','2020-05-02',189.98,'Base room charge');
INSERT INTO INVOICECHARGE VALUES ('20200502QD9630750082664-ch00002','20200502QD9630750082664','2020-05-02',97.87,'Room Service');
INSERT INTO PAYMENT (payment_id,invoice_id,payment_date,payment_type,payment_amount) VALUES ('20200502QD9630750082664-p00001','20200502QD9630750082664','2020-05-04','CA',287.86);
-- ------- SAMPLE 1998 ----------
INSERT INTO GUEST VALUES(2998,'Fleta','Fickel','FFickel@hotmail.com','1234 DaWrong Lane','Flonkerton','MD','12345','122-759-9968');
INSERT INTO RESERVATION VALUES ('20200213KJ9178931874164',2998,114,'KJ','2020-02-13','2020-02-15',null,'complete');
INSERT INTO INVOICECHARGE VALUES ('20200213KJ9178931874164-ch00001','20200213KJ9178931874164','2020-02-13',277.2,'Base room charge');
INSERT INTO PAYMENT VALUES ('20200213KJ9178931874164-p00001','20200213KJ9178931874164','2020-02-15','CC',277.2,'Fleta Fickel','9973710006344843',12,2025,260,'Mastercard');
-- ------- SAMPLE 1999 ----------
INSERT INTO GUEST VALUES(2999,'Bell','Belizaire','BBelizaire@hotmail.com','1234 DaWrong Lane','Flonkerton','MD','12345','287-357-0313');
INSERT INTO RESERVATION VALUES ('20190324KI8354545487662',2999,115,'KI','2019-03-24','2019-03-28',null,'complete');
INSERT INTO INVOICECHARGE VALUES ('20190324KI8354545487662-ch00001','20190324KI8354545487662','2019-03-24',225.16,'Base room charge');
INSERT INTO INVOICECHARGE VALUES ('20190324KI8354545487662-ch00002','20190324KI8354545487662','2019-03-24',115.99,'Cleaning fee');
INSERT INTO PAYMENT VALUES ('20190324KI8354545487662-p00001','20190324KI8354545487662','2019-03-26','CC',341.16,'Bell Belizaire','3601090927136762',7,2024,250,'Mastercard');



\w
